solid ascii
  facet normal -0.000000e+000 -9.981794e-001 -6.031575e-002
    outer loop
      vertex   -1.166000e+002 3.704886e+002 2.408259e+001
      vertex   -1.188500e+002 3.704886e+002 2.408259e+001
      vertex   -1.166000e+002 3.704995e+002 2.390178e+001
    endloop
  endfacet
  facet normal -0.000000e+000 -8.009873e-002 -4.840027e-003
    outer loop
      vertex   -1.166000e+002 3.704995e+002 2.390178e+001
      vertex   -1.188500e+002 3.704886e+002 2.408259e+001
      vertex   -1.188500e+002 3.704995e+002 2.390178e+001
    endloop
  endfacet
  facet normal 0.000000e+000 -9.981794e-001 6.031575e-002
    outer loop
      vertex   -1.166000e+002 3.704995e+002 2.390178e+001
      vertex   -1.188500e+002 3.704995e+002 2.390178e+001
      vertex   -1.166000e+002 3.704886e+002 2.372098e+001
    endloop
  endfacet
  facet normal 0.000000e+000 -8.009873e-002 4.840027e-003
    outer loop
      vertex   -1.166000e+002 3.704886e+002 2.372098e+001
      vertex   -1.188500e+002 3.704995e+002 2.390178e+001
      vertex   -1.188500e+002 3.704886e+002 2.372098e+001
    endloop
  endfacet
  facet normal 0.000000e+000 -9.836169e-001 1.802715e-001
    outer loop
      vertex   -1.166000e+002 3.704886e+002 2.372098e+001
      vertex   -1.188500e+002 3.704886e+002 2.372098e+001
      vertex   -1.166000e+002 3.704559e+002 2.354281e+001
    endloop
  endfacet
  facet normal 0.000000e+000 -7.893097e-002 1.446600e-002
    outer loop
      vertex   -1.166000e+002 3.704559e+002 2.354281e+001
      vertex   -1.188500e+002 3.704886e+002 2.372098e+001
      vertex   -1.188500e+002 3.704559e+002 2.354281e+001
    endloop
  endfacet
  facet normal 0.000000e+000 -9.547119e-001 2.975321e-001
    outer loop
      vertex   -1.166000e+002 3.704559e+002 2.354281e+001
      vertex   -1.188500e+002 3.704559e+002 2.354281e+001
      vertex   -1.166000e+002 3.704020e+002 2.336987e+001
    endloop
  endfacet
  facet normal 0.000000e+000 -7.661150e-002 2.387566e-002
    outer loop
      vertex   -1.166000e+002 3.704020e+002 2.336987e+001
      vertex   -1.188500e+002 3.704559e+002 2.354281e+001
      vertex   -1.188500e+002 3.704020e+002 2.336987e+001
    endloop
  endfacet
  facet normal 0.000000e+000 -9.118978e-001 4.104172e-001
    outer loop
      vertex   -1.166000e+002 3.704020e+002 2.336987e+001
      vertex   -1.188500e+002 3.704020e+002 2.336987e+001
      vertex   -1.166000e+002 3.703277e+002 2.320470e+001
    endloop
  endfacet
  facet normal 0.000000e+000 -7.317499e-002 3.293382e-002
    outer loop
      vertex   -1.166000e+002 3.703277e+002 2.320470e+001
      vertex   -1.188500e+002 3.704020e+002 2.336987e+001
      vertex   -1.188500e+002 3.703277e+002 2.320470e+001
    endloop
  endfacet
  facet normal 0.000000e+000 -8.557534e-001 5.173838e-001
    outer loop
      vertex   -1.166000e+002 3.703277e+002 2.320470e+001
      vertex   -1.188500e+002 3.703277e+002 2.320470e+001
      vertex   -1.166000e+002 3.702339e+002 2.304969e+001
    endloop
  endfacet
  facet normal 0.000000e+000 -6.867209e-002 4.151877e-002
    outer loop
      vertex   -1.166000e+002 3.702339e+002 2.304969e+001
      vertex   -1.188500e+002 3.703277e+002 2.320470e+001
      vertex   -1.188500e+002 3.702339e+002 2.304969e+001
    endloop
  endfacet
  facet normal 0.000000e+000 -7.872263e-001 6.166642e-001
    outer loop
      vertex   -1.166000e+002 3.702339e+002 2.304969e+001
      vertex   -1.188500e+002 3.702339e+002 2.304969e+001
      vertex   -1.166000e+002 3.701223e+002 2.290710e+001
    endloop
  endfacet
  facet normal 0.000000e+000 -6.316795e-002 4.948185e-002
    outer loop
      vertex   -1.166000e+002 3.701223e+002 2.290710e+001
      vertex   -1.188500e+002 3.702339e+002 2.304969e+001
      vertex   -1.188500e+002 3.701223e+002 2.290710e+001
    endloop
  endfacet
  facet normal 0.000000e+000 -7.071068e-001 7.071068e-001
    outer loop
      vertex   -1.166000e+002 3.701223e+002 2.290710e+001
      vertex   -1.188500e+002 3.701223e+002 2.290710e+001
      vertex   -1.166000e+002 3.699942e+002 2.277902e+001
    endloop
  endfacet
  facet normal 0.000000e+000 -5.674188e-002 5.674188e-002
    outer loop
      vertex   -1.166000e+002 3.699942e+002 2.277902e+001
      vertex   -1.188500e+002 3.701223e+002 2.290710e+001
      vertex   -1.188500e+002 3.699942e+002 2.277902e+001
    endloop
  endfacet
  facet normal 0.000000e+000 -6.167420e-001 7.871653e-001
    outer loop
      vertex   -1.166000e+002 3.699942e+002 2.277902e+001
      vertex   -1.188500e+002 3.699942e+002 2.277902e+001
      vertex   -1.166000e+002 3.698516e+002 2.266731e+001
    endloop
  endfacet
  facet normal 0.000000e+000 -4.948861e-002 6.316372e-002
    outer loop
      vertex   -1.166000e+002 3.698516e+002 2.266731e+001
      vertex   -1.188500e+002 3.699942e+002 2.277902e+001
      vertex   -1.188500e+002 3.698516e+002 2.266731e+001
    endloop
  endfacet
  facet normal 0.000000e+000 -5.172956e-001 8.558068e-001
    outer loop
      vertex   -1.166000e+002 3.698516e+002 2.266731e+001
      vertex   -1.188500e+002 3.698516e+002 2.266731e+001
      vertex   -1.166000e+002 3.696966e+002 2.257360e+001
    endloop
  endfacet
  facet normal 0.000000e+000 -4.151369e-002 6.867968e-002
    outer loop
      vertex   -1.166000e+002 3.696966e+002 2.257360e+001
      vertex   -1.188500e+002 3.698516e+002 2.266731e+001
      vertex   -1.188500e+002 3.696966e+002 2.257360e+001
    endloop
  endfacet
  facet normal 0.000000e+000 -4.104488e-001 9.118837e-001
    outer loop
      vertex   -1.166000e+002 3.696966e+002 2.257360e+001
      vertex   -1.188500e+002 3.696966e+002 2.257360e+001
      vertex   -1.166000e+002 3.695314e+002 2.249926e+001
    endloop
  endfacet
  facet normal 0.000000e+000 -3.293383e-002 7.316827e-002
    outer loop
      vertex   -1.166000e+002 3.695314e+002 2.249926e+001
      vertex   -1.188500e+002 3.696966e+002 2.257360e+001
      vertex   -1.188500e+002 3.695314e+002 2.249926e+001
    endloop
  endfacet
  facet normal 0.000000e+000 -2.974883e-001 9.547254e-001
    outer loop
      vertex   -1.166000e+002 3.695314e+002 2.249926e+001
      vertex   -1.188500e+002 3.695314e+002 2.249926e+001
      vertex   -1.166000e+002 3.693585e+002 2.244537e+001
    endloop
  endfacet
  facet normal 0.000000e+000 -2.387312e-002 7.661571e-002
    outer loop
      vertex   -1.166000e+002 3.693585e+002 2.244537e+001
      vertex   -1.188500e+002 3.695314e+002 2.249926e+001
      vertex   -1.188500e+002 3.693585e+002 2.244537e+001
    endloop
  endfacet
  facet normal 0.000000e+000 -1.802586e-001 9.836193e-001
    outer loop
      vertex   -1.166000e+002 3.693585e+002 2.244537e+001
      vertex   -1.188500e+002 3.693585e+002 2.244537e+001
      vertex   -1.166000e+002 3.691803e+002 2.241272e+001
    endloop
  endfacet
  facet normal 0.000000e+000 -1.446432e-002 7.892761e-002
    outer loop
      vertex   -1.166000e+002 3.691803e+002 2.241272e+001
      vertex   -1.188500e+002 3.693585e+002 2.244537e+001
      vertex   -1.188500e+002 3.691803e+002 2.241272e+001
    endloop
  endfacet
  facet normal 0.000000e+000 -6.037489e-002 9.981758e-001
    outer loop
      vertex   -1.166000e+002 3.691803e+002 2.241272e+001
      vertex   -1.188500e+002 3.691803e+002 2.241272e+001
      vertex   -1.166000e+002 3.689995e+002 2.240178e+001
    endloop
  endfacet
  facet normal 0.000000e+000 -4.845095e-003 8.010376e-002
    outer loop
      vertex   -1.166000e+002 3.689995e+002 2.240178e+001
      vertex   -1.188500e+002 3.691803e+002 2.241272e+001
      vertex   -1.188500e+002 3.689995e+002 2.240178e+001
    endloop
  endfacet
  facet normal 0.000000e+000 6.037489e-002 9.981758e-001
    outer loop
      vertex   -1.166000e+002 3.689995e+002 2.240178e+001
      vertex   -1.188500e+002 3.689995e+002 2.240178e+001
      vertex   -1.166000e+002 3.688187e+002 2.241272e+001
    endloop
  endfacet
  facet normal 0.000000e+000 4.845095e-003 8.010376e-002
    outer loop
      vertex   -1.166000e+002 3.688187e+002 2.241272e+001
      vertex   -1.188500e+002 3.689995e+002 2.240178e+001
      vertex   -1.188500e+002 3.688187e+002 2.241272e+001
    endloop
  endfacet
  facet normal 0.000000e+000 1.802586e-001 9.836193e-001
    outer loop
      vertex   -1.166000e+002 3.688187e+002 2.241272e+001
      vertex   -1.188500e+002 3.688187e+002 2.241272e+001
      vertex   -1.166000e+002 3.686405e+002 2.244537e+001
    endloop
  endfacet
  facet normal 0.000000e+000 1.446432e-002 7.892761e-002
    outer loop
      vertex   -1.166000e+002 3.686405e+002 2.244537e+001
      vertex   -1.188500e+002 3.688187e+002 2.241272e+001
      vertex   -1.188500e+002 3.686405e+002 2.244537e+001
    endloop
  endfacet
  facet normal 0.000000e+000 2.975362e-001 9.547105e-001
    outer loop
      vertex   -1.166000e+002 3.686405e+002 2.244537e+001
      vertex   -1.188500e+002 3.686405e+002 2.244537e+001
      vertex   -1.166000e+002 3.684676e+002 2.249926e+001
    endloop
  endfacet
  facet normal 0.000000e+000 2.387315e-002 7.660227e-002
    outer loop
      vertex   -1.166000e+002 3.684676e+002 2.249926e+001
      vertex   -1.188500e+002 3.686405e+002 2.244537e+001
      vertex   -1.188500e+002 3.684676e+002 2.249926e+001
    endloop
  endfacet
  facet normal 0.000000e+000 4.103857e-001 9.119120e-001
    outer loop
      vertex   -1.166000e+002 3.684676e+002 2.249926e+001
      vertex   -1.188500e+002 3.684676e+002 2.249926e+001
      vertex   -1.166000e+002 3.683024e+002 2.257360e+001
    endloop
  endfacet
  facet normal 0.000000e+000 3.293380e-002 7.318171e-002
    outer loop
      vertex   -1.166000e+002 3.683024e+002 2.257360e+001
      vertex   -1.188500e+002 3.684676e+002 2.249926e+001
      vertex   -1.188500e+002 3.683024e+002 2.257360e+001
    endloop
  endfacet
  facet normal 0.000000e+000 5.173702e-001 8.557617e-001
    outer loop
      vertex   -1.166000e+002 3.683024e+002 2.257360e+001
      vertex   -1.188500e+002 3.683024e+002 2.257360e+001
      vertex   -1.166000e+002 3.681474e+002 2.266731e+001
    endloop
  endfacet
  facet normal 0.000000e+000 4.151373e-002 6.866622e-002
    outer loop
      vertex   -1.166000e+002 3.681474e+002 2.266731e+001
      vertex   -1.188500e+002 3.683024e+002 2.257360e+001
      vertex   -1.188500e+002 3.681474e+002 2.266731e+001
    endloop
  endfacet
  facet normal 0.000000e+000 6.166602e-001 7.872294e-001
    outer loop
      vertex   -1.166000e+002 3.681474e+002 2.266731e+001
      vertex   -1.188500e+002 3.681474e+002 2.266731e+001
      vertex   -1.166000e+002 3.680048e+002 2.277902e+001
    endloop
  endfacet
  facet normal 0.000000e+000 4.948857e-002 6.317718e-002
    outer loop
      vertex   -1.166000e+002 3.680048e+002 2.277902e+001
      vertex   -1.188500e+002 3.681474e+002 2.266731e+001
      vertex   -1.188500e+002 3.680048e+002 2.277902e+001
    endloop
  endfacet
  facet normal 0.000000e+000 7.071068e-001 7.071068e-001
    outer loop
      vertex   -1.166000e+002 3.680048e+002 2.277902e+001
      vertex   -1.188500e+002 3.680048e+002 2.277902e+001
      vertex   -1.166000e+002 3.678767e+002 2.290710e+001
    endloop
  endfacet
  facet normal 0.000000e+000 5.674188e-002 5.674188e-002
    outer loop
      vertex   -1.166000e+002 3.678767e+002 2.290710e+001
      vertex   -1.188500e+002 3.680048e+002 2.277902e+001
      vertex   -1.188500e+002 3.678767e+002 2.290710e+001
    endloop
  endfacet
  facet normal 0.000000e+000 7.872263e-001 6.166642e-001
    outer loop
      vertex   -1.166000e+002 3.678767e+002 2.290710e+001
      vertex   -1.188500e+002 3.678767e+002 2.290710e+001
      vertex   -1.166000e+002 3.677650e+002 2.304969e+001
    endloop
  endfacet
  facet normal 0.000000e+000 6.316795e-002 4.948185e-002
    outer loop
      vertex   -1.166000e+002 3.677650e+002 2.304969e+001
      vertex   -1.188500e+002 3.678767e+002 2.290710e+001
      vertex   -1.188500e+002 3.677650e+002 2.304969e+001
    endloop
  endfacet
  facet normal 0.000000e+000 8.557534e-001 5.173838e-001
    outer loop
      vertex   -1.166000e+002 3.677650e+002 2.304969e+001
      vertex   -1.188500e+002 3.677650e+002 2.304969e+001
      vertex   -1.166000e+002 3.676713e+002 2.320470e+001
    endloop
  endfacet
  facet normal 0.000000e+000 6.867209e-002 4.151877e-002
    outer loop
      vertex   -1.166000e+002 3.676713e+002 2.320470e+001
      vertex   -1.188500e+002 3.677650e+002 2.304969e+001
      vertex   -1.188500e+002 3.676713e+002 2.320470e+001
    endloop
  endfacet
  facet normal 0.000000e+000 9.118978e-001 4.104172e-001
    outer loop
      vertex   -1.166000e+002 3.676713e+002 2.320470e+001
      vertex   -1.188500e+002 3.676713e+002 2.320470e+001
      vertex   -1.166000e+002 3.675970e+002 2.336987e+001
    endloop
  endfacet
  facet normal 0.000000e+000 7.317499e-002 3.293382e-002
    outer loop
      vertex   -1.166000e+002 3.675970e+002 2.336987e+001
      vertex   -1.188500e+002 3.676713e+002 2.320470e+001
      vertex   -1.188500e+002 3.675970e+002 2.336987e+001
    endloop
  endfacet
  facet normal 0.000000e+000 9.547119e-001 2.975321e-001
    outer loop
      vertex   -1.166000e+002 3.675970e+002 2.336987e+001
      vertex   -1.188500e+002 3.675970e+002 2.336987e+001
      vertex   -1.166000e+002 3.675431e+002 2.354281e+001
    endloop
  endfacet
  facet normal 0.000000e+000 7.661150e-002 2.387566e-002
    outer loop
      vertex   -1.166000e+002 3.675431e+002 2.354281e+001
      vertex   -1.188500e+002 3.675970e+002 2.336987e+001
      vertex   -1.188500e+002 3.675431e+002 2.354281e+001
    endloop
  endfacet
  facet normal 0.000000e+000 9.836169e-001 1.802715e-001
    outer loop
      vertex   -1.166000e+002 3.675431e+002 2.354281e+001
      vertex   -1.188500e+002 3.675431e+002 2.354281e+001
      vertex   -1.166000e+002 3.675104e+002 2.372098e+001
    endloop
  endfacet
  facet normal 0.000000e+000 7.893097e-002 1.446600e-002
    outer loop
      vertex   -1.166000e+002 3.675104e+002 2.372098e+001
      vertex   -1.188500e+002 3.675431e+002 2.354281e+001
      vertex   -1.188500e+002 3.675104e+002 2.372098e+001
    endloop
  endfacet
  facet normal 0.000000e+000 9.981794e-001 6.031575e-002
    outer loop
      vertex   -1.166000e+002 3.675104e+002 2.372098e+001
      vertex   -1.188500e+002 3.675104e+002 2.372098e+001
      vertex   -1.166000e+002 3.674995e+002 2.390178e+001
    endloop
  endfacet
  facet normal 0.000000e+000 8.009873e-002 4.840027e-003
    outer loop
      vertex   -1.166000e+002 3.674995e+002 2.390178e+001
      vertex   -1.188500e+002 3.675104e+002 2.372098e+001
      vertex   -1.188500e+002 3.674995e+002 2.390178e+001
    endloop
  endfacet
  facet normal 0.000000e+000 9.981794e-001 -6.031575e-002
    outer loop
      vertex   -1.166000e+002 3.674995e+002 2.390178e+001
      vertex   -1.188500e+002 3.674995e+002 2.390178e+001
      vertex   -1.166000e+002 3.675104e+002 2.408259e+001
    endloop
  endfacet
  facet normal 0.000000e+000 8.009873e-002 -4.840027e-003
    outer loop
      vertex   -1.166000e+002 3.675104e+002 2.408259e+001
      vertex   -1.188500e+002 3.674995e+002 2.390178e+001
      vertex   -1.188500e+002 3.675104e+002 2.408259e+001
    endloop
  endfacet
  facet normal 0.000000e+000 9.836165e-001 -1.802734e-001
    outer loop
      vertex   -1.166000e+002 3.675104e+002 2.408259e+001
      vertex   -1.188500e+002 3.675104e+002 2.408259e+001
      vertex   -1.166000e+002 3.675431e+002 2.426076e+001
    endloop
  endfacet
  facet normal 0.000000e+000 7.893012e-002 -1.446600e-002
    outer loop
      vertex   -1.166000e+002 3.675431e+002 2.426076e+001
      vertex   -1.188500e+002 3.675104e+002 2.408259e+001
      vertex   -1.188500e+002 3.675431e+002 2.426076e+001
    endloop
  endfacet
  facet normal 0.000000e+000 9.547127e-001 -2.975290e-001
    outer loop
      vertex   -1.166000e+002 3.675431e+002 2.426076e+001
      vertex   -1.188500e+002 3.675431e+002 2.426076e+001
      vertex   -1.166000e+002 3.675970e+002 2.443369e+001
    endloop
  endfacet
  facet normal 0.000000e+000 7.661235e-002 -2.387566e-002
    outer loop
      vertex   -1.166000e+002 3.675970e+002 2.443369e+001
      vertex   -1.188500e+002 3.675431e+002 2.426076e+001
      vertex   -1.188500e+002 3.675970e+002 2.443369e+001
    endloop
  endfacet
  facet normal 0.000000e+000 9.118978e-001 -4.104172e-001
    outer loop
      vertex   -1.166000e+002 3.675970e+002 2.443369e+001
      vertex   -1.188500e+002 3.675970e+002 2.443369e+001
      vertex   -1.166000e+002 3.676713e+002 2.459887e+001
    endloop
  endfacet
  facet normal 0.000000e+000 7.317499e-002 -3.293382e-002
    outer loop
      vertex   -1.166000e+002 3.676713e+002 2.459887e+001
      vertex   -1.188500e+002 3.675970e+002 2.443369e+001
      vertex   -1.188500e+002 3.676713e+002 2.459887e+001
    endloop
  endfacet
  facet normal 0.000000e+000 8.557534e-001 -5.173838e-001
    outer loop
      vertex   -1.166000e+002 3.676713e+002 2.459887e+001
      vertex   -1.188500e+002 3.676713e+002 2.459887e+001
      vertex   -1.166000e+002 3.677650e+002 2.475388e+001
    endloop
  endfacet
  facet normal 0.000000e+000 6.867209e-002 -4.151877e-002
    outer loop
      vertex   -1.166000e+002 3.677650e+002 2.475388e+001
      vertex   -1.188500e+002 3.676713e+002 2.459887e+001
      vertex   -1.188500e+002 3.677650e+002 2.475388e+001
    endloop
  endfacet
  facet normal 0.000000e+000 7.872263e-001 -6.166642e-001
    outer loop
      vertex   -1.166000e+002 3.677650e+002 2.475388e+001
      vertex   -1.188500e+002 3.677650e+002 2.475388e+001
      vertex   -1.166000e+002 3.678767e+002 2.489647e+001
    endloop
  endfacet
  facet normal 0.000000e+000 6.316795e-002 -4.948185e-002
    outer loop
      vertex   -1.166000e+002 3.678767e+002 2.489647e+001
      vertex   -1.188500e+002 3.677650e+002 2.475388e+001
      vertex   -1.188500e+002 3.678767e+002 2.489647e+001
    endloop
  endfacet
  facet normal 0.000000e+000 7.071068e-001 -7.071068e-001
    outer loop
      vertex   -1.166000e+002 3.678767e+002 2.489647e+001
      vertex   -1.188500e+002 3.678767e+002 2.489647e+001
      vertex   -1.166000e+002 3.680048e+002 2.502455e+001
    endloop
  endfacet
  facet normal 0.000000e+000 5.674188e-002 -5.674188e-002
    outer loop
      vertex   -1.166000e+002 3.680048e+002 2.502455e+001
      vertex   -1.188500e+002 3.678767e+002 2.489647e+001
      vertex   -1.188500e+002 3.680048e+002 2.502455e+001
    endloop
  endfacet
  facet normal 0.000000e+000 6.166602e-001 -7.872294e-001
    outer loop
      vertex   -1.166000e+002 3.680048e+002 2.502455e+001
      vertex   -1.188500e+002 3.680048e+002 2.502455e+001
      vertex   -1.166000e+002 3.681474e+002 2.513626e+001
    endloop
  endfacet
  facet normal 0.000000e+000 4.948857e-002 -6.317718e-002
    outer loop
      vertex   -1.166000e+002 3.681474e+002 2.513626e+001
      vertex   -1.188500e+002 3.680048e+002 2.502455e+001
      vertex   -1.188500e+002 3.681474e+002 2.513626e+001
    endloop
  endfacet
  facet normal 0.000000e+000 5.173702e-001 -8.557617e-001
    outer loop
      vertex   -1.166000e+002 3.681474e+002 2.513626e+001
      vertex   -1.188500e+002 3.681474e+002 2.513626e+001
      vertex   -1.166000e+002 3.683024e+002 2.522997e+001
    endloop
  endfacet
  facet normal 0.000000e+000 4.151373e-002 -6.866622e-002
    outer loop
      vertex   -1.166000e+002 3.683024e+002 2.522997e+001
      vertex   -1.188500e+002 3.681474e+002 2.513626e+001
      vertex   -1.188500e+002 3.683024e+002 2.522997e+001
    endloop
  endfacet
  facet normal 0.000000e+000 4.103857e-001 -9.119120e-001
    outer loop
      vertex   -1.166000e+002 3.683024e+002 2.522997e+001
      vertex   -1.188500e+002 3.683024e+002 2.522997e+001
      vertex   -1.166000e+002 3.684676e+002 2.530431e+001
    endloop
  endfacet
  facet normal 0.000000e+000 3.293380e-002 -7.318171e-002
    outer loop
      vertex   -1.166000e+002 3.684676e+002 2.530431e+001
      vertex   -1.188500e+002 3.683024e+002 2.522997e+001
      vertex   -1.188500e+002 3.684676e+002 2.530431e+001
    endloop
  endfacet
  facet normal 0.000000e+000 2.975362e-001 -9.547105e-001
    outer loop
      vertex   -1.166000e+002 3.684676e+002 2.530431e+001
      vertex   -1.188500e+002 3.684676e+002 2.530431e+001
      vertex   -1.166000e+002 3.686405e+002 2.535820e+001
    endloop
  endfacet
  facet normal 0.000000e+000 2.387315e-002 -7.660227e-002
    outer loop
      vertex   -1.166000e+002 3.686405e+002 2.535820e+001
      vertex   -1.188500e+002 3.684676e+002 2.530431e+001
      vertex   -1.188500e+002 3.686405e+002 2.535820e+001
    endloop
  endfacet
  facet normal 0.000000e+000 1.802586e-001 -9.836193e-001
    outer loop
      vertex   -1.166000e+002 3.686405e+002 2.535820e+001
      vertex   -1.188500e+002 3.686405e+002 2.535820e+001
      vertex   -1.166000e+002 3.688187e+002 2.539085e+001
    endloop
  endfacet
  facet normal 0.000000e+000 1.446432e-002 -7.892761e-002
    outer loop
      vertex   -1.166000e+002 3.688187e+002 2.539085e+001
      vertex   -1.188500e+002 3.686405e+002 2.535820e+001
      vertex   -1.188500e+002 3.688187e+002 2.539085e+001
    endloop
  endfacet
  facet normal 0.000000e+000 6.037489e-002 -9.981758e-001
    outer loop
      vertex   -1.166000e+002 3.688187e+002 2.539085e+001
      vertex   -1.188500e+002 3.688187e+002 2.539085e+001
      vertex   -1.166000e+002 3.689995e+002 2.540178e+001
    endloop
  endfacet
  facet normal 0.000000e+000 4.845095e-003 -8.010376e-002
    outer loop
      vertex   -1.166000e+002 3.689995e+002 2.540178e+001
      vertex   -1.188500e+002 3.688187e+002 2.539085e+001
      vertex   -1.188500e+002 3.689995e+002 2.540178e+001
    endloop
  endfacet
  facet normal -0.000000e+000 -6.037489e-002 -9.981758e-001
    outer loop
      vertex   -1.166000e+002 3.689995e+002 2.540178e+001
      vertex   -1.188500e+002 3.689995e+002 2.540178e+001
      vertex   -1.166000e+002 3.691803e+002 2.539085e+001
    endloop
  endfacet
  facet normal -0.000000e+000 -4.845095e-003 -8.010376e-002
    outer loop
      vertex   -1.166000e+002 3.691803e+002 2.539085e+001
      vertex   -1.188500e+002 3.689995e+002 2.540178e+001
      vertex   -1.188500e+002 3.691803e+002 2.539085e+001
    endloop
  endfacet
  facet normal -0.000000e+000 -1.802586e-001 -9.836193e-001
    outer loop
      vertex   -1.166000e+002 3.691803e+002 2.539085e+001
      vertex   -1.188500e+002 3.691803e+002 2.539085e+001
      vertex   -1.166000e+002 3.693585e+002 2.535820e+001
    endloop
  endfacet
  facet normal -0.000000e+000 -1.446432e-002 -7.892761e-002
    outer loop
      vertex   -1.166000e+002 3.693585e+002 2.535820e+001
      vertex   -1.188500e+002 3.691803e+002 2.539085e+001
      vertex   -1.188500e+002 3.693585e+002 2.535820e+001
    endloop
  endfacet
  facet normal -0.000000e+000 -2.974883e-001 -9.547254e-001
    outer loop
      vertex   -1.166000e+002 3.693585e+002 2.535820e+001
      vertex   -1.188500e+002 3.693585e+002 2.535820e+001
      vertex   -1.166000e+002 3.695314e+002 2.530431e+001
    endloop
  endfacet
  facet normal -0.000000e+000 -2.387312e-002 -7.661571e-002
    outer loop
      vertex   -1.166000e+002 3.695314e+002 2.530431e+001
      vertex   -1.188500e+002 3.693585e+002 2.535820e+001
      vertex   -1.188500e+002 3.695314e+002 2.530431e+001
    endloop
  endfacet
  facet normal -0.000000e+000 -4.104488e-001 -9.118837e-001
    outer loop
      vertex   -1.166000e+002 3.695314e+002 2.530431e+001
      vertex   -1.188500e+002 3.695314e+002 2.530431e+001
      vertex   -1.166000e+002 3.696966e+002 2.522997e+001
    endloop
  endfacet
  facet normal -0.000000e+000 -3.293383e-002 -7.316827e-002
    outer loop
      vertex   -1.166000e+002 3.696966e+002 2.522997e+001
      vertex   -1.188500e+002 3.695314e+002 2.530431e+001
      vertex   -1.188500e+002 3.696966e+002 2.522997e+001
    endloop
  endfacet
  facet normal -0.000000e+000 -5.172956e-001 -8.558068e-001
    outer loop
      vertex   -1.166000e+002 3.696966e+002 2.522997e+001
      vertex   -1.188500e+002 3.696966e+002 2.522997e+001
      vertex   -1.166000e+002 3.698516e+002 2.513626e+001
    endloop
  endfacet
  facet normal -0.000000e+000 -4.151369e-002 -6.867968e-002
    outer loop
      vertex   -1.166000e+002 3.698516e+002 2.513626e+001
      vertex   -1.188500e+002 3.696966e+002 2.522997e+001
      vertex   -1.188500e+002 3.698516e+002 2.513626e+001
    endloop
  endfacet
  facet normal -0.000000e+000 -6.167420e-001 -7.871653e-001
    outer loop
      vertex   -1.166000e+002 3.698516e+002 2.513626e+001
      vertex   -1.188500e+002 3.698516e+002 2.513626e+001
      vertex   -1.166000e+002 3.699942e+002 2.502455e+001
    endloop
  endfacet
  facet normal -0.000000e+000 -4.948861e-002 -6.316372e-002
    outer loop
      vertex   -1.166000e+002 3.699942e+002 2.502455e+001
      vertex   -1.188500e+002 3.698516e+002 2.513626e+001
      vertex   -1.188500e+002 3.699942e+002 2.502455e+001
    endloop
  endfacet
  facet normal -0.000000e+000 -7.071068e-001 -7.071068e-001
    outer loop
      vertex   -1.166000e+002 3.699942e+002 2.502455e+001
      vertex   -1.188500e+002 3.699942e+002 2.502455e+001
      vertex   -1.166000e+002 3.701223e+002 2.489647e+001
    endloop
  endfacet
  facet normal -0.000000e+000 -5.674188e-002 -5.674188e-002
    outer loop
      vertex   -1.166000e+002 3.701223e+002 2.489647e+001
      vertex   -1.188500e+002 3.699942e+002 2.502455e+001
      vertex   -1.188500e+002 3.701223e+002 2.489647e+001
    endloop
  endfacet
  facet normal -0.000000e+000 -7.872263e-001 -6.166642e-001
    outer loop
      vertex   -1.166000e+002 3.701223e+002 2.489647e+001
      vertex   -1.188500e+002 3.701223e+002 2.489647e+001
      vertex   -1.166000e+002 3.702339e+002 2.475388e+001
    endloop
  endfacet
  facet normal -0.000000e+000 -6.316795e-002 -4.948185e-002
    outer loop
      vertex   -1.166000e+002 3.702339e+002 2.475388e+001
      vertex   -1.188500e+002 3.701223e+002 2.489647e+001
      vertex   -1.188500e+002 3.702339e+002 2.475388e+001
    endloop
  endfacet
  facet normal -0.000000e+000 -8.557534e-001 -5.173838e-001
    outer loop
      vertex   -1.166000e+002 3.702339e+002 2.475388e+001
      vertex   -1.188500e+002 3.702339e+002 2.475388e+001
      vertex   -1.166000e+002 3.703277e+002 2.459887e+001
    endloop
  endfacet
  facet normal -0.000000e+000 -6.867209e-002 -4.151877e-002
    outer loop
      vertex   -1.166000e+002 3.703277e+002 2.459887e+001
      vertex   -1.188500e+002 3.702339e+002 2.475388e+001
      vertex   -1.188500e+002 3.703277e+002 2.459887e+001
    endloop
  endfacet
  facet normal -0.000000e+000 -9.118978e-001 -4.104172e-001
    outer loop
      vertex   -1.166000e+002 3.703277e+002 2.459887e+001
      vertex   -1.188500e+002 3.703277e+002 2.459887e+001
      vertex   -1.166000e+002 3.704020e+002 2.443369e+001
    endloop
  endfacet
  facet normal -0.000000e+000 -7.317499e-002 -3.293382e-002
    outer loop
      vertex   -1.166000e+002 3.704020e+002 2.443369e+001
      vertex   -1.188500e+002 3.703277e+002 2.459887e+001
      vertex   -1.188500e+002 3.704020e+002 2.443369e+001
    endloop
  endfacet
  facet normal -0.000000e+000 -9.547127e-001 -2.975290e-001
    outer loop
      vertex   -1.166000e+002 3.704020e+002 2.443369e+001
      vertex   -1.188500e+002 3.704020e+002 2.443369e+001
      vertex   -1.166000e+002 3.704559e+002 2.426076e+001
    endloop
  endfacet
  facet normal -0.000000e+000 -7.661235e-002 -2.387566e-002
    outer loop
      vertex   -1.166000e+002 3.704559e+002 2.426076e+001
      vertex   -1.188500e+002 3.704020e+002 2.443369e+001
      vertex   -1.188500e+002 3.704559e+002 2.426076e+001
    endloop
  endfacet
  facet normal -0.000000e+000 -9.836165e-001 -1.802734e-001
    outer loop
      vertex   -1.166000e+002 3.704559e+002 2.426076e+001
      vertex   -1.188500e+002 3.704559e+002 2.426076e+001
      vertex   -1.166000e+002 3.704886e+002 2.408259e+001
    endloop
  endfacet
  facet normal -0.000000e+000 -7.893012e-002 -1.446600e-002
    outer loop
      vertex   -1.166000e+002 3.704886e+002 2.408259e+001
      vertex   -1.188500e+002 3.704559e+002 2.426076e+001
      vertex   -1.188500e+002 3.704886e+002 2.408259e+001
    endloop
  endfacet
  facet normal 0.000000e+000 -9.981794e-001 6.031575e-002
    outer loop
      vertex   -1.196000e+002 3.704886e+002 2.372098e+001
      vertex   -1.188500e+002 3.704886e+002 2.372098e+001
      vertex   -1.196000e+002 3.704995e+002 2.390178e+001
    endloop
  endfacet
  facet normal 0.000000e+000 -2.343362e-001 1.415994e-002
    outer loop
      vertex   -1.196000e+002 3.704995e+002 2.390178e+001
      vertex   -1.188500e+002 3.704886e+002 2.372098e+001
      vertex   -1.188500e+002 3.704995e+002 2.390178e+001
    endloop
  endfacet
  facet normal 0.000000e+000 -9.981794e-001 -6.031575e-002
    outer loop
      vertex   -1.196000e+002 3.704995e+002 2.390178e+001
      vertex   -1.188500e+002 3.704995e+002 2.390178e+001
      vertex   -1.196000e+002 3.704886e+002 2.408259e+001
    endloop
  endfacet
  facet normal 0.000000e+000 -2.343362e-001 -1.415994e-002
    outer loop
      vertex   -1.196000e+002 3.704886e+002 2.408259e+001
      vertex   -1.188500e+002 3.704995e+002 2.390178e+001
      vertex   -1.188500e+002 3.704886e+002 2.408259e+001
    endloop
  endfacet
  facet normal 0.000000e+000 -9.836165e-001 -1.802734e-001
    outer loop
      vertex   -1.196000e+002 3.704886e+002 2.408259e+001
      vertex   -1.188500e+002 3.704886e+002 2.408259e+001
      vertex   -1.196000e+002 3.704559e+002 2.426076e+001
    endloop
  endfacet
  facet normal 0.000000e+000 -2.309173e-001 -4.232162e-002
    outer loop
      vertex   -1.196000e+002 3.704559e+002 2.426076e+001
      vertex   -1.188500e+002 3.704886e+002 2.408259e+001
      vertex   -1.188500e+002 3.704559e+002 2.426076e+001
    endloop
  endfacet
  facet normal 0.000000e+000 -9.547127e-001 -2.975290e-001
    outer loop
      vertex   -1.196000e+002 3.704559e+002 2.426076e+001
      vertex   -1.188500e+002 3.704559e+002 2.426076e+001
      vertex   -1.196000e+002 3.704020e+002 2.443369e+001
    endloop
  endfacet
  facet normal 0.000000e+000 -2.241362e-001 -6.985037e-002
    outer loop
      vertex   -1.196000e+002 3.704020e+002 2.443369e+001
      vertex   -1.188500e+002 3.704559e+002 2.426076e+001
      vertex   -1.188500e+002 3.704020e+002 2.443369e+001
    endloop
  endfacet
  facet normal 0.000000e+000 -9.118978e-001 -4.104172e-001
    outer loop
      vertex   -1.196000e+002 3.704020e+002 2.443369e+001
      vertex   -1.188500e+002 3.704020e+002 2.443369e+001
      vertex   -1.196000e+002 3.703277e+002 2.459887e+001
    endloop
  endfacet
  facet normal 0.000000e+000 -2.140802e-001 -9.635092e-002
    outer loop
      vertex   -1.196000e+002 3.703277e+002 2.459887e+001
      vertex   -1.188500e+002 3.704020e+002 2.443369e+001
      vertex   -1.188500e+002 3.703277e+002 2.459887e+001
    endloop
  endfacet
  facet normal 0.000000e+000 -8.557534e-001 -5.173838e-001
    outer loop
      vertex   -1.196000e+002 3.703277e+002 2.459887e+001
      vertex   -1.188500e+002 3.703277e+002 2.459887e+001
      vertex   -1.196000e+002 3.702339e+002 2.475388e+001
    endloop
  endfacet
  facet normal 0.000000e+000 -2.009062e-001 -1.214668e-001
    outer loop
      vertex   -1.196000e+002 3.702339e+002 2.475388e+001
      vertex   -1.188500e+002 3.703277e+002 2.459887e+001
      vertex   -1.188500e+002 3.702339e+002 2.475388e+001
    endloop
  endfacet
  facet normal 0.000000e+000 -7.872263e-001 -6.166642e-001
    outer loop
      vertex   -1.196000e+002 3.702339e+002 2.475388e+001
      vertex   -1.188500e+002 3.702339e+002 2.475388e+001
      vertex   -1.196000e+002 3.701223e+002 2.489647e+001
    endloop
  endfacet
  facet normal 0.000000e+000 -1.848041e-001 -1.447640e-001
    outer loop
      vertex   -1.196000e+002 3.701223e+002 2.489647e+001
      vertex   -1.188500e+002 3.702339e+002 2.475388e+001
      vertex   -1.188500e+002 3.701223e+002 2.489647e+001
    endloop
  endfacet
  facet normal 0.000000e+000 -7.071068e-001 -7.071068e-001
    outer loop
      vertex   -1.196000e+002 3.701223e+002 2.489647e+001
      vertex   -1.188500e+002 3.701223e+002 2.489647e+001
      vertex   -1.196000e+002 3.699942e+002 2.502455e+001
    endloop
  endfacet
  facet normal 0.000000e+000 -1.660036e-001 -1.660036e-001
    outer loop
      vertex   -1.196000e+002 3.699942e+002 2.502455e+001
      vertex   -1.188500e+002 3.701223e+002 2.489647e+001
      vertex   -1.188500e+002 3.699942e+002 2.502455e+001
    endloop
  endfacet
  facet normal 0.000000e+000 -6.167420e-001 -7.871653e-001
    outer loop
      vertex   -1.196000e+002 3.699942e+002 2.502455e+001
      vertex   -1.188500e+002 3.699942e+002 2.502455e+001
      vertex   -1.196000e+002 3.698516e+002 2.513626e+001
    endloop
  endfacet
  facet normal 0.000000e+000 -1.447837e-001 -1.847916e-001
    outer loop
      vertex   -1.196000e+002 3.698516e+002 2.513626e+001
      vertex   -1.188500e+002 3.699942e+002 2.502455e+001
      vertex   -1.188500e+002 3.698516e+002 2.513626e+001
    endloop
  endfacet
  facet normal 0.000000e+000 -5.172956e-001 -8.558068e-001
    outer loop
      vertex   -1.196000e+002 3.698516e+002 2.513626e+001
      vertex   -1.188500e+002 3.698516e+002 2.513626e+001
      vertex   -1.196000e+002 3.696966e+002 2.522997e+001
    endloop
  endfacet
  facet normal 0.000000e+000 -1.214516e-001 -2.009279e-001
    outer loop
      vertex   -1.196000e+002 3.696966e+002 2.522997e+001
      vertex   -1.188500e+002 3.698516e+002 2.513626e+001
      vertex   -1.188500e+002 3.696966e+002 2.522997e+001
    endloop
  endfacet
  facet normal 0.000000e+000 -4.104488e-001 -9.118837e-001
    outer loop
      vertex   -1.196000e+002 3.696966e+002 2.522997e+001
      vertex   -1.188500e+002 3.696966e+002 2.522997e+001
      vertex   -1.196000e+002 3.695314e+002 2.530431e+001
    endloop
  endfacet
  facet normal 0.000000e+000 -9.635132e-002 -2.140613e-001
    outer loop
      vertex   -1.196000e+002 3.695314e+002 2.530431e+001
      vertex   -1.188500e+002 3.696966e+002 2.522997e+001
      vertex   -1.188500e+002 3.695314e+002 2.530431e+001
    endloop
  endfacet
  facet normal 0.000000e+000 -2.974883e-001 -9.547254e-001
    outer loop
      vertex   -1.196000e+002 3.695314e+002 2.530431e+001
      vertex   -1.188500e+002 3.695314e+002 2.530431e+001
      vertex   -1.196000e+002 3.693585e+002 2.535820e+001
    endloop
  endfacet
  facet normal 0.000000e+000 -6.984284e-002 -2.241457e-001
    outer loop
      vertex   -1.196000e+002 3.693585e+002 2.535820e+001
      vertex   -1.188500e+002 3.695314e+002 2.530431e+001
      vertex   -1.188500e+002 3.693585e+002 2.535820e+001
    endloop
  endfacet
  facet normal 0.000000e+000 -1.802586e-001 -9.836193e-001
    outer loop
      vertex   -1.196000e+002 3.693585e+002 2.535820e+001
      vertex   -1.188500e+002 3.693585e+002 2.535820e+001
      vertex   -1.196000e+002 3.691803e+002 2.539085e+001
    endloop
  endfacet
  facet normal 0.000000e+000 -4.231676e-002 -2.309104e-001
    outer loop
      vertex   -1.196000e+002 3.691803e+002 2.539085e+001
      vertex   -1.188500e+002 3.693585e+002 2.535820e+001
      vertex   -1.188500e+002 3.691803e+002 2.539085e+001
    endloop
  endfacet
  facet normal 0.000000e+000 -6.037489e-002 -9.981758e-001
    outer loop
      vertex   -1.196000e+002 3.691803e+002 2.539085e+001
      vertex   -1.188500e+002 3.691803e+002 2.539085e+001
      vertex   -1.196000e+002 3.689995e+002 2.540178e+001
    endloop
  endfacet
  facet normal 0.000000e+000 -1.417472e-002 -2.343502e-001
    outer loop
      vertex   -1.196000e+002 3.689995e+002 2.540178e+001
      vertex   -1.188500e+002 3.691803e+002 2.539085e+001
      vertex   -1.188500e+002 3.689995e+002 2.540178e+001
    endloop
  endfacet
  facet normal 0.000000e+000 6.037489e-002 -9.981758e-001
    outer loop
      vertex   -1.196000e+002 3.689995e+002 2.540178e+001
      vertex   -1.188500e+002 3.689995e+002 2.540178e+001
      vertex   -1.196000e+002 3.688187e+002 2.539085e+001
    endloop
  endfacet
  facet normal 0.000000e+000 1.417472e-002 -2.343502e-001
    outer loop
      vertex   -1.196000e+002 3.688187e+002 2.539085e+001
      vertex   -1.188500e+002 3.689995e+002 2.540178e+001
      vertex   -1.188500e+002 3.688187e+002 2.539085e+001
    endloop
  endfacet
  facet normal 0.000000e+000 1.802586e-001 -9.836193e-001
    outer loop
      vertex   -1.196000e+002 3.688187e+002 2.539085e+001
      vertex   -1.188500e+002 3.688187e+002 2.539085e+001
      vertex   -1.196000e+002 3.686405e+002 2.535820e+001
    endloop
  endfacet
  facet normal 0.000000e+000 4.231676e-002 -2.309104e-001
    outer loop
      vertex   -1.196000e+002 3.686405e+002 2.535820e+001
      vertex   -1.188500e+002 3.688187e+002 2.539085e+001
      vertex   -1.188500e+002 3.686405e+002 2.535820e+001
    endloop
  endfacet
  facet normal 0.000000e+000 2.975362e-001 -9.547105e-001
    outer loop
      vertex   -1.196000e+002 3.686405e+002 2.535820e+001
      vertex   -1.188500e+002 3.686405e+002 2.535820e+001
      vertex   -1.196000e+002 3.684676e+002 2.530431e+001
    endloop
  endfacet
  facet normal 0.000000e+000 6.984346e-002 -2.241082e-001
    outer loop
      vertex   -1.196000e+002 3.684676e+002 2.530431e+001
      vertex   -1.188500e+002 3.686405e+002 2.535820e+001
      vertex   -1.188500e+002 3.684676e+002 2.530431e+001
    endloop
  endfacet
  facet normal 0.000000e+000 4.103857e-001 -9.119120e-001
    outer loop
      vertex   -1.196000e+002 3.684676e+002 2.530431e+001
      vertex   -1.188500e+002 3.684676e+002 2.530431e+001
      vertex   -1.196000e+002 3.683024e+002 2.522997e+001
    endloop
  endfacet
  facet normal 0.000000e+000 9.635051e-002 -2.140990e-001
    outer loop
      vertex   -1.196000e+002 3.683024e+002 2.522997e+001
      vertex   -1.188500e+002 3.684676e+002 2.530431e+001
      vertex   -1.188500e+002 3.683024e+002 2.522997e+001
    endloop
  endfacet
  facet normal 0.000000e+000 5.173702e-001 -8.557617e-001
    outer loop
      vertex   -1.196000e+002 3.683024e+002 2.522997e+001
      vertex   -1.188500e+002 3.683024e+002 2.522997e+001
      vertex   -1.196000e+002 3.681474e+002 2.513626e+001
    endloop
  endfacet
  facet normal 0.000000e+000 1.214526e-001 -2.008899e-001
    outer loop
      vertex   -1.196000e+002 3.681474e+002 2.513626e+001
      vertex   -1.188500e+002 3.683024e+002 2.522997e+001
      vertex   -1.188500e+002 3.681474e+002 2.513626e+001
    endloop
  endfacet
  facet normal 0.000000e+000 6.166602e-001 -7.872294e-001
    outer loop
      vertex   -1.196000e+002 3.681474e+002 2.513626e+001
      vertex   -1.188500e+002 3.681474e+002 2.513626e+001
      vertex   -1.196000e+002 3.680048e+002 2.502455e+001
    endloop
  endfacet
  facet normal 0.000000e+000 1.447827e-001 -1.848298e-001
    outer loop
      vertex   -1.196000e+002 3.680048e+002 2.502455e+001
      vertex   -1.188500e+002 3.681474e+002 2.513626e+001
      vertex   -1.188500e+002 3.680048e+002 2.502455e+001
    endloop
  endfacet
  facet normal 0.000000e+000 7.071068e-001 -7.071068e-001
    outer loop
      vertex   -1.196000e+002 3.680048e+002 2.502455e+001
      vertex   -1.188500e+002 3.680048e+002 2.502455e+001
      vertex   -1.196000e+002 3.678767e+002 2.489647e+001
    endloop
  endfacet
  facet normal 0.000000e+000 1.660036e-001 -1.660036e-001
    outer loop
      vertex   -1.196000e+002 3.678767e+002 2.489647e+001
      vertex   -1.188500e+002 3.680048e+002 2.502455e+001
      vertex   -1.188500e+002 3.678767e+002 2.489647e+001
    endloop
  endfacet
  facet normal 0.000000e+000 7.872263e-001 -6.166642e-001
    outer loop
      vertex   -1.196000e+002 3.678767e+002 2.489647e+001
      vertex   -1.188500e+002 3.678767e+002 2.489647e+001
      vertex   -1.196000e+002 3.677650e+002 2.475388e+001
    endloop
  endfacet
  facet normal 0.000000e+000 1.848041e-001 -1.447640e-001
    outer loop
      vertex   -1.196000e+002 3.677650e+002 2.475388e+001
      vertex   -1.188500e+002 3.678767e+002 2.489647e+001
      vertex   -1.188500e+002 3.677650e+002 2.475388e+001
    endloop
  endfacet
  facet normal 0.000000e+000 8.557534e-001 -5.173838e-001
    outer loop
      vertex   -1.196000e+002 3.677650e+002 2.475388e+001
      vertex   -1.188500e+002 3.677650e+002 2.475388e+001
      vertex   -1.196000e+002 3.676713e+002 2.459887e+001
    endloop
  endfacet
  facet normal 0.000000e+000 2.009062e-001 -1.214668e-001
    outer loop
      vertex   -1.196000e+002 3.676713e+002 2.459887e+001
      vertex   -1.188500e+002 3.677650e+002 2.475388e+001
      vertex   -1.188500e+002 3.676713e+002 2.459887e+001
    endloop
  endfacet
  facet normal 0.000000e+000 9.118978e-001 -4.104172e-001
    outer loop
      vertex   -1.196000e+002 3.676713e+002 2.459887e+001
      vertex   -1.188500e+002 3.676713e+002 2.459887e+001
      vertex   -1.196000e+002 3.675970e+002 2.443369e+001
    endloop
  endfacet
  facet normal 0.000000e+000 2.140802e-001 -9.635092e-002
    outer loop
      vertex   -1.196000e+002 3.675970e+002 2.443369e+001
      vertex   -1.188500e+002 3.676713e+002 2.459887e+001
      vertex   -1.188500e+002 3.675970e+002 2.443369e+001
    endloop
  endfacet
  facet normal 0.000000e+000 9.547127e-001 -2.975290e-001
    outer loop
      vertex   -1.196000e+002 3.675970e+002 2.443369e+001
      vertex   -1.188500e+002 3.675970e+002 2.443369e+001
      vertex   -1.196000e+002 3.675431e+002 2.426076e+001
    endloop
  endfacet
  facet normal 0.000000e+000 2.241362e-001 -6.985037e-002
    outer loop
      vertex   -1.196000e+002 3.675431e+002 2.426076e+001
      vertex   -1.188500e+002 3.675970e+002 2.443369e+001
      vertex   -1.188500e+002 3.675431e+002 2.426076e+001
    endloop
  endfacet
  facet normal 0.000000e+000 9.836165e-001 -1.802734e-001
    outer loop
      vertex   -1.196000e+002 3.675431e+002 2.426076e+001
      vertex   -1.188500e+002 3.675431e+002 2.426076e+001
      vertex   -1.196000e+002 3.675104e+002 2.408259e+001
    endloop
  endfacet
  facet normal 0.000000e+000 2.309173e-001 -4.232162e-002
    outer loop
      vertex   -1.196000e+002 3.675104e+002 2.408259e+001
      vertex   -1.188500e+002 3.675431e+002 2.426076e+001
      vertex   -1.188500e+002 3.675104e+002 2.408259e+001
    endloop
  endfacet
  facet normal 0.000000e+000 9.981794e-001 -6.031575e-002
    outer loop
      vertex   -1.196000e+002 3.675104e+002 2.408259e+001
      vertex   -1.188500e+002 3.675104e+002 2.408259e+001
      vertex   -1.196000e+002 3.674995e+002 2.390178e+001
    endloop
  endfacet
  facet normal 0.000000e+000 2.343362e-001 -1.415994e-002
    outer loop
      vertex   -1.196000e+002 3.674995e+002 2.390178e+001
      vertex   -1.188500e+002 3.675104e+002 2.408259e+001
      vertex   -1.188500e+002 3.674995e+002 2.390178e+001
    endloop
  endfacet
  facet normal -0.000000e+000 9.981794e-001 6.031575e-002
    outer loop
      vertex   -1.196000e+002 3.674995e+002 2.390178e+001
      vertex   -1.188500e+002 3.674995e+002 2.390178e+001
      vertex   -1.196000e+002 3.675104e+002 2.372098e+001
    endloop
  endfacet
  facet normal -0.000000e+000 2.343362e-001 1.415994e-002
    outer loop
      vertex   -1.196000e+002 3.675104e+002 2.372098e+001
      vertex   -1.188500e+002 3.674995e+002 2.390178e+001
      vertex   -1.188500e+002 3.675104e+002 2.372098e+001
    endloop
  endfacet
  facet normal -0.000000e+000 9.836169e-001 1.802715e-001
    outer loop
      vertex   -1.196000e+002 3.675104e+002 2.372098e+001
      vertex   -1.188500e+002 3.675104e+002 2.372098e+001
      vertex   -1.196000e+002 3.675431e+002 2.354281e+001
    endloop
  endfacet
  facet normal -0.000000e+000 2.309197e-001 4.232160e-002
    outer loop
      vertex   -1.196000e+002 3.675431e+002 2.354281e+001
      vertex   -1.188500e+002 3.675104e+002 2.372098e+001
      vertex   -1.188500e+002 3.675431e+002 2.354281e+001
    endloop
  endfacet
  facet normal -0.000000e+000 9.547119e-001 2.975321e-001
    outer loop
      vertex   -1.196000e+002 3.675431e+002 2.354281e+001
      vertex   -1.188500e+002 3.675431e+002 2.354281e+001
      vertex   -1.196000e+002 3.675970e+002 2.336987e+001
    endloop
  endfacet
  facet normal -0.000000e+000 2.241339e-001 6.985041e-002
    outer loop
      vertex   -1.196000e+002 3.675970e+002 2.336987e+001
      vertex   -1.188500e+002 3.675431e+002 2.354281e+001
      vertex   -1.188500e+002 3.675970e+002 2.336987e+001
    endloop
  endfacet
  facet normal -0.000000e+000 9.118978e-001 4.104172e-001
    outer loop
      vertex   -1.196000e+002 3.675970e+002 2.336987e+001
      vertex   -1.188500e+002 3.675970e+002 2.336987e+001
      vertex   -1.196000e+002 3.676713e+002 2.320470e+001
    endloop
  endfacet
  facet normal -0.000000e+000 2.140802e-001 9.635092e-002
    outer loop
      vertex   -1.196000e+002 3.676713e+002 2.320470e+001
      vertex   -1.188500e+002 3.675970e+002 2.336987e+001
      vertex   -1.188500e+002 3.676713e+002 2.320470e+001
    endloop
  endfacet
  facet normal -0.000000e+000 8.557534e-001 5.173838e-001
    outer loop
      vertex   -1.196000e+002 3.676713e+002 2.320470e+001
      vertex   -1.188500e+002 3.676713e+002 2.320470e+001
      vertex   -1.196000e+002 3.677650e+002 2.304969e+001
    endloop
  endfacet
  facet normal -0.000000e+000 2.009062e-001 1.214668e-001
    outer loop
      vertex   -1.196000e+002 3.677650e+002 2.304969e+001
      vertex   -1.188500e+002 3.676713e+002 2.320470e+001
      vertex   -1.188500e+002 3.677650e+002 2.304969e+001
    endloop
  endfacet
  facet normal -0.000000e+000 7.872263e-001 6.166642e-001
    outer loop
      vertex   -1.196000e+002 3.677650e+002 2.304969e+001
      vertex   -1.188500e+002 3.677650e+002 2.304969e+001
      vertex   -1.196000e+002 3.678767e+002 2.290710e+001
    endloop
  endfacet
  facet normal -0.000000e+000 1.848041e-001 1.447640e-001
    outer loop
      vertex   -1.196000e+002 3.678767e+002 2.290710e+001
      vertex   -1.188500e+002 3.677650e+002 2.304969e+001
      vertex   -1.188500e+002 3.678767e+002 2.290710e+001
    endloop
  endfacet
  facet normal -0.000000e+000 7.071068e-001 7.071068e-001
    outer loop
      vertex   -1.196000e+002 3.678767e+002 2.290710e+001
      vertex   -1.188500e+002 3.678767e+002 2.290710e+001
      vertex   -1.196000e+002 3.680048e+002 2.277902e+001
    endloop
  endfacet
  facet normal -0.000000e+000 1.660036e-001 1.660036e-001
    outer loop
      vertex   -1.196000e+002 3.680048e+002 2.277902e+001
      vertex   -1.188500e+002 3.678767e+002 2.290710e+001
      vertex   -1.188500e+002 3.680048e+002 2.277902e+001
    endloop
  endfacet
  facet normal -0.000000e+000 6.166602e-001 7.872294e-001
    outer loop
      vertex   -1.196000e+002 3.680048e+002 2.277902e+001
      vertex   -1.188500e+002 3.680048e+002 2.277902e+001
      vertex   -1.196000e+002 3.681474e+002 2.266731e+001
    endloop
  endfacet
  facet normal -0.000000e+000 1.447827e-001 1.848298e-001
    outer loop
      vertex   -1.196000e+002 3.681474e+002 2.266731e+001
      vertex   -1.188500e+002 3.680048e+002 2.277902e+001
      vertex   -1.188500e+002 3.681474e+002 2.266731e+001
    endloop
  endfacet
  facet normal -0.000000e+000 5.173702e-001 8.557617e-001
    outer loop
      vertex   -1.196000e+002 3.681474e+002 2.266731e+001
      vertex   -1.188500e+002 3.681474e+002 2.266731e+001
      vertex   -1.196000e+002 3.683024e+002 2.257360e+001
    endloop
  endfacet
  facet normal -0.000000e+000 1.214526e-001 2.008899e-001
    outer loop
      vertex   -1.196000e+002 3.683024e+002 2.257360e+001
      vertex   -1.188500e+002 3.681474e+002 2.266731e+001
      vertex   -1.188500e+002 3.683024e+002 2.257360e+001
    endloop
  endfacet
  facet normal -0.000000e+000 4.103857e-001 9.119120e-001
    outer loop
      vertex   -1.196000e+002 3.683024e+002 2.257360e+001
      vertex   -1.188500e+002 3.683024e+002 2.257360e+001
      vertex   -1.196000e+002 3.684676e+002 2.249926e+001
    endloop
  endfacet
  facet normal -0.000000e+000 9.635051e-002 2.140990e-001
    outer loop
      vertex   -1.196000e+002 3.684676e+002 2.249926e+001
      vertex   -1.188500e+002 3.683024e+002 2.257360e+001
      vertex   -1.188500e+002 3.684676e+002 2.249926e+001
    endloop
  endfacet
  facet normal -0.000000e+000 2.975362e-001 9.547105e-001
    outer loop
      vertex   -1.196000e+002 3.684676e+002 2.249926e+001
      vertex   -1.188500e+002 3.684676e+002 2.249926e+001
      vertex   -1.196000e+002 3.686405e+002 2.244537e+001
    endloop
  endfacet
  facet normal -0.000000e+000 6.984346e-002 2.241082e-001
    outer loop
      vertex   -1.196000e+002 3.686405e+002 2.244537e+001
      vertex   -1.188500e+002 3.684676e+002 2.249926e+001
      vertex   -1.188500e+002 3.686405e+002 2.244537e+001
    endloop
  endfacet
  facet normal -0.000000e+000 1.802586e-001 9.836193e-001
    outer loop
      vertex   -1.196000e+002 3.686405e+002 2.244537e+001
      vertex   -1.188500e+002 3.686405e+002 2.244537e+001
      vertex   -1.196000e+002 3.688187e+002 2.241272e+001
    endloop
  endfacet
  facet normal -0.000000e+000 4.231676e-002 2.309104e-001
    outer loop
      vertex   -1.196000e+002 3.688187e+002 2.241272e+001
      vertex   -1.188500e+002 3.686405e+002 2.244537e+001
      vertex   -1.188500e+002 3.688187e+002 2.241272e+001
    endloop
  endfacet
  facet normal -0.000000e+000 6.037489e-002 9.981758e-001
    outer loop
      vertex   -1.196000e+002 3.688187e+002 2.241272e+001
      vertex   -1.188500e+002 3.688187e+002 2.241272e+001
      vertex   -1.196000e+002 3.689995e+002 2.240178e+001
    endloop
  endfacet
  facet normal -0.000000e+000 1.417472e-002 2.343502e-001
    outer loop
      vertex   -1.196000e+002 3.689995e+002 2.240178e+001
      vertex   -1.188500e+002 3.688187e+002 2.241272e+001
      vertex   -1.188500e+002 3.689995e+002 2.240178e+001
    endloop
  endfacet
  facet normal 0.000000e+000 -6.037489e-002 9.981758e-001
    outer loop
      vertex   -1.196000e+002 3.689995e+002 2.240178e+001
      vertex   -1.188500e+002 3.689995e+002 2.240178e+001
      vertex   -1.196000e+002 3.691803e+002 2.241272e+001
    endloop
  endfacet
  facet normal 0.000000e+000 -1.417472e-002 2.343502e-001
    outer loop
      vertex   -1.196000e+002 3.691803e+002 2.241272e+001
      vertex   -1.188500e+002 3.689995e+002 2.240178e+001
      vertex   -1.188500e+002 3.691803e+002 2.241272e+001
    endloop
  endfacet
  facet normal 0.000000e+000 -1.802586e-001 9.836193e-001
    outer loop
      vertex   -1.196000e+002 3.691803e+002 2.241272e+001
      vertex   -1.188500e+002 3.691803e+002 2.241272e+001
      vertex   -1.196000e+002 3.693585e+002 2.244537e+001
    endloop
  endfacet
  facet normal 0.000000e+000 -4.231676e-002 2.309104e-001
    outer loop
      vertex   -1.196000e+002 3.693585e+002 2.244537e+001
      vertex   -1.188500e+002 3.691803e+002 2.241272e+001
      vertex   -1.188500e+002 3.693585e+002 2.244537e+001
    endloop
  endfacet
  facet normal 0.000000e+000 -2.974883e-001 9.547254e-001
    outer loop
      vertex   -1.196000e+002 3.693585e+002 2.244537e+001
      vertex   -1.188500e+002 3.693585e+002 2.244537e+001
      vertex   -1.196000e+002 3.695314e+002 2.249926e+001
    endloop
  endfacet
  facet normal 0.000000e+000 -6.984284e-002 2.241457e-001
    outer loop
      vertex   -1.196000e+002 3.695314e+002 2.249926e+001
      vertex   -1.188500e+002 3.693585e+002 2.244537e+001
      vertex   -1.188500e+002 3.695314e+002 2.249926e+001
    endloop
  endfacet
  facet normal 0.000000e+000 -4.104488e-001 9.118837e-001
    outer loop
      vertex   -1.196000e+002 3.695314e+002 2.249926e+001
      vertex   -1.188500e+002 3.695314e+002 2.249926e+001
      vertex   -1.196000e+002 3.696966e+002 2.257360e+001
    endloop
  endfacet
  facet normal 0.000000e+000 -9.635132e-002 2.140613e-001
    outer loop
      vertex   -1.196000e+002 3.696966e+002 2.257360e+001
      vertex   -1.188500e+002 3.695314e+002 2.249926e+001
      vertex   -1.188500e+002 3.696966e+002 2.257360e+001
    endloop
  endfacet
  facet normal 0.000000e+000 -5.172956e-001 8.558068e-001
    outer loop
      vertex   -1.196000e+002 3.696966e+002 2.257360e+001
      vertex   -1.188500e+002 3.696966e+002 2.257360e+001
      vertex   -1.196000e+002 3.698516e+002 2.266731e+001
    endloop
  endfacet
  facet normal 0.000000e+000 -1.214516e-001 2.009279e-001
    outer loop
      vertex   -1.196000e+002 3.698516e+002 2.266731e+001
      vertex   -1.188500e+002 3.696966e+002 2.257360e+001
      vertex   -1.188500e+002 3.698516e+002 2.266731e+001
    endloop
  endfacet
  facet normal 0.000000e+000 -6.167420e-001 7.871653e-001
    outer loop
      vertex   -1.196000e+002 3.698516e+002 2.266731e+001
      vertex   -1.188500e+002 3.698516e+002 2.266731e+001
      vertex   -1.196000e+002 3.699942e+002 2.277902e+001
    endloop
  endfacet
  facet normal 0.000000e+000 -1.447837e-001 1.847916e-001
    outer loop
      vertex   -1.196000e+002 3.699942e+002 2.277902e+001
      vertex   -1.188500e+002 3.698516e+002 2.266731e+001
      vertex   -1.188500e+002 3.699942e+002 2.277902e+001
    endloop
  endfacet
  facet normal 0.000000e+000 -7.071068e-001 7.071068e-001
    outer loop
      vertex   -1.196000e+002 3.699942e+002 2.277902e+001
      vertex   -1.188500e+002 3.699942e+002 2.277902e+001
      vertex   -1.196000e+002 3.701223e+002 2.290710e+001
    endloop
  endfacet
  facet normal 0.000000e+000 -1.660036e-001 1.660036e-001
    outer loop
      vertex   -1.196000e+002 3.701223e+002 2.290710e+001
      vertex   -1.188500e+002 3.699942e+002 2.277902e+001
      vertex   -1.188500e+002 3.701223e+002 2.290710e+001
    endloop
  endfacet
  facet normal 0.000000e+000 -7.872263e-001 6.166642e-001
    outer loop
      vertex   -1.196000e+002 3.701223e+002 2.290710e+001
      vertex   -1.188500e+002 3.701223e+002 2.290710e+001
      vertex   -1.196000e+002 3.702339e+002 2.304969e+001
    endloop
  endfacet
  facet normal 0.000000e+000 -1.848041e-001 1.447640e-001
    outer loop
      vertex   -1.196000e+002 3.702339e+002 2.304969e+001
      vertex   -1.188500e+002 3.701223e+002 2.290710e+001
      vertex   -1.188500e+002 3.702339e+002 2.304969e+001
    endloop
  endfacet
  facet normal 0.000000e+000 -8.557534e-001 5.173838e-001
    outer loop
      vertex   -1.196000e+002 3.702339e+002 2.304969e+001
      vertex   -1.188500e+002 3.702339e+002 2.304969e+001
      vertex   -1.196000e+002 3.703277e+002 2.320470e+001
    endloop
  endfacet
  facet normal 0.000000e+000 -2.009062e-001 1.214668e-001
    outer loop
      vertex   -1.196000e+002 3.703277e+002 2.320470e+001
      vertex   -1.188500e+002 3.702339e+002 2.304969e+001
      vertex   -1.188500e+002 3.703277e+002 2.320470e+001
    endloop
  endfacet
  facet normal 0.000000e+000 -9.118978e-001 4.104172e-001
    outer loop
      vertex   -1.196000e+002 3.703277e+002 2.320470e+001
      vertex   -1.188500e+002 3.703277e+002 2.320470e+001
      vertex   -1.196000e+002 3.704020e+002 2.336987e+001
    endloop
  endfacet
  facet normal 0.000000e+000 -2.140802e-001 9.635092e-002
    outer loop
      vertex   -1.196000e+002 3.704020e+002 2.336987e+001
      vertex   -1.188500e+002 3.703277e+002 2.320470e+001
      vertex   -1.188500e+002 3.704020e+002 2.336987e+001
    endloop
  endfacet
  facet normal 0.000000e+000 -9.547119e-001 2.975321e-001
    outer loop
      vertex   -1.196000e+002 3.704020e+002 2.336987e+001
      vertex   -1.188500e+002 3.704020e+002 2.336987e+001
      vertex   -1.196000e+002 3.704559e+002 2.354281e+001
    endloop
  endfacet
  facet normal 0.000000e+000 -2.241339e-001 6.985041e-002
    outer loop
      vertex   -1.196000e+002 3.704559e+002 2.354281e+001
      vertex   -1.188500e+002 3.704020e+002 2.336987e+001
      vertex   -1.188500e+002 3.704559e+002 2.354281e+001
    endloop
  endfacet
  facet normal 0.000000e+000 -9.836169e-001 1.802715e-001
    outer loop
      vertex   -1.196000e+002 3.704559e+002 2.354281e+001
      vertex   -1.188500e+002 3.704559e+002 2.354281e+001
      vertex   -1.196000e+002 3.704886e+002 2.372098e+001
    endloop
  endfacet
  facet normal 0.000000e+000 -2.309197e-001 4.232160e-002
    outer loop
      vertex   -1.196000e+002 3.704886e+002 2.372098e+001
      vertex   -1.188500e+002 3.704559e+002 2.354281e+001
      vertex   -1.188500e+002 3.704886e+002 2.372098e+001
    endloop
  endfacet
  facet normal -0.000000e+000 -9.981794e-001 -6.031575e-002
    outer loop
      vertex   -1.166000e+002 3.084886e+002 2.408259e+001
      vertex   -1.188500e+002 3.084886e+002 2.408259e+001
      vertex   -1.166000e+002 3.084995e+002 2.390178e+001
    endloop
  endfacet
  facet normal -0.000000e+000 -8.009873e-002 -4.840027e-003
    outer loop
      vertex   -1.166000e+002 3.084995e+002 2.390178e+001
      vertex   -1.188500e+002 3.084886e+002 2.408259e+001
      vertex   -1.188500e+002 3.084995e+002 2.390178e+001
    endloop
  endfacet
  facet normal 0.000000e+000 -9.981794e-001 6.031575e-002
    outer loop
      vertex   -1.166000e+002 3.084995e+002 2.390178e+001
      vertex   -1.188500e+002 3.084995e+002 2.390178e+001
      vertex   -1.166000e+002 3.084886e+002 2.372098e+001
    endloop
  endfacet
  facet normal 0.000000e+000 -8.009873e-002 4.840027e-003
    outer loop
      vertex   -1.166000e+002 3.084886e+002 2.372098e+001
      vertex   -1.188500e+002 3.084995e+002 2.390178e+001
      vertex   -1.188500e+002 3.084886e+002 2.372098e+001
    endloop
  endfacet
  facet normal 0.000000e+000 -9.836169e-001 1.802715e-001
    outer loop
      vertex   -1.166000e+002 3.084886e+002 2.372098e+001
      vertex   -1.188500e+002 3.084886e+002 2.372098e+001
      vertex   -1.166000e+002 3.084559e+002 2.354281e+001
    endloop
  endfacet
  facet normal 0.000000e+000 -7.893097e-002 1.446600e-002
    outer loop
      vertex   -1.166000e+002 3.084559e+002 2.354281e+001
      vertex   -1.188500e+002 3.084886e+002 2.372098e+001
      vertex   -1.188500e+002 3.084559e+002 2.354281e+001
    endloop
  endfacet
  facet normal 0.000000e+000 -9.547119e-001 2.975321e-001
    outer loop
      vertex   -1.166000e+002 3.084559e+002 2.354281e+001
      vertex   -1.188500e+002 3.084559e+002 2.354281e+001
      vertex   -1.166000e+002 3.084020e+002 2.336987e+001
    endloop
  endfacet
  facet normal 0.000000e+000 -7.661150e-002 2.387566e-002
    outer loop
      vertex   -1.166000e+002 3.084020e+002 2.336987e+001
      vertex   -1.188500e+002 3.084559e+002 2.354281e+001
      vertex   -1.188500e+002 3.084020e+002 2.336987e+001
    endloop
  endfacet
  facet normal 0.000000e+000 -9.118978e-001 4.104172e-001
    outer loop
      vertex   -1.166000e+002 3.084020e+002 2.336987e+001
      vertex   -1.188500e+002 3.084020e+002 2.336987e+001
      vertex   -1.166000e+002 3.083277e+002 2.320470e+001
    endloop
  endfacet
  facet normal 0.000000e+000 -7.317499e-002 3.293382e-002
    outer loop
      vertex   -1.166000e+002 3.083277e+002 2.320470e+001
      vertex   -1.188500e+002 3.084020e+002 2.336987e+001
      vertex   -1.188500e+002 3.083277e+002 2.320470e+001
    endloop
  endfacet
  facet normal 0.000000e+000 -8.557534e-001 5.173838e-001
    outer loop
      vertex   -1.166000e+002 3.083277e+002 2.320470e+001
      vertex   -1.188500e+002 3.083277e+002 2.320470e+001
      vertex   -1.166000e+002 3.082339e+002 2.304969e+001
    endloop
  endfacet
  facet normal 0.000000e+000 -6.867209e-002 4.151877e-002
    outer loop
      vertex   -1.166000e+002 3.082339e+002 2.304969e+001
      vertex   -1.188500e+002 3.083277e+002 2.320470e+001
      vertex   -1.188500e+002 3.082339e+002 2.304969e+001
    endloop
  endfacet
  facet normal 0.000000e+000 -7.872263e-001 6.166642e-001
    outer loop
      vertex   -1.166000e+002 3.082339e+002 2.304969e+001
      vertex   -1.188500e+002 3.082339e+002 2.304969e+001
      vertex   -1.166000e+002 3.081223e+002 2.290710e+001
    endloop
  endfacet
  facet normal 0.000000e+000 -6.316795e-002 4.948185e-002
    outer loop
      vertex   -1.166000e+002 3.081223e+002 2.290710e+001
      vertex   -1.188500e+002 3.082339e+002 2.304969e+001
      vertex   -1.188500e+002 3.081223e+002 2.290710e+001
    endloop
  endfacet
  facet normal 0.000000e+000 -7.071068e-001 7.071068e-001
    outer loop
      vertex   -1.166000e+002 3.081223e+002 2.290710e+001
      vertex   -1.188500e+002 3.081223e+002 2.290710e+001
      vertex   -1.166000e+002 3.079942e+002 2.277902e+001
    endloop
  endfacet
  facet normal 0.000000e+000 -5.674188e-002 5.674188e-002
    outer loop
      vertex   -1.166000e+002 3.079942e+002 2.277902e+001
      vertex   -1.188500e+002 3.081223e+002 2.290710e+001
      vertex   -1.188500e+002 3.079942e+002 2.277902e+001
    endloop
  endfacet
  facet normal 0.000000e+000 -6.167420e-001 7.871653e-001
    outer loop
      vertex   -1.166000e+002 3.079942e+002 2.277902e+001
      vertex   -1.188500e+002 3.079942e+002 2.277902e+001
      vertex   -1.166000e+002 3.078516e+002 2.266731e+001
    endloop
  endfacet
  facet normal 0.000000e+000 -4.948861e-002 6.316372e-002
    outer loop
      vertex   -1.166000e+002 3.078516e+002 2.266731e+001
      vertex   -1.188500e+002 3.079942e+002 2.277902e+001
      vertex   -1.188500e+002 3.078516e+002 2.266731e+001
    endloop
  endfacet
  facet normal 0.000000e+000 -5.172956e-001 8.558068e-001
    outer loop
      vertex   -1.166000e+002 3.078516e+002 2.266731e+001
      vertex   -1.188500e+002 3.078516e+002 2.266731e+001
      vertex   -1.166000e+002 3.076966e+002 2.257360e+001
    endloop
  endfacet
  facet normal 0.000000e+000 -4.151369e-002 6.867968e-002
    outer loop
      vertex   -1.166000e+002 3.076966e+002 2.257360e+001
      vertex   -1.188500e+002 3.078516e+002 2.266731e+001
      vertex   -1.188500e+002 3.076966e+002 2.257360e+001
    endloop
  endfacet
  facet normal 0.000000e+000 -4.104488e-001 9.118837e-001
    outer loop
      vertex   -1.166000e+002 3.076966e+002 2.257360e+001
      vertex   -1.188500e+002 3.076966e+002 2.257360e+001
      vertex   -1.166000e+002 3.075314e+002 2.249926e+001
    endloop
  endfacet
  facet normal 0.000000e+000 -3.293383e-002 7.316827e-002
    outer loop
      vertex   -1.166000e+002 3.075314e+002 2.249926e+001
      vertex   -1.188500e+002 3.076966e+002 2.257360e+001
      vertex   -1.188500e+002 3.075314e+002 2.249926e+001
    endloop
  endfacet
  facet normal 0.000000e+000 -2.974883e-001 9.547254e-001
    outer loop
      vertex   -1.166000e+002 3.075314e+002 2.249926e+001
      vertex   -1.188500e+002 3.075314e+002 2.249926e+001
      vertex   -1.166000e+002 3.073585e+002 2.244537e+001
    endloop
  endfacet
  facet normal 0.000000e+000 -2.387312e-002 7.661571e-002
    outer loop
      vertex   -1.166000e+002 3.073585e+002 2.244537e+001
      vertex   -1.188500e+002 3.075314e+002 2.249926e+001
      vertex   -1.188500e+002 3.073585e+002 2.244537e+001
    endloop
  endfacet
  facet normal 0.000000e+000 -1.802586e-001 9.836193e-001
    outer loop
      vertex   -1.166000e+002 3.073585e+002 2.244537e+001
      vertex   -1.188500e+002 3.073585e+002 2.244537e+001
      vertex   -1.166000e+002 3.071803e+002 2.241272e+001
    endloop
  endfacet
  facet normal 0.000000e+000 -1.446432e-002 7.892761e-002
    outer loop
      vertex   -1.166000e+002 3.071803e+002 2.241272e+001
      vertex   -1.188500e+002 3.073585e+002 2.244537e+001
      vertex   -1.188500e+002 3.071803e+002 2.241272e+001
    endloop
  endfacet
  facet normal 0.000000e+000 -6.037489e-002 9.981758e-001
    outer loop
      vertex   -1.166000e+002 3.071803e+002 2.241272e+001
      vertex   -1.188500e+002 3.071803e+002 2.241272e+001
      vertex   -1.166000e+002 3.069995e+002 2.240178e+001
    endloop
  endfacet
  facet normal 0.000000e+000 -4.845095e-003 8.010376e-002
    outer loop
      vertex   -1.166000e+002 3.069995e+002 2.240178e+001
      vertex   -1.188500e+002 3.071803e+002 2.241272e+001
      vertex   -1.188500e+002 3.069995e+002 2.240178e+001
    endloop
  endfacet
  facet normal 0.000000e+000 6.037489e-002 9.981758e-001
    outer loop
      vertex   -1.166000e+002 3.069995e+002 2.240178e+001
      vertex   -1.188500e+002 3.069995e+002 2.240178e+001
      vertex   -1.166000e+002 3.068187e+002 2.241272e+001
    endloop
  endfacet
  facet normal 0.000000e+000 4.845095e-003 8.010376e-002
    outer loop
      vertex   -1.166000e+002 3.068187e+002 2.241272e+001
      vertex   -1.188500e+002 3.069995e+002 2.240178e+001
      vertex   -1.188500e+002 3.068187e+002 2.241272e+001
    endloop
  endfacet
  facet normal 0.000000e+000 1.802586e-001 9.836193e-001
    outer loop
      vertex   -1.166000e+002 3.068187e+002 2.241272e+001
      vertex   -1.188500e+002 3.068187e+002 2.241272e+001
      vertex   -1.166000e+002 3.066405e+002 2.244537e+001
    endloop
  endfacet
  facet normal 0.000000e+000 1.446432e-002 7.892761e-002
    outer loop
      vertex   -1.166000e+002 3.066405e+002 2.244537e+001
      vertex   -1.188500e+002 3.068187e+002 2.241272e+001
      vertex   -1.188500e+002 3.066405e+002 2.244537e+001
    endloop
  endfacet
  facet normal 0.000000e+000 2.975362e-001 9.547105e-001
    outer loop
      vertex   -1.166000e+002 3.066405e+002 2.244537e+001
      vertex   -1.188500e+002 3.066405e+002 2.244537e+001
      vertex   -1.166000e+002 3.064676e+002 2.249926e+001
    endloop
  endfacet
  facet normal 0.000000e+000 2.387315e-002 7.660227e-002
    outer loop
      vertex   -1.166000e+002 3.064676e+002 2.249926e+001
      vertex   -1.188500e+002 3.066405e+002 2.244537e+001
      vertex   -1.188500e+002 3.064676e+002 2.249926e+001
    endloop
  endfacet
  facet normal 0.000000e+000 4.103857e-001 9.119120e-001
    outer loop
      vertex   -1.166000e+002 3.064676e+002 2.249926e+001
      vertex   -1.188500e+002 3.064676e+002 2.249926e+001
      vertex   -1.166000e+002 3.063024e+002 2.257360e+001
    endloop
  endfacet
  facet normal 0.000000e+000 3.293380e-002 7.318171e-002
    outer loop
      vertex   -1.166000e+002 3.063024e+002 2.257360e+001
      vertex   -1.188500e+002 3.064676e+002 2.249926e+001
      vertex   -1.188500e+002 3.063024e+002 2.257360e+001
    endloop
  endfacet
  facet normal 0.000000e+000 5.173702e-001 8.557617e-001
    outer loop
      vertex   -1.166000e+002 3.063024e+002 2.257360e+001
      vertex   -1.188500e+002 3.063024e+002 2.257360e+001
      vertex   -1.166000e+002 3.061474e+002 2.266731e+001
    endloop
  endfacet
  facet normal 0.000000e+000 4.151373e-002 6.866622e-002
    outer loop
      vertex   -1.166000e+002 3.061474e+002 2.266731e+001
      vertex   -1.188500e+002 3.063024e+002 2.257360e+001
      vertex   -1.188500e+002 3.061474e+002 2.266731e+001
    endloop
  endfacet
  facet normal 0.000000e+000 6.166602e-001 7.872294e-001
    outer loop
      vertex   -1.166000e+002 3.061474e+002 2.266731e+001
      vertex   -1.188500e+002 3.061474e+002 2.266731e+001
      vertex   -1.166000e+002 3.060048e+002 2.277902e+001
    endloop
  endfacet
  facet normal 0.000000e+000 4.948857e-002 6.317718e-002
    outer loop
      vertex   -1.166000e+002 3.060048e+002 2.277902e+001
      vertex   -1.188500e+002 3.061474e+002 2.266731e+001
      vertex   -1.188500e+002 3.060048e+002 2.277902e+001
    endloop
  endfacet
  facet normal 0.000000e+000 7.071068e-001 7.071068e-001
    outer loop
      vertex   -1.166000e+002 3.060048e+002 2.277902e+001
      vertex   -1.188500e+002 3.060048e+002 2.277902e+001
      vertex   -1.166000e+002 3.058767e+002 2.290710e+001
    endloop
  endfacet
  facet normal 0.000000e+000 5.674188e-002 5.674188e-002
    outer loop
      vertex   -1.166000e+002 3.058767e+002 2.290710e+001
      vertex   -1.188500e+002 3.060048e+002 2.277902e+001
      vertex   -1.188500e+002 3.058767e+002 2.290710e+001
    endloop
  endfacet
  facet normal 0.000000e+000 7.872263e-001 6.166642e-001
    outer loop
      vertex   -1.166000e+002 3.058767e+002 2.290710e+001
      vertex   -1.188500e+002 3.058767e+002 2.290710e+001
      vertex   -1.166000e+002 3.057650e+002 2.304969e+001
    endloop
  endfacet
  facet normal 0.000000e+000 6.316795e-002 4.948185e-002
    outer loop
      vertex   -1.166000e+002 3.057650e+002 2.304969e+001
      vertex   -1.188500e+002 3.058767e+002 2.290710e+001
      vertex   -1.188500e+002 3.057650e+002 2.304969e+001
    endloop
  endfacet
  facet normal 0.000000e+000 8.557534e-001 5.173838e-001
    outer loop
      vertex   -1.166000e+002 3.057650e+002 2.304969e+001
      vertex   -1.188500e+002 3.057650e+002 2.304969e+001
      vertex   -1.166000e+002 3.056713e+002 2.320470e+001
    endloop
  endfacet
  facet normal 0.000000e+000 6.867209e-002 4.151877e-002
    outer loop
      vertex   -1.166000e+002 3.056713e+002 2.320470e+001
      vertex   -1.188500e+002 3.057650e+002 2.304969e+001
      vertex   -1.188500e+002 3.056713e+002 2.320470e+001
    endloop
  endfacet
  facet normal 0.000000e+000 9.118978e-001 4.104172e-001
    outer loop
      vertex   -1.166000e+002 3.056713e+002 2.320470e+001
      vertex   -1.188500e+002 3.056713e+002 2.320470e+001
      vertex   -1.166000e+002 3.055970e+002 2.336987e+001
    endloop
  endfacet
  facet normal 0.000000e+000 7.317499e-002 3.293382e-002
    outer loop
      vertex   -1.166000e+002 3.055970e+002 2.336987e+001
      vertex   -1.188500e+002 3.056713e+002 2.320470e+001
      vertex   -1.188500e+002 3.055970e+002 2.336987e+001
    endloop
  endfacet
  facet normal 0.000000e+000 9.547119e-001 2.975321e-001
    outer loop
      vertex   -1.166000e+002 3.055970e+002 2.336987e+001
      vertex   -1.188500e+002 3.055970e+002 2.336987e+001
      vertex   -1.166000e+002 3.055431e+002 2.354281e+001
    endloop
  endfacet
  facet normal 0.000000e+000 7.661150e-002 2.387566e-002
    outer loop
      vertex   -1.166000e+002 3.055431e+002 2.354281e+001
      vertex   -1.188500e+002 3.055970e+002 2.336987e+001
      vertex   -1.188500e+002 3.055431e+002 2.354281e+001
    endloop
  endfacet
  facet normal 0.000000e+000 9.836169e-001 1.802715e-001
    outer loop
      vertex   -1.166000e+002 3.055431e+002 2.354281e+001
      vertex   -1.188500e+002 3.055431e+002 2.354281e+001
      vertex   -1.166000e+002 3.055104e+002 2.372098e+001
    endloop
  endfacet
  facet normal 0.000000e+000 7.893097e-002 1.446600e-002
    outer loop
      vertex   -1.166000e+002 3.055104e+002 2.372098e+001
      vertex   -1.188500e+002 3.055431e+002 2.354281e+001
      vertex   -1.188500e+002 3.055104e+002 2.372098e+001
    endloop
  endfacet
  facet normal 0.000000e+000 9.981794e-001 6.031575e-002
    outer loop
      vertex   -1.166000e+002 3.055104e+002 2.372098e+001
      vertex   -1.188500e+002 3.055104e+002 2.372098e+001
      vertex   -1.166000e+002 3.054995e+002 2.390178e+001
    endloop
  endfacet
  facet normal 0.000000e+000 8.009873e-002 4.840027e-003
    outer loop
      vertex   -1.166000e+002 3.054995e+002 2.390178e+001
      vertex   -1.188500e+002 3.055104e+002 2.372098e+001
      vertex   -1.188500e+002 3.054995e+002 2.390178e+001
    endloop
  endfacet
  facet normal 0.000000e+000 9.981794e-001 -6.031575e-002
    outer loop
      vertex   -1.166000e+002 3.054995e+002 2.390178e+001
      vertex   -1.188500e+002 3.054995e+002 2.390178e+001
      vertex   -1.166000e+002 3.055104e+002 2.408259e+001
    endloop
  endfacet
  facet normal 0.000000e+000 8.009873e-002 -4.840027e-003
    outer loop
      vertex   -1.166000e+002 3.055104e+002 2.408259e+001
      vertex   -1.188500e+002 3.054995e+002 2.390178e+001
      vertex   -1.188500e+002 3.055104e+002 2.408259e+001
    endloop
  endfacet
  facet normal 0.000000e+000 9.836165e-001 -1.802734e-001
    outer loop
      vertex   -1.166000e+002 3.055104e+002 2.408259e+001
      vertex   -1.188500e+002 3.055104e+002 2.408259e+001
      vertex   -1.166000e+002 3.055431e+002 2.426076e+001
    endloop
  endfacet
  facet normal 0.000000e+000 7.893012e-002 -1.446600e-002
    outer loop
      vertex   -1.166000e+002 3.055431e+002 2.426076e+001
      vertex   -1.188500e+002 3.055104e+002 2.408259e+001
      vertex   -1.188500e+002 3.055431e+002 2.426076e+001
    endloop
  endfacet
  facet normal 0.000000e+000 9.547127e-001 -2.975290e-001
    outer loop
      vertex   -1.166000e+002 3.055431e+002 2.426076e+001
      vertex   -1.188500e+002 3.055431e+002 2.426076e+001
      vertex   -1.166000e+002 3.055970e+002 2.443369e+001
    endloop
  endfacet
  facet normal 0.000000e+000 7.661235e-002 -2.387566e-002
    outer loop
      vertex   -1.166000e+002 3.055970e+002 2.443369e+001
      vertex   -1.188500e+002 3.055431e+002 2.426076e+001
      vertex   -1.188500e+002 3.055970e+002 2.443369e+001
    endloop
  endfacet
  facet normal 0.000000e+000 9.118978e-001 -4.104172e-001
    outer loop
      vertex   -1.166000e+002 3.055970e+002 2.443369e+001
      vertex   -1.188500e+002 3.055970e+002 2.443369e+001
      vertex   -1.166000e+002 3.056713e+002 2.459887e+001
    endloop
  endfacet
  facet normal 0.000000e+000 7.317499e-002 -3.293382e-002
    outer loop
      vertex   -1.166000e+002 3.056713e+002 2.459887e+001
      vertex   -1.188500e+002 3.055970e+002 2.443369e+001
      vertex   -1.188500e+002 3.056713e+002 2.459887e+001
    endloop
  endfacet
  facet normal 0.000000e+000 8.557534e-001 -5.173838e-001
    outer loop
      vertex   -1.166000e+002 3.056713e+002 2.459887e+001
      vertex   -1.188500e+002 3.056713e+002 2.459887e+001
      vertex   -1.166000e+002 3.057650e+002 2.475388e+001
    endloop
  endfacet
  facet normal 0.000000e+000 6.867209e-002 -4.151877e-002
    outer loop
      vertex   -1.166000e+002 3.057650e+002 2.475388e+001
      vertex   -1.188500e+002 3.056713e+002 2.459887e+001
      vertex   -1.188500e+002 3.057650e+002 2.475388e+001
    endloop
  endfacet
  facet normal 0.000000e+000 7.872263e-001 -6.166642e-001
    outer loop
      vertex   -1.166000e+002 3.057650e+002 2.475388e+001
      vertex   -1.188500e+002 3.057650e+002 2.475388e+001
      vertex   -1.166000e+002 3.058767e+002 2.489647e+001
    endloop
  endfacet
  facet normal 0.000000e+000 6.316795e-002 -4.948185e-002
    outer loop
      vertex   -1.166000e+002 3.058767e+002 2.489647e+001
      vertex   -1.188500e+002 3.057650e+002 2.475388e+001
      vertex   -1.188500e+002 3.058767e+002 2.489647e+001
    endloop
  endfacet
  facet normal 0.000000e+000 7.071068e-001 -7.071068e-001
    outer loop
      vertex   -1.166000e+002 3.058767e+002 2.489647e+001
      vertex   -1.188500e+002 3.058767e+002 2.489647e+001
      vertex   -1.166000e+002 3.060048e+002 2.502455e+001
    endloop
  endfacet
  facet normal 0.000000e+000 5.674188e-002 -5.674188e-002
    outer loop
      vertex   -1.166000e+002 3.060048e+002 2.502455e+001
      vertex   -1.188500e+002 3.058767e+002 2.489647e+001
      vertex   -1.188500e+002 3.060048e+002 2.502455e+001
    endloop
  endfacet
  facet normal 0.000000e+000 6.166602e-001 -7.872294e-001
    outer loop
      vertex   -1.166000e+002 3.060048e+002 2.502455e+001
      vertex   -1.188500e+002 3.060048e+002 2.502455e+001
      vertex   -1.166000e+002 3.061474e+002 2.513626e+001
    endloop
  endfacet
  facet normal 0.000000e+000 4.948857e-002 -6.317718e-002
    outer loop
      vertex   -1.166000e+002 3.061474e+002 2.513626e+001
      vertex   -1.188500e+002 3.060048e+002 2.502455e+001
      vertex   -1.188500e+002 3.061474e+002 2.513626e+001
    endloop
  endfacet
  facet normal 0.000000e+000 5.173702e-001 -8.557617e-001
    outer loop
      vertex   -1.166000e+002 3.061474e+002 2.513626e+001
      vertex   -1.188500e+002 3.061474e+002 2.513626e+001
      vertex   -1.166000e+002 3.063024e+002 2.522997e+001
    endloop
  endfacet
  facet normal 0.000000e+000 4.151373e-002 -6.866622e-002
    outer loop
      vertex   -1.166000e+002 3.063024e+002 2.522997e+001
      vertex   -1.188500e+002 3.061474e+002 2.513626e+001
      vertex   -1.188500e+002 3.063024e+002 2.522997e+001
    endloop
  endfacet
  facet normal 0.000000e+000 4.103857e-001 -9.119120e-001
    outer loop
      vertex   -1.166000e+002 3.063024e+002 2.522997e+001
      vertex   -1.188500e+002 3.063024e+002 2.522997e+001
      vertex   -1.166000e+002 3.064676e+002 2.530431e+001
    endloop
  endfacet
  facet normal 0.000000e+000 3.293380e-002 -7.318171e-002
    outer loop
      vertex   -1.166000e+002 3.064676e+002 2.530431e+001
      vertex   -1.188500e+002 3.063024e+002 2.522997e+001
      vertex   -1.188500e+002 3.064676e+002 2.530431e+001
    endloop
  endfacet
  facet normal 0.000000e+000 2.975362e-001 -9.547105e-001
    outer loop
      vertex   -1.166000e+002 3.064676e+002 2.530431e+001
      vertex   -1.188500e+002 3.064676e+002 2.530431e+001
      vertex   -1.166000e+002 3.066405e+002 2.535820e+001
    endloop
  endfacet
  facet normal 0.000000e+000 2.387315e-002 -7.660227e-002
    outer loop
      vertex   -1.166000e+002 3.066405e+002 2.535820e+001
      vertex   -1.188500e+002 3.064676e+002 2.530431e+001
      vertex   -1.188500e+002 3.066405e+002 2.535820e+001
    endloop
  endfacet
  facet normal 0.000000e+000 1.802586e-001 -9.836193e-001
    outer loop
      vertex   -1.166000e+002 3.066405e+002 2.535820e+001
      vertex   -1.188500e+002 3.066405e+002 2.535820e+001
      vertex   -1.166000e+002 3.068187e+002 2.539085e+001
    endloop
  endfacet
  facet normal 0.000000e+000 1.446432e-002 -7.892761e-002
    outer loop
      vertex   -1.166000e+002 3.068187e+002 2.539085e+001
      vertex   -1.188500e+002 3.066405e+002 2.535820e+001
      vertex   -1.188500e+002 3.068187e+002 2.539085e+001
    endloop
  endfacet
  facet normal 0.000000e+000 6.037489e-002 -9.981758e-001
    outer loop
      vertex   -1.166000e+002 3.068187e+002 2.539085e+001
      vertex   -1.188500e+002 3.068187e+002 2.539085e+001
      vertex   -1.166000e+002 3.069995e+002 2.540178e+001
    endloop
  endfacet
  facet normal 0.000000e+000 4.845095e-003 -8.010376e-002
    outer loop
      vertex   -1.166000e+002 3.069995e+002 2.540178e+001
      vertex   -1.188500e+002 3.068187e+002 2.539085e+001
      vertex   -1.188500e+002 3.069995e+002 2.540178e+001
    endloop
  endfacet
  facet normal -0.000000e+000 -6.037489e-002 -9.981758e-001
    outer loop
      vertex   -1.166000e+002 3.069995e+002 2.540178e+001
      vertex   -1.188500e+002 3.069995e+002 2.540178e+001
      vertex   -1.166000e+002 3.071803e+002 2.539085e+001
    endloop
  endfacet
  facet normal -0.000000e+000 -4.845095e-003 -8.010376e-002
    outer loop
      vertex   -1.166000e+002 3.071803e+002 2.539085e+001
      vertex   -1.188500e+002 3.069995e+002 2.540178e+001
      vertex   -1.188500e+002 3.071803e+002 2.539085e+001
    endloop
  endfacet
  facet normal -0.000000e+000 -1.802586e-001 -9.836193e-001
    outer loop
      vertex   -1.166000e+002 3.071803e+002 2.539085e+001
      vertex   -1.188500e+002 3.071803e+002 2.539085e+001
      vertex   -1.166000e+002 3.073585e+002 2.535820e+001
    endloop
  endfacet
  facet normal -0.000000e+000 -1.446432e-002 -7.892761e-002
    outer loop
      vertex   -1.166000e+002 3.073585e+002 2.535820e+001
      vertex   -1.188500e+002 3.071803e+002 2.539085e+001
      vertex   -1.188500e+002 3.073585e+002 2.535820e+001
    endloop
  endfacet
  facet normal -0.000000e+000 -2.974883e-001 -9.547254e-001
    outer loop
      vertex   -1.166000e+002 3.073585e+002 2.535820e+001
      vertex   -1.188500e+002 3.073585e+002 2.535820e+001
      vertex   -1.166000e+002 3.075314e+002 2.530431e+001
    endloop
  endfacet
  facet normal -0.000000e+000 -2.387312e-002 -7.661571e-002
    outer loop
      vertex   -1.166000e+002 3.075314e+002 2.530431e+001
      vertex   -1.188500e+002 3.073585e+002 2.535820e+001
      vertex   -1.188500e+002 3.075314e+002 2.530431e+001
    endloop
  endfacet
  facet normal -0.000000e+000 -4.104488e-001 -9.118837e-001
    outer loop
      vertex   -1.166000e+002 3.075314e+002 2.530431e+001
      vertex   -1.188500e+002 3.075314e+002 2.530431e+001
      vertex   -1.166000e+002 3.076966e+002 2.522997e+001
    endloop
  endfacet
  facet normal -0.000000e+000 -3.293383e-002 -7.316827e-002
    outer loop
      vertex   -1.166000e+002 3.076966e+002 2.522997e+001
      vertex   -1.188500e+002 3.075314e+002 2.530431e+001
      vertex   -1.188500e+002 3.076966e+002 2.522997e+001
    endloop
  endfacet
  facet normal -0.000000e+000 -5.172956e-001 -8.558068e-001
    outer loop
      vertex   -1.166000e+002 3.076966e+002 2.522997e+001
      vertex   -1.188500e+002 3.076966e+002 2.522997e+001
      vertex   -1.166000e+002 3.078516e+002 2.513626e+001
    endloop
  endfacet
  facet normal -0.000000e+000 -4.151369e-002 -6.867968e-002
    outer loop
      vertex   -1.166000e+002 3.078516e+002 2.513626e+001
      vertex   -1.188500e+002 3.076966e+002 2.522997e+001
      vertex   -1.188500e+002 3.078516e+002 2.513626e+001
    endloop
  endfacet
  facet normal -0.000000e+000 -6.167420e-001 -7.871653e-001
    outer loop
      vertex   -1.166000e+002 3.078516e+002 2.513626e+001
      vertex   -1.188500e+002 3.078516e+002 2.513626e+001
      vertex   -1.166000e+002 3.079942e+002 2.502455e+001
    endloop
  endfacet
  facet normal -0.000000e+000 -4.948861e-002 -6.316372e-002
    outer loop
      vertex   -1.166000e+002 3.079942e+002 2.502455e+001
      vertex   -1.188500e+002 3.078516e+002 2.513626e+001
      vertex   -1.188500e+002 3.079942e+002 2.502455e+001
    endloop
  endfacet
  facet normal -0.000000e+000 -7.071068e-001 -7.071068e-001
    outer loop
      vertex   -1.166000e+002 3.079942e+002 2.502455e+001
      vertex   -1.188500e+002 3.079942e+002 2.502455e+001
      vertex   -1.166000e+002 3.081223e+002 2.489647e+001
    endloop
  endfacet
  facet normal -0.000000e+000 -5.674188e-002 -5.674188e-002
    outer loop
      vertex   -1.166000e+002 3.081223e+002 2.489647e+001
      vertex   -1.188500e+002 3.079942e+002 2.502455e+001
      vertex   -1.188500e+002 3.081223e+002 2.489647e+001
    endloop
  endfacet
  facet normal -0.000000e+000 -7.872263e-001 -6.166642e-001
    outer loop
      vertex   -1.166000e+002 3.081223e+002 2.489647e+001
      vertex   -1.188500e+002 3.081223e+002 2.489647e+001
      vertex   -1.166000e+002 3.082339e+002 2.475388e+001
    endloop
  endfacet
  facet normal -0.000000e+000 -6.316795e-002 -4.948185e-002
    outer loop
      vertex   -1.166000e+002 3.082339e+002 2.475388e+001
      vertex   -1.188500e+002 3.081223e+002 2.489647e+001
      vertex   -1.188500e+002 3.082339e+002 2.475388e+001
    endloop
  endfacet
  facet normal -0.000000e+000 -8.557534e-001 -5.173838e-001
    outer loop
      vertex   -1.166000e+002 3.082339e+002 2.475388e+001
      vertex   -1.188500e+002 3.082339e+002 2.475388e+001
      vertex   -1.166000e+002 3.083277e+002 2.459887e+001
    endloop
  endfacet
  facet normal -0.000000e+000 -6.867209e-002 -4.151877e-002
    outer loop
      vertex   -1.166000e+002 3.083277e+002 2.459887e+001
      vertex   -1.188500e+002 3.082339e+002 2.475388e+001
      vertex   -1.188500e+002 3.083277e+002 2.459887e+001
    endloop
  endfacet
  facet normal -0.000000e+000 -9.118978e-001 -4.104172e-001
    outer loop
      vertex   -1.166000e+002 3.083277e+002 2.459887e+001
      vertex   -1.188500e+002 3.083277e+002 2.459887e+001
      vertex   -1.166000e+002 3.084020e+002 2.443369e+001
    endloop
  endfacet
  facet normal -0.000000e+000 -7.317499e-002 -3.293382e-002
    outer loop
      vertex   -1.166000e+002 3.084020e+002 2.443369e+001
      vertex   -1.188500e+002 3.083277e+002 2.459887e+001
      vertex   -1.188500e+002 3.084020e+002 2.443369e+001
    endloop
  endfacet
  facet normal -0.000000e+000 -9.547127e-001 -2.975290e-001
    outer loop
      vertex   -1.166000e+002 3.084020e+002 2.443369e+001
      vertex   -1.188500e+002 3.084020e+002 2.443369e+001
      vertex   -1.166000e+002 3.084559e+002 2.426076e+001
    endloop
  endfacet
  facet normal -0.000000e+000 -7.661235e-002 -2.387566e-002
    outer loop
      vertex   -1.166000e+002 3.084559e+002 2.426076e+001
      vertex   -1.188500e+002 3.084020e+002 2.443369e+001
      vertex   -1.188500e+002 3.084559e+002 2.426076e+001
    endloop
  endfacet
  facet normal -0.000000e+000 -9.836165e-001 -1.802734e-001
    outer loop
      vertex   -1.166000e+002 3.084559e+002 2.426076e+001
      vertex   -1.188500e+002 3.084559e+002 2.426076e+001
      vertex   -1.166000e+002 3.084886e+002 2.408259e+001
    endloop
  endfacet
  facet normal -0.000000e+000 -7.893012e-002 -1.446600e-002
    outer loop
      vertex   -1.166000e+002 3.084886e+002 2.408259e+001
      vertex   -1.188500e+002 3.084559e+002 2.426076e+001
      vertex   -1.188500e+002 3.084886e+002 2.408259e+001
    endloop
  endfacet
  facet normal 0.000000e+000 -9.981794e-001 6.031575e-002
    outer loop
      vertex   -1.196000e+002 3.084886e+002 2.372098e+001
      vertex   -1.188500e+002 3.084886e+002 2.372098e+001
      vertex   -1.196000e+002 3.084995e+002 2.390178e+001
    endloop
  endfacet
  facet normal 0.000000e+000 -2.343362e-001 1.415994e-002
    outer loop
      vertex   -1.196000e+002 3.084995e+002 2.390178e+001
      vertex   -1.188500e+002 3.084886e+002 2.372098e+001
      vertex   -1.188500e+002 3.084995e+002 2.390178e+001
    endloop
  endfacet
  facet normal 0.000000e+000 -9.981794e-001 -6.031575e-002
    outer loop
      vertex   -1.196000e+002 3.084995e+002 2.390178e+001
      vertex   -1.188500e+002 3.084995e+002 2.390178e+001
      vertex   -1.196000e+002 3.084886e+002 2.408259e+001
    endloop
  endfacet
  facet normal 0.000000e+000 -2.343362e-001 -1.415994e-002
    outer loop
      vertex   -1.196000e+002 3.084886e+002 2.408259e+001
      vertex   -1.188500e+002 3.084995e+002 2.390178e+001
      vertex   -1.188500e+002 3.084886e+002 2.408259e+001
    endloop
  endfacet
  facet normal 0.000000e+000 -9.836165e-001 -1.802734e-001
    outer loop
      vertex   -1.196000e+002 3.084886e+002 2.408259e+001
      vertex   -1.188500e+002 3.084886e+002 2.408259e+001
      vertex   -1.196000e+002 3.084559e+002 2.426076e+001
    endloop
  endfacet
  facet normal 0.000000e+000 -2.309173e-001 -4.232162e-002
    outer loop
      vertex   -1.196000e+002 3.084559e+002 2.426076e+001
      vertex   -1.188500e+002 3.084886e+002 2.408259e+001
      vertex   -1.188500e+002 3.084559e+002 2.426076e+001
    endloop
  endfacet
  facet normal 0.000000e+000 -9.547127e-001 -2.975290e-001
    outer loop
      vertex   -1.196000e+002 3.084559e+002 2.426076e+001
      vertex   -1.188500e+002 3.084559e+002 2.426076e+001
      vertex   -1.196000e+002 3.084020e+002 2.443369e+001
    endloop
  endfacet
  facet normal 0.000000e+000 -2.241362e-001 -6.985037e-002
    outer loop
      vertex   -1.196000e+002 3.084020e+002 2.443369e+001
      vertex   -1.188500e+002 3.084559e+002 2.426076e+001
      vertex   -1.188500e+002 3.084020e+002 2.443369e+001
    endloop
  endfacet
  facet normal 0.000000e+000 -9.118978e-001 -4.104172e-001
    outer loop
      vertex   -1.196000e+002 3.084020e+002 2.443369e+001
      vertex   -1.188500e+002 3.084020e+002 2.443369e+001
      vertex   -1.196000e+002 3.083277e+002 2.459887e+001
    endloop
  endfacet
  facet normal 0.000000e+000 -2.140802e-001 -9.635092e-002
    outer loop
      vertex   -1.196000e+002 3.083277e+002 2.459887e+001
      vertex   -1.188500e+002 3.084020e+002 2.443369e+001
      vertex   -1.188500e+002 3.083277e+002 2.459887e+001
    endloop
  endfacet
  facet normal 0.000000e+000 -8.557534e-001 -5.173838e-001
    outer loop
      vertex   -1.196000e+002 3.083277e+002 2.459887e+001
      vertex   -1.188500e+002 3.083277e+002 2.459887e+001
      vertex   -1.196000e+002 3.082339e+002 2.475388e+001
    endloop
  endfacet
  facet normal 0.000000e+000 -2.009062e-001 -1.214668e-001
    outer loop
      vertex   -1.196000e+002 3.082339e+002 2.475388e+001
      vertex   -1.188500e+002 3.083277e+002 2.459887e+001
      vertex   -1.188500e+002 3.082339e+002 2.475388e+001
    endloop
  endfacet
  facet normal 0.000000e+000 -7.872263e-001 -6.166642e-001
    outer loop
      vertex   -1.196000e+002 3.082339e+002 2.475388e+001
      vertex   -1.188500e+002 3.082339e+002 2.475388e+001
      vertex   -1.196000e+002 3.081223e+002 2.489647e+001
    endloop
  endfacet
  facet normal 0.000000e+000 -1.848041e-001 -1.447640e-001
    outer loop
      vertex   -1.196000e+002 3.081223e+002 2.489647e+001
      vertex   -1.188500e+002 3.082339e+002 2.475388e+001
      vertex   -1.188500e+002 3.081223e+002 2.489647e+001
    endloop
  endfacet
  facet normal 0.000000e+000 -7.071068e-001 -7.071068e-001
    outer loop
      vertex   -1.196000e+002 3.081223e+002 2.489647e+001
      vertex   -1.188500e+002 3.081223e+002 2.489647e+001
      vertex   -1.196000e+002 3.079942e+002 2.502455e+001
    endloop
  endfacet
  facet normal 0.000000e+000 -1.660036e-001 -1.660036e-001
    outer loop
      vertex   -1.196000e+002 3.079942e+002 2.502455e+001
      vertex   -1.188500e+002 3.081223e+002 2.489647e+001
      vertex   -1.188500e+002 3.079942e+002 2.502455e+001
    endloop
  endfacet
  facet normal 0.000000e+000 -6.167420e-001 -7.871653e-001
    outer loop
      vertex   -1.196000e+002 3.079942e+002 2.502455e+001
      vertex   -1.188500e+002 3.079942e+002 2.502455e+001
      vertex   -1.196000e+002 3.078516e+002 2.513626e+001
    endloop
  endfacet
  facet normal 0.000000e+000 -1.447837e-001 -1.847916e-001
    outer loop
      vertex   -1.196000e+002 3.078516e+002 2.513626e+001
      vertex   -1.188500e+002 3.079942e+002 2.502455e+001
      vertex   -1.188500e+002 3.078516e+002 2.513626e+001
    endloop
  endfacet
  facet normal 0.000000e+000 -5.172956e-001 -8.558068e-001
    outer loop
      vertex   -1.196000e+002 3.078516e+002 2.513626e+001
      vertex   -1.188500e+002 3.078516e+002 2.513626e+001
      vertex   -1.196000e+002 3.076966e+002 2.522997e+001
    endloop
  endfacet
  facet normal 0.000000e+000 -1.214516e-001 -2.009279e-001
    outer loop
      vertex   -1.196000e+002 3.076966e+002 2.522997e+001
      vertex   -1.188500e+002 3.078516e+002 2.513626e+001
      vertex   -1.188500e+002 3.076966e+002 2.522997e+001
    endloop
  endfacet
  facet normal 0.000000e+000 -4.104488e-001 -9.118837e-001
    outer loop
      vertex   -1.196000e+002 3.076966e+002 2.522997e+001
      vertex   -1.188500e+002 3.076966e+002 2.522997e+001
      vertex   -1.196000e+002 3.075314e+002 2.530431e+001
    endloop
  endfacet
  facet normal 0.000000e+000 -9.635132e-002 -2.140613e-001
    outer loop
      vertex   -1.196000e+002 3.075314e+002 2.530431e+001
      vertex   -1.188500e+002 3.076966e+002 2.522997e+001
      vertex   -1.188500e+002 3.075314e+002 2.530431e+001
    endloop
  endfacet
  facet normal 0.000000e+000 -2.974883e-001 -9.547254e-001
    outer loop
      vertex   -1.196000e+002 3.075314e+002 2.530431e+001
      vertex   -1.188500e+002 3.075314e+002 2.530431e+001
      vertex   -1.196000e+002 3.073585e+002 2.535820e+001
    endloop
  endfacet
  facet normal 0.000000e+000 -6.984284e-002 -2.241457e-001
    outer loop
      vertex   -1.196000e+002 3.073585e+002 2.535820e+001
      vertex   -1.188500e+002 3.075314e+002 2.530431e+001
      vertex   -1.188500e+002 3.073585e+002 2.535820e+001
    endloop
  endfacet
  facet normal 0.000000e+000 -1.802586e-001 -9.836193e-001
    outer loop
      vertex   -1.196000e+002 3.073585e+002 2.535820e+001
      vertex   -1.188500e+002 3.073585e+002 2.535820e+001
      vertex   -1.196000e+002 3.071803e+002 2.539085e+001
    endloop
  endfacet
  facet normal 0.000000e+000 -4.231676e-002 -2.309104e-001
    outer loop
      vertex   -1.196000e+002 3.071803e+002 2.539085e+001
      vertex   -1.188500e+002 3.073585e+002 2.535820e+001
      vertex   -1.188500e+002 3.071803e+002 2.539085e+001
    endloop
  endfacet
  facet normal 0.000000e+000 -6.037489e-002 -9.981758e-001
    outer loop
      vertex   -1.196000e+002 3.071803e+002 2.539085e+001
      vertex   -1.188500e+002 3.071803e+002 2.539085e+001
      vertex   -1.196000e+002 3.069995e+002 2.540178e+001
    endloop
  endfacet
  facet normal 0.000000e+000 -1.417472e-002 -2.343502e-001
    outer loop
      vertex   -1.196000e+002 3.069995e+002 2.540178e+001
      vertex   -1.188500e+002 3.071803e+002 2.539085e+001
      vertex   -1.188500e+002 3.069995e+002 2.540178e+001
    endloop
  endfacet
  facet normal 0.000000e+000 6.037489e-002 -9.981758e-001
    outer loop
      vertex   -1.196000e+002 3.069995e+002 2.540178e+001
      vertex   -1.188500e+002 3.069995e+002 2.540178e+001
      vertex   -1.196000e+002 3.068187e+002 2.539085e+001
    endloop
  endfacet
  facet normal 0.000000e+000 1.417472e-002 -2.343502e-001
    outer loop
      vertex   -1.196000e+002 3.068187e+002 2.539085e+001
      vertex   -1.188500e+002 3.069995e+002 2.540178e+001
      vertex   -1.188500e+002 3.068187e+002 2.539085e+001
    endloop
  endfacet
  facet normal 0.000000e+000 1.802586e-001 -9.836193e-001
    outer loop
      vertex   -1.196000e+002 3.068187e+002 2.539085e+001
      vertex   -1.188500e+002 3.068187e+002 2.539085e+001
      vertex   -1.196000e+002 3.066405e+002 2.535820e+001
    endloop
  endfacet
  facet normal 0.000000e+000 4.231676e-002 -2.309104e-001
    outer loop
      vertex   -1.196000e+002 3.066405e+002 2.535820e+001
      vertex   -1.188500e+002 3.068187e+002 2.539085e+001
      vertex   -1.188500e+002 3.066405e+002 2.535820e+001
    endloop
  endfacet
  facet normal 0.000000e+000 2.975362e-001 -9.547105e-001
    outer loop
      vertex   -1.196000e+002 3.066405e+002 2.535820e+001
      vertex   -1.188500e+002 3.066405e+002 2.535820e+001
      vertex   -1.196000e+002 3.064676e+002 2.530431e+001
    endloop
  endfacet
  facet normal 0.000000e+000 6.984346e-002 -2.241082e-001
    outer loop
      vertex   -1.196000e+002 3.064676e+002 2.530431e+001
      vertex   -1.188500e+002 3.066405e+002 2.535820e+001
      vertex   -1.188500e+002 3.064676e+002 2.530431e+001
    endloop
  endfacet
  facet normal 0.000000e+000 4.103857e-001 -9.119120e-001
    outer loop
      vertex   -1.196000e+002 3.064676e+002 2.530431e+001
      vertex   -1.188500e+002 3.064676e+002 2.530431e+001
      vertex   -1.196000e+002 3.063024e+002 2.522997e+001
    endloop
  endfacet
  facet normal 0.000000e+000 9.635051e-002 -2.140990e-001
    outer loop
      vertex   -1.196000e+002 3.063024e+002 2.522997e+001
      vertex   -1.188500e+002 3.064676e+002 2.530431e+001
      vertex   -1.188500e+002 3.063024e+002 2.522997e+001
    endloop
  endfacet
  facet normal 0.000000e+000 5.173702e-001 -8.557617e-001
    outer loop
      vertex   -1.196000e+002 3.063024e+002 2.522997e+001
      vertex   -1.188500e+002 3.063024e+002 2.522997e+001
      vertex   -1.196000e+002 3.061474e+002 2.513626e+001
    endloop
  endfacet
  facet normal 0.000000e+000 1.214526e-001 -2.008899e-001
    outer loop
      vertex   -1.196000e+002 3.061474e+002 2.513626e+001
      vertex   -1.188500e+002 3.063024e+002 2.522997e+001
      vertex   -1.188500e+002 3.061474e+002 2.513626e+001
    endloop
  endfacet
  facet normal 0.000000e+000 6.166602e-001 -7.872294e-001
    outer loop
      vertex   -1.196000e+002 3.061474e+002 2.513626e+001
      vertex   -1.188500e+002 3.061474e+002 2.513626e+001
      vertex   -1.196000e+002 3.060048e+002 2.502455e+001
    endloop
  endfacet
  facet normal 0.000000e+000 1.447827e-001 -1.848298e-001
    outer loop
      vertex   -1.196000e+002 3.060048e+002 2.502455e+001
      vertex   -1.188500e+002 3.061474e+002 2.513626e+001
      vertex   -1.188500e+002 3.060048e+002 2.502455e+001
    endloop
  endfacet
  facet normal 0.000000e+000 7.071068e-001 -7.071068e-001
    outer loop
      vertex   -1.196000e+002 3.060048e+002 2.502455e+001
      vertex   -1.188500e+002 3.060048e+002 2.502455e+001
      vertex   -1.196000e+002 3.058767e+002 2.489647e+001
    endloop
  endfacet
  facet normal 0.000000e+000 1.660036e-001 -1.660036e-001
    outer loop
      vertex   -1.196000e+002 3.058767e+002 2.489647e+001
      vertex   -1.188500e+002 3.060048e+002 2.502455e+001
      vertex   -1.188500e+002 3.058767e+002 2.489647e+001
    endloop
  endfacet
  facet normal 0.000000e+000 7.872263e-001 -6.166642e-001
    outer loop
      vertex   -1.196000e+002 3.058767e+002 2.489647e+001
      vertex   -1.188500e+002 3.058767e+002 2.489647e+001
      vertex   -1.196000e+002 3.057650e+002 2.475388e+001
    endloop
  endfacet
  facet normal 0.000000e+000 1.848041e-001 -1.447640e-001
    outer loop
      vertex   -1.196000e+002 3.057650e+002 2.475388e+001
      vertex   -1.188500e+002 3.058767e+002 2.489647e+001
      vertex   -1.188500e+002 3.057650e+002 2.475388e+001
    endloop
  endfacet
  facet normal 0.000000e+000 8.557534e-001 -5.173838e-001
    outer loop
      vertex   -1.196000e+002 3.057650e+002 2.475388e+001
      vertex   -1.188500e+002 3.057650e+002 2.475388e+001
      vertex   -1.196000e+002 3.056713e+002 2.459887e+001
    endloop
  endfacet
  facet normal 0.000000e+000 2.009062e-001 -1.214668e-001
    outer loop
      vertex   -1.196000e+002 3.056713e+002 2.459887e+001
      vertex   -1.188500e+002 3.057650e+002 2.475388e+001
      vertex   -1.188500e+002 3.056713e+002 2.459887e+001
    endloop
  endfacet
  facet normal 0.000000e+000 9.118978e-001 -4.104172e-001
    outer loop
      vertex   -1.196000e+002 3.056713e+002 2.459887e+001
      vertex   -1.188500e+002 3.056713e+002 2.459887e+001
      vertex   -1.196000e+002 3.055970e+002 2.443369e+001
    endloop
  endfacet
  facet normal 0.000000e+000 2.140802e-001 -9.635092e-002
    outer loop
      vertex   -1.196000e+002 3.055970e+002 2.443369e+001
      vertex   -1.188500e+002 3.056713e+002 2.459887e+001
      vertex   -1.188500e+002 3.055970e+002 2.443369e+001
    endloop
  endfacet
  facet normal 0.000000e+000 9.547127e-001 -2.975290e-001
    outer loop
      vertex   -1.196000e+002 3.055970e+002 2.443369e+001
      vertex   -1.188500e+002 3.055970e+002 2.443369e+001
      vertex   -1.196000e+002 3.055431e+002 2.426076e+001
    endloop
  endfacet
  facet normal 0.000000e+000 2.241362e-001 -6.985037e-002
    outer loop
      vertex   -1.196000e+002 3.055431e+002 2.426076e+001
      vertex   -1.188500e+002 3.055970e+002 2.443369e+001
      vertex   -1.188500e+002 3.055431e+002 2.426076e+001
    endloop
  endfacet
  facet normal 0.000000e+000 9.836165e-001 -1.802734e-001
    outer loop
      vertex   -1.196000e+002 3.055431e+002 2.426076e+001
      vertex   -1.188500e+002 3.055431e+002 2.426076e+001
      vertex   -1.196000e+002 3.055104e+002 2.408259e+001
    endloop
  endfacet
  facet normal 0.000000e+000 2.309173e-001 -4.232162e-002
    outer loop
      vertex   -1.196000e+002 3.055104e+002 2.408259e+001
      vertex   -1.188500e+002 3.055431e+002 2.426076e+001
      vertex   -1.188500e+002 3.055104e+002 2.408259e+001
    endloop
  endfacet
  facet normal 0.000000e+000 9.981794e-001 -6.031575e-002
    outer loop
      vertex   -1.196000e+002 3.055104e+002 2.408259e+001
      vertex   -1.188500e+002 3.055104e+002 2.408259e+001
      vertex   -1.196000e+002 3.054995e+002 2.390178e+001
    endloop
  endfacet
  facet normal 0.000000e+000 2.343362e-001 -1.415994e-002
    outer loop
      vertex   -1.196000e+002 3.054995e+002 2.390178e+001
      vertex   -1.188500e+002 3.055104e+002 2.408259e+001
      vertex   -1.188500e+002 3.054995e+002 2.390178e+001
    endloop
  endfacet
  facet normal -0.000000e+000 9.981794e-001 6.031575e-002
    outer loop
      vertex   -1.196000e+002 3.054995e+002 2.390178e+001
      vertex   -1.188500e+002 3.054995e+002 2.390178e+001
      vertex   -1.196000e+002 3.055104e+002 2.372098e+001
    endloop
  endfacet
  facet normal -0.000000e+000 2.343362e-001 1.415994e-002
    outer loop
      vertex   -1.196000e+002 3.055104e+002 2.372098e+001
      vertex   -1.188500e+002 3.054995e+002 2.390178e+001
      vertex   -1.188500e+002 3.055104e+002 2.372098e+001
    endloop
  endfacet
  facet normal -0.000000e+000 9.836169e-001 1.802715e-001
    outer loop
      vertex   -1.196000e+002 3.055104e+002 2.372098e+001
      vertex   -1.188500e+002 3.055104e+002 2.372098e+001
      vertex   -1.196000e+002 3.055431e+002 2.354281e+001
    endloop
  endfacet
  facet normal -0.000000e+000 2.309197e-001 4.232160e-002
    outer loop
      vertex   -1.196000e+002 3.055431e+002 2.354281e+001
      vertex   -1.188500e+002 3.055104e+002 2.372098e+001
      vertex   -1.188500e+002 3.055431e+002 2.354281e+001
    endloop
  endfacet
  facet normal -0.000000e+000 9.547119e-001 2.975321e-001
    outer loop
      vertex   -1.196000e+002 3.055431e+002 2.354281e+001
      vertex   -1.188500e+002 3.055431e+002 2.354281e+001
      vertex   -1.196000e+002 3.055970e+002 2.336987e+001
    endloop
  endfacet
  facet normal -0.000000e+000 2.241339e-001 6.985041e-002
    outer loop
      vertex   -1.196000e+002 3.055970e+002 2.336987e+001
      vertex   -1.188500e+002 3.055431e+002 2.354281e+001
      vertex   -1.188500e+002 3.055970e+002 2.336987e+001
    endloop
  endfacet
  facet normal -0.000000e+000 9.118978e-001 4.104172e-001
    outer loop
      vertex   -1.196000e+002 3.055970e+002 2.336987e+001
      vertex   -1.188500e+002 3.055970e+002 2.336987e+001
      vertex   -1.196000e+002 3.056713e+002 2.320470e+001
    endloop
  endfacet
  facet normal -0.000000e+000 2.140802e-001 9.635092e-002
    outer loop
      vertex   -1.196000e+002 3.056713e+002 2.320470e+001
      vertex   -1.188500e+002 3.055970e+002 2.336987e+001
      vertex   -1.188500e+002 3.056713e+002 2.320470e+001
    endloop
  endfacet
  facet normal -0.000000e+000 8.557534e-001 5.173838e-001
    outer loop
      vertex   -1.196000e+002 3.056713e+002 2.320470e+001
      vertex   -1.188500e+002 3.056713e+002 2.320470e+001
      vertex   -1.196000e+002 3.057650e+002 2.304969e+001
    endloop
  endfacet
  facet normal -0.000000e+000 2.009062e-001 1.214668e-001
    outer loop
      vertex   -1.196000e+002 3.057650e+002 2.304969e+001
      vertex   -1.188500e+002 3.056713e+002 2.320470e+001
      vertex   -1.188500e+002 3.057650e+002 2.304969e+001
    endloop
  endfacet
  facet normal -0.000000e+000 7.872263e-001 6.166642e-001
    outer loop
      vertex   -1.196000e+002 3.057650e+002 2.304969e+001
      vertex   -1.188500e+002 3.057650e+002 2.304969e+001
      vertex   -1.196000e+002 3.058767e+002 2.290710e+001
    endloop
  endfacet
  facet normal -0.000000e+000 1.848041e-001 1.447640e-001
    outer loop
      vertex   -1.196000e+002 3.058767e+002 2.290710e+001
      vertex   -1.188500e+002 3.057650e+002 2.304969e+001
      vertex   -1.188500e+002 3.058767e+002 2.290710e+001
    endloop
  endfacet
  facet normal -0.000000e+000 7.071068e-001 7.071068e-001
    outer loop
      vertex   -1.196000e+002 3.058767e+002 2.290710e+001
      vertex   -1.188500e+002 3.058767e+002 2.290710e+001
      vertex   -1.196000e+002 3.060048e+002 2.277902e+001
    endloop
  endfacet
  facet normal -0.000000e+000 1.660036e-001 1.660036e-001
    outer loop
      vertex   -1.196000e+002 3.060048e+002 2.277902e+001
      vertex   -1.188500e+002 3.058767e+002 2.290710e+001
      vertex   -1.188500e+002 3.060048e+002 2.277902e+001
    endloop
  endfacet
  facet normal -0.000000e+000 6.166602e-001 7.872294e-001
    outer loop
      vertex   -1.196000e+002 3.060048e+002 2.277902e+001
      vertex   -1.188500e+002 3.060048e+002 2.277902e+001
      vertex   -1.196000e+002 3.061474e+002 2.266731e+001
    endloop
  endfacet
  facet normal -0.000000e+000 1.447827e-001 1.848298e-001
    outer loop
      vertex   -1.196000e+002 3.061474e+002 2.266731e+001
      vertex   -1.188500e+002 3.060048e+002 2.277902e+001
      vertex   -1.188500e+002 3.061474e+002 2.266731e+001
    endloop
  endfacet
  facet normal -0.000000e+000 5.173702e-001 8.557617e-001
    outer loop
      vertex   -1.196000e+002 3.061474e+002 2.266731e+001
      vertex   -1.188500e+002 3.061474e+002 2.266731e+001
      vertex   -1.196000e+002 3.063024e+002 2.257360e+001
    endloop
  endfacet
  facet normal -0.000000e+000 1.214526e-001 2.008899e-001
    outer loop
      vertex   -1.196000e+002 3.063024e+002 2.257360e+001
      vertex   -1.188500e+002 3.061474e+002 2.266731e+001
      vertex   -1.188500e+002 3.063024e+002 2.257360e+001
    endloop
  endfacet
  facet normal -0.000000e+000 4.103857e-001 9.119120e-001
    outer loop
      vertex   -1.196000e+002 3.063024e+002 2.257360e+001
      vertex   -1.188500e+002 3.063024e+002 2.257360e+001
      vertex   -1.196000e+002 3.064676e+002 2.249926e+001
    endloop
  endfacet
  facet normal -0.000000e+000 9.635051e-002 2.140990e-001
    outer loop
      vertex   -1.196000e+002 3.064676e+002 2.249926e+001
      vertex   -1.188500e+002 3.063024e+002 2.257360e+001
      vertex   -1.188500e+002 3.064676e+002 2.249926e+001
    endloop
  endfacet
  facet normal -0.000000e+000 2.975362e-001 9.547105e-001
    outer loop
      vertex   -1.196000e+002 3.064676e+002 2.249926e+001
      vertex   -1.188500e+002 3.064676e+002 2.249926e+001
      vertex   -1.196000e+002 3.066405e+002 2.244537e+001
    endloop
  endfacet
  facet normal -0.000000e+000 6.984346e-002 2.241082e-001
    outer loop
      vertex   -1.196000e+002 3.066405e+002 2.244537e+001
      vertex   -1.188500e+002 3.064676e+002 2.249926e+001
      vertex   -1.188500e+002 3.066405e+002 2.244537e+001
    endloop
  endfacet
  facet normal -0.000000e+000 1.802586e-001 9.836193e-001
    outer loop
      vertex   -1.196000e+002 3.066405e+002 2.244537e+001
      vertex   -1.188500e+002 3.066405e+002 2.244537e+001
      vertex   -1.196000e+002 3.068187e+002 2.241272e+001
    endloop
  endfacet
  facet normal -0.000000e+000 4.231676e-002 2.309104e-001
    outer loop
      vertex   -1.196000e+002 3.068187e+002 2.241272e+001
      vertex   -1.188500e+002 3.066405e+002 2.244537e+001
      vertex   -1.188500e+002 3.068187e+002 2.241272e+001
    endloop
  endfacet
  facet normal -0.000000e+000 6.037489e-002 9.981758e-001
    outer loop
      vertex   -1.196000e+002 3.068187e+002 2.241272e+001
      vertex   -1.188500e+002 3.068187e+002 2.241272e+001
      vertex   -1.196000e+002 3.069995e+002 2.240178e+001
    endloop
  endfacet
  facet normal -0.000000e+000 1.417472e-002 2.343502e-001
    outer loop
      vertex   -1.196000e+002 3.069995e+002 2.240178e+001
      vertex   -1.188500e+002 3.068187e+002 2.241272e+001
      vertex   -1.188500e+002 3.069995e+002 2.240178e+001
    endloop
  endfacet
  facet normal 0.000000e+000 -6.037489e-002 9.981758e-001
    outer loop
      vertex   -1.196000e+002 3.069995e+002 2.240178e+001
      vertex   -1.188500e+002 3.069995e+002 2.240178e+001
      vertex   -1.196000e+002 3.071803e+002 2.241272e+001
    endloop
  endfacet
  facet normal 0.000000e+000 -1.417472e-002 2.343502e-001
    outer loop
      vertex   -1.196000e+002 3.071803e+002 2.241272e+001
      vertex   -1.188500e+002 3.069995e+002 2.240178e+001
      vertex   -1.188500e+002 3.071803e+002 2.241272e+001
    endloop
  endfacet
  facet normal 0.000000e+000 -1.802586e-001 9.836193e-001
    outer loop
      vertex   -1.196000e+002 3.071803e+002 2.241272e+001
      vertex   -1.188500e+002 3.071803e+002 2.241272e+001
      vertex   -1.196000e+002 3.073585e+002 2.244537e+001
    endloop
  endfacet
  facet normal 0.000000e+000 -4.231676e-002 2.309104e-001
    outer loop
      vertex   -1.196000e+002 3.073585e+002 2.244537e+001
      vertex   -1.188500e+002 3.071803e+002 2.241272e+001
      vertex   -1.188500e+002 3.073585e+002 2.244537e+001
    endloop
  endfacet
  facet normal 0.000000e+000 -2.974883e-001 9.547254e-001
    outer loop
      vertex   -1.196000e+002 3.073585e+002 2.244537e+001
      vertex   -1.188500e+002 3.073585e+002 2.244537e+001
      vertex   -1.196000e+002 3.075314e+002 2.249926e+001
    endloop
  endfacet
  facet normal 0.000000e+000 -6.984284e-002 2.241457e-001
    outer loop
      vertex   -1.196000e+002 3.075314e+002 2.249926e+001
      vertex   -1.188500e+002 3.073585e+002 2.244537e+001
      vertex   -1.188500e+002 3.075314e+002 2.249926e+001
    endloop
  endfacet
  facet normal 0.000000e+000 -4.104488e-001 9.118837e-001
    outer loop
      vertex   -1.196000e+002 3.075314e+002 2.249926e+001
      vertex   -1.188500e+002 3.075314e+002 2.249926e+001
      vertex   -1.196000e+002 3.076966e+002 2.257360e+001
    endloop
  endfacet
  facet normal 0.000000e+000 -9.635132e-002 2.140613e-001
    outer loop
      vertex   -1.196000e+002 3.076966e+002 2.257360e+001
      vertex   -1.188500e+002 3.075314e+002 2.249926e+001
      vertex   -1.188500e+002 3.076966e+002 2.257360e+001
    endloop
  endfacet
  facet normal 0.000000e+000 -5.172956e-001 8.558068e-001
    outer loop
      vertex   -1.196000e+002 3.076966e+002 2.257360e+001
      vertex   -1.188500e+002 3.076966e+002 2.257360e+001
      vertex   -1.196000e+002 3.078516e+002 2.266731e+001
    endloop
  endfacet
  facet normal 0.000000e+000 -1.214516e-001 2.009279e-001
    outer loop
      vertex   -1.196000e+002 3.078516e+002 2.266731e+001
      vertex   -1.188500e+002 3.076966e+002 2.257360e+001
      vertex   -1.188500e+002 3.078516e+002 2.266731e+001
    endloop
  endfacet
  facet normal 0.000000e+000 -6.167420e-001 7.871653e-001
    outer loop
      vertex   -1.196000e+002 3.078516e+002 2.266731e+001
      vertex   -1.188500e+002 3.078516e+002 2.266731e+001
      vertex   -1.196000e+002 3.079942e+002 2.277902e+001
    endloop
  endfacet
  facet normal 0.000000e+000 -1.447837e-001 1.847916e-001
    outer loop
      vertex   -1.196000e+002 3.079942e+002 2.277902e+001
      vertex   -1.188500e+002 3.078516e+002 2.266731e+001
      vertex   -1.188500e+002 3.079942e+002 2.277902e+001
    endloop
  endfacet
  facet normal 0.000000e+000 -7.071068e-001 7.071068e-001
    outer loop
      vertex   -1.196000e+002 3.079942e+002 2.277902e+001
      vertex   -1.188500e+002 3.079942e+002 2.277902e+001
      vertex   -1.196000e+002 3.081223e+002 2.290710e+001
    endloop
  endfacet
  facet normal 0.000000e+000 -1.660036e-001 1.660036e-001
    outer loop
      vertex   -1.196000e+002 3.081223e+002 2.290710e+001
      vertex   -1.188500e+002 3.079942e+002 2.277902e+001
      vertex   -1.188500e+002 3.081223e+002 2.290710e+001
    endloop
  endfacet
  facet normal 0.000000e+000 -7.872263e-001 6.166642e-001
    outer loop
      vertex   -1.196000e+002 3.081223e+002 2.290710e+001
      vertex   -1.188500e+002 3.081223e+002 2.290710e+001
      vertex   -1.196000e+002 3.082339e+002 2.304969e+001
    endloop
  endfacet
  facet normal 0.000000e+000 -1.848041e-001 1.447640e-001
    outer loop
      vertex   -1.196000e+002 3.082339e+002 2.304969e+001
      vertex   -1.188500e+002 3.081223e+002 2.290710e+001
      vertex   -1.188500e+002 3.082339e+002 2.304969e+001
    endloop
  endfacet
  facet normal 0.000000e+000 -8.557534e-001 5.173838e-001
    outer loop
      vertex   -1.196000e+002 3.082339e+002 2.304969e+001
      vertex   -1.188500e+002 3.082339e+002 2.304969e+001
      vertex   -1.196000e+002 3.083277e+002 2.320470e+001
    endloop
  endfacet
  facet normal 0.000000e+000 -2.009062e-001 1.214668e-001
    outer loop
      vertex   -1.196000e+002 3.083277e+002 2.320470e+001
      vertex   -1.188500e+002 3.082339e+002 2.304969e+001
      vertex   -1.188500e+002 3.083277e+002 2.320470e+001
    endloop
  endfacet
  facet normal 0.000000e+000 -9.118978e-001 4.104172e-001
    outer loop
      vertex   -1.196000e+002 3.083277e+002 2.320470e+001
      vertex   -1.188500e+002 3.083277e+002 2.320470e+001
      vertex   -1.196000e+002 3.084020e+002 2.336987e+001
    endloop
  endfacet
  facet normal 0.000000e+000 -2.140802e-001 9.635092e-002
    outer loop
      vertex   -1.196000e+002 3.084020e+002 2.336987e+001
      vertex   -1.188500e+002 3.083277e+002 2.320470e+001
      vertex   -1.188500e+002 3.084020e+002 2.336987e+001
    endloop
  endfacet
  facet normal 0.000000e+000 -9.547119e-001 2.975321e-001
    outer loop
      vertex   -1.196000e+002 3.084020e+002 2.336987e+001
      vertex   -1.188500e+002 3.084020e+002 2.336987e+001
      vertex   -1.196000e+002 3.084559e+002 2.354281e+001
    endloop
  endfacet
  facet normal 0.000000e+000 -2.241339e-001 6.985041e-002
    outer loop
      vertex   -1.196000e+002 3.084559e+002 2.354281e+001
      vertex   -1.188500e+002 3.084020e+002 2.336987e+001
      vertex   -1.188500e+002 3.084559e+002 2.354281e+001
    endloop
  endfacet
  facet normal 0.000000e+000 -9.836169e-001 1.802715e-001
    outer loop
      vertex   -1.196000e+002 3.084559e+002 2.354281e+001
      vertex   -1.188500e+002 3.084559e+002 2.354281e+001
      vertex   -1.196000e+002 3.084886e+002 2.372098e+001
    endloop
  endfacet
  facet normal 0.000000e+000 -2.309197e-001 4.232160e-002
    outer loop
      vertex   -1.196000e+002 3.084886e+002 2.372098e+001
      vertex   -1.188500e+002 3.084559e+002 2.354281e+001
      vertex   -1.188500e+002 3.084886e+002 2.372098e+001
    endloop
  endfacet
  facet normal 7.071068e-001 -0.000000e+000 7.071068e-001
    outer loop
      vertex   -1.186000e+002 3.654995e+002 3.790178e+001
      vertex   -1.166000e+002 3.654995e+002 3.590178e+001
      vertex   -1.186000e+002 3.729995e+002 3.790178e+001
    endloop
  endfacet
  facet normal 6.616216e-001 0.000000e+000 6.616216e-001
    outer loop
      vertex   -1.186000e+002 3.729995e+002 3.790178e+001
      vertex   -1.166000e+002 3.654995e+002 3.590178e+001
      vertex   -1.166000e+002 3.729995e+002 3.590178e+001
    endloop
  endfacet
  facet normal 2.664277e-001 -0.000000e+000 0.000000e+000
    outer loop
      vertex   -1.166000e+002 3.704886e+002 2.372098e+001
      vertex   -1.166000e+002 3.729995e+002 1.190178e+001
      vertex   -1.166000e+002 3.704995e+002 2.390178e+001
    endloop
  endfacet
  facet normal 3.993344e-001 -0.000000e+000 0.000000e+000
    outer loop
      vertex   -1.166000e+002 3.704995e+002 2.390178e+001
      vertex   -1.166000e+002 3.729995e+002 1.190178e+001
      vertex   -1.166000e+002 3.729995e+002 3.590178e+001
    endloop
  endfacet
  facet normal 2.626309e-001 0.000000e+000 -0.000000e+000
    outer loop
      vertex   -1.166000e+002 3.704995e+002 2.390178e+001
      vertex   -1.166000e+002 3.729995e+002 3.590178e+001
      vertex   -1.166000e+002 3.704886e+002 2.408259e+001
    endloop
  endfacet
  facet normal 3.807404e-001 0.000000e+000 -0.000000e+000
    outer loop
      vertex   -1.166000e+002 3.704886e+002 2.408259e+001
      vertex   -1.166000e+002 3.729995e+002 3.590178e+001
      vertex   -1.166000e+002 3.704559e+002 2.426076e+001
    endloop
  endfacet
  facet normal 4.944689e-001 0.000000e+000 -0.000000e+000
    outer loop
      vertex   -1.166000e+002 3.704559e+002 2.426076e+001
      vertex   -1.166000e+002 3.729995e+002 3.590178e+001
      vertex   -1.166000e+002 3.704020e+002 2.443369e+001
    endloop
  endfacet
  facet normal 6.017171e-001 0.000000e+000 -0.000000e+000
    outer loop
      vertex   -1.166000e+002 3.704020e+002 2.443369e+001
      vertex   -1.166000e+002 3.729995e+002 3.590178e+001
      vertex   -1.166000e+002 3.703277e+002 2.459887e+001
    endloop
  endfacet
  facet normal 7.003680e-001 0.000000e+000 -0.000000e+000
    outer loop
      vertex   -1.166000e+002 3.703277e+002 2.459887e+001
      vertex   -1.166000e+002 3.729995e+002 3.590178e+001
      vertex   -1.166000e+002 3.702339e+002 2.475388e+001
    endloop
  endfacet
  facet normal 7.880690e-001 0.000000e+000 -0.000000e+000
    outer loop
      vertex   -1.166000e+002 3.702339e+002 2.475388e+001
      vertex   -1.166000e+002 3.729995e+002 3.590178e+001
      vertex   -1.166000e+002 3.701223e+002 2.489647e+001
    endloop
  endfacet
  facet normal 8.629678e-001 0.000000e+000 -0.000000e+000
    outer loop
      vertex   -1.166000e+002 3.701223e+002 2.489647e+001
      vertex   -1.166000e+002 3.729995e+002 3.590178e+001
      vertex   -1.166000e+002 3.699942e+002 2.502455e+001
    endloop
  endfacet
  facet normal 9.229856e-001 0.000000e+000 -0.000000e+000
    outer loop
      vertex   -1.166000e+002 3.699942e+002 2.502455e+001
      vertex   -1.166000e+002 3.729995e+002 3.590178e+001
      vertex   -1.166000e+002 3.698516e+002 2.513626e+001
    endloop
  endfacet
  facet normal 9.665918e-001 0.000000e+000 -0.000000e+000
    outer loop
      vertex   -1.166000e+002 3.698516e+002 2.513626e+001
      vertex   -1.166000e+002 3.729995e+002 3.590178e+001
      vertex   -1.166000e+002 3.696966e+002 2.522997e+001
    endloop
  endfacet
  facet normal 9.924698e-001 0.000000e+000 -0.000000e+000
    outer loop
      vertex   -1.166000e+002 3.696966e+002 2.522997e+001
      vertex   -1.166000e+002 3.729995e+002 3.590178e+001
      vertex   -1.166000e+002 3.695314e+002 2.530431e+001
    endloop
  endfacet
  facet normal 9.998990e-001 0.000000e+000 -0.000000e+000
    outer loop
      vertex   -1.166000e+002 3.695314e+002 2.530431e+001
      vertex   -1.166000e+002 3.729995e+002 3.590178e+001
      vertex   -1.166000e+002 3.693585e+002 2.535820e+001
    endloop
  endfacet
  facet normal 9.885821e-001 0.000000e+000 -0.000000e+000
    outer loop
      vertex   -1.166000e+002 3.693585e+002 2.535820e+001
      vertex   -1.166000e+002 3.729995e+002 3.590178e+001
      vertex   -1.166000e+002 3.691803e+002 2.539085e+001
    endloop
  endfacet
  facet normal 6.329551e-001 0.000000e+000 -0.000000e+000
    outer loop
      vertex   -1.166000e+002 3.691803e+002 2.539085e+001
      vertex   -1.166000e+002 3.729995e+002 3.590178e+001
      vertex   -1.166000e+002 3.654995e+002 3.590178e+001
    endloop
  endfacet
  facet normal 9.221265e-001 0.000000e+000 0.000000e+000
    outer loop
      vertex   -1.166000e+002 3.691803e+002 2.539085e+001
      vertex   -1.166000e+002 3.654995e+002 3.590178e+001
      vertex   -1.166000e+002 3.689995e+002 2.540178e+001
    endloop
  endfacet
  facet normal 9.660449e-001 0.000000e+000 0.000000e+000
    outer loop
      vertex   -1.166000e+002 3.689995e+002 2.540178e+001
      vertex   -1.166000e+002 3.654995e+002 3.590178e+001
      vertex   -1.166000e+002 3.688187e+002 2.539085e+001
    endloop
  endfacet
  facet normal 9.922444e-001 0.000000e+000 0.000000e+000
    outer loop
      vertex   -1.166000e+002 3.688187e+002 2.539085e+001
      vertex   -1.166000e+002 3.654995e+002 3.590178e+001
      vertex   -1.166000e+002 3.686405e+002 2.535820e+001
    endloop
  endfacet
  facet normal 9.999210e-001 0.000000e+000 0.000000e+000
    outer loop
      vertex   -1.166000e+002 3.686405e+002 2.535820e+001
      vertex   -1.166000e+002 3.654995e+002 3.590178e+001
      vertex   -1.166000e+002 3.684676e+002 2.530431e+001
    endloop
  endfacet
  facet normal 9.888014e-001 0.000000e+000 0.000000e+000
    outer loop
      vertex   -1.166000e+002 3.684676e+002 2.530431e+001
      vertex   -1.166000e+002 3.654995e+002 3.590178e+001
      vertex   -1.166000e+002 3.683024e+002 2.522997e+001
    endloop
  endfacet
  facet normal 9.591174e-001 0.000000e+000 0.000000e+000
    outer loop
      vertex   -1.166000e+002 3.683024e+002 2.522997e+001
      vertex   -1.166000e+002 3.654995e+002 3.590178e+001
      vertex   -1.166000e+002 3.681474e+002 2.513626e+001
    endloop
  endfacet
  facet normal 9.117311e-001 0.000000e+000 0.000000e+000
    outer loop
      vertex   -1.166000e+002 3.681474e+002 2.513626e+001
      vertex   -1.166000e+002 3.654995e+002 3.590178e+001
      vertex   -1.166000e+002 3.680048e+002 2.502455e+001
    endloop
  endfacet
  facet normal 8.477752e-001 0.000000e+000 0.000000e+000
    outer loop
      vertex   -1.166000e+002 3.680048e+002 2.502455e+001
      vertex   -1.166000e+002 3.654995e+002 3.590178e+001
      vertex   -1.166000e+002 3.678767e+002 2.489647e+001
    endloop
  endfacet
  facet normal 7.689755e-001 0.000000e+000 0.000000e+000
    outer loop
      vertex   -1.166000e+002 3.678767e+002 2.489647e+001
      vertex   -1.166000e+002 3.654995e+002 3.590178e+001
      vertex   -1.166000e+002 3.677650e+002 2.475388e+001
    endloop
  endfacet
  facet normal 6.774465e-001 0.000000e+000 0.000000e+000
    outer loop
      vertex   -1.166000e+002 3.677650e+002 2.475388e+001
      vertex   -1.166000e+002 3.654995e+002 3.590178e+001
      vertex   -1.166000e+002 3.676713e+002 2.459887e+001
    endloop
  endfacet
  facet normal 5.751146e-001 0.000000e+000 0.000000e+000
    outer loop
      vertex   -1.166000e+002 3.676713e+002 2.459887e+001
      vertex   -1.166000e+002 3.654995e+002 3.590178e+001
      vertex   -1.166000e+002 3.675970e+002 2.443369e+001
    endloop
  endfacet
  facet normal 4.644385e-001 0.000000e+000 0.000000e+000
    outer loop
      vertex   -1.166000e+002 3.675970e+002 2.443369e+001
      vertex   -1.166000e+002 3.654995e+002 3.590178e+001
      vertex   -1.166000e+002 3.675431e+002 2.426076e+001
    endloop
  endfacet
  facet normal 3.476310e-001 0.000000e+000 0.000000e+000
    outer loop
      vertex   -1.166000e+002 3.675431e+002 2.426076e+001
      vertex   -1.166000e+002 3.654995e+002 3.590178e+001
      vertex   -1.166000e+002 3.675104e+002 2.408259e+001
    endloop
  endfacet
  facet normal 2.268861e-001 0.000000e+000 0.000000e+000
    outer loop
      vertex   -1.166000e+002 3.675104e+002 2.408259e+001
      vertex   -1.166000e+002 3.654995e+002 3.590178e+001
      vertex   -1.166000e+002 3.674995e+002 2.390178e+001
    endloop
  endfacet
  facet normal 3.243243e-001 0.000000e+000 0.000000e+000
    outer loop
      vertex   -1.166000e+002 3.674995e+002 2.390178e+001
      vertex   -1.166000e+002 3.654995e+002 3.590178e+001
      vertex   -1.166000e+002 3.654995e+002 1.190178e+001
    endloop
  endfacet
  facet normal 2.235948e-001 0.000000e+000 0.000000e+000
    outer loop
      vertex   -1.166000e+002 3.674995e+002 2.390178e+001
      vertex   -1.166000e+002 3.654995e+002 1.190178e+001
      vertex   -1.166000e+002 3.675104e+002 2.372098e+001
    endloop
  endfacet
  facet normal 3.426999e-001 0.000000e+000 0.000000e+000
    outer loop
      vertex   -1.166000e+002 3.675104e+002 2.372098e+001
      vertex   -1.166000e+002 3.654995e+002 1.190178e+001
      vertex   -1.166000e+002 3.675431e+002 2.354281e+001
    endloop
  endfacet
  facet normal 4.581258e-001 0.000000e+000 0.000000e+000
    outer loop
      vertex   -1.166000e+002 3.675431e+002 2.354281e+001
      vertex   -1.166000e+002 3.654995e+002 1.190178e+001
      vertex   -1.166000e+002 3.675970e+002 2.336987e+001
    endloop
  endfacet
  facet normal 5.677817e-001 0.000000e+000 0.000000e+000
    outer loop
      vertex   -1.166000e+002 3.675970e+002 2.336987e+001
      vertex   -1.166000e+002 3.654995e+002 1.190178e+001
      vertex   -1.166000e+002 3.676713e+002 2.320470e+001
    endloop
  endfacet
  facet normal 6.695655e-001 0.000000e+000 0.000000e+000
    outer loop
      vertex   -1.166000e+002 3.676713e+002 2.320470e+001
      vertex   -1.166000e+002 3.654995e+002 1.190178e+001
      vertex   -1.166000e+002 3.677650e+002 2.304969e+001
    endloop
  endfacet
  facet normal 7.610907e-001 0.000000e+000 0.000000e+000
    outer loop
      vertex   -1.166000e+002 3.677650e+002 2.304969e+001
      vertex   -1.166000e+002 3.654995e+002 1.190178e+001
      vertex   -1.166000e+002 3.678767e+002 2.290710e+001
    endloop
  endfacet
  facet normal 8.404629e-001 0.000000e+000 0.000000e+000
    outer loop
      vertex   -1.166000e+002 3.678767e+002 2.290710e+001
      vertex   -1.166000e+002 3.654995e+002 1.190178e+001
      vertex   -1.166000e+002 3.680048e+002 2.277902e+001
    endloop
  endfacet
  facet normal 9.055529e-001 0.000000e+000 0.000000e+000
    outer loop
      vertex   -1.166000e+002 3.680048e+002 2.277902e+001
      vertex   -1.166000e+002 3.654995e+002 1.190178e+001
      vertex   -1.166000e+002 3.681474e+002 2.266731e+001
    endloop
  endfacet
  facet normal 9.545650e-001 0.000000e+000 0.000000e+000
    outer loop
      vertex   -1.166000e+002 3.681474e+002 2.266731e+001
      vertex   -1.166000e+002 3.654995e+002 1.190178e+001
      vertex   -1.166000e+002 3.683024e+002 2.257360e+001
    endloop
  endfacet
  facet normal 9.862484e-001 0.000000e+000 0.000000e+000
    outer loop
      vertex   -1.166000e+002 3.683024e+002 2.257360e+001
      vertex   -1.166000e+002 3.654995e+002 1.190178e+001
      vertex   -1.166000e+002 3.684676e+002 2.249926e+001
    endloop
  endfacet
  facet normal 9.995787e-001 0.000000e+000 0.000000e+000
    outer loop
      vertex   -1.166000e+002 3.684676e+002 2.249926e+001
      vertex   -1.166000e+002 3.654995e+002 1.190178e+001
      vertex   -1.166000e+002 3.686405e+002 2.244537e+001
    endloop
  endfacet
  facet normal 9.941427e-001 0.000000e+000 0.000000e+000
    outer loop
      vertex   -1.166000e+002 3.686405e+002 2.244537e+001
      vertex   -1.166000e+002 3.654995e+002 1.190178e+001
      vertex   -1.166000e+002 3.688187e+002 2.241272e+001
    endloop
  endfacet
  facet normal 9.700251e-001 0.000000e+000 0.000000e+000
    outer loop
      vertex   -1.166000e+002 3.688187e+002 2.241272e+001
      vertex   -1.166000e+002 3.654995e+002 1.190178e+001
      vertex   -1.166000e+002 3.689995e+002 2.240178e+001
    endloop
  endfacet
  facet normal 9.278604e-001 -0.000000e+000 0.000000e+000
    outer loop
      vertex   -1.166000e+002 3.689995e+002 2.240178e+001
      vertex   -1.166000e+002 3.654995e+002 1.190178e+001
      vertex   -1.166000e+002 3.691803e+002 2.241272e+001
    endloop
  endfacet
  facet normal 6.329551e-001 0.000000e+000 0.000000e+000
    outer loop
      vertex   -1.166000e+002 3.691803e+002 2.241272e+001
      vertex   -1.166000e+002 3.654995e+002 1.190178e+001
      vertex   -1.166000e+002 3.729995e+002 1.190178e+001
    endloop
  endfacet
  facet normal 9.860427e-001 -0.000000e+000 0.000000e+000
    outer loop
      vertex   -1.166000e+002 3.691803e+002 2.241272e+001
      vertex   -1.166000e+002 3.729995e+002 1.190178e+001
      vertex   -1.166000e+002 3.693585e+002 2.244537e+001
    endloop
  endfacet
  facet normal 9.995365e-001 -0.000000e+000 0.000000e+000
    outer loop
      vertex   -1.166000e+002 3.693585e+002 2.244537e+001
      vertex   -1.166000e+002 3.729995e+002 1.190178e+001
      vertex   -1.166000e+002 3.695314e+002 2.249926e+001
    endloop
  endfacet
  facet normal 9.943155e-001 -0.000000e+000 0.000000e+000
    outer loop
      vertex   -1.166000e+002 3.695314e+002 2.249926e+001
      vertex   -1.166000e+002 3.729995e+002 1.190178e+001
      vertex   -1.166000e+002 3.696966e+002 2.257360e+001
    endloop
  endfacet
  facet normal 9.704906e-001 -0.000000e+000 0.000000e+000
    outer loop
      vertex   -1.166000e+002 3.696966e+002 2.257360e+001
      vertex   -1.166000e+002 3.729995e+002 1.190178e+001
      vertex   -1.166000e+002 3.698516e+002 2.266731e+001
    endloop
  endfacet
  facet normal 9.286190e-001 -0.000000e+000 0.000000e+000
    outer loop
      vertex   -1.166000e+002 3.698516e+002 2.266731e+001
      vertex   -1.166000e+002 3.729995e+002 1.190178e+001
      vertex   -1.166000e+002 3.699942e+002 2.277902e+001
    endloop
  endfacet
  facet normal 8.698838e-001 -0.000000e+000 0.000000e+000
    outer loop
      vertex   -1.166000e+002 3.699942e+002 2.277902e+001
      vertex   -1.166000e+002 3.729995e+002 1.190178e+001
      vertex   -1.166000e+002 3.701223e+002 2.290710e+001
    endloop
  endfacet
  facet normal 7.957315e-001 -0.000000e+000 0.000000e+000
    outer loop
      vertex   -1.166000e+002 3.701223e+002 2.290710e+001
      vertex   -1.166000e+002 3.729995e+002 1.190178e+001
      vertex   -1.166000e+002 3.702339e+002 2.304969e+001
    endloop
  endfacet
  facet normal 7.082093e-001 -0.000000e+000 0.000000e+000
    outer loop
      vertex   -1.166000e+002 3.702339e+002 2.304969e+001
      vertex   -1.166000e+002 3.729995e+002 1.190178e+001
      vertex   -1.166000e+002 3.703277e+002 2.320470e+001
    endloop
  endfacet
  facet normal 6.091858e-001 -0.000000e+000 0.000000e+000
    outer loop
      vertex   -1.166000e+002 3.703277e+002 2.320470e+001
      vertex   -1.166000e+002 3.729995e+002 1.190178e+001
      vertex   -1.166000e+002 3.704020e+002 2.336987e+001
    endloop
  endfacet
  facet normal 5.010781e-001 -0.000000e+000 0.000000e+000
    outer loop
      vertex   -1.166000e+002 3.704020e+002 2.336987e+001
      vertex   -1.166000e+002 3.729995e+002 1.190178e+001
      vertex   -1.166000e+002 3.704559e+002 2.354281e+001
    endloop
  endfacet
  facet normal 3.860841e-001 -0.000000e+000 0.000000e+000
    outer loop
      vertex   -1.166000e+002 3.704559e+002 2.354281e+001
      vertex   -1.166000e+002 3.729995e+002 1.190178e+001
      vertex   -1.166000e+002 3.704886e+002 2.372098e+001
    endloop
  endfacet
  facet normal -0.000000e+000 -7.071068e-001 0.000000e+000
    outer loop
      vertex   -1.166000e+002 3.654995e+002 1.190178e+001
      vertex   -1.166000e+002 3.654995e+002 3.590178e+001
      vertex   -1.186000e+002 3.654995e+002 9.901783e+000
    endloop
  endfacet
  facet normal 0.000000e+000 -7.669650e-002 0.000000e+000
    outer loop
      vertex   -1.186000e+002 3.654995e+002 9.901783e+000
      vertex   -1.166000e+002 3.654995e+002 3.590178e+001
      vertex   -1.186000e+002 3.654995e+002 3.790178e+001
    endloop
  endfacet
  facet normal 0.000000e+000 -5.256374e-002 0.000000e+000
    outer loop
      vertex   -1.186000e+002 3.654995e+002 9.901783e+000
      vertex   -1.186000e+002 3.654995e+002 3.790178e+001
      vertex   -1.196000e+002 3.654995e+002 2.890001e+001
    endloop
  endfacet
  facet normal 0.000000e+000 -1.104100e-001 0.000000e+000
    outer loop
      vertex   -1.196000e+002 3.654995e+002 2.890001e+001
      vertex   -1.186000e+002 3.654995e+002 3.790178e+001
      vertex   -1.196000e+002 3.654995e+002 3.790001e+001
    endloop
  endfacet
  facet normal 0.000000e+000 -9.999984e-001 0.000000e+000
    outer loop
      vertex   -1.196000e+002 3.654995e+002 3.790001e+001
      vertex   -1.186000e+002 3.654995e+002 3.790178e+001
      vertex   -1.196000e+002 3.654995e+002 3.790178e+001
    endloop
  endfacet
  facet normal 0.000000e+000 -5.256374e-002 0.000000e+000
    outer loop
      vertex   -1.196000e+002 3.654995e+002 2.890001e+001
      vertex   -1.196000e+002 3.654995e+002 1.890001e+001
      vertex   -1.186000e+002 3.654995e+002 9.901783e+000
    endloop
  endfacet
  facet normal 0.000000e+000 -5.449083e-002 0.000000e+000
    outer loop
      vertex   -1.186000e+002 3.654995e+002 9.901783e+000
      vertex   -1.196000e+002 3.654995e+002 1.890001e+001
      vertex   -1.196000e+002 3.654995e+002 1.590001e+001
    endloop
  endfacet
  facet normal 0.000000e+000 -9.863860e-001 0.000000e+000
    outer loop
      vertex   -1.186000e+002 3.654995e+002 9.901783e+000
      vertex   -1.196000e+002 3.654995e+002 1.590001e+001
      vertex   -1.196000e+002 3.654995e+002 9.901783e+000
    endloop
  endfacet
  facet normal 7.071068e-001 0.000000e+000 -7.071068e-001
    outer loop
      vertex   -1.186000e+002 3.729995e+002 9.901783e+000
      vertex   -1.166000e+002 3.729995e+002 1.190178e+001
      vertex   -1.186000e+002 3.654995e+002 9.901783e+000
    endloop
  endfacet
  facet normal 6.616216e-001 0.000000e+000 -6.616216e-001
    outer loop
      vertex   -1.186000e+002 3.654995e+002 9.901783e+000
      vertex   -1.166000e+002 3.729995e+002 1.190178e+001
      vertex   -1.166000e+002 3.654995e+002 1.190178e+001
    endloop
  endfacet
  facet normal 7.071068e-001 0.000000e+000 -7.071068e-001
    outer loop
      vertex   -1.186000e+002 3.104995e+002 9.901783e+000
      vertex   -1.166000e+002 3.104995e+002 1.190178e+001
      vertex   -1.186000e+002 3.029995e+002 9.901783e+000
    endloop
  endfacet
  facet normal 6.616216e-001 0.000000e+000 -6.616216e-001
    outer loop
      vertex   -1.186000e+002 3.029995e+002 9.901783e+000
      vertex   -1.166000e+002 3.104995e+002 1.190178e+001
      vertex   -1.166000e+002 3.029995e+002 1.190178e+001
    endloop
  endfacet
  facet normal 2.268861e-001 -0.000000e+000 0.000000e+000
    outer loop
      vertex   -1.166000e+002 3.084886e+002 2.372098e+001
      vertex   -1.166000e+002 3.104995e+002 1.190178e+001
      vertex   -1.166000e+002 3.084995e+002 2.390178e+001
    endloop
  endfacet
  facet normal 3.243243e-001 -0.000000e+000 0.000000e+000
    outer loop
      vertex   -1.166000e+002 3.084995e+002 2.390178e+001
      vertex   -1.166000e+002 3.104995e+002 1.190178e+001
      vertex   -1.166000e+002 3.104995e+002 3.590178e+001
    endloop
  endfacet
  facet normal 2.235948e-001 0.000000e+000 -0.000000e+000
    outer loop
      vertex   -1.166000e+002 3.084995e+002 2.390178e+001
      vertex   -1.166000e+002 3.104995e+002 3.590178e+001
      vertex   -1.166000e+002 3.084886e+002 2.408259e+001
    endloop
  endfacet
  facet normal 3.427017e-001 0.000000e+000 -0.000000e+000
    outer loop
      vertex   -1.166000e+002 3.084886e+002 2.408259e+001
      vertex   -1.166000e+002 3.104995e+002 3.590178e+001
      vertex   -1.166000e+002 3.084559e+002 2.426076e+001
    endloop
  endfacet
  facet normal 4.581230e-001 0.000000e+000 -0.000000e+000
    outer loop
      vertex   -1.166000e+002 3.084559e+002 2.426076e+001
      vertex   -1.166000e+002 3.104995e+002 3.590178e+001
      vertex   -1.166000e+002 3.084020e+002 2.443369e+001
    endloop
  endfacet
  facet normal 5.677817e-001 0.000000e+000 -0.000000e+000
    outer loop
      vertex   -1.166000e+002 3.084020e+002 2.443369e+001
      vertex   -1.166000e+002 3.104995e+002 3.590178e+001
      vertex   -1.166000e+002 3.083277e+002 2.459887e+001
    endloop
  endfacet
  facet normal 6.695655e-001 0.000000e+000 -0.000000e+000
    outer loop
      vertex   -1.166000e+002 3.083277e+002 2.459887e+001
      vertex   -1.166000e+002 3.104995e+002 3.590178e+001
      vertex   -1.166000e+002 3.082339e+002 2.475388e+001
    endloop
  endfacet
  facet normal 7.610907e-001 0.000000e+000 -0.000000e+000
    outer loop
      vertex   -1.166000e+002 3.082339e+002 2.475388e+001
      vertex   -1.166000e+002 3.104995e+002 3.590178e+001
      vertex   -1.166000e+002 3.081223e+002 2.489647e+001
    endloop
  endfacet
  facet normal 8.404629e-001 0.000000e+000 -0.000000e+000
    outer loop
      vertex   -1.166000e+002 3.081223e+002 2.489647e+001
      vertex   -1.166000e+002 3.104995e+002 3.590178e+001
      vertex   -1.166000e+002 3.079942e+002 2.502455e+001
    endloop
  endfacet
  facet normal 9.055088e-001 0.000000e+000 -0.000000e+000
    outer loop
      vertex   -1.166000e+002 3.079942e+002 2.502455e+001
      vertex   -1.166000e+002 3.104995e+002 3.590178e+001
      vertex   -1.166000e+002 3.078516e+002 2.513626e+001
    endloop
  endfacet
  facet normal 9.545902e-001 0.000000e+000 -0.000000e+000
    outer loop
      vertex   -1.166000e+002 3.078516e+002 2.513626e+001
      vertex   -1.166000e+002 3.104995e+002 3.590178e+001
      vertex   -1.166000e+002 3.076966e+002 2.522997e+001
    endloop
  endfacet
  facet normal 9.862370e-001 0.000000e+000 -0.000000e+000
    outer loop
      vertex   -1.166000e+002 3.076966e+002 2.522997e+001
      vertex   -1.166000e+002 3.104995e+002 3.590178e+001
      vertex   -1.166000e+002 3.075314e+002 2.530431e+001
    endloop
  endfacet
  facet normal 9.995800e-001 0.000000e+000 -0.000000e+000
    outer loop
      vertex   -1.166000e+002 3.075314e+002 2.530431e+001
      vertex   -1.166000e+002 3.104995e+002 3.590178e+001
      vertex   -1.166000e+002 3.073585e+002 2.535820e+001
    endloop
  endfacet
  facet normal 9.941427e-001 0.000000e+000 -0.000000e+000
    outer loop
      vertex   -1.166000e+002 3.073585e+002 2.535820e+001
      vertex   -1.166000e+002 3.104995e+002 3.590178e+001
      vertex   -1.166000e+002 3.071803e+002 2.539085e+001
    endloop
  endfacet
  facet normal 9.700251e-001 0.000000e+000 -0.000000e+000
    outer loop
      vertex   -1.166000e+002 3.071803e+002 2.539085e+001
      vertex   -1.166000e+002 3.104995e+002 3.590178e+001
      vertex   -1.166000e+002 3.069995e+002 2.540178e+001
    endloop
  endfacet
  facet normal 9.278604e-001 0.000000e+000 -0.000000e+000
    outer loop
      vertex   -1.166000e+002 3.069995e+002 2.540178e+001
      vertex   -1.166000e+002 3.104995e+002 3.590178e+001
      vertex   -1.166000e+002 3.068187e+002 2.539085e+001
    endloop
  endfacet
  facet normal 6.329551e-001 0.000000e+000 -0.000000e+000
    outer loop
      vertex   -1.166000e+002 3.068187e+002 2.539085e+001
      vertex   -1.166000e+002 3.104995e+002 3.590178e+001
      vertex   -1.166000e+002 3.029995e+002 3.590178e+001
    endloop
  endfacet
  facet normal 9.860427e-001 0.000000e+000 0.000000e+000
    outer loop
      vertex   -1.166000e+002 3.068187e+002 2.539085e+001
      vertex   -1.166000e+002 3.029995e+002 3.590178e+001
      vertex   -1.166000e+002 3.066405e+002 2.535820e+001
    endloop
  endfacet
  facet normal 9.995380e-001 0.000000e+000 0.000000e+000
    outer loop
      vertex   -1.166000e+002 3.066405e+002 2.535820e+001
      vertex   -1.166000e+002 3.029995e+002 3.590178e+001
      vertex   -1.166000e+002 3.064676e+002 2.530431e+001
    endloop
  endfacet
  facet normal 9.943231e-001 0.000000e+000 0.000000e+000
    outer loop
      vertex   -1.166000e+002 3.064676e+002 2.530431e+001
      vertex   -1.166000e+002 3.029995e+002 3.590178e+001
      vertex   -1.166000e+002 3.063024e+002 2.522997e+001
    endloop
  endfacet
  facet normal 9.704696e-001 0.000000e+000 0.000000e+000
    outer loop
      vertex   -1.166000e+002 3.063024e+002 2.522997e+001
      vertex   -1.166000e+002 3.029995e+002 3.590178e+001
      vertex   -1.166000e+002 3.061474e+002 2.513626e+001
    endloop
  endfacet
  facet normal 9.286585e-001 0.000000e+000 0.000000e+000
    outer loop
      vertex   -1.166000e+002 3.061474e+002 2.513626e+001
      vertex   -1.166000e+002 3.029995e+002 3.590178e+001
      vertex   -1.166000e+002 3.060048e+002 2.502455e+001
    endloop
  endfacet
  facet normal 8.698838e-001 0.000000e+000 0.000000e+000
    outer loop
      vertex   -1.166000e+002 3.060048e+002 2.502455e+001
      vertex   -1.166000e+002 3.029995e+002 3.590178e+001
      vertex   -1.166000e+002 3.058767e+002 2.489647e+001
    endloop
  endfacet
  facet normal 7.957315e-001 0.000000e+000 0.000000e+000
    outer loop
      vertex   -1.166000e+002 3.058767e+002 2.489647e+001
      vertex   -1.166000e+002 3.029995e+002 3.590178e+001
      vertex   -1.166000e+002 3.057650e+002 2.475388e+001
    endloop
  endfacet
  facet normal 7.082093e-001 0.000000e+000 0.000000e+000
    outer loop
      vertex   -1.166000e+002 3.057650e+002 2.475388e+001
      vertex   -1.166000e+002 3.029995e+002 3.590178e+001
      vertex   -1.166000e+002 3.056713e+002 2.459887e+001
    endloop
  endfacet
  facet normal 6.091858e-001 0.000000e+000 0.000000e+000
    outer loop
      vertex   -1.166000e+002 3.056713e+002 2.459887e+001
      vertex   -1.166000e+002 3.029995e+002 3.590178e+001
      vertex   -1.166000e+002 3.055970e+002 2.443369e+001
    endloop
  endfacet
  facet normal 5.010754e-001 0.000000e+000 0.000000e+000
    outer loop
      vertex   -1.166000e+002 3.055970e+002 2.443369e+001
      vertex   -1.166000e+002 3.029995e+002 3.590178e+001
      vertex   -1.166000e+002 3.055431e+002 2.426076e+001
    endloop
  endfacet
  facet normal 3.860859e-001 0.000000e+000 0.000000e+000
    outer loop
      vertex   -1.166000e+002 3.055431e+002 2.426076e+001
      vertex   -1.166000e+002 3.029995e+002 3.590178e+001
      vertex   -1.166000e+002 3.055104e+002 2.408259e+001
    endloop
  endfacet
  facet normal 2.664277e-001 0.000000e+000 0.000000e+000
    outer loop
      vertex   -1.166000e+002 3.055104e+002 2.408259e+001
      vertex   -1.166000e+002 3.029995e+002 3.590178e+001
      vertex   -1.166000e+002 3.054995e+002 2.390178e+001
    endloop
  endfacet
  facet normal 3.993344e-001 0.000000e+000 0.000000e+000
    outer loop
      vertex   -1.166000e+002 3.054995e+002 2.390178e+001
      vertex   -1.166000e+002 3.029995e+002 3.590178e+001
      vertex   -1.166000e+002 3.029995e+002 1.190178e+001
    endloop
  endfacet
  facet normal 2.626309e-001 0.000000e+000 0.000000e+000
    outer loop
      vertex   -1.166000e+002 3.054995e+002 2.390178e+001
      vertex   -1.166000e+002 3.029995e+002 1.190178e+001
      vertex   -1.166000e+002 3.055104e+002 2.372098e+001
    endloop
  endfacet
  facet normal 3.807386e-001 0.000000e+000 0.000000e+000
    outer loop
      vertex   -1.166000e+002 3.055104e+002 2.372098e+001
      vertex   -1.166000e+002 3.029995e+002 1.190178e+001
      vertex   -1.166000e+002 3.055431e+002 2.354281e+001
    endloop
  endfacet
  facet normal 4.944717e-001 0.000000e+000 0.000000e+000
    outer loop
      vertex   -1.166000e+002 3.055431e+002 2.354281e+001
      vertex   -1.166000e+002 3.029995e+002 1.190178e+001
      vertex   -1.166000e+002 3.055970e+002 2.336987e+001
    endloop
  endfacet
  facet normal 6.017171e-001 0.000000e+000 0.000000e+000
    outer loop
      vertex   -1.166000e+002 3.055970e+002 2.336987e+001
      vertex   -1.166000e+002 3.029995e+002 1.190178e+001
      vertex   -1.166000e+002 3.056713e+002 2.320470e+001
    endloop
  endfacet
  facet normal 7.003680e-001 0.000000e+000 0.000000e+000
    outer loop
      vertex   -1.166000e+002 3.056713e+002 2.320470e+001
      vertex   -1.166000e+002 3.029995e+002 1.190178e+001
      vertex   -1.166000e+002 3.057650e+002 2.304969e+001
    endloop
  endfacet
  facet normal 7.880690e-001 0.000000e+000 0.000000e+000
    outer loop
      vertex   -1.166000e+002 3.057650e+002 2.304969e+001
      vertex   -1.166000e+002 3.029995e+002 1.190178e+001
      vertex   -1.166000e+002 3.058767e+002 2.290710e+001
    endloop
  endfacet
  facet normal 8.629678e-001 0.000000e+000 0.000000e+000
    outer loop
      vertex   -1.166000e+002 3.058767e+002 2.290710e+001
      vertex   -1.166000e+002 3.029995e+002 1.190178e+001
      vertex   -1.166000e+002 3.060048e+002 2.277902e+001
    endloop
  endfacet
  facet normal 9.230255e-001 0.000000e+000 0.000000e+000
    outer loop
      vertex   -1.166000e+002 3.060048e+002 2.277902e+001
      vertex   -1.166000e+002 3.029995e+002 1.190178e+001
      vertex   -1.166000e+002 3.061474e+002 2.266731e+001
    endloop
  endfacet
  facet normal 9.665701e-001 0.000000e+000 0.000000e+000
    outer loop
      vertex   -1.166000e+002 3.061474e+002 2.266731e+001
      vertex   -1.166000e+002 3.029995e+002 1.190178e+001
      vertex   -1.166000e+002 3.063024e+002 2.257360e+001
    endloop
  endfacet
  facet normal 9.924783e-001 0.000000e+000 0.000000e+000
    outer loop
      vertex   -1.166000e+002 3.063024e+002 2.257360e+001
      vertex   -1.166000e+002 3.029995e+002 1.190178e+001
      vertex   -1.166000e+002 3.064676e+002 2.249926e+001
    endloop
  endfacet
  facet normal 9.998997e-001 0.000000e+000 0.000000e+000
    outer loop
      vertex   -1.166000e+002 3.064676e+002 2.249926e+001
      vertex   -1.166000e+002 3.029995e+002 1.190178e+001
      vertex   -1.166000e+002 3.066405e+002 2.244537e+001
    endloop
  endfacet
  facet normal 9.885821e-001 0.000000e+000 0.000000e+000
    outer loop
      vertex   -1.166000e+002 3.066405e+002 2.244537e+001
      vertex   -1.166000e+002 3.029995e+002 1.190178e+001
      vertex   -1.166000e+002 3.068187e+002 2.241272e+001
    endloop
  endfacet
  facet normal 6.329551e-001 0.000000e+000 0.000000e+000
    outer loop
      vertex   -1.166000e+002 3.068187e+002 2.241272e+001
      vertex   -1.166000e+002 3.029995e+002 1.190178e+001
      vertex   -1.166000e+002 3.104995e+002 1.190178e+001
    endloop
  endfacet
  facet normal 9.221265e-001 0.000000e+000 0.000000e+000
    outer loop
      vertex   -1.166000e+002 3.068187e+002 2.241272e+001
      vertex   -1.166000e+002 3.104995e+002 1.190178e+001
      vertex   -1.166000e+002 3.069995e+002 2.240178e+001
    endloop
  endfacet
  facet normal 9.660449e-001 -0.000000e+000 0.000000e+000
    outer loop
      vertex   -1.166000e+002 3.069995e+002 2.240178e+001
      vertex   -1.166000e+002 3.104995e+002 1.190178e+001
      vertex   -1.166000e+002 3.071803e+002 2.241272e+001
    endloop
  endfacet
  facet normal 9.922444e-001 -0.000000e+000 0.000000e+000
    outer loop
      vertex   -1.166000e+002 3.071803e+002 2.241272e+001
      vertex   -1.166000e+002 3.104995e+002 1.190178e+001
      vertex   -1.166000e+002 3.073585e+002 2.244537e+001
    endloop
  endfacet
  facet normal 9.999216e-001 -0.000000e+000 0.000000e+000
    outer loop
      vertex   -1.166000e+002 3.073585e+002 2.244537e+001
      vertex   -1.166000e+002 3.104995e+002 1.190178e+001
      vertex   -1.166000e+002 3.075314e+002 2.249926e+001
    endloop
  endfacet
  facet normal 9.887907e-001 -0.000000e+000 0.000000e+000
    outer loop
      vertex   -1.166000e+002 3.075314e+002 2.249926e+001
      vertex   -1.166000e+002 3.104995e+002 1.190178e+001
      vertex   -1.166000e+002 3.076966e+002 2.257360e+001
    endloop
  endfacet
  facet normal 9.591420e-001 -0.000000e+000 0.000000e+000
    outer loop
      vertex   -1.166000e+002 3.076966e+002 2.257360e+001
      vertex   -1.166000e+002 3.104995e+002 1.190178e+001
      vertex   -1.166000e+002 3.078516e+002 2.266731e+001
    endloop
  endfacet
  facet normal 9.116873e-001 -0.000000e+000 0.000000e+000
    outer loop
      vertex   -1.166000e+002 3.078516e+002 2.266731e+001
      vertex   -1.166000e+002 3.104995e+002 1.190178e+001
      vertex   -1.166000e+002 3.079942e+002 2.277902e+001
    endloop
  endfacet
  facet normal 8.477752e-001 -0.000000e+000 0.000000e+000
    outer loop
      vertex   -1.166000e+002 3.079942e+002 2.277902e+001
      vertex   -1.166000e+002 3.104995e+002 1.190178e+001
      vertex   -1.166000e+002 3.081223e+002 2.290710e+001
    endloop
  endfacet
  facet normal 7.689755e-001 -0.000000e+000 0.000000e+000
    outer loop
      vertex   -1.166000e+002 3.081223e+002 2.290710e+001
      vertex   -1.166000e+002 3.104995e+002 1.190178e+001
      vertex   -1.166000e+002 3.082339e+002 2.304969e+001
    endloop
  endfacet
  facet normal 6.774465e-001 -0.000000e+000 0.000000e+000
    outer loop
      vertex   -1.166000e+002 3.082339e+002 2.304969e+001
      vertex   -1.166000e+002 3.104995e+002 1.190178e+001
      vertex   -1.166000e+002 3.083277e+002 2.320470e+001
    endloop
  endfacet
  facet normal 5.751146e-001 -0.000000e+000 0.000000e+000
    outer loop
      vertex   -1.166000e+002 3.083277e+002 2.320470e+001
      vertex   -1.166000e+002 3.104995e+002 1.190178e+001
      vertex   -1.166000e+002 3.084020e+002 2.336987e+001
    endloop
  endfacet
  facet normal 4.644413e-001 -0.000000e+000 0.000000e+000
    outer loop
      vertex   -1.166000e+002 3.084020e+002 2.336987e+001
      vertex   -1.166000e+002 3.104995e+002 1.190178e+001
      vertex   -1.166000e+002 3.084559e+002 2.354281e+001
    endloop
  endfacet
  facet normal 3.476293e-001 -0.000000e+000 0.000000e+000
    outer loop
      vertex   -1.166000e+002 3.084559e+002 2.354281e+001
      vertex   -1.166000e+002 3.104995e+002 1.190178e+001
      vertex   -1.166000e+002 3.084886e+002 2.372098e+001
    endloop
  endfacet
  facet normal 0.000000e+000 7.071068e-001 0.000000e+000
    outer loop
      vertex   -1.166000e+002 3.104995e+002 3.590178e+001
      vertex   -1.166000e+002 3.104995e+002 1.190178e+001
      vertex   -1.186000e+002 3.104995e+002 3.790178e+001
    endloop
  endfacet
  facet normal 0.000000e+000 7.669650e-002 0.000000e+000
    outer loop
      vertex   -1.186000e+002 3.104995e+002 3.790178e+001
      vertex   -1.166000e+002 3.104995e+002 1.190178e+001
      vertex   -1.186000e+002 3.104995e+002 9.901783e+000
    endloop
  endfacet
  facet normal 0.000000e+000 1.104100e-001 0.000000e+000
    outer loop
      vertex   -1.186000e+002 3.104995e+002 3.790178e+001
      vertex   -1.186000e+002 3.104995e+002 9.901783e+000
      vertex   -1.196000e+002 3.104995e+002 2.890001e+001
    endloop
  endfacet
  facet normal 0.000000e+000 5.256374e-002 0.000000e+000
    outer loop
      vertex   -1.196000e+002 3.104995e+002 2.890001e+001
      vertex   -1.186000e+002 3.104995e+002 9.901783e+000
      vertex   -1.196000e+002 3.104995e+002 1.890001e+001
    endloop
  endfacet
  facet normal 0.000000e+000 1.104531e-001 0.000000e+000
    outer loop
      vertex   -1.196000e+002 3.104995e+002 1.890001e+001
      vertex   -1.186000e+002 3.104995e+002 9.901783e+000
      vertex   -1.196000e+002 3.104995e+002 1.590001e+001
    endloop
  endfacet
  facet normal 0.000000e+000 1.644464e-001 0.000000e+000
    outer loop
      vertex   -1.196000e+002 3.104995e+002 1.590001e+001
      vertex   -1.186000e+002 3.104995e+002 9.901783e+000
      vertex   -1.196000e+002 3.104995e+002 9.901783e+000
    endloop
  endfacet
  facet normal 0.000000e+000 1.104100e-001 0.000000e+000
    outer loop
      vertex   -1.196000e+002 3.104995e+002 2.890001e+001
      vertex   -1.196000e+002 3.104995e+002 3.790001e+001
      vertex   -1.186000e+002 3.104995e+002 3.790178e+001
    endloop
  endfacet
  facet normal 0.000000e+000 1.777646e-003 0.000000e+000
    outer loop
      vertex   -1.186000e+002 3.104995e+002 3.790178e+001
      vertex   -1.196000e+002 3.104995e+002 3.790001e+001
      vertex   -1.196000e+002 3.104995e+002 3.790178e+001
    endloop
  endfacet
  facet normal 7.071068e-001 -0.000000e+000 7.071068e-001
    outer loop
      vertex   -1.186000e+002 3.029995e+002 3.790178e+001
      vertex   -1.166000e+002 3.029995e+002 3.590178e+001
      vertex   -1.186000e+002 3.104995e+002 3.790178e+001
    endloop
  endfacet
  facet normal 6.616216e-001 0.000000e+000 6.616216e-001
    outer loop
      vertex   -1.186000e+002 3.104995e+002 3.790178e+001
      vertex   -1.166000e+002 3.029995e+002 3.590178e+001
      vertex   -1.166000e+002 3.104995e+002 3.590178e+001
    endloop
  endfacet
  facet normal -1.000000e+000 0.000000e+000 0.000000e+000
    outer loop
      vertex   -1.196000e+002 3.104995e+002 3.790001e+001
      vertex   -1.196000e+002 3.029995e+002 3.790001e+001
      vertex   -1.196000e+002 3.104995e+002 3.790178e+001
    endloop
  endfacet
  facet normal -2.370198e-004 -0.000000e+000 0.000000e+000
    outer loop
      vertex   -1.196000e+002 3.104995e+002 3.790178e+001
      vertex   -1.196000e+002 3.029995e+002 3.790001e+001
      vertex   -1.196000e+002 3.029995e+002 3.790178e+001
    endloop
  endfacet
  facet normal -4.401737e-001 0.000000e+000 0.000000e+000
    outer loop
      vertex   -1.196000e+002 3.084886e+002 2.408259e+001
      vertex   -1.196000e+002 3.104995e+002 2.890001e+001
      vertex   -1.196000e+002 3.084995e+002 2.390178e+001
    endloop
  endfacet
  facet normal -6.896552e-001 0.000000e+000 0.000000e+000
    outer loop
      vertex   -1.196000e+002 3.084995e+002 2.390178e+001
      vertex   -1.196000e+002 3.104995e+002 2.890001e+001
      vertex   -1.196000e+002 3.104995e+002 1.890001e+001
    endloop
  endfacet
  facet normal -4.266054e-001 0.000000e+000 -0.000000e+000
    outer loop
      vertex   -1.196000e+002 3.084995e+002 2.390178e+001
      vertex   -1.196000e+002 3.104995e+002 1.890001e+001
      vertex   -1.196000e+002 3.084886e+002 2.372098e+001
    endloop
  endfacet
  facet normal -5.450427e-001 0.000000e+000 -0.000000e+000
    outer loop
      vertex   -1.196000e+002 3.084886e+002 2.372098e+001
      vertex   -1.196000e+002 3.104995e+002 1.890001e+001
      vertex   -1.196000e+002 3.084559e+002 2.354281e+001
    endloop
  endfacet
  facet normal -6.569363e-001 0.000000e+000 -0.000000e+000
    outer loop
      vertex   -1.196000e+002 3.084559e+002 2.354281e+001
      vertex   -1.196000e+002 3.104995e+002 1.890001e+001
      vertex   -1.196000e+002 3.084020e+002 2.336987e+001
    endloop
  endfacet
  facet normal -7.589217e-001 0.000000e+000 -0.000000e+000
    outer loop
      vertex   -1.196000e+002 3.084020e+002 2.336987e+001
      vertex   -1.196000e+002 3.104995e+002 1.890001e+001
      vertex   -1.196000e+002 3.083277e+002 2.320470e+001
    endloop
  endfacet
  facet normal -8.473898e-001 0.000000e+000 -0.000000e+000
    outer loop
      vertex   -1.196000e+002 3.083277e+002 2.320470e+001
      vertex   -1.196000e+002 3.104995e+002 1.890001e+001
      vertex   -1.196000e+002 3.082339e+002 2.304969e+001
    endloop
  endfacet
  facet normal -9.184840e-001 0.000000e+000 -0.000000e+000
    outer loop
      vertex   -1.196000e+002 3.082339e+002 2.304969e+001
      vertex   -1.196000e+002 3.104995e+002 1.890001e+001
      vertex   -1.196000e+002 3.081223e+002 2.290710e+001
    endloop
  endfacet
  facet normal -9.689240e-001 0.000000e+000 -0.000000e+000
    outer loop
      vertex   -1.196000e+002 3.081223e+002 2.290710e+001
      vertex   -1.196000e+002 3.104995e+002 1.890001e+001
      vertex   -1.196000e+002 3.079942e+002 2.277902e+001
    endloop
  endfacet
  facet normal -9.958500e-001 0.000000e+000 -0.000000e+000
    outer loop
      vertex   -1.196000e+002 3.079942e+002 2.277902e+001
      vertex   -1.196000e+002 3.104995e+002 1.890001e+001
      vertex   -1.196000e+002 3.078516e+002 2.266731e+001
    endloop
  endfacet
  facet normal -9.976235e-001 0.000000e+000 -0.000000e+000
    outer loop
      vertex   -1.196000e+002 3.078516e+002 2.266731e+001
      vertex   -1.196000e+002 3.104995e+002 1.890001e+001
      vertex   -1.196000e+002 3.076966e+002 2.257360e+001
    endloop
  endfacet
  facet normal -9.739354e-001 0.000000e+000 -0.000000e+000
    outer loop
      vertex   -1.196000e+002 3.076966e+002 2.257360e+001
      vertex   -1.196000e+002 3.104995e+002 1.890001e+001
      vertex   -1.196000e+002 3.075314e+002 2.249926e+001
    endloop
  endfacet
  facet normal -9.258478e-001 0.000000e+000 -0.000000e+000
    outer loop
      vertex   -1.196000e+002 3.075314e+002 2.249926e+001
      vertex   -1.196000e+002 3.104995e+002 1.890001e+001
      vertex   -1.196000e+002 3.073585e+002 2.244537e+001
    endloop
  endfacet
  facet normal -8.557747e-001 0.000000e+000 -0.000000e+000
    outer loop
      vertex   -1.196000e+002 3.073585e+002 2.244537e+001
      vertex   -1.196000e+002 3.104995e+002 1.890001e+001
      vertex   -1.196000e+002 3.071803e+002 2.241272e+001
    endloop
  endfacet
  facet normal -7.669854e-001 0.000000e+000 -0.000000e+000
    outer loop
      vertex   -1.196000e+002 3.071803e+002 2.241272e+001
      vertex   -1.196000e+002 3.104995e+002 1.890001e+001
      vertex   -1.196000e+002 3.069995e+002 2.240178e+001
    endloop
  endfacet
  facet normal -6.633154e-001 -0.000000e+000 -0.000000e+000
    outer loop
      vertex   -1.196000e+002 3.069995e+002 2.240178e+001
      vertex   -1.196000e+002 3.104995e+002 1.890001e+001
      vertex   -1.196000e+002 3.068187e+002 2.241272e+001
    endloop
  endfacet
  facet normal -9.978937e-001 0.000000e+000 -0.000000e+000
    outer loop
      vertex   -1.196000e+002 3.068187e+002 2.241272e+001
      vertex   -1.196000e+002 3.104995e+002 1.890001e+001
      vertex   -1.196000e+002 3.030012e+002 1.890001e+001
    endloop
  endfacet
  facet normal -7.986782e-001 -0.000000e+000 0.000000e+000
    outer loop
      vertex   -1.196000e+002 3.068187e+002 2.241272e+001
      vertex   -1.196000e+002 3.030012e+002 1.890001e+001
      vertex   -1.196000e+002 3.066405e+002 2.244537e+001
    endloop
  endfacet
  facet normal -8.793206e-001 -0.000000e+000 0.000000e+000
    outer loop
      vertex   -1.196000e+002 3.066405e+002 2.244537e+001
      vertex   -1.196000e+002 3.030012e+002 1.890001e+001
      vertex   -1.196000e+002 3.064676e+002 2.249926e+001
    endloop
  endfacet
  facet normal -9.415073e-001 -0.000000e+000 0.000000e+000
    outer loop
      vertex   -1.196000e+002 3.064676e+002 2.249926e+001
      vertex   -1.196000e+002 3.030012e+002 1.890001e+001
      vertex   -1.196000e+002 3.063024e+002 2.257360e+001
    endloop
  endfacet
  facet normal -9.823269e-001 -0.000000e+000 0.000000e+000
    outer loop
      vertex   -1.196000e+002 3.063024e+002 2.257360e+001
      vertex   -1.196000e+002 3.030012e+002 1.890001e+001
      vertex   -1.196000e+002 3.061474e+002 2.266731e+001
    endloop
  endfacet
  facet normal -9.995099e-001 -0.000000e+000 0.000000e+000
    outer loop
      vertex   -1.196000e+002 3.061474e+002 2.266731e+001
      vertex   -1.196000e+002 3.030012e+002 1.890001e+001
      vertex   -1.196000e+002 3.060048e+002 2.277902e+001
    endloop
  endfacet
  facet normal -9.920080e-001 -0.000000e+000 0.000000e+000
    outer loop
      vertex   -1.196000e+002 3.060048e+002 2.277902e+001
      vertex   -1.196000e+002 3.030012e+002 1.890001e+001
      vertex   -1.196000e+002 3.058767e+002 2.290710e+001
    endloop
  endfacet
  facet normal -9.599836e-001 -0.000000e+000 0.000000e+000
    outer loop
      vertex   -1.196000e+002 3.058767e+002 2.290710e+001
      vertex   -1.196000e+002 3.030012e+002 1.890001e+001
      vertex   -1.196000e+002 3.057650e+002 2.304969e+001
    endloop
  endfacet
  facet normal -9.049894e-001 -0.000000e+000 0.000000e+000
    outer loop
      vertex   -1.196000e+002 3.057650e+002 2.304969e+001
      vertex   -1.196000e+002 3.030012e+002 1.890001e+001
      vertex   -1.196000e+002 3.056713e+002 2.320470e+001
    endloop
  endfacet
  facet normal -8.294419e-001 -0.000000e+000 0.000000e+000
    outer loop
      vertex   -1.196000e+002 3.056713e+002 2.320470e+001
      vertex   -1.196000e+002 3.030012e+002 1.890001e+001
      vertex   -1.196000e+002 3.055970e+002 2.336987e+001
    endloop
  endfacet
  facet normal -7.367374e-001 -0.000000e+000 0.000000e+000
    outer loop
      vertex   -1.196000e+002 3.055970e+002 2.336987e+001
      vertex   -1.196000e+002 3.030012e+002 1.890001e+001
      vertex   -1.196000e+002 3.055431e+002 2.354281e+001
    endloop
  endfacet
  facet normal -6.304817e-001 -0.000000e+000 0.000000e+000
    outer loop
      vertex   -1.196000e+002 3.055431e+002 2.354281e+001
      vertex   -1.196000e+002 3.030012e+002 1.890001e+001
      vertex   -1.196000e+002 3.055104e+002 2.372098e+001
    endloop
  endfacet
  facet normal -5.143495e-001 -0.000000e+000 0.000000e+000
    outer loop
      vertex   -1.196000e+002 3.055104e+002 2.372098e+001
      vertex   -1.196000e+002 3.030012e+002 1.890001e+001
      vertex   -1.196000e+002 3.054995e+002 2.390178e+001
    endloop
  endfacet
  facet normal -7.996718e-001 -0.000000e+000 0.000000e+000
    outer loop
      vertex   -1.196000e+002 3.054995e+002 2.390178e+001
      vertex   -1.196000e+002 3.030012e+002 1.890001e+001
      vertex   -1.196000e+002 3.030012e+002 2.890001e+001
    endloop
  endfacet
  facet normal -5.002338e-001 0.000000e+000 0.000000e+000
    outer loop
      vertex   -1.196000e+002 3.054995e+002 2.390178e+001
      vertex   -1.196000e+002 3.030012e+002 2.890001e+001
      vertex   -1.196000e+002 3.055104e+002 2.408259e+001
    endloop
  endfacet
  facet normal -6.142720e-001 0.000000e+000 0.000000e+000
    outer loop
      vertex   -1.196000e+002 3.055104e+002 2.408259e+001
      vertex   -1.196000e+002 3.030012e+002 2.890001e+001
      vertex   -1.196000e+002 3.055431e+002 2.426076e+001
    endloop
  endfacet
  facet normal -7.196771e-001 0.000000e+000 0.000000e+000
    outer loop
      vertex   -1.196000e+002 3.055431e+002 2.426076e+001
      vertex   -1.196000e+002 3.030012e+002 2.890001e+001
      vertex   -1.196000e+002 3.055970e+002 2.443369e+001
    endloop
  endfacet
  facet normal -8.130565e-001 0.000000e+000 0.000000e+000
    outer loop
      vertex   -1.196000e+002 3.055970e+002 2.443369e+001
      vertex   -1.196000e+002 3.030012e+002 2.890001e+001
      vertex   -1.196000e+002 3.056713e+002 2.459887e+001
    endloop
  endfacet
  facet normal -8.909157e-001 0.000000e+000 0.000000e+000
    outer loop
      vertex   -1.196000e+002 3.056713e+002 2.459887e+001
      vertex   -1.196000e+002 3.030012e+002 2.890001e+001
      vertex   -1.196000e+002 3.057650e+002 2.475388e+001
    endloop
  endfacet
  facet normal -9.497567e-001 0.000000e+000 0.000000e+000
    outer loop
      vertex   -1.196000e+002 3.057650e+002 2.475388e+001
      vertex   -1.196000e+002 3.030012e+002 2.890001e+001
      vertex   -1.196000e+002 3.058767e+002 2.489647e+001
    endloop
  endfacet
  facet normal -9.868207e-001 0.000000e+000 0.000000e+000
    outer loop
      vertex   -1.196000e+002 3.058767e+002 2.489647e+001
      vertex   -1.196000e+002 3.030012e+002 2.890001e+001
      vertex   -1.196000e+002 3.060048e+002 2.502455e+001
    endloop
  endfacet
  facet normal -9.999866e-001 0.000000e+000 0.000000e+000
    outer loop
      vertex   -1.196000e+002 3.060048e+002 2.502455e+001
      vertex   -1.196000e+002 3.030012e+002 2.890001e+001
      vertex   -1.196000e+002 3.061474e+002 2.513626e+001
    endloop
  endfacet
  facet normal -9.883958e-001 0.000000e+000 0.000000e+000
    outer loop
      vertex   -1.196000e+002 3.061474e+002 2.513626e+001
      vertex   -1.196000e+002 3.030012e+002 2.890001e+001
      vertex   -1.196000e+002 3.063024e+002 2.522997e+001
    endloop
  endfacet
  facet normal -9.524363e-001 0.000000e+000 0.000000e+000
    outer loop
      vertex   -1.196000e+002 3.063024e+002 2.522997e+001
      vertex   -1.196000e+002 3.030012e+002 2.890001e+001
      vertex   -1.196000e+002 3.064676e+002 2.530431e+001
    endloop
  endfacet
  facet normal -8.938302e-001 0.000000e+000 0.000000e+000
    outer loop
      vertex   -1.196000e+002 3.064676e+002 2.530431e+001
      vertex   -1.196000e+002 3.030012e+002 2.890001e+001
      vertex   -1.196000e+002 3.066405e+002 2.535820e+001
    endloop
  endfacet
  facet normal -8.151978e-001 0.000000e+000 0.000000e+000
    outer loop
      vertex   -1.196000e+002 3.066405e+002 2.535820e+001
      vertex   -1.196000e+002 3.030012e+002 2.890001e+001
      vertex   -1.196000e+002 3.068187e+002 2.539085e+001
    endloop
  endfacet
  facet normal -9.978276e-001 0.000000e+000 0.000000e+000
    outer loop
      vertex   -1.196000e+002 3.068187e+002 2.539085e+001
      vertex   -1.196000e+002 3.030012e+002 2.890001e+001
      vertex   -1.196000e+002 3.104995e+002 2.890001e+001
    endloop
  endfacet
  facet normal -6.450712e-001 0.000000e+000 0.000000e+000
    outer loop
      vertex   -1.196000e+002 3.068187e+002 2.539085e+001
      vertex   -1.196000e+002 3.104995e+002 2.890001e+001
      vertex   -1.196000e+002 3.069995e+002 2.540178e+001
    endloop
  endfacet
  facet normal -7.483399e-001 0.000000e+000 0.000000e+000
    outer loop
      vertex   -1.196000e+002 3.069995e+002 2.540178e+001
      vertex   -1.196000e+002 3.104995e+002 2.890001e+001
      vertex   -1.196000e+002 3.071803e+002 2.539085e+001
    endloop
  endfacet
  facet normal -8.384659e-001 0.000000e+000 0.000000e+000
    outer loop
      vertex   -1.196000e+002 3.071803e+002 2.539085e+001
      vertex   -1.196000e+002 3.104995e+002 2.890001e+001
      vertex   -1.196000e+002 3.073585e+002 2.535820e+001
    endloop
  endfacet
  facet normal -9.116823e-001 0.000000e+000 0.000000e+000
    outer loop
      vertex   -1.196000e+002 3.073585e+002 2.535820e+001
      vertex   -1.196000e+002 3.104995e+002 2.890001e+001
      vertex   -1.196000e+002 3.075314e+002 2.530431e+001
    endloop
  endfacet
  facet normal -9.645342e-001 0.000000e+000 0.000000e+000
    outer loop
      vertex   -1.196000e+002 3.075314e+002 2.530431e+001
      vertex   -1.196000e+002 3.104995e+002 2.890001e+001
      vertex   -1.196000e+002 3.076966e+002 2.522997e+001
    endloop
  endfacet
  facet normal -9.941151e-001 0.000000e+000 0.000000e+000
    outer loop
      vertex   -1.196000e+002 3.076966e+002 2.522997e+001
      vertex   -1.196000e+002 3.104995e+002 2.890001e+001
      vertex   -1.196000e+002 3.078516e+002 2.513626e+001
    endloop
  endfacet
  facet normal -9.986737e-001 0.000000e+000 0.000000e+000
    outer loop
      vertex   -1.196000e+002 3.078516e+002 2.513626e+001
      vertex   -1.196000e+002 3.104995e+002 2.890001e+001
      vertex   -1.196000e+002 3.079942e+002 2.502455e+001
    endloop
  endfacet
  facet normal -9.777132e-001 0.000000e+000 0.000000e+000
    outer loop
      vertex   -1.196000e+002 3.079942e+002 2.502455e+001
      vertex   -1.196000e+002 3.104995e+002 2.890001e+001
      vertex   -1.196000e+002 3.081223e+002 2.489647e+001
    endloop
  endfacet
  facet normal -9.321597e-001 0.000000e+000 0.000000e+000
    outer loop
      vertex   -1.196000e+002 3.081223e+002 2.489647e+001
      vertex   -1.196000e+002 3.104995e+002 2.890001e+001
      vertex   -1.196000e+002 3.082339e+002 2.475388e+001
    endloop
  endfacet
  facet normal -8.643633e-001 0.000000e+000 0.000000e+000
    outer loop
      vertex   -1.196000e+002 3.082339e+002 2.475388e+001
      vertex   -1.196000e+002 3.104995e+002 2.890001e+001
      vertex   -1.196000e+002 3.083277e+002 2.459887e+001
    endloop
  endfacet
  facet normal -7.773882e-001 0.000000e+000 0.000000e+000
    outer loop
      vertex   -1.196000e+002 3.083277e+002 2.459887e+001
      vertex   -1.196000e+002 3.104995e+002 2.890001e+001
      vertex   -1.196000e+002 3.084020e+002 2.443369e+001
    endloop
  endfacet
  facet normal -6.751393e-001 0.000000e+000 0.000000e+000
    outer loop
      vertex   -1.196000e+002 3.084020e+002 2.443369e+001
      vertex   -1.196000e+002 3.104995e+002 2.890001e+001
      vertex   -1.196000e+002 3.084559e+002 2.426076e+001
    endloop
  endfacet
  facet normal -5.614923e-001 0.000000e+000 0.000000e+000
    outer loop
      vertex   -1.196000e+002 3.084559e+002 2.426076e+001
      vertex   -1.196000e+002 3.104995e+002 2.890001e+001
      vertex   -1.196000e+002 3.084886e+002 2.408259e+001
    endloop
  endfacet
  facet normal -1.984230e-004 -0.000000e+000 0.000000e+000
    outer loop
      vertex   -1.196000e+002 3.030012e+002 1.590001e+001
      vertex   -1.196000e+002 3.030000e+002 9.901783e+000
      vertex   -1.196000e+002 3.030012e+002 1.890001e+001
    endloop
  endfacet
  facet normal -2.238217e-004 -0.000000e+000 0.000000e+000
    outer loop
      vertex   -1.196000e+002 3.030012e+002 1.890001e+001
      vertex   -1.196000e+002 3.030000e+002 9.901783e+000
      vertex   -1.196000e+002 3.030000e+002 3.190001e+001
    endloop
  endfacet
  facet normal -9.155273e-005 0.000000e+000 0.000000e+000
    outer loop
      vertex   -1.196000e+002 3.030012e+002 1.890001e+001
      vertex   -1.196000e+002 3.030000e+002 3.190001e+001
      vertex   -1.196000e+002 3.030012e+002 2.890001e+001
    endloop
  endfacet
  facet normal -3.967285e-004 0.000000e+000 0.000000e+000
    outer loop
      vertex   -1.196000e+002 3.030012e+002 2.890001e+001
      vertex   -1.196000e+002 3.030000e+002 3.190001e+001
      vertex   -1.196000e+002 3.030012e+002 3.190001e+001
    endloop
  endfacet
  facet normal -1.000000e+000 -0.000000e+000 -0.000000e+000
    outer loop
      vertex   -1.196000e+002 3.104995e+002 1.590001e+001
      vertex   -1.196000e+002 3.104995e+002 9.901783e+000
      vertex   -1.196000e+002 3.030012e+002 1.590001e+001
    endloop
  endfacet
  facet normal -7.810136e-001 0.000000e+000 -0.000000e+000
    outer loop
      vertex   -1.196000e+002 3.030012e+002 1.590001e+001
      vertex   -1.196000e+002 3.104995e+002 9.901783e+000
      vertex   -1.196000e+002 3.030000e+002 9.901783e+000
    endloop
  endfacet
  facet normal -0.000000e+000 -7.071068e-001 0.000000e+000
    outer loop
      vertex   -1.166000e+002 3.029995e+002 1.190178e+001
      vertex   -1.166000e+002 3.029995e+002 3.590178e+001
      vertex   -1.186000e+002 3.029995e+002 9.901783e+000
    endloop
  endfacet
  facet normal 0.000000e+000 -7.669650e-002 0.000000e+000
    outer loop
      vertex   -1.186000e+002 3.029995e+002 9.901783e+000
      vertex   -1.166000e+002 3.029995e+002 3.590178e+001
      vertex   -1.186000e+002 3.029995e+002 3.790178e+001
    endloop
  endfacet
  facet normal 0.000000e+000 -3.569379e-002 0.000000e+000
    outer loop
      vertex   -1.186000e+002 3.029995e+002 9.901783e+000
      vertex   -1.186000e+002 3.029995e+002 3.790178e+001
      vertex   -1.196000e+002 3.029995e+002 3.790001e+001
    endloop
  endfacet
  facet normal 0.000000e+000 -9.999984e-001 0.000000e+000
    outer loop
      vertex   -1.196000e+002 3.029995e+002 3.790001e+001
      vertex   -1.186000e+002 3.029995e+002 3.790178e+001
      vertex   -1.196000e+002 3.029995e+002 3.790178e+001
    endloop
  endfacet
  facet normal 0.000000e+000 -3.569379e-002 0.000000e+000
    outer loop
      vertex   -1.196000e+002 3.029995e+002 3.790001e+001
      vertex   -1.196000e+002 3.029995e+002 9.901783e+000
      vertex   -1.186000e+002 3.029995e+002 9.901783e+000
    endloop
  endfacet
  facet normal 0.000000e+000 0.000000e+000 -1.000000e+000
    outer loop
      vertex   -1.196000e+002 3.104995e+002 9.901783e+000
      vertex   -1.186000e+002 3.104995e+002 9.901783e+000
      vertex   -1.196000e+002 3.030000e+002 9.901783e+000
    endloop
  endfacet
  facet normal 0.000000e+000 0.000000e+000 -9.912952e-001
    outer loop
      vertex   -1.196000e+002 3.030000e+002 9.901783e+000
      vertex   -1.186000e+002 3.104995e+002 9.901783e+000
      vertex   -1.186000e+002 3.029995e+002 9.901783e+000
    endloop
  endfacet
  facet normal 0.000000e+000 0.000000e+000 -9.999999e-001
    outer loop
      vertex   -1.196000e+002 3.030000e+002 9.901783e+000
      vertex   -1.186000e+002 3.029995e+002 9.901783e+000
      vertex   -1.196000e+002 3.029995e+002 9.901783e+000
    endloop
  endfacet
  facet normal 0.000000e+000 0.000000e+000 1.000000e+000
    outer loop
      vertex   -1.186000e+002 3.104995e+002 3.790178e+001
      vertex   -1.196000e+002 3.104995e+002 3.790178e+001
      vertex   -1.186000e+002 3.029995e+002 3.790178e+001
    endloop
  endfacet
  facet normal 0.000000e+000 0.000000e+000 9.912279e-001
    outer loop
      vertex   -1.186000e+002 3.029995e+002 3.790178e+001
      vertex   -1.196000e+002 3.104995e+002 3.790178e+001
      vertex   -1.196000e+002 3.029995e+002 3.790178e+001
    endloop
  endfacet
  facet normal 1.000000e+000 -0.000000e+000 0.000000e+000
    outer loop
      vertex   -1.196000e+002 3.104995e+002 1.890001e+001
      vertex   -1.196000e+002 3.104995e+002 1.590001e+001
      vertex   -1.196000e+002 3.654995e+002 1.890001e+001
    endloop
  endfacet
  facet normal 9.985157e-001 0.000000e+000 0.000000e+000
    outer loop
      vertex   -1.196000e+002 3.654995e+002 1.890001e+001
      vertex   -1.196000e+002 3.104995e+002 1.590001e+001
      vertex   -1.196000e+002 3.654995e+002 1.590001e+001
    endloop
  endfacet
  facet normal 1.000000e+000 -0.000000e+000 0.000000e+000
    outer loop
      vertex   -1.196000e+002 3.104995e+002 3.790001e+001
      vertex   -1.196000e+002 3.104995e+002 2.890001e+001
      vertex   -1.196000e+002 3.654995e+002 3.790001e+001
    endloop
  endfacet
  facet normal 9.868746e-001 0.000000e+000 0.000000e+000
    outer loop
      vertex   -1.196000e+002 3.654995e+002 3.790001e+001
      vertex   -1.196000e+002 3.104995e+002 2.890001e+001
      vertex   -1.196000e+002 3.654995e+002 2.890001e+001
    endloop
  endfacet
  facet normal 1.000000e+000 0.000000e+000 0.000000e+000
    outer loop
      vertex   -1.196000e+002 3.030000e+002 9.901783e+000
      vertex   -1.196000e+002 3.029995e+002 9.901783e+000
      vertex   -1.196000e+002 3.030000e+002 9.900005e+000
    endloop
  endfacet
  facet normal 9.599538e-001 0.000000e+000 0.000000e+000
    outer loop
      vertex   -1.196000e+002 3.030000e+002 9.900005e+000
      vertex   -1.196000e+002 3.029995e+002 9.901783e+000
      vertex   -1.196000e+002 2.970000e+002 9.900005e+000
    endloop
  endfacet
  facet normal 9.999999e-001 0.000000e+000 0.000000e+000
    outer loop
      vertex   -1.196000e+002 2.970000e+002 9.900005e+000
      vertex   -1.196000e+002 3.029995e+002 9.901783e+000
      vertex   -1.196000e+002 2.970000e+002 3.790001e+001
    endloop
  endfacet
  facet normal 9.778034e-001 -0.000000e+000 0.000000e+000
    outer loop
      vertex   -1.196000e+002 2.970000e+002 3.790001e+001
      vertex   -1.196000e+002 3.029995e+002 9.901783e+000
      vertex   -1.196000e+002 3.029995e+002 3.790001e+001
    endloop
  endfacet
  facet normal -1.000000e+000 0.000000e+000 0.000000e+000
    outer loop
      vertex   -1.196000e+002 3.729995e+002 3.790001e+001
      vertex   -1.196000e+002 3.654995e+002 3.790001e+001
      vertex   -1.196000e+002 3.729995e+002 3.790178e+001
    endloop
  endfacet
  facet normal -2.370198e-004 -0.000000e+000 0.000000e+000
    outer loop
      vertex   -1.196000e+002 3.729995e+002 3.790178e+001
      vertex   -1.196000e+002 3.654995e+002 3.790001e+001
      vertex   -1.196000e+002 3.654995e+002 3.790178e+001
    endloop
  endfacet
  facet normal -1.000000e+000 -0.000000e+000 -0.000000e+000
    outer loop
      vertex   -1.196000e+002 3.729995e+002 1.590001e+001
      vertex   -1.196000e+002 3.729995e+002 9.901783e+000
      vertex   -1.196000e+002 3.654995e+002 1.590001e+001
    endloop
  endfacet
  facet normal -7.809591e-001 0.000000e+000 0.000000e+000
    outer loop
      vertex   -1.196000e+002 3.654995e+002 1.590001e+001
      vertex   -1.196000e+002 3.729995e+002 9.901783e+000
      vertex   -1.196000e+002 3.654995e+002 9.901783e+000
    endloop
  endfacet
  facet normal -5.148478e-001 0.000000e+000 0.000000e+000
    outer loop
      vertex   -1.196000e+002 3.704886e+002 2.408259e+001
      vertex   -1.196000e+002 3.729995e+002 2.890001e+001
      vertex   -1.196000e+002 3.704995e+002 2.390178e+001
    endloop
  endfacet
  facet normal -8.000001e-001 0.000000e+000 0.000000e+000
    outer loop
      vertex   -1.196000e+002 3.704995e+002 2.390178e+001
      vertex   -1.196000e+002 3.729995e+002 2.890001e+001
      vertex   -1.196000e+002 3.729995e+002 1.890001e+001
    endloop
  endfacet
  facet normal -5.002244e-001 0.000000e+000 -0.000000e+000
    outer loop
      vertex   -1.196000e+002 3.704995e+002 2.390178e+001
      vertex   -1.196000e+002 3.729995e+002 1.890001e+001
      vertex   -1.196000e+002 3.704886e+002 2.372098e+001
    endloop
  endfacet
  facet normal -6.142521e-001 0.000000e+000 -0.000000e+000
    outer loop
      vertex   -1.196000e+002 3.704886e+002 2.372098e+001
      vertex   -1.196000e+002 3.729995e+002 1.890001e+001
      vertex   -1.196000e+002 3.704559e+002 2.354281e+001
    endloop
  endfacet
  facet normal -7.196519e-001 0.000000e+000 -0.000000e+000
    outer loop
      vertex   -1.196000e+002 3.704559e+002 2.354281e+001
      vertex   -1.196000e+002 3.729995e+002 1.890001e+001
      vertex   -1.196000e+002 3.704020e+002 2.336987e+001
    endloop
  endfacet
  facet normal -8.130217e-001 0.000000e+000 -0.000000e+000
    outer loop
      vertex   -1.196000e+002 3.704020e+002 2.336987e+001
      vertex   -1.196000e+002 3.729995e+002 1.890001e+001
      vertex   -1.196000e+002 3.703277e+002 2.320470e+001
    endloop
  endfacet
  facet normal -8.908778e-001 0.000000e+000 -0.000000e+000
    outer loop
      vertex   -1.196000e+002 3.703277e+002 2.320470e+001
      vertex   -1.196000e+002 3.729995e+002 1.890001e+001
      vertex   -1.196000e+002 3.702339e+002 2.304969e+001
    endloop
  endfacet
  facet normal -9.497222e-001 0.000000e+000 -0.000000e+000
    outer loop
      vertex   -1.196000e+002 3.702339e+002 2.304969e+001
      vertex   -1.196000e+002 3.729995e+002 1.890001e+001
      vertex   -1.196000e+002 3.701223e+002 2.290710e+001
    endloop
  endfacet
  facet normal -9.867982e-001 0.000000e+000 -0.000000e+000
    outer loop
      vertex   -1.196000e+002 3.701223e+002 2.290710e+001
      vertex   -1.196000e+002 3.729995e+002 1.890001e+001
      vertex   -1.196000e+002 3.699942e+002 2.277902e+001
    endloop
  endfacet
  facet normal -9.999852e-001 0.000000e+000 -0.000000e+000
    outer loop
      vertex   -1.196000e+002 3.699942e+002 2.277902e+001
      vertex   -1.196000e+002 3.729995e+002 1.890001e+001
      vertex   -1.196000e+002 3.698516e+002 2.266731e+001
    endloop
  endfacet
  facet normal -9.884133e-001 0.000000e+000 -0.000000e+000
    outer loop
      vertex   -1.196000e+002 3.698516e+002 2.266731e+001
      vertex   -1.196000e+002 3.729995e+002 1.890001e+001
      vertex   -1.196000e+002 3.696966e+002 2.257360e+001
    endloop
  endfacet
  facet normal -9.525256e-001 0.000000e+000 -0.000000e+000
    outer loop
      vertex   -1.196000e+002 3.696966e+002 2.257360e+001
      vertex   -1.196000e+002 3.729995e+002 1.890001e+001
      vertex   -1.196000e+002 3.695314e+002 2.249926e+001
    endloop
  endfacet
  facet normal -8.939207e-001 0.000000e+000 -0.000000e+000
    outer loop
      vertex   -1.196000e+002 3.695314e+002 2.249926e+001
      vertex   -1.196000e+002 3.729995e+002 1.890001e+001
      vertex   -1.196000e+002 3.693585e+002 2.244537e+001
    endloop
  endfacet
  facet normal -8.153523e-001 0.000000e+000 -0.000000e+000
    outer loop
      vertex   -1.196000e+002 3.693585e+002 2.244537e+001
      vertex   -1.196000e+002 3.729995e+002 1.890001e+001
      vertex   -1.196000e+002 3.691803e+002 2.241272e+001
    endloop
  endfacet
  facet normal -7.201613e-001 0.000000e+000 -0.000000e+000
    outer loop
      vertex   -1.196000e+002 3.691803e+002 2.241272e+001
      vertex   -1.196000e+002 3.729995e+002 1.890001e+001
      vertex   -1.196000e+002 3.689995e+002 2.240178e+001
    endloop
  endfacet
  facet normal -9.978186e-001 0.000000e+000 -0.000000e+000
    outer loop
      vertex   -1.196000e+002 3.689995e+002 2.240178e+001
      vertex   -1.196000e+002 3.729995e+002 1.890001e+001
      vertex   -1.196000e+002 3.654995e+002 1.890001e+001
    endloop
  endfacet
  facet normal -7.486767e-001 -0.000000e+000 0.000000e+000
    outer loop
      vertex   -1.196000e+002 3.689995e+002 2.240178e+001
      vertex   -1.196000e+002 3.654995e+002 1.890001e+001
      vertex   -1.196000e+002 3.688187e+002 2.241272e+001
    endloop
  endfacet
  facet normal -8.387412e-001 -0.000000e+000 0.000000e+000
    outer loop
      vertex   -1.196000e+002 3.688187e+002 2.241272e+001
      vertex   -1.196000e+002 3.654995e+002 1.890001e+001
      vertex   -1.196000e+002 3.686405e+002 2.244537e+001
    endloop
  endfacet
  facet normal -9.119074e-001 -0.000000e+000 0.000000e+000
    outer loop
      vertex   -1.196000e+002 3.686405e+002 2.244537e+001
      vertex   -1.196000e+002 3.654995e+002 1.890001e+001
      vertex   -1.196000e+002 3.684676e+002 2.249926e+001
    endloop
  endfacet
  facet normal -9.646426e-001 -0.000000e+000 0.000000e+000
    outer loop
      vertex   -1.196000e+002 3.684676e+002 2.249926e+001
      vertex   -1.196000e+002 3.654995e+002 1.890001e+001
      vertex   -1.196000e+002 3.683024e+002 2.257360e+001
    endloop
  endfacet
  facet normal -9.941749e-001 -0.000000e+000 0.000000e+000
    outer loop
      vertex   -1.196000e+002 3.683024e+002 2.257360e+001
      vertex   -1.196000e+002 3.654995e+002 1.890001e+001
      vertex   -1.196000e+002 3.681474e+002 2.266731e+001
    endloop
  endfacet
  facet normal -9.986564e-001 -0.000000e+000 0.000000e+000
    outer loop
      vertex   -1.196000e+002 3.681474e+002 2.266731e+001
      vertex   -1.196000e+002 3.654995e+002 1.890001e+001
      vertex   -1.196000e+002 3.680048e+002 2.277902e+001
    endloop
  endfacet
  facet normal -9.776254e-001 -0.000000e+000 0.000000e+000
    outer loop
      vertex   -1.196000e+002 3.680048e+002 2.277902e+001
      vertex   -1.196000e+002 3.654995e+002 1.890001e+001
      vertex   -1.196000e+002 3.678767e+002 2.290710e+001
    endloop
  endfacet
  facet normal -9.320186e-001 -0.000000e+000 0.000000e+000
    outer loop
      vertex   -1.196000e+002 3.678767e+002 2.290710e+001
      vertex   -1.196000e+002 3.654995e+002 1.890001e+001
      vertex   -1.196000e+002 3.677650e+002 2.304969e+001
    endloop
  endfacet
  facet normal -8.641819e-001 -0.000000e+000 0.000000e+000
    outer loop
      vertex   -1.196000e+002 3.677650e+002 2.304969e+001
      vertex   -1.196000e+002 3.654995e+002 1.890001e+001
      vertex   -1.196000e+002 3.676713e+002 2.320470e+001
    endloop
  endfacet
  facet normal -7.771791e-001 -0.000000e+000 0.000000e+000
    outer loop
      vertex   -1.196000e+002 3.676713e+002 2.320470e+001
      vertex   -1.196000e+002 3.654995e+002 1.890001e+001
      vertex   -1.196000e+002 3.675970e+002 2.336987e+001
    endloop
  endfacet
  facet normal -6.749158e-001 -0.000000e+000 0.000000e+000
    outer loop
      vertex   -1.196000e+002 3.675970e+002 2.336987e+001
      vertex   -1.196000e+002 3.654995e+002 1.890001e+001
      vertex   -1.196000e+002 3.675431e+002 2.354281e+001
    endloop
  endfacet
  facet normal -5.612571e-001 -0.000000e+000 0.000000e+000
    outer loop
      vertex   -1.196000e+002 3.675431e+002 2.354281e+001
      vertex   -1.196000e+002 3.654995e+002 1.890001e+001
      vertex   -1.196000e+002 3.675104e+002 2.372098e+001
    endloop
  endfacet
  facet normal -4.399383e-001 -0.000000e+000 0.000000e+000
    outer loop
      vertex   -1.196000e+002 3.675104e+002 2.372098e+001
      vertex   -1.196000e+002 3.654995e+002 1.890001e+001
      vertex   -1.196000e+002 3.674995e+002 2.390178e+001
    endloop
  endfacet
  facet normal -6.896552e-001 -0.000000e+000 0.000000e+000
    outer loop
      vertex   -1.196000e+002 3.674995e+002 2.390178e+001
      vertex   -1.196000e+002 3.654995e+002 1.890001e+001
      vertex   -1.196000e+002 3.654995e+002 2.890001e+001
    endloop
  endfacet
  facet normal -4.268272e-001 0.000000e+000 0.000000e+000
    outer loop
      vertex   -1.196000e+002 3.674995e+002 2.390178e+001
      vertex   -1.196000e+002 3.654995e+002 2.890001e+001
      vertex   -1.196000e+002 3.675104e+002 2.408259e+001
    endloop
  endfacet
  facet normal -5.452641e-001 0.000000e+000 0.000000e+000
    outer loop
      vertex   -1.196000e+002 3.675104e+002 2.408259e+001
      vertex   -1.196000e+002 3.654995e+002 2.890001e+001
      vertex   -1.196000e+002 3.675431e+002 2.426076e+001
    endloop
  endfacet
  facet normal -6.571468e-001 0.000000e+000 0.000000e+000
    outer loop
      vertex   -1.196000e+002 3.675431e+002 2.426076e+001
      vertex   -1.196000e+002 3.654995e+002 2.890001e+001
      vertex   -1.196000e+002 3.675970e+002 2.443369e+001
    endloop
  endfacet
  facet normal -7.591209e-001 0.000000e+000 0.000000e+000
    outer loop
      vertex   -1.196000e+002 3.675970e+002 2.443369e+001
      vertex   -1.196000e+002 3.654995e+002 2.890001e+001
      vertex   -1.196000e+002 3.676713e+002 2.459887e+001
    endloop
  endfacet
  facet normal -8.475662e-001 0.000000e+000 0.000000e+000
    outer loop
      vertex   -1.196000e+002 3.676713e+002 2.459887e+001
      vertex   -1.196000e+002 3.654995e+002 2.890001e+001
      vertex   -1.196000e+002 3.677650e+002 2.475388e+001
    endloop
  endfacet
  facet normal -9.186265e-001 0.000000e+000 0.000000e+000
    outer loop
      vertex   -1.196000e+002 3.677650e+002 2.475388e+001
      vertex   -1.196000e+002 3.654995e+002 2.890001e+001
      vertex   -1.196000e+002 3.678767e+002 2.489647e+001
    endloop
  endfacet
  facet normal -9.690203e-001 0.000000e+000 0.000000e+000
    outer loop
      vertex   -1.196000e+002 3.678767e+002 2.489647e+001
      vertex   -1.196000e+002 3.654995e+002 2.890001e+001
      vertex   -1.196000e+002 3.680048e+002 2.502455e+001
    endloop
  endfacet
  facet normal -9.958974e-001 0.000000e+000 0.000000e+000
    outer loop
      vertex   -1.196000e+002 3.680048e+002 2.502455e+001
      vertex   -1.196000e+002 3.654995e+002 2.890001e+001
      vertex   -1.196000e+002 3.681474e+002 2.513626e+001
    endloop
  endfacet
  facet normal -9.975985e-001 0.000000e+000 0.000000e+000
    outer loop
      vertex   -1.196000e+002 3.681474e+002 2.513626e+001
      vertex   -1.196000e+002 3.654995e+002 2.890001e+001
      vertex   -1.196000e+002 3.683024e+002 2.522997e+001
    endloop
  endfacet
  facet normal -9.738136e-001 0.000000e+000 0.000000e+000
    outer loop
      vertex   -1.196000e+002 3.683024e+002 2.522997e+001
      vertex   -1.196000e+002 3.654995e+002 2.890001e+001
      vertex   -1.196000e+002 3.684676e+002 2.530431e+001
    endloop
  endfacet
  facet normal -9.256814e-001 0.000000e+000 0.000000e+000
    outer loop
      vertex   -1.196000e+002 3.684676e+002 2.530431e+001
      vertex   -1.196000e+002 3.654995e+002 2.890001e+001
      vertex   -1.196000e+002 3.686405e+002 2.535820e+001
    endloop
  endfacet
  facet normal -8.555170e-001 0.000000e+000 0.000000e+000
    outer loop
      vertex   -1.196000e+002 3.686405e+002 2.535820e+001
      vertex   -1.196000e+002 3.654995e+002 2.890001e+001
      vertex   -1.196000e+002 3.688187e+002 2.539085e+001
    endloop
  endfacet
  facet normal -7.666609e-001 0.000000e+000 0.000000e+000
    outer loop
      vertex   -1.196000e+002 3.688187e+002 2.539085e+001
      vertex   -1.196000e+002 3.654995e+002 2.890001e+001
      vertex   -1.196000e+002 3.689995e+002 2.540178e+001
    endloop
  endfacet
  facet normal -9.977514e-001 0.000000e+000 0.000000e+000
    outer loop
      vertex   -1.196000e+002 3.689995e+002 2.540178e+001
      vertex   -1.196000e+002 3.654995e+002 2.890001e+001
      vertex   -1.196000e+002 3.729995e+002 2.890001e+001
    endloop
  endfacet
  facet normal -7.025610e-001 0.000000e+000 0.000000e+000
    outer loop
      vertex   -1.196000e+002 3.689995e+002 2.540178e+001
      vertex   -1.196000e+002 3.729995e+002 2.890001e+001
      vertex   -1.196000e+002 3.691803e+002 2.539085e+001
    endloop
  endfacet
  facet normal -7.982402e-001 0.000000e+000 0.000000e+000
    outer loop
      vertex   -1.196000e+002 3.691803e+002 2.539085e+001
      vertex   -1.196000e+002 3.729995e+002 2.890001e+001
      vertex   -1.196000e+002 3.693585e+002 2.535820e+001
    endloop
  endfacet
  facet normal -8.789458e-001 0.000000e+000 0.000000e+000
    outer loop
      vertex   -1.196000e+002 3.693585e+002 2.535820e+001
      vertex   -1.196000e+002 3.729995e+002 2.890001e+001
      vertex   -1.196000e+002 3.695314e+002 2.530431e+001
    endloop
  endfacet
  facet normal -9.412825e-001 0.000000e+000 0.000000e+000
    outer loop
      vertex   -1.196000e+002 3.695314e+002 2.530431e+001
      vertex   -1.196000e+002 3.729995e+002 2.890001e+001
      vertex   -1.196000e+002 3.696966e+002 2.522997e+001
    endloop
  endfacet
  facet normal -9.821720e-001 0.000000e+000 0.000000e+000
    outer loop
      vertex   -1.196000e+002 3.696966e+002 2.522997e+001
      vertex   -1.196000e+002 3.729995e+002 2.890001e+001
      vertex   -1.196000e+002 3.698516e+002 2.513626e+001
    endloop
  endfacet
  facet normal -9.994903e-001 0.000000e+000 0.000000e+000
    outer loop
      vertex   -1.196000e+002 3.698516e+002 2.513626e+001
      vertex   -1.196000e+002 3.729995e+002 2.890001e+001
      vertex   -1.196000e+002 3.699942e+002 2.502455e+001
    endloop
  endfacet
  facet normal -9.920985e-001 0.000000e+000 0.000000e+000
    outer loop
      vertex   -1.196000e+002 3.699942e+002 2.502455e+001
      vertex   -1.196000e+002 3.729995e+002 2.890001e+001
      vertex   -1.196000e+002 3.701223e+002 2.489647e+001
    endloop
  endfacet
  facet normal -9.601800e-001 0.000000e+000 0.000000e+000
    outer loop
      vertex   -1.196000e+002 3.701223e+002 2.489647e+001
      vertex   -1.196000e+002 3.729995e+002 2.890001e+001
      vertex   -1.196000e+002 3.702339e+002 2.475388e+001
    endloop
  endfacet
  facet normal -9.052788e-001 0.000000e+000 0.000000e+000
    outer loop
      vertex   -1.196000e+002 3.702339e+002 2.475388e+001
      vertex   -1.196000e+002 3.729995e+002 2.890001e+001
      vertex   -1.196000e+002 3.703277e+002 2.459887e+001
    endloop
  endfacet
  facet normal -8.298087e-001 0.000000e+000 0.000000e+000
    outer loop
      vertex   -1.196000e+002 3.703277e+002 2.459887e+001
      vertex   -1.196000e+002 3.729995e+002 2.890001e+001
      vertex   -1.196000e+002 3.704020e+002 2.443369e+001
    endloop
  endfacet
  facet normal -7.371622e-001 0.000000e+000 0.000000e+000
    outer loop
      vertex   -1.196000e+002 3.704020e+002 2.443369e+001
      vertex   -1.196000e+002 3.729995e+002 2.890001e+001
      vertex   -1.196000e+002 3.704559e+002 2.426076e+001
    endloop
  endfacet
  facet normal -6.309533e-001 0.000000e+000 0.000000e+000
    outer loop
      vertex   -1.196000e+002 3.704559e+002 2.426076e+001
      vertex   -1.196000e+002 3.729995e+002 2.890001e+001
      vertex   -1.196000e+002 3.704886e+002 2.408259e+001
    endloop
  endfacet
  facet normal 0.000000e+000 0.000000e+000 -1.000000e+000
    outer loop
      vertex   -1.186000e+002 3.654995e+002 9.901783e+000
      vertex   -1.196000e+002 3.654995e+002 9.901783e+000
      vertex   -1.186000e+002 3.729995e+002 9.901783e+000
    endloop
  endfacet
  facet normal -0.000000e+000 0.000000e+000 -9.912279e-001
    outer loop
      vertex   -1.186000e+002 3.729995e+002 9.901783e+000
      vertex   -1.196000e+002 3.654995e+002 9.901783e+000
      vertex   -1.196000e+002 3.729995e+002 9.901783e+000
    endloop
  endfacet
  facet normal 0.000000e+000 7.071068e-001 0.000000e+000
    outer loop
      vertex   -1.166000e+002 3.729995e+002 3.590178e+001
      vertex   -1.166000e+002 3.729995e+002 1.190178e+001
      vertex   -1.186000e+002 3.729995e+002 3.790178e+001
    endloop
  endfacet
  facet normal 0.000000e+000 7.669650e-002 0.000000e+000
    outer loop
      vertex   -1.186000e+002 3.729995e+002 3.790178e+001
      vertex   -1.166000e+002 3.729995e+002 1.190178e+001
      vertex   -1.186000e+002 3.729995e+002 9.901783e+000
    endloop
  endfacet
  facet normal 0.000000e+000 1.104100e-001 0.000000e+000
    outer loop
      vertex   -1.186000e+002 3.729995e+002 3.790178e+001
      vertex   -1.186000e+002 3.729995e+002 9.901783e+000
      vertex   -1.196000e+002 3.729995e+002 2.890001e+001
    endloop
  endfacet
  facet normal 0.000000e+000 5.256374e-002 0.000000e+000
    outer loop
      vertex   -1.196000e+002 3.729995e+002 2.890001e+001
      vertex   -1.186000e+002 3.729995e+002 9.901783e+000
      vertex   -1.196000e+002 3.729995e+002 1.890001e+001
    endloop
  endfacet
  facet normal 0.000000e+000 1.104531e-001 0.000000e+000
    outer loop
      vertex   -1.196000e+002 3.729995e+002 1.890001e+001
      vertex   -1.186000e+002 3.729995e+002 9.901783e+000
      vertex   -1.196000e+002 3.729995e+002 1.590001e+001
    endloop
  endfacet
  facet normal 0.000000e+000 1.644464e-001 0.000000e+000
    outer loop
      vertex   -1.196000e+002 3.729995e+002 1.590001e+001
      vertex   -1.186000e+002 3.729995e+002 9.901783e+000
      vertex   -1.196000e+002 3.729995e+002 9.901783e+000
    endloop
  endfacet
  facet normal 0.000000e+000 1.104100e-001 0.000000e+000
    outer loop
      vertex   -1.196000e+002 3.729995e+002 2.890001e+001
      vertex   -1.196000e+002 3.729995e+002 3.790001e+001
      vertex   -1.186000e+002 3.729995e+002 3.790178e+001
    endloop
  endfacet
  facet normal 0.000000e+000 1.777646e-003 0.000000e+000
    outer loop
      vertex   -1.186000e+002 3.729995e+002 3.790178e+001
      vertex   -1.196000e+002 3.729995e+002 3.790001e+001
      vertex   -1.196000e+002 3.729995e+002 3.790178e+001
    endloop
  endfacet
  facet normal 0.000000e+000 0.000000e+000 1.000000e+000
    outer loop
      vertex   -1.186000e+002 3.729995e+002 3.790178e+001
      vertex   -1.196000e+002 3.729995e+002 3.790178e+001
      vertex   -1.186000e+002 3.654995e+002 3.790178e+001
    endloop
  endfacet
  facet normal 0.000000e+000 0.000000e+000 9.912279e-001
    outer loop
      vertex   -1.186000e+002 3.654995e+002 3.790178e+001
      vertex   -1.196000e+002 3.729995e+002 3.790178e+001
      vertex   -1.196000e+002 3.654995e+002 3.790178e+001
    endloop
  endfacet
  facet normal 1.000000e+000 -0.000000e+000 0.000000e+000
    outer loop
      vertex   -1.196000e+002 3.729995e+002 1.890001e+001
      vertex   -1.196000e+002 3.729995e+002 1.590001e+001
      vertex   -1.196000e+002 3.730000e+002 1.890001e+001
    endloop
  endfacet
  facet normal 1.729329e-004 0.000000e+000 0.000000e+000
    outer loop
      vertex   -1.196000e+002 3.730000e+002 1.890001e+001
      vertex   -1.196000e+002 3.729995e+002 1.590001e+001
      vertex   -1.196000e+002 3.730000e+002 1.590001e+001
    endloop
  endfacet
  facet normal 5.547002e-001 0.000000e+000 0.000000e+000
    outer loop
      vertex   -1.196000e+002 3.730000e+002 1.890001e+001
      vertex   -1.196000e+002 3.730000e+002 1.590001e+001
      vertex   -1.196000e+002 3.790000e+002 9.900005e+000
    endloop
  endfacet
  facet normal 7.071068e-001 0.000000e+000 0.000000e+000
    outer loop
      vertex   -1.196000e+002 3.790000e+002 9.900005e+000
      vertex   -1.196000e+002 3.730000e+002 1.590001e+001
      vertex   -1.196000e+002 3.730000e+002 9.900005e+000
    endloop
  endfacet
  facet normal 5.547002e-001 0.000000e+000 -0.000000e+000
    outer loop
      vertex   -1.196000e+002 3.790000e+002 9.900005e+000
      vertex   -1.196000e+002 3.790000e+002 3.790001e+001
      vertex   -1.196000e+002 3.730000e+002 1.890001e+001
    endloop
  endfacet
  facet normal 3.011314e-001 0.000000e+000 0.000000e+000
    outer loop
      vertex   -1.196000e+002 3.730000e+002 1.890001e+001
      vertex   -1.196000e+002 3.790000e+002 3.790001e+001
      vertex   -1.196000e+002 3.730000e+002 2.890001e+001
    endloop
  endfacet
  facet normal 5.547482e-001 0.000000e+000 -0.000000e+000
    outer loop
      vertex   -1.196000e+002 3.730000e+002 2.890001e+001
      vertex   -1.196000e+002 3.790000e+002 3.790001e+001
      vertex   -1.196000e+002 3.729995e+002 3.790001e+001
    endloop
  endfacet
  facet normal 1.000000e+000 0.000000e+000 0.000000e+000
    outer loop
      vertex   -1.196000e+002 3.730000e+002 2.890001e+001
      vertex   -1.196000e+002 3.729995e+002 3.790001e+001
      vertex   -1.196000e+002 3.729995e+002 2.890001e+001
    endloop
  endfacet
  facet normal 0.000000e+000 -1.000000e+000 0.000000e+000
    outer loop
      vertex   -1.226000e+002 3.030012e+002 3.190001e+001
      vertex   -1.226000e+002 3.030012e+002 2.890001e+001
      vertex   -1.196000e+002 3.030012e+002 3.190001e+001
    endloop
  endfacet
  facet normal 0.000000e+000 -7.071068e-001 -0.000000e+000
    outer loop
      vertex   -1.196000e+002 3.030012e+002 3.190001e+001
      vertex   -1.226000e+002 3.030012e+002 2.890001e+001
      vertex   -1.196000e+002 3.030012e+002 2.890001e+001
    endloop
  endfacet
  facet normal -0.000000e+000 -0.000000e+000 -1.000000e+000
    outer loop
      vertex   -1.196000e+002 3.730000e+002 2.890001e+001
      vertex   -1.196000e+002 3.729995e+002 2.890001e+001
      vertex   -1.226000e+002 3.730000e+002 2.890001e+001
    endloop
  endfacet
  facet normal 0.000000e+000 0.000000e+000 -9.284213e-001
    outer loop
      vertex   -1.226000e+002 3.730000e+002 2.890001e+001
      vertex   -1.196000e+002 3.729995e+002 2.890001e+001
      vertex   -1.196000e+002 3.654995e+002 2.890001e+001
    endloop
  endfacet
  facet normal 0.000000e+000 0.000000e+000 -3.713685e-001
    outer loop
      vertex   -1.226000e+002 3.730000e+002 2.890001e+001
      vertex   -1.196000e+002 3.654995e+002 2.890001e+001
      vertex   -1.226000e+002 3.380006e+002 2.890001e+001
    endloop
  endfacet
  facet normal 0.000000e+000 0.000000e+000 -2.156158e-001
    outer loop
      vertex   -1.226000e+002 3.380006e+002 2.890001e+001
      vertex   -1.196000e+002 3.654995e+002 2.890001e+001
      vertex   -1.196000e+002 3.104995e+002 2.890001e+001
    endloop
  endfacet
  facet normal 0.000000e+000 0.000000e+000 -1.084431e-001
    outer loop
      vertex   -1.226000e+002 3.380006e+002 2.890001e+001
      vertex   -1.196000e+002 3.104995e+002 2.890001e+001
      vertex   -1.226000e+002 3.030012e+002 2.890001e+001
    endloop
  endfacet
  facet normal 0.000000e+000 0.000000e+000 -9.284475e-001
    outer loop
      vertex   -1.226000e+002 3.030012e+002 2.890001e+001
      vertex   -1.196000e+002 3.104995e+002 2.890001e+001
      vertex   -1.196000e+002 3.030012e+002 2.890001e+001
    endloop
  endfacet
  facet normal -1.000000e+000 -0.000000e+000 -0.000000e+000
    outer loop
      vertex   -1.226000e+002 3.730000e+002 3.190001e+001
      vertex   -1.226000e+002 3.730000e+002 2.890001e+001
      vertex   -1.226000e+002 3.380006e+002 3.190001e+001
    endloop
  endfacet
  facet normal -9.963465e-001 0.000000e+000 0.000000e+000
    outer loop
      vertex   -1.226000e+002 3.380006e+002 3.190001e+001
      vertex   -1.226000e+002 3.730000e+002 2.890001e+001
      vertex   -1.226000e+002 3.380006e+002 2.890001e+001
    endloop
  endfacet
  facet normal -1.000000e+000 -0.000000e+000 -0.000000e+000
    outer loop
      vertex   -1.226000e+002 3.380006e+002 3.190001e+001
      vertex   -1.226000e+002 3.380006e+002 2.890001e+001
      vertex   -1.226000e+002 3.030012e+002 3.190001e+001
    endloop
  endfacet
  facet normal -9.963465e-001 0.000000e+000 0.000000e+000
    outer loop
      vertex   -1.226000e+002 3.030012e+002 3.190001e+001
      vertex   -1.226000e+002 3.380006e+002 2.890001e+001
      vertex   -1.226000e+002 3.030012e+002 2.890001e+001
    endloop
  endfacet
  facet normal 0.000000e+000 -1.000000e+000 0.000000e+000
    outer loop
      vertex   -1.196000e+002 3.730000e+002 1.890001e+001
      vertex   -1.196000e+002 3.730000e+002 2.890001e+001
      vertex   -1.226000e+002 3.730000e+002 1.890001e+001
    endloop
  endfacet
  facet normal 0.000000e+000 -2.873479e-001 0.000000e+000
    outer loop
      vertex   -1.226000e+002 3.730000e+002 1.890001e+001
      vertex   -1.196000e+002 3.730000e+002 2.890001e+001
      vertex   -1.226000e+002 3.730000e+002 2.890001e+001
    endloop
  endfacet
  facet normal -0.000000e+000 -7.071068e-001 0.000000e+000
    outer loop
      vertex   -1.226000e+002 3.730000e+002 1.890001e+001
      vertex   -1.226000e+002 3.730000e+002 2.890001e+001
      vertex   -1.256000e+002 3.730000e+002 1.590001e+001
    endloop
  endfacet
  facet normal 0.000000e+000 -7.071068e-001 0.000000e+000
    outer loop
      vertex   -1.256000e+002 3.730000e+002 1.590001e+001
      vertex   -1.226000e+002 3.730000e+002 2.890001e+001
      vertex   -1.356000e+002 3.730000e+002 3.190001e+001
    endloop
  endfacet
  facet normal 0.000000e+000 -8.479983e-001 0.000000e+000
    outer loop
      vertex   -1.256000e+002 3.730000e+002 1.590001e+001
      vertex   -1.356000e+002 3.730000e+002 3.190001e+001
      vertex   -1.356000e+002 3.730000e+002 1.590001e+001
    endloop
  endfacet
  facet normal 0.000000e+000 -9.743912e-001 0.000000e+000
    outer loop
      vertex   -1.226000e+002 3.730000e+002 2.890001e+001
      vertex   -1.226000e+002 3.730000e+002 3.190001e+001
      vertex   -1.356000e+002 3.730000e+002 3.190001e+001
    endloop
  endfacet
  facet normal 0.000000e+000 -7.071068e-001 -0.000000e+000
    outer loop
      vertex   -1.226000e+002 3.730000e+002 1.890001e+001
      vertex   -1.256000e+002 3.730000e+002 1.590001e+001
      vertex   -1.226000e+002 3.730000e+002 1.590001e+001
    endloop
  endfacet
  facet normal -0.000000e+000 -8.944272e-001 0.000000e+000
    outer loop
      vertex   -1.226000e+002 3.730000e+002 1.590001e+001
      vertex   -1.256000e+002 3.730000e+002 1.590001e+001
      vertex   -1.256000e+002 3.730000e+002 9.900005e+000
    endloop
  endfacet
  facet normal 0.000000e+000 -8.000000e-001 -0.000000e+000
    outer loop
      vertex   -1.226000e+002 3.730000e+002 1.590001e+001
      vertex   -1.256000e+002 3.730000e+002 9.900005e+000
      vertex   -1.196000e+002 3.730000e+002 9.900005e+000
    endloop
  endfacet
  facet normal 0.000000e+000 -4.472136e-001 0.000000e+000
    outer loop
      vertex   -1.196000e+002 3.730000e+002 9.900005e+000
      vertex   -1.196000e+002 3.730000e+002 1.590001e+001
      vertex   -1.226000e+002 3.730000e+002 1.590001e+001
    endloop
  endfacet
  facet normal -0.000000e+000 -0.000000e+000 -1.000000e+000
    outer loop
      vertex   -1.226000e+002 3.730000e+002 3.190001e+001
      vertex   -1.226000e+002 3.380006e+002 3.190001e+001
      vertex   -1.356000e+002 3.730000e+002 3.190001e+001
    endloop
  endfacet
  facet normal 0.000000e+000 0.000000e+000 -3.481919e-001
    outer loop
      vertex   -1.356000e+002 3.730000e+002 3.190001e+001
      vertex   -1.226000e+002 3.380006e+002 3.190001e+001
      vertex   -1.356000e+002 3.380000e+002 3.190001e+001
    endloop
  endfacet
  facet normal 0.000000e+000 0.000000e+000 -9.374378e-001
    outer loop
      vertex   -1.356000e+002 3.380000e+002 3.190001e+001
      vertex   -1.226000e+002 3.380006e+002 3.190001e+001
      vertex   -1.226000e+002 3.030012e+002 3.190001e+001
    endloop
  endfacet
  facet normal 0.000000e+000 0.000000e+000 -3.481969e-001
    outer loop
      vertex   -1.356000e+002 3.380000e+002 3.190001e+001
      vertex   -1.226000e+002 3.030012e+002 3.190001e+001
      vertex   -1.356000e+002 3.030000e+002 3.190001e+001
    endloop
  endfacet
  facet normal 0.000000e+000 0.000000e+000 -9.155273e-005
    outer loop
      vertex   -1.356000e+002 3.030000e+002 3.190001e+001
      vertex   -1.226000e+002 3.030012e+002 3.190001e+001
      vertex   -1.196000e+002 3.030000e+002 3.190001e+001
    endloop
  endfacet
  facet normal 0.000000e+000 0.000000e+000 -9.999999e-001
    outer loop
      vertex   -1.196000e+002 3.030000e+002 3.190001e+001
      vertex   -1.226000e+002 3.030012e+002 3.190001e+001
      vertex   -1.196000e+002 3.030012e+002 3.190001e+001
    endloop
  endfacet
  facet normal 0.000000e+000 0.000000e+000 1.000000e+000
    outer loop
      vertex   -1.196000e+002 3.730000e+002 1.890001e+001
      vertex   -1.226000e+002 3.730000e+002 1.890001e+001
      vertex   -1.196000e+002 3.729995e+002 1.890001e+001
    endloop
  endfacet
  facet normal 0.000000e+000 0.000000e+000 1.000000e+000
    outer loop
      vertex   -1.196000e+002 3.729995e+002 1.890001e+001
      vertex   -1.226000e+002 3.730000e+002 1.890001e+001
      vertex   -1.196000e+002 3.654995e+002 1.890001e+001
    endloop
  endfacet
  facet normal 0.000000e+000 0.000000e+000 4.698741e-001
    outer loop
      vertex   -1.196000e+002 3.654995e+002 1.890001e+001
      vertex   -1.226000e+002 3.730000e+002 1.890001e+001
      vertex   -1.226000e+002 3.380006e+002 1.890001e+001
    endloop
  endfacet
  facet normal 0.000000e+000 0.000000e+000 1.084519e-001
    outer loop
      vertex   -1.196000e+002 3.654995e+002 1.890001e+001
      vertex   -1.226000e+002 3.380006e+002 1.890001e+001
      vertex   -1.196000e+002 3.104995e+002 1.890001e+001
    endloop
  endfacet
  facet normal 0.000000e+000 0.000000e+000 4.699567e-001
    outer loop
      vertex   -1.196000e+002 3.104995e+002 1.890001e+001
      vertex   -1.226000e+002 3.380006e+002 1.890001e+001
      vertex   -1.226000e+002 3.030012e+002 1.890001e+001
    endloop
  endfacet
  facet normal 0.000000e+000 0.000000e+000 3.714637e-001
    outer loop
      vertex   -1.196000e+002 3.104995e+002 1.890001e+001
      vertex   -1.226000e+002 3.030012e+002 1.890001e+001
      vertex   -1.196000e+002 3.030012e+002 1.890001e+001
    endloop
  endfacet
  facet normal -1.000000e+000 -0.000000e+000 -0.000000e+000
    outer loop
      vertex   -1.226000e+002 3.730000e+002 1.890001e+001
      vertex   -1.226000e+002 3.730000e+002 1.590001e+001
      vertex   -1.226000e+002 3.380006e+002 1.890001e+001
    endloop
  endfacet
  facet normal -9.963465e-001 0.000000e+000 0.000000e+000
    outer loop
      vertex   -1.226000e+002 3.380006e+002 1.890001e+001
      vertex   -1.226000e+002 3.730000e+002 1.590001e+001
      vertex   -1.226000e+002 3.380006e+002 1.590001e+001
    endloop
  endfacet
  facet normal -1.000000e+000 -0.000000e+000 -0.000000e+000
    outer loop
      vertex   -1.226000e+002 3.380006e+002 1.890001e+001
      vertex   -1.226000e+002 3.380006e+002 1.590001e+001
      vertex   -1.226000e+002 3.030012e+002 1.890001e+001
    endloop
  endfacet
  facet normal -9.963465e-001 0.000000e+000 0.000000e+000
    outer loop
      vertex   -1.226000e+002 3.030012e+002 1.890001e+001
      vertex   -1.226000e+002 3.380006e+002 1.590001e+001
      vertex   -1.226000e+002 3.030012e+002 1.590001e+001
    endloop
  endfacet
  facet normal -0.000000e+000 -0.000000e+000 -1.000000e+000
    outer loop
      vertex   -1.196000e+002 3.730000e+002 1.590001e+001
      vertex   -1.196000e+002 3.729995e+002 1.590001e+001
      vertex   -1.226000e+002 3.730000e+002 1.590001e+001
    endloop
  endfacet
  facet normal 0.000000e+000 0.000000e+000 -9.284213e-001
    outer loop
      vertex   -1.226000e+002 3.730000e+002 1.590001e+001
      vertex   -1.196000e+002 3.729995e+002 1.590001e+001
      vertex   -1.196000e+002 3.654995e+002 1.590001e+001
    endloop
  endfacet
  facet normal 0.000000e+000 0.000000e+000 -3.713685e-001
    outer loop
      vertex   -1.226000e+002 3.730000e+002 1.590001e+001
      vertex   -1.196000e+002 3.654995e+002 1.590001e+001
      vertex   -1.226000e+002 3.380006e+002 1.590001e+001
    endloop
  endfacet
  facet normal 0.000000e+000 0.000000e+000 -2.156158e-001
    outer loop
      vertex   -1.226000e+002 3.380006e+002 1.590001e+001
      vertex   -1.196000e+002 3.654995e+002 1.590001e+001
      vertex   -1.196000e+002 3.104995e+002 1.590001e+001
    endloop
  endfacet
  facet normal 0.000000e+000 0.000000e+000 -1.084431e-001
    outer loop
      vertex   -1.226000e+002 3.380006e+002 1.590001e+001
      vertex   -1.196000e+002 3.104995e+002 1.590001e+001
      vertex   -1.226000e+002 3.030012e+002 1.590001e+001
    endloop
  endfacet
  facet normal 0.000000e+000 0.000000e+000 -9.284475e-001
    outer loop
      vertex   -1.226000e+002 3.030012e+002 1.590001e+001
      vertex   -1.196000e+002 3.104995e+002 1.590001e+001
      vertex   -1.196000e+002 3.030012e+002 1.590001e+001
    endloop
  endfacet
  facet normal 0.000000e+000 -1.000000e+000 0.000000e+000
    outer loop
      vertex   -1.226000e+002 3.030012e+002 1.890001e+001
      vertex   -1.226000e+002 3.030012e+002 1.590001e+001
      vertex   -1.196000e+002 3.030012e+002 1.890001e+001
    endloop
  endfacet
  facet normal 0.000000e+000 -7.071068e-001 -0.000000e+000
    outer loop
      vertex   -1.196000e+002 3.030012e+002 1.890001e+001
      vertex   -1.226000e+002 3.030012e+002 1.590001e+001
      vertex   -1.196000e+002 3.030012e+002 1.590001e+001
    endloop
  endfacet
  facet normal 0.000000e+000 1.000000e+000 -0.000000e+000
    outer loop
      vertex   -1.196000e+002 3.030000e+002 9.900005e+000
      vertex   -1.256000e+002 3.030000e+002 9.900005e+000
      vertex   -1.196000e+002 3.030000e+002 9.901783e+000
    endloop
  endfacet
  facet normal 0.000000e+000 7.072115e-001 0.000000e+000
    outer loop
      vertex   -1.196000e+002 3.030000e+002 9.901783e+000
      vertex   -1.256000e+002 3.030000e+002 9.900005e+000
      vertex   -1.256000e+002 3.030000e+002 1.590001e+001
    endloop
  endfacet
  facet normal 0.000000e+000 7.072116e-001 -0.000000e+000
    outer loop
      vertex   -1.196000e+002 3.030000e+002 9.901783e+000
      vertex   -1.256000e+002 3.030000e+002 1.590001e+001
      vertex   -1.196000e+002 3.030000e+002 3.190001e+001
    endloop
  endfacet
  facet normal 0.000000e+000 9.363292e-001 0.000000e+000
    outer loop
      vertex   -1.196000e+002 3.030000e+002 3.190001e+001
      vertex   -1.256000e+002 3.030000e+002 1.590001e+001
      vertex   -1.356000e+002 3.030000e+002 3.190001e+001
    endloop
  endfacet
  facet normal 0.000000e+000 5.299990e-001 0.000000e+000
    outer loop
      vertex   -1.356000e+002 3.030000e+002 3.190001e+001
      vertex   -1.256000e+002 3.030000e+002 1.590001e+001
      vertex   -1.356000e+002 3.030000e+002 1.590001e+001
    endloop
  endfacet
  facet normal 0.000000e+000 -1.000000e+000 0.000000e+000
    outer loop
      vertex   -1.196000e+002 2.970000e+002 9.900005e+000
      vertex   -1.196000e+002 2.970000e+002 3.790001e+001
      vertex   -1.356000e+002 2.970000e+002 9.900005e+000
    endloop
  endfacet
  facet normal 0.000000e+000 -4.961389e-001 0.000000e+000
    outer loop
      vertex   -1.356000e+002 2.970000e+002 9.900005e+000
      vertex   -1.196000e+002 2.970000e+002 3.790001e+001
      vertex   -1.356000e+002 2.970000e+002 3.790001e+001
    endloop
  endfacet
  facet normal 0.000000e+000 0.000000e+000 1.000000e+000
    outer loop
      vertex   -1.356000e+002 3.180000e+002 1.560001e+001
      vertex   -1.256000e+002 3.180000e+002 1.560001e+001
      vertex   -1.356000e+002 3.580000e+002 1.560001e+001
    endloop
  endfacet
  facet normal -0.000000e+000 0.000000e+000 9.701425e-001
    outer loop
      vertex   -1.356000e+002 3.580000e+002 1.560001e+001
      vertex   -1.256000e+002 3.180000e+002 1.560001e+001
      vertex   -1.256000e+002 3.580000e+002 1.560001e+001
    endloop
  endfacet
  facet normal 0.000000e+000 -1.000000e+000 0.000000e+000
    outer loop
      vertex   -1.356000e+002 3.580000e+002 1.560001e+001
      vertex   -1.256000e+002 3.580000e+002 1.560001e+001
      vertex   -1.356000e+002 3.580000e+002 1.590001e+001
    endloop
  endfacet
  facet normal 0.000000e+000 -2.998653e-002 0.000000e+000
    outer loop
      vertex   -1.356000e+002 3.580000e+002 1.590001e+001
      vertex   -1.256000e+002 3.580000e+002 1.560001e+001
      vertex   -1.256000e+002 3.580000e+002 1.590001e+001
    endloop
  endfacet
  facet normal -0.000000e+000 1.000000e+000 0.000000e+000
    outer loop
      vertex   -1.356000e+002 3.180000e+002 1.590001e+001
      vertex   -1.256000e+002 3.180000e+002 1.590001e+001
      vertex   -1.356000e+002 3.180000e+002 1.560001e+001
    endloop
  endfacet
  facet normal 0.000000e+000 2.998653e-002 0.000000e+000
    outer loop
      vertex   -1.356000e+002 3.180000e+002 1.560001e+001
      vertex   -1.256000e+002 3.180000e+002 1.590001e+001
      vertex   -1.256000e+002 3.180000e+002 1.560001e+001
    endloop
  endfacet
  facet normal 0.000000e+000 0.000000e+000 1.000000e+000
    outer loop
      vertex   -1.356000e+002 3.580000e+002 1.590001e+001
      vertex   -1.256000e+002 3.580000e+002 1.590001e+001
      vertex   -1.356000e+002 3.730000e+002 1.590001e+001
    endloop
  endfacet
  facet normal -0.000000e+000 0.000000e+000 8.320503e-001
    outer loop
      vertex   -1.356000e+002 3.730000e+002 1.590001e+001
      vertex   -1.256000e+002 3.580000e+002 1.590001e+001
      vertex   -1.256000e+002 3.730000e+002 1.590001e+001
    endloop
  endfacet
  facet normal 0.000000e+000 0.000000e+000 1.000000e+000
    outer loop
      vertex   -1.256000e+002 3.180000e+002 1.590001e+001
      vertex   -1.356000e+002 3.180000e+002 1.590001e+001
      vertex   -1.256000e+002 3.030000e+002 1.590001e+001
    endloop
  endfacet
  facet normal 0.000000e+000 0.000000e+000 8.320503e-001
    outer loop
      vertex   -1.256000e+002 3.030000e+002 1.590001e+001
      vertex   -1.356000e+002 3.180000e+002 1.590001e+001
      vertex   -1.356000e+002 3.030000e+002 1.590001e+001
    endloop
  endfacet
  facet normal 1.000000e+000 0.000000e+000 0.000000e+000
    outer loop
      vertex   -1.256000e+002 3.180000e+002 1.590001e+001
      vertex   -1.256000e+002 3.030000e+002 1.590001e+001
      vertex   -1.256000e+002 3.180000e+002 1.560001e+001
    endloop
  endfacet
  facet normal 3.738387e-001 0.000000e+000 0.000000e+000
    outer loop
      vertex   -1.256000e+002 3.180000e+002 1.560001e+001
      vertex   -1.256000e+002 3.030000e+002 1.590001e+001
      vertex   -1.256000e+002 3.030000e+002 9.900005e+000
    endloop
  endfacet
  facet normal 5.978258e-001 0.000000e+000 0.000000e+000
    outer loop
      vertex   -1.256000e+002 3.180000e+002 1.560001e+001
      vertex   -1.256000e+002 3.030000e+002 9.900005e+000
      vertex   -1.256000e+002 3.380000e+002 9.900005e+000
    endloop
  endfacet
  facet normal 2.740860e-001 -0.000000e+000 0.000000e+000
    outer loop
      vertex   -1.256000e+002 3.180000e+002 1.560001e+001
      vertex   -1.256000e+002 3.380000e+002 9.900005e+000
      vertex   -1.256000e+002 3.580000e+002 1.560001e+001
    endloop
  endfacet
  facet normal 5.978258e-001 0.000000e+000 0.000000e+000
    outer loop
      vertex   -1.256000e+002 3.580000e+002 1.560001e+001
      vertex   -1.256000e+002 3.380000e+002 9.900005e+000
      vertex   -1.256000e+002 3.730000e+002 9.900005e+000
    endloop
  endfacet
  facet normal 3.738387e-001 -0.000000e+000 0.000000e+000
    outer loop
      vertex   -1.256000e+002 3.580000e+002 1.560001e+001
      vertex   -1.256000e+002 3.730000e+002 9.900005e+000
      vertex   -1.256000e+002 3.730000e+002 1.590001e+001
    endloop
  endfacet
  facet normal 1.999601e-002 0.000000e+000 0.000000e+000
    outer loop
      vertex   -1.256000e+002 3.730000e+002 1.590001e+001
      vertex   -1.256000e+002 3.580000e+002 1.590001e+001
      vertex   -1.256000e+002 3.580000e+002 1.560001e+001
    endloop
  endfacet
  facet normal 0.000000e+000 0.000000e+000 -1.000000e+000
    outer loop
      vertex   -1.196000e+002 3.730000e+002 9.900005e+000
      vertex   -1.256000e+002 3.730000e+002 9.900005e+000
      vertex   -1.196000e+002 3.790000e+002 9.900005e+000
    endloop
  endfacet
  facet normal -0.000000e+000 0.000000e+000 -7.071068e-001
    outer loop
      vertex   -1.196000e+002 3.790000e+002 9.900005e+000
      vertex   -1.256000e+002 3.730000e+002 9.900005e+000
      vertex   -1.356000e+002 3.790000e+002 9.900005e+000
    endloop
  endfacet
  facet normal 0.000000e+000 0.000000e+000 -8.574929e-001
    outer loop
      vertex   -1.356000e+002 3.790000e+002 9.900005e+000
      vertex   -1.256000e+002 3.730000e+002 9.900005e+000
      vertex   -1.356000e+002 3.380000e+002 9.900005e+000
    endloop
  endfacet
  facet normal 0.000000e+000 0.000000e+000 -9.615240e-001
    outer loop
      vertex   -1.356000e+002 3.380000e+002 9.900005e+000
      vertex   -1.256000e+002 3.730000e+002 9.900005e+000
      vertex   -1.256000e+002 3.380000e+002 9.900005e+000
    endloop
  endfacet
  facet normal 0.000000e+000 0.000000e+000 -9.615240e-001
    outer loop
      vertex   -1.356000e+002 3.380000e+002 9.900005e+000
      vertex   -1.256000e+002 3.380000e+002 9.900005e+000
      vertex   -1.256000e+002 3.030000e+002 9.900005e+000
    endloop
  endfacet
  facet normal -0.000000e+000 -0.000000e+000 -1.000000e+000
    outer loop
      vertex   -1.196000e+002 3.030000e+002 9.900005e+000
      vertex   -1.196000e+002 2.970000e+002 9.900005e+000
      vertex   -1.256000e+002 3.030000e+002 9.900005e+000
    endloop
  endfacet
  facet normal 0.000000e+000 -0.000000e+000 -9.701425e-001
    outer loop
      vertex   -1.256000e+002 3.030000e+002 9.900005e+000
      vertex   -1.196000e+002 2.970000e+002 9.900005e+000
      vertex   -1.356000e+002 2.970000e+002 9.900005e+000
    endloop
  endfacet
  facet normal -0.000000e+000 0.000000e+000 -9.658428e-001
    outer loop
      vertex   -1.256000e+002 3.030000e+002 9.900005e+000
      vertex   -1.356000e+002 2.970000e+002 9.900005e+000
      vertex   -1.356000e+002 3.380000e+002 9.900005e+000
    endloop
  endfacet
  facet normal 0.000000e+000 1.000000e+000 0.000000e+000
    outer loop
      vertex   -1.356000e+002 3.790000e+002 9.900005e+000
      vertex   -1.356000e+002 3.790000e+002 3.790001e+001
      vertex   -1.196000e+002 3.790000e+002 9.900005e+000
    endloop
  endfacet
  facet normal 0.000000e+000 4.961389e-001 -0.000000e+000
    outer loop
      vertex   -1.196000e+002 3.790000e+002 9.900005e+000
      vertex   -1.356000e+002 3.790000e+002 3.790001e+001
      vertex   -1.196000e+002 3.790000e+002 3.790001e+001
    endloop
  endfacet
  facet normal 0.000000e+000 -0.000000e+000 1.000000e+000
    outer loop
      vertex   -1.196000e+002 2.970000e+002 3.790001e+001
      vertex   -1.196000e+002 3.029995e+002 3.790001e+001
      vertex   -1.356000e+002 2.970000e+002 3.790001e+001
    endloop
  endfacet
  facet normal 0.000000e+000 0.000000e+000 3.354598e-001
    outer loop
      vertex   -1.356000e+002 2.970000e+002 3.790001e+001
      vertex   -1.196000e+002 3.029995e+002 3.790001e+001
      vertex   -1.196000e+002 3.104995e+002 3.790001e+001
    endloop
  endfacet
  facet normal 0.000000e+000 0.000000e+000 7.643037e-001
    outer loop
      vertex   -1.356000e+002 2.970000e+002 3.790001e+001
      vertex   -1.196000e+002 3.104995e+002 3.790001e+001
      vertex   -1.356000e+002 3.380000e+002 3.790001e+001
    endloop
  endfacet
  facet normal -0.000000e+000 0.000000e+000 8.693504e-001
    outer loop
      vertex   -1.356000e+002 3.380000e+002 3.790001e+001
      vertex   -1.196000e+002 3.104995e+002 3.790001e+001
      vertex   -1.196000e+002 3.654995e+002 3.790001e+001
    endloop
  endfacet
  facet normal 0.000000e+000 0.000000e+000 5.029007e-001
    outer loop
      vertex   -1.356000e+002 3.380000e+002 3.790001e+001
      vertex   -1.196000e+002 3.654995e+002 3.790001e+001
      vertex   -1.356000e+002 3.790000e+002 3.790001e+001
    endloop
  endfacet
  facet normal 0.000000e+000 0.000000e+000 3.354419e-001
    outer loop
      vertex   -1.356000e+002 3.790000e+002 3.790001e+001
      vertex   -1.196000e+002 3.654995e+002 3.790001e+001
      vertex   -1.196000e+002 3.729995e+002 3.790001e+001
    endloop
  endfacet
  facet normal -0.000000e+000 0.000000e+000 3.511501e-001
    outer loop
      vertex   -1.356000e+002 3.790000e+002 3.790001e+001
      vertex   -1.196000e+002 3.729995e+002 3.790001e+001
      vertex   -1.196000e+002 3.790000e+002 3.790001e+001
    endloop
  endfacet
  facet normal -1.000000e+000 -0.000000e+000 -0.000000e+000
    outer loop
      vertex   -1.356000e+002 3.180000e+002 1.590001e+001
      vertex   -1.356000e+002 3.180000e+002 1.560001e+001
      vertex   -1.356000e+002 3.030000e+002 1.590001e+001
    endloop
  endfacet
  facet normal -7.211047e-001 0.000000e+000 -0.000000e+000
    outer loop
      vertex   -1.356000e+002 3.030000e+002 1.590001e+001
      vertex   -1.356000e+002 3.180000e+002 1.560001e+001
      vertex   -1.356000e+002 2.970000e+002 9.900005e+000
    endloop
  endfacet
  facet normal -8.682432e-001 -0.000000e+000 0.000000e+000
    outer loop
      vertex   -1.356000e+002 3.030000e+002 1.590001e+001
      vertex   -1.356000e+002 2.970000e+002 9.900005e+000
      vertex   -1.356000e+002 2.970000e+002 3.790001e+001
    endloop
  endfacet
  facet normal -2.619506e-001 0.000000e+000 0.000000e+000
    outer loop
      vertex   -1.356000e+002 2.970000e+002 9.900005e+000
      vertex   -1.356000e+002 3.180000e+002 1.560001e+001
      vertex   -1.356000e+002 3.380000e+002 9.900005e+000
    endloop
  endfacet
  facet normal -5.271798e-001 0.000000e+000 0.000000e+000
    outer loop
      vertex   -1.356000e+002 3.380000e+002 9.900005e+000
      vertex   -1.356000e+002 3.180000e+002 1.560001e+001
      vertex   -1.356000e+002 3.580000e+002 1.560001e+001
    endloop
  endfacet
  facet normal -2.740860e-001 0.000000e+000 0.000000e+000
    outer loop
      vertex   -1.356000e+002 3.380000e+002 9.900005e+000
      vertex   -1.356000e+002 3.580000e+002 1.560001e+001
      vertex   -1.356000e+002 3.790000e+002 9.900005e+000
    endloop
  endfacet
  facet normal -4.971884e-001 0.000000e+000 0.000000e+000
    outer loop
      vertex   -1.356000e+002 3.790000e+002 9.900005e+000
      vertex   -1.356000e+002 3.580000e+002 1.560001e+001
      vertex   -1.356000e+002 3.730000e+002 1.590001e+001
    endloop
  endfacet
  facet normal -4.961389e-001 0.000000e+000 0.000000e+000
    outer loop
      vertex   -1.356000e+002 3.790000e+002 9.900005e+000
      vertex   -1.356000e+002 3.730000e+002 1.590001e+001
      vertex   -1.356000e+002 3.730000e+002 3.190001e+001
    endloop
  endfacet
  facet normal -9.998001e-001 0.000000e+000 0.000000e+000
    outer loop
      vertex   -1.356000e+002 3.580000e+002 1.560001e+001
      vertex   -1.356000e+002 3.580000e+002 1.590001e+001
      vertex   -1.356000e+002 3.730000e+002 1.590001e+001
    endloop
  endfacet
  facet normal -1.000000e+000 0.000000e+000 0.000000e+000
    outer loop
      vertex   -1.356000e+002 3.380000e+002 3.190001e+001
      vertex   -1.356000e+002 3.380000e+002 3.790001e+001
      vertex   -1.356000e+002 3.730000e+002 3.190001e+001
    endloop
  endfacet
  facet normal -8.164157e-001 0.000000e+000 0.000000e+000
    outer loop
      vertex   -1.356000e+002 3.730000e+002 3.190001e+001
      vertex   -1.356000e+002 3.380000e+002 3.790001e+001
      vertex   -1.356000e+002 3.790000e+002 3.790001e+001
    endloop
  endfacet
  facet normal -8.682432e-001 0.000000e+000 0.000000e+000
    outer loop
      vertex   -1.356000e+002 3.730000e+002 3.190001e+001
      vertex   -1.356000e+002 3.790000e+002 3.790001e+001
      vertex   -1.356000e+002 3.790000e+002 9.900005e+000
    endloop
  endfacet
  facet normal -1.000000e+000 0.000000e+000 0.000000e+000
    outer loop
      vertex   -1.356000e+002 3.380000e+002 3.190001e+001
      vertex   -1.356000e+002 3.030000e+002 3.190001e+001
      vertex   -1.356000e+002 3.380000e+002 3.790001e+001
    endloop
  endfacet
  facet normal -1.689638e-001 -0.000000e+000 0.000000e+000
    outer loop
      vertex   -1.356000e+002 3.380000e+002 3.790001e+001
      vertex   -1.356000e+002 3.030000e+002 3.190001e+001
      vertex   -1.356000e+002 2.970000e+002 3.790001e+001
    endloop
  endfacet
  facet normal -4.961389e-001 0.000000e+000 0.000000e+000
    outer loop
      vertex   -1.356000e+002 2.970000e+002 3.790001e+001
      vertex   -1.356000e+002 3.030000e+002 3.190001e+001
      vertex   -1.356000e+002 3.030000e+002 1.590001e+001
    endloop
  endfacet
endsolid
