solid ascii
  facet normal 1.000000e+000 0.000000e+000 -0.000000e+000
    outer loop
      vertex   -3.344553e+001 3.615000e+002 8.678646e-001
      vertex   -3.344553e+001 3.615000e+002 7.167865e+000
      vertex   -3.344553e+001 3.430000e+002 8.678646e-001
    endloop
  endfacet
  facet normal 9.466167e-001 0.000000e+000 0.000000e+000
    outer loop
      vertex   -3.344553e+001 3.430000e+002 8.678646e-001
      vertex   -3.344553e+001 3.615000e+002 7.167865e+000
      vertex   -3.344553e+001 3.430000e+002 7.167865e+000
    endloop
  endfacet
  facet normal 0.000000e+000 1.000000e+000 0.000000e+000
    outer loop
      vertex   -3.300000e+001 3.430000e+002 7.167865e+000
      vertex   -3.300000e+001 3.430000e+002 8.678646e-001
      vertex   -3.344553e+001 3.430000e+002 7.167865e+000
    endloop
  endfacet
  facet normal 0.000000e+000 7.054346e-002 0.000000e+000
    outer loop
      vertex   -3.344553e+001 3.430000e+002 7.167865e+000
      vertex   -3.300000e+001 3.430000e+002 8.678646e-001
      vertex   -3.344553e+001 3.430000e+002 8.678646e-001
    endloop
  endfacet
  facet normal 0.000000e+000 0.000000e+000 -3.425172e-002
    outer loop
      vertex   -3.344553e+001 3.430000e+002 7.167865e+000
      vertex   -3.344553e+001 3.615000e+002 7.167865e+000
      vertex   -3.300000e+001 3.560000e+002 7.167865e+000
    endloop
  endfacet
  facet normal 0.000000e+000 0.000000e+000 -9.919194e-001
    outer loop
      vertex   -3.300000e+001 3.560000e+002 7.167865e+000
      vertex   -3.344553e+001 3.615000e+002 7.167865e+000
      vertex   -6.945534e+000 3.615000e+002 7.167865e+000
    endloop
  endfacet
  facet normal 0.000000e+000 0.000000e+000 -2.065444e-001
    outer loop
      vertex   -3.300000e+001 3.560000e+002 7.167865e+000
      vertex   -6.945534e+000 3.615000e+002 7.167865e+000
      vertex   -6.945534e+000 3.560000e+002 7.167865e+000
    endloop
  endfacet
  facet normal 0.000000e+000 -0.000000e+000 -3.425172e-002
    outer loop
      vertex   -3.300000e+001 3.560000e+002 7.167865e+000
      vertex   -3.300000e+001 3.430000e+002 7.167865e+000
      vertex   -3.344553e+001 3.430000e+002 7.167865e+000
    endloop
  endfacet
  facet normal 0.000000e+000 -0.000000e+000 1.000000e+000
    outer loop
      vertex   -6.945534e+000 3.560000e+002 8.678646e-001
      vertex   -6.945534e+000 3.615000e+002 8.678646e-001
      vertex   -3.300000e+001 3.560000e+002 8.678646e-001
    endloop
  endfacet
  facet normal 0.000000e+000 -0.000000e+000 9.919194e-001
    outer loop
      vertex   -3.300000e+001 3.560000e+002 8.678646e-001
      vertex   -6.945534e+000 3.615000e+002 8.678646e-001
      vertex   -3.344553e+001 3.615000e+002 8.678646e-001
    endloop
  endfacet
  facet normal 0.000000e+000 0.000000e+000 1.148342e-001
    outer loop
      vertex   -3.300000e+001 3.560000e+002 8.678646e-001
      vertex   -3.344553e+001 3.615000e+002 8.678646e-001
      vertex   -3.344553e+001 3.430000e+002 8.678646e-001
    endloop
  endfacet
  facet normal 0.000000e+000 0.000000e+000 9.994133e-001
    outer loop
      vertex   -3.344553e+001 3.430000e+002 8.678646e-001
      vertex   -3.300000e+001 3.430000e+002 8.678646e-001
      vertex   -3.300000e+001 3.560000e+002 8.678646e-001
    endloop
  endfacet
  facet normal -1.000000e+000 -0.000000e+000 -0.000000e+000
    outer loop
      vertex   -6.945534e+000 3.615000e+002 7.167865e+000
      vertex   -6.945534e+000 3.615000e+002 8.678646e-001
      vertex   -6.945534e+000 3.560000e+002 7.167865e+000
    endloop
  endfacet
  facet normal -6.576576e-001 0.000000e+000 0.000000e+000
    outer loop
      vertex   -6.945534e+000 3.560000e+002 7.167865e+000
      vertex   -6.945534e+000 3.615000e+002 8.678646e-001
      vertex   -6.945534e+000 3.560000e+002 8.678646e-001
    endloop
  endfacet
  facet normal 1.000000e+000 0.000000e+000 0.000000e+000
    outer loop
      vertex   -3.300000e+001 3.560000e+002 8.678646e-001
      vertex   -3.300000e+001 3.430000e+002 8.678646e-001
      vertex   -3.300000e+001 3.560000e+002 -3.500000e+000
    endloop
  endfacet
  facet normal 3.184930e-001 0.000000e+000 0.000000e+000
    outer loop
      vertex   -3.300000e+001 3.560000e+002 -3.500000e+000
      vertex   -3.300000e+001 3.430000e+002 8.678646e-001
      vertex   -3.300000e+001 3.270000e+002 -3.500000e+000
    endloop
  endfacet
  facet normal 5.081161e-001 0.000000e+000 -0.000000e+000
    outer loop
      vertex   -3.300000e+001 3.270000e+002 -3.500000e+000
      vertex   -3.300000e+001 3.430000e+002 8.678646e-001
      vertex   -3.300000e+001 3.110000e+002 8.678646e-001
    endloop
  endfacet
  facet normal 2.633547e-001 0.000000e+000 0.000000e+000
    outer loop
      vertex   -3.300000e+001 3.270000e+002 -3.500000e+000
      vertex   -3.300000e+001 3.110000e+002 8.678646e-001
      vertex   -3.300000e+001 2.980000e+002 -3.500000e+000
    endloop
  endfacet
  facet normal 9.479252e-001 0.000000e+000 0.000000e+000
    outer loop
      vertex   -3.300000e+001 2.980000e+002 -3.500000e+000
      vertex   -3.300000e+001 3.110000e+002 8.678646e-001
      vertex   -3.300000e+001 2.980000e+002 8.678646e-001
    endloop
  endfacet
  facet normal 1.000000e+000 0.000000e+000 -0.000000e+000
    outer loop
      vertex   -3.300000e+001 3.430000e+002 8.678646e-001
      vertex   -3.300000e+001 3.430000e+002 7.167865e+000
      vertex   -3.300000e+001 3.110000e+002 8.678646e-001
    endloop
  endfacet
  facet normal 9.811659e-001 0.000000e+000 0.000000e+000
    outer loop
      vertex   -3.300000e+001 3.110000e+002 8.678646e-001
      vertex   -3.300000e+001 3.430000e+002 7.167865e+000
      vertex   -3.300000e+001 3.110000e+002 7.167865e+000
    endloop
  endfacet
  facet normal 5.534551e-001 0.000000e+000 0.000000e+000
    outer loop
      vertex   -3.300000e+001 3.110000e+002 7.167865e+000
      vertex   -3.300000e+001 3.430000e+002 7.167865e+000
      vertex   -3.300000e+001 3.270000e+002 1.780000e+001
    endloop
  endfacet
  facet normal 9.557037e-001 0.000000e+000 -0.000000e+000
    outer loop
      vertex   -3.300000e+001 3.110000e+002 7.167865e+000
      vertex   -3.300000e+001 3.270000e+002 1.780000e+001
      vertex   -3.300000e+001 2.980000e+002 1.780000e+001
    endloop
  endfacet
  facet normal 1.000000e+000 0.000000e+000 -0.000000e+000
    outer loop
      vertex   -3.300000e+001 3.560000e+002 7.167865e+000
      vertex   -3.300000e+001 3.560000e+002 1.780000e+001
      vertex   -3.300000e+001 3.430000e+002 7.167865e+000
    endloop
  endfacet
  facet normal 9.557037e-001 0.000000e+000 -0.000000e+000
    outer loop
      vertex   -3.300000e+001 3.430000e+002 7.167865e+000
      vertex   -3.300000e+001 3.560000e+002 1.780000e+001
      vertex   -3.300000e+001 3.270000e+002 1.780000e+001
    endloop
  endfacet
  facet normal 7.740807e-001 0.000000e+000 0.000000e+000
    outer loop
      vertex   -3.300000e+001 2.980000e+002 1.780000e+001
      vertex   -3.300000e+001 2.980000e+002 7.167865e+000
      vertex   -3.300000e+001 3.110000e+002 7.167865e+000
    endloop
  endfacet
  facet normal -0.000000e+000 -0.000000e+000 -1.000000e+000
    outer loop
      vertex   -6.945534e+000 2.980000e+002 7.167865e+000
      vertex   -6.945534e+000 2.925000e+002 7.167865e+000
      vertex   -3.300000e+001 2.980000e+002 7.167865e+000
    endloop
  endfacet
  facet normal 0.000000e+000 -0.000000e+000 -9.919194e-001
    outer loop
      vertex   -3.300000e+001 2.980000e+002 7.167865e+000
      vertex   -6.945534e+000 2.925000e+002 7.167865e+000
      vertex   -3.344553e+001 2.925000e+002 7.167865e+000
    endloop
  endfacet
  facet normal -0.000000e+000 0.000000e+000 -1.148342e-001
    outer loop
      vertex   -3.300000e+001 2.980000e+002 7.167865e+000
      vertex   -3.344553e+001 2.925000e+002 7.167865e+000
      vertex   -3.344553e+001 3.110000e+002 7.167865e+000
    endloop
  endfacet
  facet normal 0.000000e+000 0.000000e+000 -9.994133e-001
    outer loop
      vertex   -3.344553e+001 3.110000e+002 7.167865e+000
      vertex   -3.300000e+001 3.110000e+002 7.167865e+000
      vertex   -3.300000e+001 2.980000e+002 7.167865e+000
    endloop
  endfacet
  facet normal -1.000000e+000 0.000000e+000 0.000000e+000
    outer loop
      vertex   -6.945534e+000 2.925000e+002 8.678646e-001
      vertex   -6.945534e+000 2.925000e+002 7.167865e+000
      vertex   -6.945534e+000 2.980000e+002 8.678646e-001
    endloop
  endfacet
  facet normal -6.576576e-001 0.000000e+000 0.000000e+000
    outer loop
      vertex   -6.945534e+000 2.980000e+002 8.678646e-001
      vertex   -6.945534e+000 2.925000e+002 7.167865e+000
      vertex   -6.945534e+000 2.980000e+002 7.167865e+000
    endloop
  endfacet
  facet normal 0.000000e+000 -1.000000e+000 0.000000e+000
    outer loop
      vertex   -3.300000e+001 3.110000e+002 8.678646e-001
      vertex   -3.300000e+001 3.110000e+002 7.167865e+000
      vertex   -3.344553e+001 3.110000e+002 8.678646e-001
    endloop
  endfacet
  facet normal 0.000000e+000 -7.054346e-002 0.000000e+000
    outer loop
      vertex   -3.344553e+001 3.110000e+002 8.678646e-001
      vertex   -3.300000e+001 3.110000e+002 7.167865e+000
      vertex   -3.344553e+001 3.110000e+002 7.167865e+000
    endloop
  endfacet
  facet normal 0.000000e+000 0.000000e+000 3.425172e-002
    outer loop
      vertex   -3.344553e+001 3.110000e+002 8.678646e-001
      vertex   -3.344553e+001 2.925000e+002 8.678646e-001
      vertex   -3.300000e+001 2.980000e+002 8.678646e-001
    endloop
  endfacet
  facet normal 0.000000e+000 0.000000e+000 9.919194e-001
    outer loop
      vertex   -3.300000e+001 2.980000e+002 8.678646e-001
      vertex   -3.344553e+001 2.925000e+002 8.678646e-001
      vertex   -6.945534e+000 2.925000e+002 8.678646e-001
    endloop
  endfacet
  facet normal -0.000000e+000 0.000000e+000 2.065444e-001
    outer loop
      vertex   -3.300000e+001 2.980000e+002 8.678646e-001
      vertex   -6.945534e+000 2.925000e+002 8.678646e-001
      vertex   -6.945534e+000 2.980000e+002 8.678646e-001
    endloop
  endfacet
  facet normal 0.000000e+000 -0.000000e+000 3.425172e-002
    outer loop
      vertex   -3.300000e+001 2.980000e+002 8.678646e-001
      vertex   -3.300000e+001 3.110000e+002 8.678646e-001
      vertex   -3.344553e+001 3.110000e+002 8.678646e-001
    endloop
  endfacet
  facet normal 1.000000e+000 -0.000000e+000 0.000000e+000
    outer loop
      vertex   -3.344553e+001 2.925000e+002 7.167865e+000
      vertex   -3.344553e+001 2.925000e+002 8.678646e-001
      vertex   -3.344553e+001 3.110000e+002 7.167865e+000
    endloop
  endfacet
  facet normal 9.466167e-001 0.000000e+000 0.000000e+000
    outer loop
      vertex   -3.344553e+001 3.110000e+002 7.167865e+000
      vertex   -3.344553e+001 2.925000e+002 8.678646e-001
      vertex   -3.344553e+001 3.110000e+002 8.678646e-001
    endloop
  endfacet
  facet normal -0.000000e+000 1.000000e+000 0.000000e+000
    outer loop
      vertex   -3.300000e+001 2.980000e+002 8.678646e-001
      vertex   -6.945534e+000 2.980000e+002 8.678646e-001
      vertex   -3.300000e+001 2.980000e+002 -3.500000e+000
    endloop
  endfacet
  facet normal 0.000000e+000 1.653364e-001 0.000000e+000
    outer loop
      vertex   -3.300000e+001 2.980000e+002 -3.500000e+000
      vertex   -6.945534e+000 2.980000e+002 8.678646e-001
      vertex   1.400000e+001 2.980000e+002 -3.500000e+000
    endloop
  endfacet
  facet normal 0.000000e+000 2.623757e-001 0.000000e+000
    outer loop
      vertex   1.400000e+001 2.980000e+002 -3.500000e+000
      vertex   -6.945534e+000 2.980000e+002 8.678646e-001
      vertex   -6.945534e+000 2.980000e+002 7.167865e+000
    endloop
  endfacet
  facet normal 0.000000e+000 8.910825e-001 -0.000000e+000
    outer loop
      vertex   1.400000e+001 2.980000e+002 -3.500000e+000
      vertex   -6.945534e+000 2.980000e+002 7.167865e+000
      vertex   1.400000e+001 2.980000e+002 1.780000e+001
    endloop
  endfacet
  facet normal 0.000000e+000 4.526331e-001 0.000000e+000
    outer loop
      vertex   1.400000e+001 2.980000e+002 1.780000e+001
      vertex   -6.945534e+000 2.980000e+002 7.167865e+000
      vertex   -3.300000e+001 2.980000e+002 1.780000e+001
    endloop
  endfacet
  facet normal 0.000000e+000 9.258767e-001 0.000000e+000
    outer loop
      vertex   -3.300000e+001 2.980000e+002 1.780000e+001
      vertex   -6.945534e+000 2.980000e+002 7.167865e+000
      vertex   -3.300000e+001 2.980000e+002 7.167865e+000
    endloop
  endfacet
  facet normal 0.000000e+000 1.000000e+000 0.000000e+000
    outer loop
      vertex   6.100000e+001 2.980000e+002 1.780000e+001
      vertex   6.100000e+001 2.980000e+002 2.200000e+000
      vertex   1.400000e+001 2.980000e+002 1.780000e+001
    endloop
  endfacet
  facet normal 0.000000e+000 9.490864e-001 0.000000e+000
    outer loop
      vertex   1.400000e+001 2.980000e+002 1.780000e+001
      vertex   6.100000e+001 2.980000e+002 2.200000e+000
      vertex   1.400000e+001 2.980000e+002 -3.500000e+000
    endloop
  endfacet
  facet normal 0.000000e+000 9.927261e-001 0.000000e+000
    outer loop
      vertex   6.100000e+001 2.980000e+002 2.200000e+000
      vertex   6.100000e+001 2.980000e+002 -3.500000e+000
      vertex   1.400000e+001 2.980000e+002 -3.500000e+000
    endloop
  endfacet
  facet normal 0.000000e+000 0.000000e+000 1.000000e+000
    outer loop
      vertex   7.080000e+001 3.358000e+002 7.100000e+000
      vertex   6.100000e+001 3.358000e+002 7.100000e+000
      vertex   7.080000e+001 3.118000e+002 7.100000e+000
    endloop
  endfacet
  facet normal 0.000000e+000 0.000000e+000 9.257925e-001
    outer loop
      vertex   7.080000e+001 3.118000e+002 7.100000e+000
      vertex   6.100000e+001 3.358000e+002 7.100000e+000
      vertex   6.100000e+001 3.118000e+002 7.100000e+000
    endloop
  endfacet
  facet normal 0.000000e+000 1.000000e+000 0.000000e+000
    outer loop
      vertex   7.080000e+001 3.118000e+002 1.310000e+001
      vertex   7.080000e+001 3.118000e+002 7.100000e+000
      vertex   6.100000e+001 3.118000e+002 1.310000e+001
    endloop
  endfacet
  facet normal 0.000000e+000 8.528513e-001 0.000000e+000
    outer loop
      vertex   6.100000e+001 3.118000e+002 1.310000e+001
      vertex   7.080000e+001 3.118000e+002 7.100000e+000
      vertex   6.100000e+001 3.118000e+002 7.100000e+000
    endloop
  endfacet
  facet normal 0.000000e+000 0.000000e+000 -1.000000e+000
    outer loop
      vertex   7.080000e+001 3.118000e+002 1.310000e+001
      vertex   6.100000e+001 3.118000e+002 1.310000e+001
      vertex   7.080000e+001 3.358000e+002 1.310000e+001
    endloop
  endfacet
  facet normal -0.000000e+000 0.000000e+000 -9.257925e-001
    outer loop
      vertex   7.080000e+001 3.358000e+002 1.310000e+001
      vertex   6.100000e+001 3.118000e+002 1.310000e+001
      vertex   6.100000e+001 3.358000e+002 1.310000e+001
    endloop
  endfacet
  facet normal 0.000000e+000 -1.000000e+000 0.000000e+000
    outer loop
      vertex   7.080000e+001 3.358000e+002 7.100000e+000
      vertex   7.080000e+001 3.358000e+002 1.310000e+001
      vertex   6.100000e+001 3.358000e+002 7.100000e+000
    endloop
  endfacet
  facet normal 0.000000e+000 -8.528513e-001 0.000000e+000
    outer loop
      vertex   6.100000e+001 3.358000e+002 7.100000e+000
      vertex   7.080000e+001 3.358000e+002 1.310000e+001
      vertex   6.100000e+001 3.358000e+002 1.310000e+001
    endloop
  endfacet
  facet normal 0.000000e+000 0.000000e+000 1.000000e+000
    outer loop
      vertex   7.080000e+001 3.098000e+002 7.100000e+000
      vertex   6.100000e+001 3.098000e+002 7.100000e+000
      vertex   7.080000e+001 3.030000e+002 7.100000e+000
    endloop
  endfacet
  facet normal 0.000000e+000 0.000000e+000 5.700808e-001
    outer loop
      vertex   7.080000e+001 3.030000e+002 7.100000e+000
      vertex   6.100000e+001 3.098000e+002 7.100000e+000
      vertex   6.100000e+001 3.030000e+002 7.100000e+000
    endloop
  endfacet
  facet normal 0.000000e+000 1.000000e+000 0.000000e+000
    outer loop
      vertex   7.080000e+001 3.030000e+002 1.310000e+001
      vertex   7.080000e+001 3.030000e+002 7.100000e+000
      vertex   6.100000e+001 3.030000e+002 1.310000e+001
    endloop
  endfacet
  facet normal 0.000000e+000 8.528513e-001 0.000000e+000
    outer loop
      vertex   6.100000e+001 3.030000e+002 1.310000e+001
      vertex   7.080000e+001 3.030000e+002 7.100000e+000
      vertex   6.100000e+001 3.030000e+002 7.100000e+000
    endloop
  endfacet
  facet normal 0.000000e+000 0.000000e+000 -1.000000e+000
    outer loop
      vertex   7.080000e+001 3.030000e+002 1.310000e+001
      vertex   6.100000e+001 3.030000e+002 1.310000e+001
      vertex   7.080000e+001 3.098000e+002 1.310000e+001
    endloop
  endfacet
  facet normal -0.000000e+000 0.000000e+000 -5.700808e-001
    outer loop
      vertex   7.080000e+001 3.098000e+002 1.310000e+001
      vertex   6.100000e+001 3.030000e+002 1.310000e+001
      vertex   6.100000e+001 3.098000e+002 1.310000e+001
    endloop
  endfacet
  facet normal 0.000000e+000 -1.000000e+000 0.000000e+000
    outer loop
      vertex   7.080000e+001 3.098000e+002 7.100000e+000
      vertex   7.080000e+001 3.098000e+002 1.310000e+001
      vertex   6.100000e+001 3.098000e+002 7.100000e+000
    endloop
  endfacet
  facet normal 0.000000e+000 -8.528513e-001 0.000000e+000
    outer loop
      vertex   6.100000e+001 3.098000e+002 7.100000e+000
      vertex   7.080000e+001 3.098000e+002 1.310000e+001
      vertex   6.100000e+001 3.098000e+002 1.310000e+001
    endloop
  endfacet
  facet normal 0.000000e+000 0.000000e+000 1.000000e+000
    outer loop
      vertex   7.080000e+001 3.510000e+002 7.100000e+000
      vertex   6.100000e+001 3.510000e+002 7.100000e+000
      vertex   7.080000e+001 3.378000e+002 7.100000e+000
    endloop
  endfacet
  facet normal 0.000000e+000 0.000000e+000 8.029104e-001
    outer loop
      vertex   7.080000e+001 3.378000e+002 7.100000e+000
      vertex   6.100000e+001 3.510000e+002 7.100000e+000
      vertex   6.100000e+001 3.378000e+002 7.100000e+000
    endloop
  endfacet
  facet normal 0.000000e+000 1.000000e+000 0.000000e+000
    outer loop
      vertex   7.080000e+001 3.378000e+002 1.310000e+001
      vertex   7.080000e+001 3.378000e+002 7.100000e+000
      vertex   6.100000e+001 3.378000e+002 1.310000e+001
    endloop
  endfacet
  facet normal 0.000000e+000 8.528513e-001 0.000000e+000
    outer loop
      vertex   6.100000e+001 3.378000e+002 1.310000e+001
      vertex   7.080000e+001 3.378000e+002 7.100000e+000
      vertex   6.100000e+001 3.378000e+002 7.100000e+000
    endloop
  endfacet
  facet normal 0.000000e+000 0.000000e+000 -1.000000e+000
    outer loop
      vertex   7.080000e+001 3.378000e+002 1.310000e+001
      vertex   6.100000e+001 3.378000e+002 1.310000e+001
      vertex   7.080000e+001 3.510000e+002 1.310000e+001
    endloop
  endfacet
  facet normal -0.000000e+000 0.000000e+000 -8.029104e-001
    outer loop
      vertex   7.080000e+001 3.510000e+002 1.310000e+001
      vertex   6.100000e+001 3.378000e+002 1.310000e+001
      vertex   6.100000e+001 3.510000e+002 1.310000e+001
    endloop
  endfacet
  facet normal 0.000000e+000 -1.000000e+000 0.000000e+000
    outer loop
      vertex   7.080000e+001 3.510000e+002 7.100000e+000
      vertex   7.080000e+001 3.510000e+002 1.310000e+001
      vertex   6.100000e+001 3.510000e+002 7.100000e+000
    endloop
  endfacet
  facet normal 0.000000e+000 -8.528513e-001 0.000000e+000
    outer loop
      vertex   6.100000e+001 3.510000e+002 7.100000e+000
      vertex   7.080000e+001 3.510000e+002 1.310000e+001
      vertex   6.100000e+001 3.510000e+002 1.310000e+001
    endloop
  endfacet
  facet normal 0.000000e+000 -0.000000e+000 1.000000e+000
    outer loop
      vertex   7.200000e+001 3.018500e+002 7.000000e+000
      vertex   7.200000e+001 3.521500e+002 7.000000e+000
      vertex   7.080000e+001 3.018500e+002 7.000000e+000
    endloop
  endfacet
  facet normal 0.000000e+000 0.000000e+000 2.385002e-002
    outer loop
      vertex   7.080000e+001 3.018500e+002 7.000000e+000
      vertex   7.200000e+001 3.521500e+002 7.000000e+000
      vertex   7.080000e+001 3.521500e+002 7.000000e+000
    endloop
  endfacet
  facet normal 0.000000e+000 1.000000e+000 0.000000e+000
    outer loop
      vertex   7.200000e+001 3.018500e+002 1.320000e+001
      vertex   7.200000e+001 3.018500e+002 7.000000e+000
      vertex   7.080000e+001 3.018500e+002 1.320000e+001
    endloop
  endfacet
  facet normal 0.000000e+000 1.900214e-001 0.000000e+000
    outer loop
      vertex   7.080000e+001 3.018500e+002 1.320000e+001
      vertex   7.200000e+001 3.018500e+002 7.000000e+000
      vertex   7.080000e+001 3.018500e+002 7.000000e+000
    endloop
  endfacet
  facet normal -0.000000e+000 -0.000000e+000 -1.000000e+000
    outer loop
      vertex   7.200000e+001 3.521500e+002 1.320000e+001
      vertex   7.200000e+001 3.018500e+002 1.320000e+001
      vertex   7.080000e+001 3.521500e+002 1.320000e+001
    endloop
  endfacet
  facet normal 0.000000e+000 0.000000e+000 -2.385002e-002
    outer loop
      vertex   7.080000e+001 3.521500e+002 1.320000e+001
      vertex   7.200000e+001 3.018500e+002 1.320000e+001
      vertex   7.080000e+001 3.018500e+002 1.320000e+001
    endloop
  endfacet
  facet normal 0.000000e+000 -1.000000e+000 0.000000e+000
    outer loop
      vertex   7.200000e+001 3.521500e+002 7.000000e+000
      vertex   7.200000e+001 3.521500e+002 1.320000e+001
      vertex   7.080000e+001 3.521500e+002 7.000000e+000
    endloop
  endfacet
  facet normal 0.000000e+000 -1.900214e-001 0.000000e+000
    outer loop
      vertex   7.080000e+001 3.521500e+002 7.000000e+000
      vertex   7.200000e+001 3.521500e+002 1.320000e+001
      vertex   7.080000e+001 3.521500e+002 1.320000e+001
    endloop
  endfacet
  facet normal 2.945480e-003 0.000000e+000 0.000000e+000
    outer loop
      vertex   7.080000e+001 3.358000e+002 1.310000e+001
      vertex   7.080000e+001 3.018500e+002 1.320000e+001
      vertex   7.080000e+001 3.118000e+002 1.310000e+001
    endloop
  endfacet
  facet normal 1.004970e-002 0.000000e+000 0.000000e+000
    outer loop
      vertex   7.080000e+001 3.118000e+002 1.310000e+001
      vertex   7.080000e+001 3.018500e+002 1.320000e+001
      vertex   7.080000e+001 3.098000e+002 1.310000e+001
    endloop
  endfacet
  facet normal 9.486833e-001 0.000000e+000 0.000000e+000
    outer loop
      vertex   7.080000e+001 3.118000e+002 1.310000e+001
      vertex   7.080000e+001 3.098000e+002 1.310000e+001
      vertex   7.080000e+001 3.098000e+002 7.100000e+000
    endloop
  endfacet
  facet normal 3.162277e-001 0.000000e+000 0.000000e+000
    outer loop
      vertex   7.080000e+001 3.358000e+002 7.100000e+000
      vertex   7.080000e+001 3.378000e+002 1.310000e+001
      vertex   7.080000e+001 3.358000e+002 1.310000e+001
    endloop
  endfacet
  facet normal 6.116056e-003 0.000000e+000 0.000000e+000
    outer loop
      vertex   7.080000e+001 3.358000e+002 1.310000e+001
      vertex   7.080000e+001 3.378000e+002 1.310000e+001
      vertex   7.080000e+001 3.521500e+002 1.320000e+001
    endloop
  endfacet
  facet normal 9.061455e-003 0.000000e+000 -0.000000e+000
    outer loop
      vertex   7.080000e+001 3.358000e+002 1.310000e+001
      vertex   7.080000e+001 3.521500e+002 1.320000e+001
      vertex   7.080000e+001 3.018500e+002 1.320000e+001
    endloop
  endfacet
  facet normal 1.004975e-002 -0.000000e+000 0.000000e+000
    outer loop
      vertex   7.080000e+001 3.118000e+002 7.100000e+000
      vertex   7.080000e+001 3.018500e+002 7.000000e+000
      vertex   7.080000e+001 3.358000e+002 7.100000e+000
    endloop
  endfacet
  facet normal 9.061498e-003 0.000000e+000 0.000000e+000
    outer loop
      vertex   7.080000e+001 3.358000e+002 7.100000e+000
      vertex   7.080000e+001 3.018500e+002 7.000000e+000
      vertex   7.080000e+001 3.521500e+002 7.000000e+000
    endloop
  endfacet
  facet normal 6.116085e-003 -0.000000e+000 0.000000e+000
    outer loop
      vertex   7.080000e+001 3.358000e+002 7.100000e+000
      vertex   7.080000e+001 3.521500e+002 7.000000e+000
      vertex   7.080000e+001 3.378000e+002 7.100000e+000
    endloop
  endfacet
  facet normal 6.968462e-003 -0.000000e+000 0.000000e+000
    outer loop
      vertex   7.080000e+001 3.378000e+002 7.100000e+000
      vertex   7.080000e+001 3.521500e+002 7.000000e+000
      vertex   7.080000e+001 3.510000e+002 7.100000e+000
    endloop
  endfacet
  facet normal 9.950442e-001 -0.000000e+000 0.000000e+000
    outer loop
      vertex   7.080000e+001 3.510000e+002 7.100000e+000
      vertex   7.080000e+001 3.521500e+002 7.000000e+000
      vertex   7.080000e+001 3.521500e+002 1.320000e+001
    endloop
  endfacet
  facet normal 1.852602e-001 0.000000e+000 0.000000e+000
    outer loop
      vertex   7.080000e+001 3.510000e+002 7.100000e+000
      vertex   7.080000e+001 3.521500e+002 1.320000e+001
      vertex   7.080000e+001 3.510000e+002 1.310000e+001
    endloop
  endfacet
  facet normal 8.662958e-002 0.000000e+000 -0.000000e+000
    outer loop
      vertex   7.080000e+001 3.510000e+002 1.310000e+001
      vertex   7.080000e+001 3.521500e+002 1.320000e+001
      vertex   7.080000e+001 3.378000e+002 1.310000e+001
    endloop
  endfacet
  facet normal 2.528046e-003 0.000000e+000 0.000000e+000
    outer loop
      vertex   7.080000e+001 3.018500e+002 7.000000e+000
      vertex   7.080000e+001 3.118000e+002 7.100000e+000
      vertex   7.080000e+001 3.098000e+002 7.100000e+000
    endloop
  endfacet
  facet normal 9.486833e-001 0.000000e+000 0.000000e+000
    outer loop
      vertex   7.080000e+001 3.098000e+002 7.100000e+000
      vertex   7.080000e+001 3.118000e+002 7.100000e+000
      vertex   7.080000e+001 3.118000e+002 1.310000e+001
    endloop
  endfacet
  facet normal 1.257758e-002 0.000000e+000 0.000000e+000
    outer loop
      vertex   7.080000e+001 3.098000e+002 1.310000e+001
      vertex   7.080000e+001 3.018500e+002 1.320000e+001
      vertex   7.080000e+001 3.030000e+002 1.310000e+001
    endloop
  endfacet
  facet normal 9.950442e-001 0.000000e+000 0.000000e+000
    outer loop
      vertex   7.080000e+001 3.030000e+002 1.310000e+001
      vertex   7.080000e+001 3.018500e+002 1.320000e+001
      vertex   7.080000e+001 3.018500e+002 7.000000e+000
    endloop
  endfacet
  facet normal 1.852601e-001 0.000000e+000 0.000000e+000
    outer loop
      vertex   7.080000e+001 3.030000e+002 1.310000e+001
      vertex   7.080000e+001 3.018500e+002 7.000000e+000
      vertex   7.080000e+001 3.030000e+002 7.100000e+000
    endloop
  endfacet
  facet normal 8.662999e-002 -0.000000e+000 0.000000e+000
    outer loop
      vertex   7.080000e+001 3.030000e+002 7.100000e+000
      vertex   7.080000e+001 3.018500e+002 7.000000e+000
      vertex   7.080000e+001 3.098000e+002 7.100000e+000
    endloop
  endfacet
  facet normal 1.000000e+000 0.000000e+000 -0.000000e+000
    outer loop
      vertex   7.080000e+001 3.378000e+002 7.100000e+000
      vertex   7.080000e+001 3.378000e+002 1.310000e+001
      vertex   7.080000e+001 3.358000e+002 7.100000e+000
    endloop
  endfacet
  facet normal 0.000000e+000 -1.000000e+000 0.000000e+000
    outer loop
      vertex   -3.300000e+001 3.560000e+002 8.678646e-001
      vertex   -3.300000e+001 3.560000e+002 -3.500000e+000
      vertex   -6.945534e+000 3.560000e+002 8.678646e-001
    endloop
  endfacet
  facet normal 0.000000e+000 -3.631879e-001 -0.000000e+000
    outer loop
      vertex   -6.945534e+000 3.560000e+002 8.678646e-001
      vertex   -3.300000e+001 3.560000e+002 -3.500000e+000
      vertex   1.400000e+001 3.560000e+002 -3.500000e+000
    endloop
  endfacet
  facet normal 0.000000e+000 -9.789411e-001 0.000000e+000
    outer loop
      vertex   -6.945534e+000 3.560000e+002 8.678646e-001
      vertex   1.400000e+001 3.560000e+002 -3.500000e+000
      vertex   -6.945534e+000 3.560000e+002 7.167865e+000
    endloop
  endfacet
  facet normal 0.000000e+000 -8.080223e-001 0.000000e+000
    outer loop
      vertex   -6.945534e+000 3.560000e+002 7.167865e+000
      vertex   1.400000e+001 3.560000e+002 -3.500000e+000
      vertex   1.400000e+001 3.560000e+002 1.780000e+001
    endloop
  endfacet
  facet normal 0.000000e+000 -7.559884e-001 0.000000e+000
    outer loop
      vertex   -6.945534e+000 3.560000e+002 7.167865e+000
      vertex   1.400000e+001 3.560000e+002 1.780000e+001
      vertex   -3.300000e+001 3.560000e+002 1.780000e+001
    endloop
  endfacet
  facet normal 0.000000e+000 -1.000000e+000 0.000000e+000
    outer loop
      vertex   6.100000e+001 3.560000e+002 -3.500000e+000
      vertex   6.100000e+001 3.560000e+002 2.200000e+000
      vertex   1.400000e+001 3.560000e+002 -3.500000e+000
    endloop
  endfacet
  facet normal 0.000000e+000 -9.927261e-001 0.000000e+000
    outer loop
      vertex   1.400000e+001 3.560000e+002 -3.500000e+000
      vertex   6.100000e+001 3.560000e+002 2.200000e+000
      vertex   1.400000e+001 3.560000e+002 1.780000e+001
    endloop
  endfacet
  facet normal 0.000000e+000 -9.490864e-001 0.000000e+000
    outer loop
      vertex   6.100000e+001 3.560000e+002 2.200000e+000
      vertex   6.100000e+001 3.560000e+002 1.780000e+001
      vertex   1.400000e+001 3.560000e+002 1.780000e+001
    endloop
  endfacet
  facet normal 0.000000e+000 -9.258767e-001 0.000000e+000
    outer loop
      vertex   -3.300000e+001 3.560000e+002 1.780000e+001
      vertex   -3.300000e+001 3.560000e+002 7.167865e+000
      vertex   -6.945534e+000 3.560000e+002 7.167865e+000
    endloop
  endfacet
  facet normal -2.954103e-001 0.000000e+000 0.000000e+000
    outer loop
      vertex   6.100000e+001 3.118000e+002 1.310000e+001
      vertex   6.100000e+001 3.270000e+002 1.780000e+001
      vertex   6.100000e+001 3.358000e+002 1.310000e+001
    endloop
  endfacet
  facet normal -4.711088e-001 0.000000e+000 0.000000e+000
    outer loop
      vertex   6.100000e+001 3.358000e+002 1.310000e+001
      vertex   6.100000e+001 3.270000e+002 1.780000e+001
      vertex   6.100000e+001 3.378000e+002 1.310000e+001
    endloop
  endfacet
  facet normal -9.486833e-001 0.000000e+000 0.000000e+000
    outer loop
      vertex   6.100000e+001 3.358000e+002 1.310000e+001
      vertex   6.100000e+001 3.378000e+002 1.310000e+001
      vertex   6.100000e+001 3.378000e+002 7.100000e+000
    endloop
  endfacet
  facet normal -3.162277e-001 0.000000e+000 0.000000e+000
    outer loop
      vertex   6.100000e+001 3.118000e+002 7.100000e+000
      vertex   6.100000e+001 3.098000e+002 1.310000e+001
      vertex   6.100000e+001 3.118000e+002 1.310000e+001
    endloop
  endfacet
  facet normal -3.223948e-001 0.000000e+000 0.000000e+000
    outer loop
      vertex   6.100000e+001 3.118000e+002 1.310000e+001
      vertex   6.100000e+001 3.098000e+002 1.310000e+001
      vertex   6.100000e+001 2.980000e+002 1.780000e+001
    endloop
  endfacet
  facet normal -5.876434e-001 0.000000e+000 0.000000e+000
    outer loop
      vertex   6.100000e+001 3.118000e+002 1.310000e+001
      vertex   6.100000e+001 2.980000e+002 1.780000e+001
      vertex   6.100000e+001 3.270000e+002 1.780000e+001
    endloop
  endfacet
  facet normal -4.864862e-001 -0.000000e+000 0.000000e+000
    outer loop
      vertex   6.100000e+001 3.358000e+002 7.100000e+000
      vertex   6.100000e+001 3.270000e+002 2.200000e+000
      vertex   6.100000e+001 3.118000e+002 7.100000e+000
    endloop
  endfacet
  facet normal -6.076009e-001 0.000000e+000 -0.000000e+000
    outer loop
      vertex   6.100000e+001 3.118000e+002 7.100000e+000
      vertex   6.100000e+001 3.270000e+002 2.200000e+000
      vertex   6.100000e+001 2.980000e+002 2.200000e+000
    endloop
  endfacet
  facet normal -3.346057e-001 -0.000000e+000 0.000000e+000
    outer loop
      vertex   6.100000e+001 3.118000e+002 7.100000e+000
      vertex   6.100000e+001 2.980000e+002 2.200000e+000
      vertex   6.100000e+001 3.098000e+002 7.100000e+000
    endloop
  endfacet
  facet normal -3.835039e-001 -0.000000e+000 0.000000e+000
    outer loop
      vertex   6.100000e+001 3.098000e+002 7.100000e+000
      vertex   6.100000e+001 2.980000e+002 2.200000e+000
      vertex   6.100000e+001 3.030000e+002 7.100000e+000
    endloop
  endfacet
  facet normal -9.433671e-001 -0.000000e+000 0.000000e+000
    outer loop
      vertex   6.100000e+001 3.030000e+002 7.100000e+000
      vertex   6.100000e+001 2.980000e+002 2.200000e+000
      vertex   6.100000e+001 2.980000e+002 1.780000e+001
    endloop
  endfacet
  facet normal -4.233490e-001 0.000000e+000 0.000000e+000
    outer loop
      vertex   6.100000e+001 3.030000e+002 7.100000e+000
      vertex   6.100000e+001 2.980000e+002 1.780000e+001
      vertex   6.100000e+001 3.030000e+002 1.310000e+001
    endloop
  endfacet
  facet normal -6.849099e-001 0.000000e+000 0.000000e+000
    outer loop
      vertex   6.100000e+001 3.030000e+002 1.310000e+001
      vertex   6.100000e+001 2.980000e+002 1.780000e+001
      vertex   6.100000e+001 3.098000e+002 1.310000e+001
    endloop
  endfacet
  facet normal -8.204102e-002 0.000000e+000 0.000000e+000
    outer loop
      vertex   6.100000e+001 3.270000e+002 2.200000e+000
      vertex   6.100000e+001 3.358000e+002 7.100000e+000
      vertex   6.100000e+001 3.378000e+002 7.100000e+000
    endloop
  endfacet
  facet normal -9.486833e-001 0.000000e+000 0.000000e+000
    outer loop
      vertex   6.100000e+001 3.378000e+002 7.100000e+000
      vertex   6.100000e+001 3.358000e+002 7.100000e+000
      vertex   6.100000e+001 3.358000e+002 1.310000e+001
    endloop
  endfacet
  facet normal -1.000000e+000 0.000000e+000 0.000000e+000
    outer loop
      vertex   6.100000e+001 3.098000e+002 7.100000e+000
      vertex   6.100000e+001 3.098000e+002 1.310000e+001
      vertex   6.100000e+001 3.118000e+002 7.100000e+000
    endloop
  endfacet
  facet normal -4.233490e-001 0.000000e+000 0.000000e+000
    outer loop
      vertex   6.100000e+001 3.510000e+002 7.100000e+000
      vertex   6.100000e+001 3.510000e+002 1.310000e+001
      vertex   6.100000e+001 3.560000e+002 1.780000e+001
    endloop
  endfacet
  facet normal -4.809692e-001 0.000000e+000 0.000000e+000
    outer loop
      vertex   6.100000e+001 3.560000e+002 1.780000e+001
      vertex   6.100000e+001 3.510000e+002 1.310000e+001
      vertex   6.100000e+001 3.378000e+002 1.310000e+001
    endloop
  endfacet
  facet normal -2.500387e-001 -0.000000e+000 0.000000e+000
    outer loop
      vertex   6.100000e+001 3.560000e+002 1.780000e+001
      vertex   6.100000e+001 3.378000e+002 1.310000e+001
      vertex   6.100000e+001 3.270000e+002 1.780000e+001
    endloop
  endfacet
  facet normal -4.131679e-001 0.000000e+000 0.000000e+000
    outer loop
      vertex   6.100000e+001 3.270000e+002 2.200000e+000
      vertex   6.100000e+001 3.378000e+002 7.100000e+000
      vertex   6.100000e+001 3.560000e+002 2.200000e+000
    endloop
  endfacet
  facet normal -4.901858e-001 0.000000e+000 0.000000e+000
    outer loop
      vertex   6.100000e+001 3.560000e+002 2.200000e+000
      vertex   6.100000e+001 3.378000e+002 7.100000e+000
      vertex   6.100000e+001 3.510000e+002 7.100000e+000
    endloop
  endfacet
  facet normal -7.142129e-001 0.000000e+000 0.000000e+000
    outer loop
      vertex   6.100000e+001 3.560000e+002 2.200000e+000
      vertex   6.100000e+001 3.510000e+002 7.100000e+000
      vertex   6.100000e+001 3.560000e+002 1.780000e+001
    endloop
  endfacet
  facet normal 1.000000e+000 -0.000000e+000 0.000000e+000
    outer loop
      vertex   6.100000e+001 3.560000e+002 2.200000e+000
      vertex   6.100000e+001 3.560000e+002 -3.500000e+000
      vertex   6.100000e+001 3.615000e+002 2.200000e+000
    endloop
  endfacet
  facet normal 6.943692e-001 0.000000e+000 0.000000e+000
    outer loop
      vertex   6.100000e+001 3.615000e+002 2.200000e+000
      vertex   6.100000e+001 3.560000e+002 -3.500000e+000
      vertex   6.100000e+001 3.615000e+002 -3.500000e+000
    endloop
  endfacet
  facet normal 1.000000e+000 0.000000e+000 -0.000000e+000
    outer loop
      vertex   6.100000e+001 2.980000e+002 -3.500000e+000
      vertex   6.100000e+001 2.980000e+002 2.200000e+000
      vertex   6.100000e+001 2.925000e+002 -3.500000e+000
    endloop
  endfacet
  facet normal 6.943692e-001 0.000000e+000 0.000000e+000
    outer loop
      vertex   6.100000e+001 2.925000e+002 -3.500000e+000
      vertex   6.100000e+001 2.980000e+002 2.200000e+000
      vertex   6.100000e+001 2.925000e+002 2.200000e+000
    endloop
  endfacet
  facet normal 9.990167e-001 4.453426e-004 3.738014e-002
    outer loop
      vertex   7.198882e+001 3.615000e+002 1.409892e+001
      vertex   7.199720e+001 3.552273e+002 1.394956e+001
      vertex   7.200000e+001 3.615000e+002 1.380000e+001
    endloop
  endfacet
  facet normal 1.191755e-002 0.000000e+000 2.231073e-004
    outer loop
      vertex   7.200000e+001 3.615000e+002 1.380000e+001
      vertex   7.199720e+001 3.552273e+002 1.394956e+001
      vertex   7.199720e+001 3.489546e+002 1.394956e+001
    endloop
  endfacet
  facet normal 3.973545e-003 0.000000e+000 7.438837e-005
    outer loop
      vertex   7.200000e+001 3.615000e+002 1.380000e+001
      vertex   7.199720e+001 3.489546e+002 1.394956e+001
      vertex   7.199720e+001 3.426818e+002 1.394956e+001
    endloop
  endfacet
  facet normal 9.972038e-001 -0.000000e+000 7.473058e-002
    outer loop
      vertex   7.199720e+001 3.426818e+002 1.394956e+001
      vertex   7.199720e+001 3.489546e+002 1.394956e+001
      vertex   7.197485e+001 3.426818e+002 1.424786e+001
    endloop
  endfacet
  facet normal 9.960718e-001 -4.336809e-019 7.464576e-002
    outer loop
      vertex   7.199720e+001 3.426818e+002 1.394956e+001
      vertex   7.197485e+001 3.426818e+002 1.424786e+001
      vertex   7.197485e+001 3.364091e+002 1.424786e+001
    endloop
  endfacet
  facet normal 9.877106e-001 -8.673617e-019 1.488586e-001
    outer loop
      vertex   7.197485e+001 3.426818e+002 1.424786e+001
      vertex   7.193027e+001 3.426818e+002 1.454365e+001
      vertex   7.193027e+001 3.364091e+002 1.454365e+001
    endloop
  endfacet
  facet normal 9.877106e-001 -8.673617e-019 1.488586e-001
    outer loop
      vertex   7.193027e+001 3.364091e+002 1.454365e+001
      vertex   7.197485e+001 3.364091e+002 1.424786e+001
      vertex   7.197485e+001 3.426818e+002 1.424786e+001
    endloop
  endfacet
  facet normal 9.738185e-001 -1.734723e-018 2.222806e-001
    outer loop
      vertex   7.193027e+001 3.426818e+002 1.454365e+001
      vertex   7.186370e+001 3.426818e+002 1.483528e+001
      vertex   7.186370e+001 3.364091e+002 1.483528e+001
    endloop
  endfacet
  facet normal 9.738185e-001 -1.734723e-018 2.222806e-001
    outer loop
      vertex   7.186370e+001 3.364091e+002 1.483528e+001
      vertex   7.193027e+001 3.364091e+002 1.454365e+001
      vertex   7.193027e+001 3.426818e+002 1.454365e+001
    endloop
  endfacet
  facet normal 9.544926e-001 0.000000e+000 2.944063e-001
    outer loop
      vertex   7.186370e+001 3.426818e+002 1.483528e+001
      vertex   7.177554e+001 3.426818e+002 1.512112e+001
      vertex   7.177554e+001 3.364091e+002 1.512112e+001
    endloop
  endfacet
  facet normal 9.544926e-001 0.000000e+000 2.944063e-001
    outer loop
      vertex   7.177554e+001 3.364091e+002 1.512112e+001
      vertex   7.186370e+001 3.364091e+002 1.483528e+001
      vertex   7.186370e+001 3.426818e+002 1.483528e+001
    endloop
  endfacet
  facet normal 9.298181e-001 0.000000e+000 3.649238e-001
    outer loop
      vertex   7.177554e+001 3.426818e+002 1.512112e+001
      vertex   7.166625e+001 3.426818e+002 1.539957e+001
      vertex   7.166625e+001 3.364091e+002 1.539957e+001
    endloop
  endfacet
  facet normal 9.298181e-001 0.000000e+000 3.649238e-001
    outer loop
      vertex   7.166625e+001 3.364091e+002 1.539957e+001
      vertex   7.177554e+001 3.364091e+002 1.512112e+001
      vertex   7.177554e+001 3.426818e+002 1.512112e+001
    endloop
  endfacet
  facet normal 8.999406e-001 0.000000e+000 4.334027e-001
    outer loop
      vertex   7.166625e+001 3.426818e+002 1.539957e+001
      vertex   7.153646e+001 3.426818e+002 1.566907e+001
      vertex   7.153646e+001 3.364091e+002 1.566907e+001
    endloop
  endfacet
  facet normal 8.999406e-001 0.000000e+000 4.334027e-001
    outer loop
      vertex   7.153646e+001 3.364091e+002 1.566907e+001
      vertex   7.166625e+001 3.364091e+002 1.539957e+001
      vertex   7.166625e+001 3.426818e+002 1.539957e+001
    endloop
  endfacet
  facet normal 8.650400e-001 3.469447e-018 4.994366e-001
    outer loop
      vertex   7.153646e+001 3.426818e+002 1.566907e+001
      vertex   7.138689e+001 3.426818e+002 1.592813e+001
      vertex   7.138689e+001 3.364091e+002 1.592813e+001
    endloop
  endfacet
  facet normal 8.650400e-001 3.469447e-018 4.994366e-001
    outer loop
      vertex   7.138689e+001 3.364091e+002 1.592813e+001
      vertex   7.153646e+001 3.364091e+002 1.566907e+001
      vertex   7.153646e+001 3.426818e+002 1.566907e+001
    endloop
  endfacet
  facet normal 8.253063e-001 0.000000e+000 5.626728e-001
    outer loop
      vertex   7.138689e+001 3.426818e+002 1.592813e+001
      vertex   7.121839e+001 3.426818e+002 1.617528e+001
      vertex   7.121839e+001 3.364091e+002 1.617528e+001
    endloop
  endfacet
  facet normal 8.253063e-001 0.000000e+000 5.626728e-001
    outer loop
      vertex   7.121839e+001 3.364091e+002 1.617528e+001
      vertex   7.138689e+001 3.364091e+002 1.592813e+001
      vertex   7.138689e+001 3.426818e+002 1.592813e+001
    endloop
  endfacet
  facet normal 7.809359e-001 -3.469447e-018 6.227922e-001
    outer loop
      vertex   7.121839e+001 3.426818e+002 1.617528e+001
      vertex   7.103188e+001 3.426818e+002 1.640915e+001
      vertex   7.103188e+001 3.364091e+002 1.640915e+001
    endloop
  endfacet
  facet normal 7.809359e-001 -3.469447e-018 6.227922e-001
    outer loop
      vertex   7.103188e+001 3.364091e+002 1.640915e+001
      vertex   7.121839e+001 3.364091e+002 1.617528e+001
      vertex   7.121839e+001 3.426818e+002 1.617528e+001
    endloop
  endfacet
  facet normal 7.322323e-001 0.000000e+000 6.793872e-001
    outer loop
      vertex   7.103188e+001 3.426818e+002 1.640915e+001
      vertex   7.082843e+001 3.426818e+002 1.662843e+001
      vertex   7.082843e+001 3.364091e+002 1.662843e+001
    endloop
  endfacet
  facet normal 7.322323e-001 0.000000e+000 6.793872e-001
    outer loop
      vertex   7.082843e+001 3.364091e+002 1.662843e+001
      vertex   7.103188e+001 3.364091e+002 1.640915e+001
      vertex   7.103188e+001 3.426818e+002 1.640915e+001
    endloop
  endfacet
  facet normal 6.793879e-001 0.000000e+000 7.322316e-001
    outer loop
      vertex   7.082843e+001 3.426818e+002 1.662843e+001
      vertex   7.060915e+001 3.426818e+002 1.683189e+001
      vertex   7.060915e+001 3.364091e+002 1.683189e+001
    endloop
  endfacet
  facet normal 6.793879e-001 0.000000e+000 7.322316e-001
    outer loop
      vertex   7.060915e+001 3.364091e+002 1.683189e+001
      vertex   7.082843e+001 3.364091e+002 1.662843e+001
      vertex   7.082843e+001 3.426818e+002 1.662843e+001
    endloop
  endfacet
  facet normal 6.227906e-001 -3.469447e-018 7.809373e-001
    outer loop
      vertex   7.060915e+001 3.426818e+002 1.683189e+001
      vertex   7.037528e+001 3.426818e+002 1.701839e+001
      vertex   7.037528e+001 3.364091e+002 1.701839e+001
    endloop
  endfacet
  facet normal 6.227906e-001 -3.469447e-018 7.809373e-001
    outer loop
      vertex   7.037528e+001 3.364091e+002 1.701839e+001
      vertex   7.060915e+001 3.364091e+002 1.683189e+001
      vertex   7.060915e+001 3.426818e+002 1.683189e+001
    endloop
  endfacet
  facet normal 5.626800e-001 3.469447e-018 8.253013e-001
    outer loop
      vertex   7.037528e+001 3.426818e+002 1.701839e+001
      vertex   7.012813e+001 3.426818e+002 1.718690e+001
      vertex   7.012813e+001 3.364091e+002 1.718690e+001
    endloop
  endfacet
  facet normal 5.626800e-001 3.469447e-018 8.253013e-001
    outer loop
      vertex   7.012813e+001 3.364091e+002 1.718690e+001
      vertex   7.037528e+001 3.364091e+002 1.701839e+001
      vertex   7.037528e+001 3.426818e+002 1.701839e+001
    endloop
  endfacet
  facet normal 4.994290e-001 3.469447e-018 8.650444e-001
    outer loop
      vertex   7.012813e+001 3.426818e+002 1.718690e+001
      vertex   6.986907e+001 3.426818e+002 1.733646e+001
      vertex   6.986907e+001 3.364091e+002 1.733646e+001
    endloop
  endfacet
  facet normal 4.994290e-001 3.469447e-018 8.650444e-001
    outer loop
      vertex   6.986907e+001 3.364091e+002 1.733646e+001
      vertex   7.012813e+001 3.364091e+002 1.718690e+001
      vertex   7.012813e+001 3.426818e+002 1.718690e+001
    endloop
  endfacet
  facet normal 4.333987e-001 0.000000e+000 8.999426e-001
    outer loop
      vertex   6.986907e+001 3.426818e+002 1.733646e+001
      vertex   6.959957e+001 3.426818e+002 1.746625e+001
      vertex   6.959957e+001 3.364091e+002 1.746625e+001
    endloop
  endfacet
  facet normal 4.333987e-001 0.000000e+000 8.999426e-001
    outer loop
      vertex   6.959957e+001 3.364091e+002 1.746625e+001
      vertex   6.986907e+001 3.364091e+002 1.733646e+001
      vertex   6.986907e+001 3.426818e+002 1.733646e+001
    endloop
  endfacet
  facet normal 3.649173e-001 -3.469447e-018 9.298206e-001
    outer loop
      vertex   6.959957e+001 3.426818e+002 1.746625e+001
      vertex   6.932111e+001 3.426818e+002 1.757553e+001
      vertex   6.932111e+001 3.364091e+002 1.757553e+001
    endloop
  endfacet
  facet normal 3.649173e-001 -3.469447e-018 9.298206e-001
    outer loop
      vertex   6.932111e+001 3.364091e+002 1.757553e+001
      vertex   6.959957e+001 3.364091e+002 1.746625e+001
      vertex   6.959957e+001 3.426818e+002 1.746625e+001
    endloop
  endfacet
  facet normal 2.944282e-001 1.734723e-018 9.544858e-001
    outer loop
      vertex   6.932111e+001 3.426818e+002 1.757553e+001
      vertex   6.903528e+001 3.426818e+002 1.766370e+001
      vertex   6.903528e+001 3.364091e+002 1.766370e+001
    endloop
  endfacet
  facet normal 2.944282e-001 1.734723e-018 9.544858e-001
    outer loop
      vertex   6.903528e+001 3.364091e+002 1.766370e+001
      vertex   6.932111e+001 3.364091e+002 1.757553e+001
      vertex   6.932111e+001 3.426818e+002 1.757553e+001
    endloop
  endfacet
  facet normal 2.222658e-001 -1.734723e-018 9.738218e-001
    outer loop
      vertex   6.903528e+001 3.426818e+002 1.766370e+001
      vertex   6.874364e+001 3.426818e+002 1.773027e+001
      vertex   6.874364e+001 3.364091e+002 1.773027e+001
    endloop
  endfacet
  facet normal 2.222658e-001 -1.734723e-018 9.738218e-001
    outer loop
      vertex   6.874364e+001 3.364091e+002 1.773027e+001
      vertex   6.903528e+001 3.364091e+002 1.766370e+001
      vertex   6.903528e+001 3.426818e+002 1.766370e+001
    endloop
  endfacet
  facet normal 1.488734e-001 -8.673617e-019 9.877084e-001
    outer loop
      vertex   6.874364e+001 3.426818e+002 1.773027e+001
      vertex   6.844786e+001 3.426818e+002 1.777485e+001
      vertex   6.844786e+001 3.364091e+002 1.777485e+001
    endloop
  endfacet
  facet normal 1.488734e-001 -8.673617e-019 9.877084e-001
    outer loop
      vertex   6.844786e+001 3.364091e+002 1.777485e+001
      vertex   6.874364e+001 3.364091e+002 1.773027e+001
      vertex   6.874364e+001 3.426818e+002 1.773027e+001
    endloop
  endfacet
  facet normal 7.473034e-002 -0.000000e+000 9.972038e-001
    outer loop
      vertex   6.844786e+001 3.364091e+002 1.777485e+001
      vertex   6.844786e+001 3.426818e+002 1.777485e+001
      vertex   6.814957e+001 3.364091e+002 1.779720e+001
    endloop
  endfacet
  facet normal 3.559651e-003 -0.000000e+000 4.750009e-002
    outer loop
      vertex   6.814957e+001 3.364091e+002 1.779720e+001
      vertex   6.844786e+001 3.426818e+002 1.777485e+001
      vertex   6.814957e+001 3.426818e+002 1.779720e+001
    endloop
  endfacet
  facet normal 2.971404e-004 -0.000000e+000 1.589397e-002
    outer loop
      vertex   6.814957e+001 3.364091e+002 1.779720e+001
      vertex   6.814957e+001 3.426818e+002 1.779720e+001
      vertex   6.800000e+001 3.270000e+002 1.780000e+001
    endloop
  endfacet
  facet normal 1.782985e-004 -0.000000e+000 9.537146e-003
    outer loop
      vertex   6.800000e+001 3.270000e+002 1.780000e+001
      vertex   6.814957e+001 3.426818e+002 1.779720e+001
      vertex   6.800000e+001 3.615000e+002 1.780000e+001
    endloop
  endfacet
  facet normal 7.428703e-005 2.117582e-022 3.973596e-003
    outer loop
      vertex   6.800000e+001 3.615000e+002 1.780000e+001
      vertex   6.814957e+001 3.426818e+002 1.779720e+001
      vertex   6.814957e+001 3.489546e+002 1.779720e+001
    endloop
  endfacet
  facet normal 2.228033e-004 0.000000e+000 1.191770e-002
    outer loop
      vertex   6.800000e+001 3.615000e+002 1.780000e+001
      vertex   6.814957e+001 3.489546e+002 1.779720e+001
      vertex   6.814957e+001 3.552273e+002 1.779720e+001
    endloop
  endfacet
  facet normal 7.473034e-002 0.000000e+000 9.972038e-001
    outer loop
      vertex   6.814957e+001 3.552273e+002 1.779720e+001
      vertex   6.814957e+001 3.489546e+002 1.779720e+001
      vertex   6.844786e+001 3.552273e+002 1.777485e+001
    endloop
  endfacet
  facet normal 7.470910e-002 -4.456342e-004 9.969203e-001
    outer loop
      vertex   6.814957e+001 3.552273e+002 1.779720e+001
      vertex   6.844786e+001 3.552273e+002 1.777485e+001
      vertex   6.829892e+001 3.615000e+002 1.778881e+001
    endloop
  endfacet
  facet normal 1.119301e-001 4.459196e-004 9.934300e-001
    outer loop
      vertex   6.829892e+001 3.615000e+002 1.778881e+001
      vertex   6.844786e+001 3.552273e+002 1.777485e+001
      vertex   6.859617e+001 3.615000e+002 1.775532e+001
    endloop
  endfacet
  facet normal 7.103285e-003 -2.124925e-005 4.712711e-002
    outer loop
      vertex   6.859617e+001 3.615000e+002 1.775532e+001
      vertex   6.844786e+001 3.552273e+002 1.777485e+001
      vertex   6.874364e+001 3.552273e+002 1.773027e+001
    endloop
  endfacet
  facet normal 1.858616e-001 4.459244e-004 9.822866e-001
    outer loop
      vertex   6.859617e+001 3.615000e+002 1.775532e+001
      vertex   6.874364e+001 3.552273e+002 1.773027e+001
      vertex   6.889008e+001 3.615000e+002 1.769971e+001
    endloop
  endfacet
  facet normal 1.060539e-002 -2.124140e-005 4.646583e-002
    outer loop
      vertex   6.889008e+001 3.615000e+002 1.769971e+001
      vertex   6.874364e+001 3.552273e+002 1.773027e+001
      vertex   6.903528e+001 3.552273e+002 1.766370e+001
    endloop
  endfacet
  facet normal 2.587390e-001 4.459641e-004 9.656530e-001
    outer loop
      vertex   6.889008e+001 3.615000e+002 1.769971e+001
      vertex   6.903528e+001 3.552273e+002 1.766370e+001
      vertex   6.917902e+001 3.615000e+002 1.762229e+001
    endloop
  endfacet
  facet normal 1.404824e-002 -2.126177e-005 4.554198e-002
    outer loop
      vertex   6.917902e+001 3.615000e+002 1.762229e+001
      vertex   6.903528e+001 3.552273e+002 1.766370e+001
      vertex   6.932111e+001 3.552273e+002 1.757553e+001
    endloop
  endfacet
  facet normal 3.301895e-001 4.454963e-004 9.436135e-001
    outer loop
      vertex   6.917902e+001 3.615000e+002 1.762229e+001
      vertex   6.932111e+001 3.552273e+002 1.757553e+001
      vertex   6.946136e+001 3.615000e+002 1.752349e+001
    endloop
  endfacet
  facet normal 1.741207e-002 -2.125239e-005 4.436650e-002
    outer loop
      vertex   6.946136e+001 3.615000e+002 1.752349e+001
      vertex   6.932111e+001 3.552273e+002 1.757553e+001
      vertex   6.959957e+001 3.552273e+002 1.746625e+001
    endloop
  endfacet
  facet normal 3.997791e-001 4.460816e-004 9.163014e-001
    outer loop
      vertex   6.946136e+001 3.615000e+002 1.752349e+001
      vertex   6.959957e+001 3.552273e+002 1.746625e+001
      vertex   6.973553e+001 3.615000e+002 1.740388e+001
    endloop
  endfacet
  facet normal 2.067897e-002 -2.124680e-005 4.293941e-002
    outer loop
      vertex   6.973553e+001 3.615000e+002 1.740388e+001
      vertex   6.959957e+001 3.552273e+002 1.746625e+001
      vertex   6.986907e+001 3.552273e+002 1.733646e+001
    endloop
  endfacet
  facet normal 4.671366e-001 4.457335e-004 8.838637e-001
    outer loop
      vertex   6.973553e+001 3.615000e+002 1.740388e+001
      vertex   6.986907e+001 3.552273e+002 1.733646e+001
      vertex   7.000000e+001 3.615000e+002 1.726410e+001
    endloop
  endfacet
  facet normal 2.383007e-002 -2.125150e-005 4.127527e-002
    outer loop
      vertex   7.000000e+001 3.615000e+002 1.726410e+001
      vertex   6.986907e+001 3.552273e+002 1.733646e+001
      vertex   7.012813e+001 3.552273e+002 1.718690e+001
    endloop
  endfacet
  facet normal 5.318775e-001 4.458268e-004 8.464857e-001
    outer loop
      vertex   7.000000e+001 3.615000e+002 1.726410e+001
      vertex   7.012813e+001 3.552273e+002 1.718690e+001
      vertex   7.025328e+001 3.615000e+002 1.710496e+001
    endloop
  endfacet
  facet normal 2.684807e-002 -2.125562e-005 3.937895e-002
    outer loop
      vertex   7.025328e+001 3.615000e+002 1.710496e+001
      vertex   7.012813e+001 3.552273e+002 1.718690e+001
      vertex   7.037528e+001 3.552273e+002 1.701839e+001
    endloop
  endfacet
  facet normal 5.936554e-001 4.458930e-004 8.043661e-001
    outer loop
      vertex   7.025328e+001 3.615000e+002 1.710496e+001
      vertex   7.037528e+001 3.552273e+002 1.701839e+001
      vertex   7.049396e+001 3.615000e+002 1.692733e+001
    endloop
  endfacet
  facet normal 2.971564e-002 -2.125414e-005 3.726140e-002
    outer loop
      vertex   7.049396e+001 3.615000e+002 1.692733e+001
      vertex   7.037528e+001 3.552273e+002 1.701839e+001
      vertex   7.060915e+001 3.552273e+002 1.683189e+001
    endloop
  endfacet
  facet normal 6.521034e-001 4.455462e-004 7.577551e-001
    outer loop
      vertex   7.049396e+001 3.615000e+002 1.692733e+001
      vertex   7.060915e+001 3.552273e+002 1.683189e+001
      vertex   7.072069e+001 3.615000e+002 1.673221e+001
    endloop
  endfacet
  facet normal 3.241698e-002 -2.124339e-005 3.493841e-002
    outer loop
      vertex   7.072069e+001 3.615000e+002 1.673221e+001
      vertex   7.060915e+001 3.552273e+002 1.683189e+001
      vertex   7.082843e+001 3.552273e+002 1.662843e+001
    endloop
  endfacet
  facet normal 7.069058e-001 4.464482e-004 7.069058e-001
    outer loop
      vertex   7.072069e+001 3.615000e+002 1.673221e+001
      vertex   7.082843e+001 3.552273e+002 1.662843e+001
      vertex   7.093221e+001 3.615000e+002 1.652069e+001
    endloop
  endfacet
  facet normal 3.493750e-002 -2.124167e-005 3.241607e-002
    outer loop
      vertex   7.093221e+001 3.615000e+002 1.652069e+001
      vertex   7.082843e+001 3.552273e+002 1.662843e+001
      vertex   7.103188e+001 3.552273e+002 1.640915e+001
    endloop
  endfacet
  facet normal 7.577515e-001 4.454149e-004 6.521075e-001
    outer loop
      vertex   7.093221e+001 3.615000e+002 1.652069e+001
      vertex   7.103188e+001 3.552273e+002 1.640915e+001
      vertex   7.112733e+001 3.615000e+002 1.629396e+001
    endloop
  endfacet
  facet normal 3.726201e-002 -2.126585e-005 2.971625e-002
    outer loop
      vertex   7.112733e+001 3.615000e+002 1.629396e+001
      vertex   7.103188e+001 3.552273e+002 1.640915e+001
      vertex   7.121839e+001 3.552273e+002 1.617528e+001
    endloop
  endfacet
  facet normal 8.043714e-001 4.459251e-004 5.936483e-001
    outer loop
      vertex   7.112733e+001 3.615000e+002 1.629396e+001
      vertex   7.121839e+001 3.552273e+002 1.617528e+001
      vertex   7.130495e+001 3.615000e+002 1.605328e+001
    endloop
  endfacet
  facet normal 3.937880e-002 -2.125337e-005 2.684746e-002
    outer loop
      vertex   7.130495e+001 3.615000e+002 1.605328e+001
      vertex   7.121839e+001 3.552273e+002 1.617528e+001
      vertex   7.138689e+001 3.552273e+002 1.592813e+001
    endloop
  endfacet
  facet normal 8.464790e-001 4.453525e-004 5.318880e-001
    outer loop
      vertex   7.130495e+001 3.615000e+002 1.605328e+001
      vertex   7.138689e+001 3.552273e+002 1.592813e+001
      vertex   7.146410e+001 3.615000e+002 1.580000e+001
    endloop
  endfacet
  facet normal 4.127496e-002 -2.127920e-005 2.383037e-002
    outer loop
      vertex   7.146410e+001 3.615000e+002 1.580000e+001
      vertex   7.138689e+001 3.552273e+002 1.592813e+001
      vertex   7.153646e+001 3.552273e+002 1.566907e+001
    endloop
  endfacet
  facet normal 8.838689e-001 4.456068e-004 4.671267e-001
    outer loop
      vertex   7.146410e+001 3.615000e+002 1.580000e+001
      vertex   7.153646e+001 3.552273e+002 1.566907e+001
      vertex   7.160387e+001 3.615000e+002 1.553553e+001
    endloop
  endfacet
  facet normal 4.294017e-002 -2.123574e-005 2.067957e-002
    outer loop
      vertex   7.160387e+001 3.615000e+002 1.553553e+001
      vertex   7.153646e+001 3.552273e+002 1.566907e+001
      vertex   7.166625e+001 3.552273e+002 1.539957e+001
    endloop
  endfacet
  facet normal 9.162996e-001 4.463475e-004 3.997833e-001
    outer loop
      vertex   7.160387e+001 3.615000e+002 1.553553e+001
      vertex   7.166625e+001 3.552273e+002 1.539957e+001
      vertex   7.172350e+001 3.615000e+002 1.526136e+001
    endloop
  endfacet
  facet normal 4.436560e-002 -2.123587e-005 1.741207e-002
    outer loop
      vertex   7.172350e+001 3.615000e+002 1.526136e+001
      vertex   7.166625e+001 3.552273e+002 1.539957e+001
      vertex   7.177554e+001 3.552273e+002 1.512112e+001
    endloop
  endfacet
  facet normal 9.436182e-001 4.463211e-004 3.301762e-001
    outer loop
      vertex   7.172350e+001 3.615000e+002 1.526136e+001
      vertex   7.177554e+001 3.552273e+002 1.512112e+001
      vertex   7.182229e+001 3.615000e+002 1.497902e+001
    endloop
  endfacet
  facet normal 4.554274e-002 -2.123373e-005 1.404733e-002
    outer loop
      vertex   7.182229e+001 3.615000e+002 1.497902e+001
      vertex   7.177554e+001 3.552273e+002 1.512112e+001
      vertex   7.186370e+001 3.552273e+002 1.483528e+001
    endloop
  endfacet
  facet normal 9.656492e-001 4.456508e-004 2.587533e-001
    outer loop
      vertex   7.182229e+001 3.615000e+002 1.497902e+001
      vertex   7.186370e+001 3.552273e+002 1.483528e+001
      vertex   7.189971e+001 3.615000e+002 1.469008e+001
    endloop
  endfacet
  facet normal 4.646522e-002 -2.125533e-005 1.060600e-002
    outer loop
      vertex   7.189971e+001 3.615000e+002 1.469008e+001
      vertex   7.186370e+001 3.552273e+002 1.483528e+001
      vertex   7.193027e+001 3.552273e+002 1.454365e+001
    endloop
  endfacet
  facet normal 9.822878e-001 4.461303e-004 1.858555e-001
    outer loop
      vertex   7.189971e+001 3.615000e+002 1.469008e+001
      vertex   7.193027e+001 3.552273e+002 1.454365e+001
      vertex   7.195532e+001 3.615000e+002 1.439617e+001
    endloop
  endfacet
  facet normal 4.712787e-002 -2.125008e-005 7.102677e-003
    outer loop
      vertex   7.195532e+001 3.615000e+002 1.439617e+001
      vertex   7.193027e+001 3.552273e+002 1.454365e+001
      vertex   7.197485e+001 3.552273e+002 1.424786e+001
    endloop
  endfacet
  facet normal 9.934293e-001 4.454069e-004 1.119368e-001
    outer loop
      vertex   7.195532e+001 3.615000e+002 1.439617e+001
      vertex   7.197485e+001 3.552273e+002 1.424786e+001
      vertex   7.198882e+001 3.615000e+002 1.409892e+001
    endloop
  endfacet
  facet normal 4.752688e-002 -2.127583e-005 3.561671e-003
    outer loop
      vertex   7.198882e+001 3.615000e+002 1.409892e+001
      vertex   7.197485e+001 3.552273e+002 1.424786e+001
      vertex   7.199720e+001 3.552273e+002 1.394956e+001
    endloop
  endfacet
  facet normal 3.738026e-002 4.459643e-004 9.990167e-001
    outer loop
      vertex   6.829892e+001 3.615000e+002 1.778881e+001
      vertex   6.800000e+001 3.615000e+002 1.780000e+001
      vertex   6.814957e+001 3.552273e+002 1.779720e+001
    endloop
  endfacet
  facet normal 1.485843e-004 -0.000000e+000 7.947737e-003
    outer loop
      vertex   6.800000e+001 2.925000e+002 1.780000e+001
      vertex   6.814957e+001 3.113182e+002 1.779720e+001
      vertex   6.800000e+001 3.270000e+002 1.780000e+001
    endloop
  endfacet
  facet normal 1.188508e-004 0.000000e+000 6.357304e-003
    outer loop
      vertex   6.800000e+001 3.270000e+002 1.780000e+001
      vertex   6.814957e+001 3.113182e+002 1.779720e+001
      vertex   6.814957e+001 3.175909e+002 1.779720e+001
    endloop
  endfacet
  facet normal 5.936088e-004 1.694066e-021 3.175199e-002
    outer loop
      vertex   6.800000e+001 3.270000e+002 1.780000e+001
      vertex   6.814957e+001 3.175909e+002 1.779720e+001
      vertex   6.814957e+001 3.238636e+002 1.779720e+001
    endloop
  endfacet
  facet normal 7.473034e-002 0.000000e+000 9.972038e-001
    outer loop
      vertex   6.814957e+001 3.238636e+002 1.779720e+001
      vertex   6.814957e+001 3.175909e+002 1.779720e+001
      vertex   6.844786e+001 3.238636e+002 1.777485e+001
    endloop
  endfacet
  facet normal 7.464552e-002 8.673617e-019 9.960718e-001
    outer loop
      vertex   6.814957e+001 3.238636e+002 1.779720e+001
      vertex   6.844786e+001 3.238636e+002 1.777485e+001
      vertex   6.844786e+001 3.301364e+002 1.777485e+001
    endloop
  endfacet
  facet normal 1.488734e-001 0.000000e+000 9.877084e-001
    outer loop
      vertex   6.844786e+001 3.238636e+002 1.777485e+001
      vertex   6.874364e+001 3.238636e+002 1.773027e+001
      vertex   6.874364e+001 3.301364e+002 1.773027e+001
    endloop
  endfacet
  facet normal 1.488734e-001 0.000000e+000 9.877084e-001
    outer loop
      vertex   6.874364e+001 3.301364e+002 1.773027e+001
      vertex   6.844786e+001 3.301364e+002 1.777485e+001
      vertex   6.844786e+001 3.238636e+002 1.777485e+001
    endloop
  endfacet
  facet normal 2.222658e-001 0.000000e+000 9.738218e-001
    outer loop
      vertex   6.874364e+001 3.238636e+002 1.773027e+001
      vertex   6.903528e+001 3.238636e+002 1.766370e+001
      vertex   6.903528e+001 3.301364e+002 1.766370e+001
    endloop
  endfacet
  facet normal 2.222658e-001 0.000000e+000 9.738218e-001
    outer loop
      vertex   6.903528e+001 3.301364e+002 1.766370e+001
      vertex   6.874364e+001 3.301364e+002 1.773027e+001
      vertex   6.874364e+001 3.238636e+002 1.773027e+001
    endloop
  endfacet
  facet normal 2.944282e-001 -1.734723e-018 9.544858e-001
    outer loop
      vertex   6.903528e+001 3.238636e+002 1.766370e+001
      vertex   6.932111e+001 3.238636e+002 1.757553e+001
      vertex   6.932111e+001 3.301364e+002 1.757553e+001
    endloop
  endfacet
  facet normal 2.944282e-001 -1.734723e-018 9.544858e-001
    outer loop
      vertex   6.932111e+001 3.301364e+002 1.757553e+001
      vertex   6.903528e+001 3.301364e+002 1.766370e+001
      vertex   6.903528e+001 3.238636e+002 1.766370e+001
    endloop
  endfacet
  facet normal 3.649173e-001 0.000000e+000 9.298206e-001
    outer loop
      vertex   6.932111e+001 3.238636e+002 1.757553e+001
      vertex   6.959957e+001 3.238636e+002 1.746625e+001
      vertex   6.959957e+001 3.301364e+002 1.746625e+001
    endloop
  endfacet
  facet normal 3.649173e-001 0.000000e+000 9.298206e-001
    outer loop
      vertex   6.959957e+001 3.301364e+002 1.746625e+001
      vertex   6.932111e+001 3.301364e+002 1.757553e+001
      vertex   6.932111e+001 3.238636e+002 1.757553e+001
    endloop
  endfacet
  facet normal 4.333987e-001 0.000000e+000 8.999426e-001
    outer loop
      vertex   6.959957e+001 3.238636e+002 1.746625e+001
      vertex   6.986907e+001 3.238636e+002 1.733646e+001
      vertex   6.986907e+001 3.301364e+002 1.733646e+001
    endloop
  endfacet
  facet normal 4.333987e-001 0.000000e+000 8.999426e-001
    outer loop
      vertex   6.986907e+001 3.301364e+002 1.733646e+001
      vertex   6.959957e+001 3.301364e+002 1.746625e+001
      vertex   6.959957e+001 3.238636e+002 1.746625e+001
    endloop
  endfacet
  facet normal 4.994290e-001 0.000000e+000 8.650443e-001
    outer loop
      vertex   6.986907e+001 3.238636e+002 1.733646e+001
      vertex   7.012813e+001 3.238636e+002 1.718690e+001
      vertex   7.012813e+001 3.301364e+002 1.718690e+001
    endloop
  endfacet
  facet normal 4.994290e-001 0.000000e+000 8.650443e-001
    outer loop
      vertex   7.012813e+001 3.301364e+002 1.718690e+001
      vertex   6.986907e+001 3.301364e+002 1.733646e+001
      vertex   6.986907e+001 3.238636e+002 1.733646e+001
    endloop
  endfacet
  facet normal 5.626799e-001 0.000000e+000 8.253013e-001
    outer loop
      vertex   7.012813e+001 3.238636e+002 1.718690e+001
      vertex   7.037528e+001 3.238636e+002 1.701839e+001
      vertex   7.037528e+001 3.301364e+002 1.701839e+001
    endloop
  endfacet
  facet normal 5.626799e-001 0.000000e+000 8.253013e-001
    outer loop
      vertex   7.037528e+001 3.301364e+002 1.701839e+001
      vertex   7.012813e+001 3.301364e+002 1.718690e+001
      vertex   7.012813e+001 3.238636e+002 1.718690e+001
    endloop
  endfacet
  facet normal 6.227906e-001 0.000000e+000 7.809373e-001
    outer loop
      vertex   7.037528e+001 3.238636e+002 1.701839e+001
      vertex   7.060915e+001 3.238636e+002 1.683189e+001
      vertex   7.060915e+001 3.301364e+002 1.683189e+001
    endloop
  endfacet
  facet normal 6.227906e-001 0.000000e+000 7.809373e-001
    outer loop
      vertex   7.060915e+001 3.301364e+002 1.683189e+001
      vertex   7.037528e+001 3.301364e+002 1.701839e+001
      vertex   7.037528e+001 3.238636e+002 1.701839e+001
    endloop
  endfacet
  facet normal 6.793879e-001 0.000000e+000 7.322316e-001
    outer loop
      vertex   7.060915e+001 3.238636e+002 1.683189e+001
      vertex   7.082843e+001 3.238636e+002 1.662843e+001
      vertex   7.082843e+001 3.301364e+002 1.662843e+001
    endloop
  endfacet
  facet normal 6.793879e-001 0.000000e+000 7.322316e-001
    outer loop
      vertex   7.082843e+001 3.301364e+002 1.662843e+001
      vertex   7.060915e+001 3.301364e+002 1.683189e+001
      vertex   7.060915e+001 3.238636e+002 1.683189e+001
    endloop
  endfacet
  facet normal 7.322323e-001 6.938894e-018 6.793872e-001
    outer loop
      vertex   7.082843e+001 3.238636e+002 1.662843e+001
      vertex   7.103188e+001 3.238636e+002 1.640915e+001
      vertex   7.103188e+001 3.301364e+002 1.640915e+001
    endloop
  endfacet
  facet normal 7.322323e-001 6.938894e-018 6.793872e-001
    outer loop
      vertex   7.103188e+001 3.301364e+002 1.640915e+001
      vertex   7.082843e+001 3.301364e+002 1.662843e+001
      vertex   7.082843e+001 3.238636e+002 1.662843e+001
    endloop
  endfacet
  facet normal 7.809359e-001 0.000000e+000 6.227922e-001
    outer loop
      vertex   7.103188e+001 3.238636e+002 1.640915e+001
      vertex   7.121839e+001 3.238636e+002 1.617528e+001
      vertex   7.121839e+001 3.301364e+002 1.617528e+001
    endloop
  endfacet
  facet normal 7.809359e-001 0.000000e+000 6.227922e-001
    outer loop
      vertex   7.121839e+001 3.301364e+002 1.617528e+001
      vertex   7.103188e+001 3.301364e+002 1.640915e+001
      vertex   7.103188e+001 3.238636e+002 1.640915e+001
    endloop
  endfacet
  facet normal 8.253062e-001 0.000000e+000 5.626728e-001
    outer loop
      vertex   7.121839e+001 3.238636e+002 1.617528e+001
      vertex   7.138689e+001 3.238636e+002 1.592813e+001
      vertex   7.138689e+001 3.301364e+002 1.592813e+001
    endloop
  endfacet
  facet normal 8.253062e-001 0.000000e+000 5.626728e-001
    outer loop
      vertex   7.138689e+001 3.301364e+002 1.592813e+001
      vertex   7.121839e+001 3.301364e+002 1.617528e+001
      vertex   7.121839e+001 3.238636e+002 1.617528e+001
    endloop
  endfacet
  facet normal 8.650400e-001 3.469447e-018 4.994366e-001
    outer loop
      vertex   7.138689e+001 3.238636e+002 1.592813e+001
      vertex   7.153646e+001 3.238636e+002 1.566907e+001
      vertex   7.153646e+001 3.301364e+002 1.566907e+001
    endloop
  endfacet
  facet normal 8.650400e-001 3.469447e-018 4.994366e-001
    outer loop
      vertex   7.153646e+001 3.301364e+002 1.566907e+001
      vertex   7.138689e+001 3.301364e+002 1.592813e+001
      vertex   7.138689e+001 3.238636e+002 1.592813e+001
    endloop
  endfacet
  facet normal 8.999406e-001 0.000000e+000 4.334027e-001
    outer loop
      vertex   7.153646e+001 3.238636e+002 1.566907e+001
      vertex   7.166625e+001 3.238636e+002 1.539957e+001
      vertex   7.166625e+001 3.301364e+002 1.539957e+001
    endloop
  endfacet
  facet normal 8.999406e-001 0.000000e+000 4.334027e-001
    outer loop
      vertex   7.166625e+001 3.301364e+002 1.539957e+001
      vertex   7.153646e+001 3.301364e+002 1.566907e+001
      vertex   7.153646e+001 3.238636e+002 1.566907e+001
    endloop
  endfacet
  facet normal 9.298181e-001 0.000000e+000 3.649238e-001
    outer loop
      vertex   7.166625e+001 3.238636e+002 1.539957e+001
      vertex   7.177554e+001 3.238636e+002 1.512112e+001
      vertex   7.177554e+001 3.301364e+002 1.512112e+001
    endloop
  endfacet
  facet normal 9.298181e-001 0.000000e+000 3.649238e-001
    outer loop
      vertex   7.177554e+001 3.301364e+002 1.512112e+001
      vertex   7.166625e+001 3.301364e+002 1.539957e+001
      vertex   7.166625e+001 3.238636e+002 1.539957e+001
    endloop
  endfacet
  facet normal 9.544926e-001 1.734723e-018 2.944063e-001
    outer loop
      vertex   7.177554e+001 3.238636e+002 1.512112e+001
      vertex   7.186370e+001 3.238636e+002 1.483528e+001
      vertex   7.186370e+001 3.301364e+002 1.483528e+001
    endloop
  endfacet
  facet normal 9.544926e-001 1.734723e-018 2.944063e-001
    outer loop
      vertex   7.186370e+001 3.301364e+002 1.483528e+001
      vertex   7.177554e+001 3.301364e+002 1.512112e+001
      vertex   7.177554e+001 3.238636e+002 1.512112e+001
    endloop
  endfacet
  facet normal 9.738184e-001 0.000000e+000 2.222806e-001
    outer loop
      vertex   7.186370e+001 3.238636e+002 1.483528e+001
      vertex   7.193027e+001 3.238636e+002 1.454365e+001
      vertex   7.193027e+001 3.301364e+002 1.454365e+001
    endloop
  endfacet
  facet normal 9.738184e-001 0.000000e+000 2.222806e-001
    outer loop
      vertex   7.193027e+001 3.301364e+002 1.454365e+001
      vertex   7.186370e+001 3.301364e+002 1.483528e+001
      vertex   7.186370e+001 3.238636e+002 1.483528e+001
    endloop
  endfacet
  facet normal 9.877106e-001 -8.673617e-019 1.488586e-001
    outer loop
      vertex   7.193027e+001 3.238636e+002 1.454365e+001
      vertex   7.197485e+001 3.238636e+002 1.424786e+001
      vertex   7.197485e+001 3.301364e+002 1.424786e+001
    endloop
  endfacet
  facet normal 9.877106e-001 -8.673617e-019 1.488586e-001
    outer loop
      vertex   7.197485e+001 3.301364e+002 1.424786e+001
      vertex   7.193027e+001 3.301364e+002 1.454365e+001
      vertex   7.193027e+001 3.238636e+002 1.454365e+001
    endloop
  endfacet
  facet normal 9.972038e-001 0.000000e+000 7.473058e-002
    outer loop
      vertex   7.197485e+001 3.301364e+002 1.424786e+001
      vertex   7.197485e+001 3.238636e+002 1.424786e+001
      vertex   7.199720e+001 3.301364e+002 1.394956e+001
    endloop
  endfacet
  facet normal 4.750016e-002 0.000000e+000 3.559669e-003
    outer loop
      vertex   7.199720e+001 3.301364e+002 1.394956e+001
      vertex   7.197485e+001 3.238636e+002 1.424786e+001
      vertex   7.199720e+001 3.238636e+002 1.394956e+001
    endloop
  endfacet
  facet normal 4.763333e-002 0.000000e+000 8.917392e-004
    outer loop
      vertex   7.199720e+001 3.301364e+002 1.394956e+001
      vertex   7.199720e+001 3.238636e+002 1.394956e+001
      vertex   7.200000e+001 3.270000e+002 1.380000e+001
    endloop
  endfacet
  facet normal 3.175159e-002 0.000000e+000 5.944186e-004
    outer loop
      vertex   7.200000e+001 3.270000e+002 1.380000e+001
      vertex   7.199720e+001 3.238636e+002 1.394956e+001
      vertex   7.199720e+001 3.175909e+002 1.394956e+001
    endloop
  endfacet
  facet normal 6.357223e-003 4.235165e-022 1.190130e-004
    outer loop
      vertex   7.200000e+001 3.270000e+002 1.380000e+001
      vertex   7.199720e+001 3.175909e+002 1.394956e+001
      vertex   7.199720e+001 3.113182e+002 1.394956e+001
    endloop
  endfacet
  facet normal 9.972038e-001 -0.000000e+000 7.473058e-002
    outer loop
      vertex   7.199720e+001 3.113182e+002 1.394956e+001
      vertex   7.199720e+001 3.175909e+002 1.394956e+001
      vertex   7.197485e+001 3.113182e+002 1.424786e+001
    endloop
  endfacet
  facet normal 9.960718e-001 -4.336809e-019 7.464576e-002
    outer loop
      vertex   7.199720e+001 3.113182e+002 1.394956e+001
      vertex   7.197485e+001 3.113182e+002 1.424786e+001
      vertex   7.197485e+001 3.050454e+002 1.424786e+001
    endloop
  endfacet
  facet normal 9.877106e-001 -8.673617e-019 1.488586e-001
    outer loop
      vertex   7.197485e+001 3.113182e+002 1.424786e+001
      vertex   7.193027e+001 3.113182e+002 1.454365e+001
      vertex   7.193027e+001 3.050454e+002 1.454365e+001
    endloop
  endfacet
  facet normal 9.877106e-001 -8.673617e-019 1.488586e-001
    outer loop
      vertex   7.193027e+001 3.050454e+002 1.454365e+001
      vertex   7.197485e+001 3.050454e+002 1.424786e+001
      vertex   7.197485e+001 3.113182e+002 1.424786e+001
    endloop
  endfacet
  facet normal 9.738185e-001 -1.734723e-018 2.222806e-001
    outer loop
      vertex   7.193027e+001 3.113182e+002 1.454365e+001
      vertex   7.186370e+001 3.113182e+002 1.483528e+001
      vertex   7.186370e+001 3.050454e+002 1.483528e+001
    endloop
  endfacet
  facet normal 9.738185e-001 -1.734723e-018 2.222806e-001
    outer loop
      vertex   7.186370e+001 3.050454e+002 1.483528e+001
      vertex   7.193027e+001 3.050454e+002 1.454365e+001
      vertex   7.193027e+001 3.113182e+002 1.454365e+001
    endloop
  endfacet
  facet normal 9.544926e-001 0.000000e+000 2.944063e-001
    outer loop
      vertex   7.186370e+001 3.113182e+002 1.483528e+001
      vertex   7.177554e+001 3.113182e+002 1.512112e+001
      vertex   7.177554e+001 3.050454e+002 1.512112e+001
    endloop
  endfacet
  facet normal 9.544926e-001 0.000000e+000 2.944063e-001
    outer loop
      vertex   7.177554e+001 3.050454e+002 1.512112e+001
      vertex   7.186370e+001 3.050454e+002 1.483528e+001
      vertex   7.186370e+001 3.113182e+002 1.483528e+001
    endloop
  endfacet
  facet normal 9.298181e-001 0.000000e+000 3.649238e-001
    outer loop
      vertex   7.177554e+001 3.113182e+002 1.512112e+001
      vertex   7.166625e+001 3.113182e+002 1.539957e+001
      vertex   7.166625e+001 3.050454e+002 1.539957e+001
    endloop
  endfacet
  facet normal 9.298181e-001 0.000000e+000 3.649238e-001
    outer loop
      vertex   7.166625e+001 3.050454e+002 1.539957e+001
      vertex   7.177554e+001 3.050454e+002 1.512112e+001
      vertex   7.177554e+001 3.113182e+002 1.512112e+001
    endloop
  endfacet
  facet normal 8.999406e-001 0.000000e+000 4.334027e-001
    outer loop
      vertex   7.166625e+001 3.113182e+002 1.539957e+001
      vertex   7.153646e+001 3.113182e+002 1.566907e+001
      vertex   7.153646e+001 3.050454e+002 1.566907e+001
    endloop
  endfacet
  facet normal 8.999406e-001 0.000000e+000 4.334027e-001
    outer loop
      vertex   7.153646e+001 3.050454e+002 1.566907e+001
      vertex   7.166625e+001 3.050454e+002 1.539957e+001
      vertex   7.166625e+001 3.113182e+002 1.539957e+001
    endloop
  endfacet
  facet normal 8.650400e-001 3.469447e-018 4.994366e-001
    outer loop
      vertex   7.153646e+001 3.113182e+002 1.566907e+001
      vertex   7.138689e+001 3.113182e+002 1.592813e+001
      vertex   7.138689e+001 3.050454e+002 1.592813e+001
    endloop
  endfacet
  facet normal 8.650400e-001 3.469447e-018 4.994366e-001
    outer loop
      vertex   7.138689e+001 3.050454e+002 1.592813e+001
      vertex   7.153646e+001 3.050454e+002 1.566907e+001
      vertex   7.153646e+001 3.113182e+002 1.566907e+001
    endloop
  endfacet
  facet normal 8.253063e-001 0.000000e+000 5.626728e-001
    outer loop
      vertex   7.138689e+001 3.113182e+002 1.592813e+001
      vertex   7.121839e+001 3.113182e+002 1.617528e+001
      vertex   7.121839e+001 3.050454e+002 1.617528e+001
    endloop
  endfacet
  facet normal 8.253063e-001 0.000000e+000 5.626728e-001
    outer loop
      vertex   7.121839e+001 3.050454e+002 1.617528e+001
      vertex   7.138689e+001 3.050454e+002 1.592813e+001
      vertex   7.138689e+001 3.113182e+002 1.592813e+001
    endloop
  endfacet
  facet normal 7.809359e-001 -3.469447e-018 6.227922e-001
    outer loop
      vertex   7.121839e+001 3.113182e+002 1.617528e+001
      vertex   7.103188e+001 3.113182e+002 1.640915e+001
      vertex   7.103188e+001 3.050454e+002 1.640915e+001
    endloop
  endfacet
  facet normal 7.809359e-001 -3.469447e-018 6.227922e-001
    outer loop
      vertex   7.103188e+001 3.050454e+002 1.640915e+001
      vertex   7.121839e+001 3.050454e+002 1.617528e+001
      vertex   7.121839e+001 3.113182e+002 1.617528e+001
    endloop
  endfacet
  facet normal 7.322323e-001 0.000000e+000 6.793872e-001
    outer loop
      vertex   7.103188e+001 3.113182e+002 1.640915e+001
      vertex   7.082843e+001 3.113182e+002 1.662843e+001
      vertex   7.082843e+001 3.050454e+002 1.662843e+001
    endloop
  endfacet
  facet normal 7.322323e-001 0.000000e+000 6.793872e-001
    outer loop
      vertex   7.082843e+001 3.050454e+002 1.662843e+001
      vertex   7.103188e+001 3.050454e+002 1.640915e+001
      vertex   7.103188e+001 3.113182e+002 1.640915e+001
    endloop
  endfacet
  facet normal 6.793879e-001 0.000000e+000 7.322316e-001
    outer loop
      vertex   7.082843e+001 3.113182e+002 1.662843e+001
      vertex   7.060915e+001 3.113182e+002 1.683189e+001
      vertex   7.060915e+001 3.050454e+002 1.683189e+001
    endloop
  endfacet
  facet normal 6.793879e-001 0.000000e+000 7.322316e-001
    outer loop
      vertex   7.060915e+001 3.050454e+002 1.683189e+001
      vertex   7.082843e+001 3.050454e+002 1.662843e+001
      vertex   7.082843e+001 3.113182e+002 1.662843e+001
    endloop
  endfacet
  facet normal 6.227906e-001 -3.469447e-018 7.809373e-001
    outer loop
      vertex   7.060915e+001 3.113182e+002 1.683189e+001
      vertex   7.037528e+001 3.113182e+002 1.701839e+001
      vertex   7.037528e+001 3.050454e+002 1.701839e+001
    endloop
  endfacet
  facet normal 6.227906e-001 -3.469447e-018 7.809373e-001
    outer loop
      vertex   7.037528e+001 3.050454e+002 1.701839e+001
      vertex   7.060915e+001 3.050454e+002 1.683189e+001
      vertex   7.060915e+001 3.113182e+002 1.683189e+001
    endloop
  endfacet
  facet normal 5.626800e-001 3.469447e-018 8.253013e-001
    outer loop
      vertex   7.037528e+001 3.113182e+002 1.701839e+001
      vertex   7.012813e+001 3.113182e+002 1.718690e+001
      vertex   7.012813e+001 3.050454e+002 1.718690e+001
    endloop
  endfacet
  facet normal 5.626800e-001 3.469447e-018 8.253013e-001
    outer loop
      vertex   7.012813e+001 3.050454e+002 1.718690e+001
      vertex   7.037528e+001 3.050454e+002 1.701839e+001
      vertex   7.037528e+001 3.113182e+002 1.701839e+001
    endloop
  endfacet
  facet normal 4.994290e-001 3.469447e-018 8.650444e-001
    outer loop
      vertex   7.012813e+001 3.113182e+002 1.718690e+001
      vertex   6.986907e+001 3.113182e+002 1.733646e+001
      vertex   6.986907e+001 3.050454e+002 1.733646e+001
    endloop
  endfacet
  facet normal 4.994290e-001 3.469447e-018 8.650444e-001
    outer loop
      vertex   6.986907e+001 3.050454e+002 1.733646e+001
      vertex   7.012813e+001 3.050454e+002 1.718690e+001
      vertex   7.012813e+001 3.113182e+002 1.718690e+001
    endloop
  endfacet
  facet normal 4.333987e-001 0.000000e+000 8.999426e-001
    outer loop
      vertex   6.986907e+001 3.113182e+002 1.733646e+001
      vertex   6.959957e+001 3.113182e+002 1.746625e+001
      vertex   6.959957e+001 3.050454e+002 1.746625e+001
    endloop
  endfacet
  facet normal 4.333987e-001 0.000000e+000 8.999426e-001
    outer loop
      vertex   6.959957e+001 3.050454e+002 1.746625e+001
      vertex   6.986907e+001 3.050454e+002 1.733646e+001
      vertex   6.986907e+001 3.113182e+002 1.733646e+001
    endloop
  endfacet
  facet normal 3.649173e-001 -3.469447e-018 9.298206e-001
    outer loop
      vertex   6.959957e+001 3.113182e+002 1.746625e+001
      vertex   6.932111e+001 3.113182e+002 1.757553e+001
      vertex   6.932111e+001 3.050454e+002 1.757553e+001
    endloop
  endfacet
  facet normal 3.649173e-001 -3.469447e-018 9.298206e-001
    outer loop
      vertex   6.932111e+001 3.050454e+002 1.757553e+001
      vertex   6.959957e+001 3.050454e+002 1.746625e+001
      vertex   6.959957e+001 3.113182e+002 1.746625e+001
    endloop
  endfacet
  facet normal 2.944282e-001 1.734723e-018 9.544858e-001
    outer loop
      vertex   6.932111e+001 3.113182e+002 1.757553e+001
      vertex   6.903528e+001 3.113182e+002 1.766370e+001
      vertex   6.903528e+001 3.050454e+002 1.766370e+001
    endloop
  endfacet
  facet normal 2.944282e-001 1.734723e-018 9.544858e-001
    outer loop
      vertex   6.903528e+001 3.050454e+002 1.766370e+001
      vertex   6.932111e+001 3.050454e+002 1.757553e+001
      vertex   6.932111e+001 3.113182e+002 1.757553e+001
    endloop
  endfacet
  facet normal 2.222658e-001 -1.734723e-018 9.738218e-001
    outer loop
      vertex   6.903528e+001 3.113182e+002 1.766370e+001
      vertex   6.874364e+001 3.113182e+002 1.773027e+001
      vertex   6.874364e+001 3.050454e+002 1.773027e+001
    endloop
  endfacet
  facet normal 2.222658e-001 -1.734723e-018 9.738218e-001
    outer loop
      vertex   6.874364e+001 3.050454e+002 1.773027e+001
      vertex   6.903528e+001 3.050454e+002 1.766370e+001
      vertex   6.903528e+001 3.113182e+002 1.766370e+001
    endloop
  endfacet
  facet normal 1.488734e-001 -8.673617e-019 9.877084e-001
    outer loop
      vertex   6.874364e+001 3.113182e+002 1.773027e+001
      vertex   6.844786e+001 3.113182e+002 1.777485e+001
      vertex   6.844786e+001 3.050454e+002 1.777485e+001
    endloop
  endfacet
  facet normal 1.488734e-001 -8.673617e-019 9.877084e-001
    outer loop
      vertex   6.844786e+001 3.050454e+002 1.777485e+001
      vertex   6.874364e+001 3.050454e+002 1.773027e+001
      vertex   6.874364e+001 3.113182e+002 1.773027e+001
    endloop
  endfacet
  facet normal 7.473034e-002 -0.000000e+000 9.972038e-001
    outer loop
      vertex   6.844786e+001 3.050454e+002 1.777485e+001
      vertex   6.844786e+001 3.113182e+002 1.777485e+001
      vertex   6.814957e+001 3.050454e+002 1.779720e+001
    endloop
  endfacet
  facet normal 3.559651e-003 -0.000000e+000 4.750009e-002
    outer loop
      vertex   6.814957e+001 3.050454e+002 1.779720e+001
      vertex   6.844786e+001 3.113182e+002 1.777485e+001
      vertex   6.814957e+001 3.113182e+002 1.779720e+001
    endloop
  endfacet
  facet normal 2.228678e-004 -0.000000e+000 1.192115e-002
    outer loop
      vertex   6.814957e+001 3.050454e+002 1.779720e+001
      vertex   6.814957e+001 3.113182e+002 1.779720e+001
      vertex   6.800000e+001 2.925000e+002 1.780000e+001
    endloop
  endfacet
  facet normal 2.228678e-004 0.000000e+000 1.192115e-002
    outer loop
      vertex   6.814957e+001 3.050454e+002 1.779720e+001
      vertex   6.800000e+001 2.925000e+002 1.780000e+001
      vertex   6.814957e+001 2.987727e+002 1.779720e+001
    endloop
  endfacet
  facet normal 1.782051e-003 -2.126072e-005 4.762671e-002
    outer loop
      vertex   6.814957e+001 2.987727e+002 1.779720e+001
      vertex   6.800000e+001 2.925000e+002 1.780000e+001
      vertex   6.829892e+001 2.925000e+002 1.778881e+001
    endloop
  endfacet
  facet normal 7.470910e-002 4.456342e-004 9.969203e-001
    outer loop
      vertex   6.814957e+001 2.987727e+002 1.779720e+001
      vertex   6.829892e+001 2.925000e+002 1.778881e+001
      vertex   6.844786e+001 2.987727e+002 1.777485e+001
    endloop
  endfacet
  facet normal 5.336124e-003 -2.125864e-005 4.736050e-002
    outer loop
      vertex   6.844786e+001 2.987727e+002 1.777485e+001
      vertex   6.829892e+001 2.925000e+002 1.778881e+001
      vertex   6.859617e+001 2.925000e+002 1.775532e+001
    endloop
  endfacet
  facet normal 1.490002e-001 4.457294e-004 9.885497e-001
    outer loop
      vertex   6.844786e+001 2.987727e+002 1.777485e+001
      vertex   6.859617e+001 2.925000e+002 1.775532e+001
      vertex   6.874364e+001 2.987727e+002 1.773027e+001
    endloop
  endfacet
  facet normal 8.860720e-003 -2.125889e-005 4.682929e-002
    outer loop
      vertex   6.874364e+001 2.987727e+002 1.773027e+001
      vertex   6.859617e+001 2.925000e+002 1.775532e+001
      vertex   6.889008e+001 2.925000e+002 1.769971e+001
    endloop
  endfacet
  facet normal 2.224551e-001 4.455524e-004 9.746514e-001
    outer loop
      vertex   6.874364e+001 2.987727e+002 1.773027e+001
      vertex   6.889008e+001 2.925000e+002 1.769971e+001
      vertex   6.903528e+001 2.987727e+002 1.766370e+001
    endloop
  endfacet
  facet normal 1.233517e-002 -2.126098e-005 4.603672e-002
    outer loop
      vertex   6.903528e+001 2.987727e+002 1.766370e+001
      vertex   6.889008e+001 2.925000e+002 1.769971e+001
      vertex   6.917902e+001 2.925000e+002 1.762229e+001
    endloop
  endfacet
  facet normal 2.946790e-001 4.459918e-004 9.552988e-001
    outer loop
      vertex   6.903528e+001 2.987727e+002 1.766370e+001
      vertex   6.917902e+001 2.925000e+002 1.762229e+001
      vertex   6.932111e+001 2.987727e+002 1.757553e+001
    endloop
  endfacet
  facet normal 1.574125e-002 -2.123831e-005 4.498524e-002
    outer loop
      vertex   6.932111e+001 2.987727e+002 1.757553e+001
      vertex   6.917902e+001 2.925000e+002 1.762229e+001
      vertex   6.946136e+001 2.925000e+002 1.752349e+001
    endloop
  endfacet
  facet normal 3.652281e-001 4.457809e-004 9.306127e-001
    outer loop
      vertex   6.932111e+001 2.987727e+002 1.757553e+001
      vertex   6.946136e+001 2.925000e+002 1.752349e+001
      vertex   6.959957e+001 2.987727e+002 1.746625e+001
    endloop
  endfacet
  facet normal 1.905889e-002 -2.126629e-005 4.368335e-002
    outer loop
      vertex   6.959957e+001 2.987727e+002 1.746625e+001
      vertex   6.946136e+001 2.925000e+002 1.752349e+001
      vertex   6.973553e+001 2.925000e+002 1.740388e+001
    endloop
  endfacet
  facet normal 4.337678e-001 4.456789e-004 9.007092e-001
    outer loop
      vertex   6.959957e+001 2.987727e+002 1.746625e+001
      vertex   6.973553e+001 2.925000e+002 1.740388e+001
      vertex   6.986907e+001 2.987727e+002 1.733646e+001
    endloop
  endfacet
  facet normal 2.227017e-002 -2.124980e-005 4.213712e-002
    outer loop
      vertex   6.986907e+001 2.987727e+002 1.733646e+001
      vertex   6.973553e+001 2.925000e+002 1.740388e+001
      vertex   7.000000e+001 2.925000e+002 1.726410e+001
    endloop
  endfacet
  facet normal 4.998545e-001 4.457669e-004 8.657812e-001
    outer loop
      vertex   6.986907e+001 2.987727e+002 1.733646e+001
      vertex   7.000000e+001 2.925000e+002 1.726410e+001
      vertex   7.012813e+001 2.987727e+002 1.718690e+001
    endloop
  endfacet
  facet normal 2.535654e-002 -2.125420e-005 4.035507e-002
    outer loop
      vertex   7.012813e+001 2.987727e+002 1.718690e+001
      vertex   7.000000e+001 2.925000e+002 1.726410e+001
      vertex   7.025328e+001 2.925000e+002 1.710496e+001
    endloop
  endfacet
  facet normal 5.631593e-001 4.458534e-004 8.260044e-001
    outer loop
      vertex   7.012813e+001 2.987727e+002 1.718690e+001
      vertex   7.025328e+001 2.925000e+002 1.710496e+001
      vertex   7.037528e+001 2.987727e+002 1.701839e+001
    endloop
  endfacet
  facet normal 2.830161e-002 -2.125726e-005 3.834692e-002
    outer loop
      vertex   7.037528e+001 2.987727e+002 1.701839e+001
      vertex   7.025328e+001 2.925000e+002 1.710496e+001
      vertex   7.049396e+001 2.925000e+002 1.692733e+001
    endloop
  endfacet
  facet normal 6.233211e-001 4.458311e-004 7.816024e-001
    outer loop
      vertex   7.037528e+001 2.987727e+002 1.701839e+001
      vertex   7.049396e+001 2.925000e+002 1.692733e+001
      vertex   7.060915e+001 2.987727e+002 1.683189e+001
    endloop
  endfacet
  facet normal 3.108804e-002 -2.124074e-005 3.612483e-002
    outer loop
      vertex   7.060915e+001 2.987727e+002 1.683189e+001
      vertex   7.049396e+001 2.925000e+002 1.692733e+001
      vertex   7.072069e+001 2.925000e+002 1.673221e+001
    endloop
  endfacet
  facet normal 6.799667e-001 4.455936e-004 7.328553e-001
    outer loop
      vertex   7.060915e+001 2.987727e+002 1.683189e+001
      vertex   7.072069e+001 2.925000e+002 1.673221e+001
      vertex   7.082843e+001 2.987727e+002 1.662843e+001
    endloop
  endfacet
  facet normal 3.370094e-002 -2.128392e-005 3.370094e-002
    outer loop
      vertex   7.082843e+001 2.987727e+002 1.662843e+001
      vertex   7.072069e+001 2.925000e+002 1.673221e+001
      vertex   7.093221e+001 2.925000e+002 1.652069e+001
    endloop
  endfacet
  facet normal 7.328560e-001 4.455695e-004 6.799660e-001
    outer loop
      vertex   7.082843e+001 2.987727e+002 1.662843e+001
      vertex   7.093221e+001 2.925000e+002 1.652069e+001
      vertex   7.103188e+001 2.987727e+002 1.640915e+001
    endloop
  endfacet
  facet normal 3.612513e-002 -2.123476e-005 3.108865e-002
    outer loop
      vertex   7.103188e+001 2.987727e+002 1.640915e+001
      vertex   7.093221e+001 2.925000e+002 1.652069e+001
      vertex   7.112733e+001 2.925000e+002 1.629396e+001
    endloop
  endfacet
  facet normal 7.816012e-001 4.460687e-004 6.233227e-001
    outer loop
      vertex   7.103188e+001 2.987727e+002 1.640915e+001
      vertex   7.112733e+001 2.925000e+002 1.629396e+001
      vertex   7.121839e+001 2.987727e+002 1.617528e+001
    endloop
  endfacet
  facet normal 3.834722e-002 -2.125882e-005 2.830130e-002
    outer loop
      vertex   7.121839e+001 2.987727e+002 1.617528e+001
      vertex   7.112733e+001 2.925000e+002 1.629396e+001
      vertex   7.130495e+001 2.925000e+002 1.605328e+001
    endloop
  endfacet
  facet normal 8.260093e-001 4.458106e-004 5.631521e-001
    outer loop
      vertex   7.121839e+001 2.987727e+002 1.617528e+001
      vertex   7.130495e+001 2.925000e+002 1.605328e+001
      vertex   7.138689e+001 2.987727e+002 1.592813e+001
    endloop
  endfacet
  facet normal 4.035491e-002 -2.123167e-005 2.535715e-002
    outer loop
      vertex   7.138689e+001 2.987727e+002 1.592813e+001
      vertex   7.130495e+001 2.925000e+002 1.605328e+001
      vertex   7.146410e+001 2.925000e+002 1.580000e+001
    endloop
  endfacet
  facet normal 8.657768e-001 4.463490e-004 4.998620e-001
    outer loop
      vertex   7.138689e+001 2.987727e+002 1.592813e+001
      vertex   7.146410e+001 2.925000e+002 1.580000e+001
      vertex   7.153646e+001 2.987727e+002 1.566907e+001
    endloop
  endfacet
  facet normal 4.213712e-002 -2.124363e-005 2.226956e-002
    outer loop
      vertex   7.153646e+001 2.987727e+002 1.566907e+001
      vertex   7.146410e+001 2.925000e+002 1.580000e+001
      vertex   7.160387e+001 2.925000e+002 1.553553e+001
    endloop
  endfacet
  facet normal 9.007072e-001 4.454380e-004 4.337719e-001
    outer loop
      vertex   7.153646e+001 2.987727e+002 1.566907e+001
      vertex   7.160387e+001 2.925000e+002 1.553553e+001
      vertex   7.166625e+001 2.987727e+002 1.539957e+001
    endloop
  endfacet
  facet normal 4.368350e-002 -2.127909e-005 1.905919e-002
    outer loop
      vertex   7.166625e+001 2.987727e+002 1.539957e+001
      vertex   7.160387e+001 2.925000e+002 1.553553e+001
      vertex   7.172350e+001 2.925000e+002 1.526136e+001
    endloop
  endfacet
  facet normal 9.306102e-001 4.454424e-004 3.652346e-001
    outer loop
      vertex   7.166625e+001 2.987727e+002 1.539957e+001
      vertex   7.172350e+001 2.925000e+002 1.526136e+001
      vertex   7.177554e+001 2.987727e+002 1.512112e+001
    endloop
  endfacet
  facet normal 4.498554e-002 -2.127767e-005 1.574064e-002
    outer loop
      vertex   7.177554e+001 2.987727e+002 1.512112e+001
      vertex   7.172350e+001 2.925000e+002 1.526136e+001
      vertex   7.182229e+001 2.925000e+002 1.497902e+001
    endloop
  endfacet
  facet normal 9.553056e-001 4.453992e-004 2.946571e-001
    outer loop
      vertex   7.177554e+001 2.987727e+002 1.512112e+001
      vertex   7.182229e+001 2.925000e+002 1.497902e+001
      vertex   7.186370e+001 2.987727e+002 1.483528e+001
    endloop
  endfacet
  facet normal 4.603627e-002 -2.124592e-005 1.233578e-002
    outer loop
      vertex   7.186370e+001 2.987727e+002 1.483528e+001
      vertex   7.182229e+001 2.925000e+002 1.497902e+001
      vertex   7.189971e+001 2.925000e+002 1.469008e+001
    endloop
  endfacet
  facet normal 9.746480e-001 4.458488e-004 2.224700e-001
    outer loop
      vertex   7.186370e+001 2.987727e+002 1.483528e+001
      vertex   7.189971e+001 2.925000e+002 1.469008e+001
      vertex   7.193027e+001 2.987727e+002 1.454365e+001
    endloop
  endfacet
  facet normal 4.682929e-002 -2.126868e-005 8.860416e-003
    outer loop
      vertex   7.193027e+001 2.987727e+002 1.454365e+001
      vertex   7.189971e+001 2.925000e+002 1.469008e+001
      vertex   7.195532e+001 2.925000e+002 1.439617e+001
    endloop
  endfacet
  facet normal 9.885519e-001 4.457407e-004 1.489854e-001
    outer loop
      vertex   7.193027e+001 2.987727e+002 1.454365e+001
      vertex   7.195532e+001 2.925000e+002 1.439617e+001
      vertex   7.197485e+001 2.987727e+002 1.424786e+001
    endloop
  endfacet
  facet normal 4.736035e-002 -2.123415e-005 5.336429e-003
    outer loop
      vertex   7.197485e+001 2.987727e+002 1.424786e+001
      vertex   7.195532e+001 2.925000e+002 1.439617e+001
      vertex   7.198882e+001 2.925000e+002 1.409892e+001
    endloop
  endfacet
  facet normal 9.969203e-001 4.462802e-004 7.470934e-002
    outer loop
      vertex   7.197485e+001 2.987727e+002 1.424786e+001
      vertex   7.198882e+001 2.925000e+002 1.409892e+001
      vertex   7.199720e+001 2.987727e+002 1.394956e+001
    endloop
  endfacet
  facet normal 4.762686e-002 -2.123115e-005 1.782051e-003
    outer loop
      vertex   7.199720e+001 2.987727e+002 1.394956e+001
      vertex   7.198882e+001 2.925000e+002 1.409892e+001
      vertex   7.200000e+001 2.925000e+002 1.380000e+001
    endloop
  endfacet
  facet normal 2.383685e-002 -0.000000e+000 4.462474e-004
    outer loop
      vertex   7.199720e+001 2.987727e+002 1.394956e+001
      vertex   7.200000e+001 2.925000e+002 1.380000e+001
      vertex   7.199720e+001 3.050454e+002 1.394956e+001
    endloop
  endfacet
  facet normal 1.192099e-002 -0.000000e+000 2.231718e-004
    outer loop
      vertex   7.199720e+001 3.050454e+002 1.394956e+001
      vertex   7.200000e+001 2.925000e+002 1.380000e+001
      vertex   7.199720e+001 3.113182e+002 1.394956e+001
    endloop
  endfacet
  facet normal 9.972038e-001 -0.000000e+000 7.473058e-002
    outer loop
      vertex   7.199720e+001 3.050454e+002 1.394956e+001
      vertex   7.199720e+001 3.113182e+002 1.394956e+001
      vertex   7.197485e+001 3.050454e+002 1.424786e+001
    endloop
  endfacet
  facet normal 7.947636e-003 -0.000000e+000 1.487870e-004
    outer loop
      vertex   7.200000e+001 2.925000e+002 1.380000e+001
      vertex   7.200000e+001 3.270000e+002 1.380000e+001
      vertex   7.199720e+001 3.113182e+002 1.394956e+001
    endloop
  endfacet
  facet normal 7.947636e-003 0.000000e+000 1.487870e-004
    outer loop
      vertex   7.200000e+001 3.615000e+002 1.380000e+001
      vertex   7.199720e+001 3.426818e+002 1.394956e+001
      vertex   7.200000e+001 3.270000e+002 1.380000e+001
    endloop
  endfacet
  facet normal 6.357223e-003 -4.235165e-022 1.190130e-004
    outer loop
      vertex   7.200000e+001 3.270000e+002 1.380000e+001
      vertex   7.199720e+001 3.426818e+002 1.394956e+001
      vertex   7.199720e+001 3.364091e+002 1.394956e+001
    endloop
  endfacet
  facet normal 3.175159e-002 0.000000e+000 5.944186e-004
    outer loop
      vertex   7.200000e+001 3.270000e+002 1.380000e+001
      vertex   7.199720e+001 3.364091e+002 1.394956e+001
      vertex   7.199720e+001 3.301364e+002 1.394956e+001
    endloop
  endfacet
  facet normal 9.972038e-001 -0.000000e+000 7.473058e-002
    outer loop
      vertex   7.199720e+001 3.301364e+002 1.394956e+001
      vertex   7.199720e+001 3.364091e+002 1.394956e+001
      vertex   7.197485e+001 3.301364e+002 1.424786e+001
    endloop
  endfacet
  facet normal 9.972038e-001 -0.000000e+000 7.473058e-002
    outer loop
      vertex   7.199720e+001 3.489546e+002 1.394956e+001
      vertex   7.199720e+001 3.552273e+002 1.394956e+001
      vertex   7.197485e+001 3.489546e+002 1.424786e+001
    endloop
  endfacet
  facet normal 4.750016e-002 -0.000000e+000 3.559669e-003
    outer loop
      vertex   7.197485e+001 3.489546e+002 1.424786e+001
      vertex   7.199720e+001 3.552273e+002 1.394956e+001
      vertex   7.197485e+001 3.552273e+002 1.424786e+001
    endloop
  endfacet
  facet normal 9.888330e-001 -0.000000e+000 1.490278e-001
    outer loop
      vertex   7.197485e+001 3.489546e+002 1.424786e+001
      vertex   7.197485e+001 3.552273e+002 1.424786e+001
      vertex   7.193027e+001 3.489546e+002 1.454365e+001
    endloop
  endfacet
  facet normal 4.710137e-002 -0.000000e+000 7.098684e-003
    outer loop
      vertex   7.193027e+001 3.489546e+002 1.454365e+001
      vertex   7.197485e+001 3.552273e+002 1.424786e+001
      vertex   7.193027e+001 3.552273e+002 1.454365e+001
    endloop
  endfacet
  facet normal 9.749251e-001 -0.000000e+000 2.225332e-001
    outer loop
      vertex   7.193027e+001 3.489546e+002 1.454365e+001
      vertex   7.193027e+001 3.552273e+002 1.454365e+001
      vertex   7.186370e+001 3.489546e+002 1.483528e+001
    endloop
  endfacet
  facet normal 4.643910e-002 -0.000000e+000 1.060004e-002
    outer loop
      vertex   7.186370e+001 3.489546e+002 1.483528e+001
      vertex   7.193027e+001 3.552273e+002 1.454365e+001
      vertex   7.186370e+001 3.552273e+002 1.483528e+001
    endloop
  endfacet
  facet normal 9.555772e-001 -0.000000e+000 2.947409e-001
    outer loop
      vertex   7.186370e+001 3.489546e+002 1.483528e+001
      vertex   7.186370e+001 3.552273e+002 1.483528e+001
      vertex   7.177554e+001 3.489546e+002 1.512112e+001
    endloop
  endfacet
  facet normal 4.551714e-002 -0.000000e+000 1.403943e-002
    outer loop
      vertex   7.177554e+001 3.489546e+002 1.512112e+001
      vertex   7.186370e+001 3.552273e+002 1.483528e+001
      vertex   7.177554e+001 3.552273e+002 1.512112e+001
    endloop
  endfacet
  facet normal 9.308748e-001 -0.000000e+000 3.653385e-001
    outer loop
      vertex   7.177554e+001 3.489546e+002 1.512112e+001
      vertex   7.177554e+001 3.552273e+002 1.512112e+001
      vertex   7.166625e+001 3.489546e+002 1.539957e+001
    endloop
  endfacet
  facet normal 4.434066e-002 -0.000000e+000 1.740228e-002
    outer loop
      vertex   7.166625e+001 3.489546e+002 1.539957e+001
      vertex   7.177554e+001 3.552273e+002 1.512112e+001
      vertex   7.166625e+001 3.552273e+002 1.539957e+001
    endloop
  endfacet
  facet normal 9.009633e-001 -0.000000e+000 4.338953e-001
    outer loop
      vertex   7.166625e+001 3.489546e+002 1.539957e+001
      vertex   7.166625e+001 3.552273e+002 1.539957e+001
      vertex   7.153646e+001 3.489546e+002 1.566907e+001
    endloop
  endfacet
  facet normal 4.291603e-002 -0.000000e+000 2.066795e-002
    outer loop
      vertex   7.153646e+001 3.489546e+002 1.566907e+001
      vertex   7.166625e+001 3.552273e+002 1.539957e+001
      vertex   7.153646e+001 3.552273e+002 1.566907e+001
    endloop
  endfacet
  facet normal 8.660230e-001 -0.000000e+000 5.000041e-001
    outer loop
      vertex   7.153646e+001 3.489546e+002 1.566907e+001
      vertex   7.153646e+001 3.552273e+002 1.566907e+001
      vertex   7.138689e+001 3.489546e+002 1.592813e+001
    endloop
  endfacet
  facet normal 4.125176e-002 -0.000000e+000 2.381698e-002
    outer loop
      vertex   7.138689e+001 3.489546e+002 1.592813e+001
      vertex   7.153646e+001 3.552273e+002 1.566907e+001
      vertex   7.138689e+001 3.552273e+002 1.592813e+001
    endloop
  endfacet
  facet normal 8.262441e-001 -0.000000e+000 5.633122e-001
    outer loop
      vertex   7.138689e+001 3.489546e+002 1.592813e+001
      vertex   7.138689e+001 3.552273e+002 1.592813e+001
      vertex   7.121839e+001 3.489546e+002 1.617528e+001
    endloop
  endfacet
  facet normal 3.935666e-002 -0.000000e+000 2.683237e-002
    outer loop
      vertex   7.121839e+001 3.489546e+002 1.617528e+001
      vertex   7.138689e+001 3.552273e+002 1.592813e+001
      vertex   7.121839e+001 3.552273e+002 1.617528e+001
    endloop
  endfacet
  facet normal 7.818234e-001 -0.000000e+000 6.234999e-001
    outer loop
      vertex   7.121839e+001 3.489546e+002 1.617528e+001
      vertex   7.121839e+001 3.552273e+002 1.617528e+001
      vertex   7.103188e+001 3.489546e+002 1.640915e+001
    endloop
  endfacet
  facet normal 3.724106e-002 -0.000000e+000 2.969954e-002
    outer loop
      vertex   7.103188e+001 3.489546e+002 1.640915e+001
      vertex   7.121839e+001 3.552273e+002 1.617528e+001
      vertex   7.103188e+001 3.552273e+002 1.640915e+001
    endloop
  endfacet
  facet normal 7.330644e-001 -0.000000e+000 6.801593e-001
    outer loop
      vertex   7.103188e+001 3.489546e+002 1.640915e+001
      vertex   7.103188e+001 3.552273e+002 1.640915e+001
      vertex   7.082843e+001 3.489546e+002 1.662843e+001
    endloop
  endfacet
  facet normal 3.491786e-002 -0.000000e+000 3.239784e-002
    outer loop
      vertex   7.082843e+001 3.489546e+002 1.662843e+001
      vertex   7.103188e+001 3.552273e+002 1.640915e+001
      vertex   7.082843e+001 3.552273e+002 1.662843e+001
    endloop
  endfacet
  facet normal 6.801600e-001 -0.000000e+000 7.330637e-001
    outer loop
      vertex   7.082843e+001 3.489546e+002 1.662843e+001
      vertex   7.082843e+001 3.552273e+002 1.662843e+001
      vertex   7.060915e+001 3.489546e+002 1.683189e+001
    endloop
  endfacet
  facet normal 3.239875e-002 -0.000000e+000 3.491877e-002
    outer loop
      vertex   7.060915e+001 3.489546e+002 1.683189e+001
      vertex   7.082843e+001 3.552273e+002 1.662843e+001
      vertex   7.060915e+001 3.552273e+002 1.683189e+001
    endloop
  endfacet
  facet normal 6.234983e-001 -0.000000e+000 7.818246e-001
    outer loop
      vertex   7.060915e+001 3.489546e+002 1.683189e+001
      vertex   7.060915e+001 3.552273e+002 1.683189e+001
      vertex   7.037528e+001 3.489546e+002 1.701839e+001
    endloop
  endfacet
  facet normal 2.969894e-002 -0.000000e+000 3.724045e-002
    outer loop
      vertex   7.037528e+001 3.489546e+002 1.701839e+001
      vertex   7.060915e+001 3.552273e+002 1.683189e+001
      vertex   7.037528e+001 3.552273e+002 1.701839e+001
    endloop
  endfacet
  facet normal 5.633194e-001 -0.000000e+000 8.262392e-001
    outer loop
      vertex   7.037528e+001 3.489546e+002 1.701839e+001
      vertex   7.037528e+001 3.552273e+002 1.701839e+001
      vertex   7.012813e+001 3.489546e+002 1.718690e+001
    endloop
  endfacet
  facet normal 2.683298e-002 -0.000000e+000 3.935681e-002
    outer loop
      vertex   7.012813e+001 3.489546e+002 1.718690e+001
      vertex   7.037528e+001 3.552273e+002 1.701839e+001
      vertex   7.012813e+001 3.552273e+002 1.718690e+001
    endloop
  endfacet
  facet normal 4.999966e-001 -0.000000e+000 8.660274e-001
    outer loop
      vertex   7.012813e+001 3.489546e+002 1.718690e+001
      vertex   7.012813e+001 3.552273e+002 1.718690e+001
      vertex   6.986907e+001 3.489546e+002 1.733646e+001
    endloop
  endfacet
  facet normal 2.381667e-002 -0.000000e+000 4.125207e-002
    outer loop
      vertex   6.986907e+001 3.489546e+002 1.733646e+001
      vertex   7.012813e+001 3.552273e+002 1.718690e+001
      vertex   6.986907e+001 3.552273e+002 1.733646e+001
    endloop
  endfacet
  facet normal 4.338911e-001 -0.000000e+000 9.009653e-001
    outer loop
      vertex   6.986907e+001 3.489546e+002 1.733646e+001
      vertex   6.986907e+001 3.552273e+002 1.733646e+001
      vertex   6.959957e+001 3.489546e+002 1.746625e+001
    endloop
  endfacet
  facet normal 2.066734e-002 -0.000000e+000 4.291527e-002
    outer loop
      vertex   6.959957e+001 3.489546e+002 1.746625e+001
      vertex   6.986907e+001 3.552273e+002 1.733646e+001
      vertex   6.959957e+001 3.552273e+002 1.746625e+001
    endloop
  endfacet
  facet normal 3.653320e-001 -0.000000e+000 9.308773e-001
    outer loop
      vertex   6.959957e+001 3.489546e+002 1.746625e+001
      vertex   6.959957e+001 3.552273e+002 1.746625e+001
      vertex   6.932111e+001 3.489546e+002 1.757553e+001
    endloop
  endfacet
  facet normal 1.740228e-002 -0.000000e+000 4.434156e-002
    outer loop
      vertex   6.932111e+001 3.489546e+002 1.757553e+001
      vertex   6.959957e+001 3.552273e+002 1.746625e+001
      vertex   6.932111e+001 3.552273e+002 1.757553e+001
    endloop
  endfacet
  facet normal 2.947628e-001 -0.000000e+000 9.555705e-001
    outer loop
      vertex   6.932111e+001 3.489546e+002 1.757553e+001
      vertex   6.932111e+001 3.552273e+002 1.757553e+001
      vertex   6.903528e+001 3.489546e+002 1.766370e+001
    endloop
  endfacet
  facet normal 1.404034e-002 -0.000000e+000 4.551638e-002
    outer loop
      vertex   6.903528e+001 3.489546e+002 1.766370e+001
      vertex   6.932111e+001 3.552273e+002 1.757553e+001
      vertex   6.903528e+001 3.552273e+002 1.766370e+001
    endloop
  endfacet
  facet normal 2.225183e-001 -0.000000e+000 9.749285e-001
    outer loop
      vertex   6.903528e+001 3.489546e+002 1.766370e+001
      vertex   6.903528e+001 3.552273e+002 1.766370e+001
      vertex   6.874364e+001 3.489546e+002 1.773027e+001
    endloop
  endfacet
  facet normal 1.059943e-002 -0.000000e+000 4.643970e-002
    outer loop
      vertex   6.874364e+001 3.489546e+002 1.773027e+001
      vertex   6.903528e+001 3.552273e+002 1.766370e+001
      vertex   6.874364e+001 3.552273e+002 1.773027e+001
    endloop
  endfacet
  facet normal 1.490426e-001 -0.000000e+000 9.888308e-001
    outer loop
      vertex   6.874364e+001 3.489546e+002 1.773027e+001
      vertex   6.874364e+001 3.552273e+002 1.773027e+001
      vertex   6.844786e+001 3.489546e+002 1.777485e+001
    endloop
  endfacet
  facet normal 7.099292e-003 -0.000000e+000 4.710061e-002
    outer loop
      vertex   6.844786e+001 3.489546e+002 1.777485e+001
      vertex   6.874364e+001 3.552273e+002 1.773027e+001
      vertex   6.844786e+001 3.552273e+002 1.777485e+001
    endloop
  endfacet
  facet normal 7.473034e-002 -0.000000e+000 9.972038e-001
    outer loop
      vertex   6.844786e+001 3.489546e+002 1.777485e+001
      vertex   6.844786e+001 3.552273e+002 1.777485e+001
      vertex   6.814957e+001 3.489546e+002 1.779720e+001
    endloop
  endfacet
  facet normal 4.749993e-002 -0.000000e+000 3.559651e-003
    outer loop
      vertex   7.197485e+001 3.301364e+002 1.424786e+001
      vertex   7.199720e+001 3.364091e+002 1.394956e+001
      vertex   7.197485e+001 3.364091e+002 1.424786e+001
    endloop
  endfacet
  facet normal 9.960718e-001 -4.336809e-019 7.464576e-002
    outer loop
      vertex   7.197485e+001 3.364091e+002 1.424786e+001
      vertex   7.199720e+001 3.364091e+002 1.394956e+001
      vertex   7.199720e+001 3.426818e+002 1.394956e+001
    endloop
  endfacet
  facet normal 9.972038e-001 -0.000000e+000 7.473058e-002
    outer loop
      vertex   7.199720e+001 3.175909e+002 1.394956e+001
      vertex   7.199720e+001 3.238636e+002 1.394956e+001
      vertex   7.197485e+001 3.175909e+002 1.424786e+001
    endloop
  endfacet
  facet normal 4.749993e-002 -0.000000e+000 3.559651e-003
    outer loop
      vertex   7.197485e+001 3.175909e+002 1.424786e+001
      vertex   7.199720e+001 3.238636e+002 1.394956e+001
      vertex   7.197485e+001 3.238636e+002 1.424786e+001
    endloop
  endfacet
  facet normal 9.877106e-001 -8.673617e-019 1.488586e-001
    outer loop
      vertex   7.197485e+001 3.238636e+002 1.424786e+001
      vertex   7.193027e+001 3.238636e+002 1.454365e+001
      vertex   7.193027e+001 3.175909e+002 1.454365e+001
    endloop
  endfacet
  facet normal 9.877106e-001 -8.673617e-019 1.488586e-001
    outer loop
      vertex   7.193027e+001 3.175909e+002 1.454365e+001
      vertex   7.197485e+001 3.175909e+002 1.424786e+001
      vertex   7.197485e+001 3.238636e+002 1.424786e+001
    endloop
  endfacet
  facet normal 9.738185e-001 -1.734723e-018 2.222806e-001
    outer loop
      vertex   7.193027e+001 3.238636e+002 1.454365e+001
      vertex   7.186370e+001 3.238636e+002 1.483528e+001
      vertex   7.186370e+001 3.175909e+002 1.483528e+001
    endloop
  endfacet
  facet normal 9.738185e-001 -1.734723e-018 2.222806e-001
    outer loop
      vertex   7.186370e+001 3.175909e+002 1.483528e+001
      vertex   7.193027e+001 3.175909e+002 1.454365e+001
      vertex   7.193027e+001 3.238636e+002 1.454365e+001
    endloop
  endfacet
  facet normal 9.544926e-001 0.000000e+000 2.944063e-001
    outer loop
      vertex   7.186370e+001 3.238636e+002 1.483528e+001
      vertex   7.177554e+001 3.238636e+002 1.512112e+001
      vertex   7.177554e+001 3.175909e+002 1.512112e+001
    endloop
  endfacet
  facet normal 9.544926e-001 0.000000e+000 2.944063e-001
    outer loop
      vertex   7.177554e+001 3.175909e+002 1.512112e+001
      vertex   7.186370e+001 3.175909e+002 1.483528e+001
      vertex   7.186370e+001 3.238636e+002 1.483528e+001
    endloop
  endfacet
  facet normal 9.298181e-001 0.000000e+000 3.649238e-001
    outer loop
      vertex   7.177554e+001 3.238636e+002 1.512112e+001
      vertex   7.166625e+001 3.238636e+002 1.539957e+001
      vertex   7.166625e+001 3.175909e+002 1.539957e+001
    endloop
  endfacet
  facet normal 9.298181e-001 0.000000e+000 3.649238e-001
    outer loop
      vertex   7.166625e+001 3.175909e+002 1.539957e+001
      vertex   7.177554e+001 3.175909e+002 1.512112e+001
      vertex   7.177554e+001 3.238636e+002 1.512112e+001
    endloop
  endfacet
  facet normal 8.999406e-001 0.000000e+000 4.334027e-001
    outer loop
      vertex   7.166625e+001 3.238636e+002 1.539957e+001
      vertex   7.153646e+001 3.238636e+002 1.566907e+001
      vertex   7.153646e+001 3.175909e+002 1.566907e+001
    endloop
  endfacet
  facet normal 8.999406e-001 0.000000e+000 4.334027e-001
    outer loop
      vertex   7.153646e+001 3.175909e+002 1.566907e+001
      vertex   7.166625e+001 3.175909e+002 1.539957e+001
      vertex   7.166625e+001 3.238636e+002 1.539957e+001
    endloop
  endfacet
  facet normal 8.650400e-001 3.469447e-018 4.994366e-001
    outer loop
      vertex   7.153646e+001 3.238636e+002 1.566907e+001
      vertex   7.138689e+001 3.238636e+002 1.592813e+001
      vertex   7.138689e+001 3.175909e+002 1.592813e+001
    endloop
  endfacet
  facet normal 8.650400e-001 3.469447e-018 4.994366e-001
    outer loop
      vertex   7.138689e+001 3.175909e+002 1.592813e+001
      vertex   7.153646e+001 3.175909e+002 1.566907e+001
      vertex   7.153646e+001 3.238636e+002 1.566907e+001
    endloop
  endfacet
  facet normal 8.253063e-001 0.000000e+000 5.626728e-001
    outer loop
      vertex   7.138689e+001 3.238636e+002 1.592813e+001
      vertex   7.121839e+001 3.238636e+002 1.617528e+001
      vertex   7.121839e+001 3.175909e+002 1.617528e+001
    endloop
  endfacet
  facet normal 8.253063e-001 0.000000e+000 5.626728e-001
    outer loop
      vertex   7.121839e+001 3.175909e+002 1.617528e+001
      vertex   7.138689e+001 3.175909e+002 1.592813e+001
      vertex   7.138689e+001 3.238636e+002 1.592813e+001
    endloop
  endfacet
  facet normal 7.809359e-001 -3.469447e-018 6.227922e-001
    outer loop
      vertex   7.121839e+001 3.238636e+002 1.617528e+001
      vertex   7.103188e+001 3.238636e+002 1.640915e+001
      vertex   7.103188e+001 3.175909e+002 1.640915e+001
    endloop
  endfacet
  facet normal 7.809359e-001 -3.469447e-018 6.227922e-001
    outer loop
      vertex   7.103188e+001 3.175909e+002 1.640915e+001
      vertex   7.121839e+001 3.175909e+002 1.617528e+001
      vertex   7.121839e+001 3.238636e+002 1.617528e+001
    endloop
  endfacet
  facet normal 7.322323e-001 0.000000e+000 6.793872e-001
    outer loop
      vertex   7.103188e+001 3.238636e+002 1.640915e+001
      vertex   7.082843e+001 3.238636e+002 1.662843e+001
      vertex   7.082843e+001 3.175909e+002 1.662843e+001
    endloop
  endfacet
  facet normal 7.322323e-001 0.000000e+000 6.793872e-001
    outer loop
      vertex   7.082843e+001 3.175909e+002 1.662843e+001
      vertex   7.103188e+001 3.175909e+002 1.640915e+001
      vertex   7.103188e+001 3.238636e+002 1.640915e+001
    endloop
  endfacet
  facet normal 6.793879e-001 0.000000e+000 7.322316e-001
    outer loop
      vertex   7.082843e+001 3.238636e+002 1.662843e+001
      vertex   7.060915e+001 3.238636e+002 1.683189e+001
      vertex   7.060915e+001 3.175909e+002 1.683189e+001
    endloop
  endfacet
  facet normal 6.793879e-001 0.000000e+000 7.322316e-001
    outer loop
      vertex   7.060915e+001 3.175909e+002 1.683189e+001
      vertex   7.082843e+001 3.175909e+002 1.662843e+001
      vertex   7.082843e+001 3.238636e+002 1.662843e+001
    endloop
  endfacet
  facet normal 6.227906e-001 -3.469447e-018 7.809373e-001
    outer loop
      vertex   7.060915e+001 3.238636e+002 1.683189e+001
      vertex   7.037528e+001 3.238636e+002 1.701839e+001
      vertex   7.037528e+001 3.175909e+002 1.701839e+001
    endloop
  endfacet
  facet normal 6.227906e-001 -3.469447e-018 7.809373e-001
    outer loop
      vertex   7.037528e+001 3.175909e+002 1.701839e+001
      vertex   7.060915e+001 3.175909e+002 1.683189e+001
      vertex   7.060915e+001 3.238636e+002 1.683189e+001
    endloop
  endfacet
  facet normal 5.626800e-001 3.469447e-018 8.253013e-001
    outer loop
      vertex   7.037528e+001 3.238636e+002 1.701839e+001
      vertex   7.012813e+001 3.238636e+002 1.718690e+001
      vertex   7.012813e+001 3.175909e+002 1.718690e+001
    endloop
  endfacet
  facet normal 5.626800e-001 3.469447e-018 8.253013e-001
    outer loop
      vertex   7.012813e+001 3.175909e+002 1.718690e+001
      vertex   7.037528e+001 3.175909e+002 1.701839e+001
      vertex   7.037528e+001 3.238636e+002 1.701839e+001
    endloop
  endfacet
  facet normal 4.994290e-001 3.469447e-018 8.650444e-001
    outer loop
      vertex   7.012813e+001 3.238636e+002 1.718690e+001
      vertex   6.986907e+001 3.238636e+002 1.733646e+001
      vertex   6.986907e+001 3.175909e+002 1.733646e+001
    endloop
  endfacet
  facet normal 4.994290e-001 3.469447e-018 8.650444e-001
    outer loop
      vertex   6.986907e+001 3.175909e+002 1.733646e+001
      vertex   7.012813e+001 3.175909e+002 1.718690e+001
      vertex   7.012813e+001 3.238636e+002 1.718690e+001
    endloop
  endfacet
  facet normal 4.333987e-001 0.000000e+000 8.999426e-001
    outer loop
      vertex   6.986907e+001 3.238636e+002 1.733646e+001
      vertex   6.959957e+001 3.238636e+002 1.746625e+001
      vertex   6.959957e+001 3.175909e+002 1.746625e+001
    endloop
  endfacet
  facet normal 4.333987e-001 0.000000e+000 8.999426e-001
    outer loop
      vertex   6.959957e+001 3.175909e+002 1.746625e+001
      vertex   6.986907e+001 3.175909e+002 1.733646e+001
      vertex   6.986907e+001 3.238636e+002 1.733646e+001
    endloop
  endfacet
  facet normal 3.649173e-001 -3.469447e-018 9.298206e-001
    outer loop
      vertex   6.959957e+001 3.238636e+002 1.746625e+001
      vertex   6.932111e+001 3.238636e+002 1.757553e+001
      vertex   6.932111e+001 3.175909e+002 1.757553e+001
    endloop
  endfacet
  facet normal 3.649173e-001 -3.469447e-018 9.298206e-001
    outer loop
      vertex   6.932111e+001 3.175909e+002 1.757553e+001
      vertex   6.959957e+001 3.175909e+002 1.746625e+001
      vertex   6.959957e+001 3.238636e+002 1.746625e+001
    endloop
  endfacet
  facet normal 2.944282e-001 1.734723e-018 9.544858e-001
    outer loop
      vertex   6.932111e+001 3.238636e+002 1.757553e+001
      vertex   6.903528e+001 3.238636e+002 1.766370e+001
      vertex   6.903528e+001 3.175909e+002 1.766370e+001
    endloop
  endfacet
  facet normal 2.944282e-001 1.734723e-018 9.544858e-001
    outer loop
      vertex   6.903528e+001 3.175909e+002 1.766370e+001
      vertex   6.932111e+001 3.175909e+002 1.757553e+001
      vertex   6.932111e+001 3.238636e+002 1.757553e+001
    endloop
  endfacet
  facet normal 2.222658e-001 -1.734723e-018 9.738218e-001
    outer loop
      vertex   6.903528e+001 3.238636e+002 1.766370e+001
      vertex   6.874364e+001 3.238636e+002 1.773027e+001
      vertex   6.874364e+001 3.175909e+002 1.773027e+001
    endloop
  endfacet
  facet normal 2.222658e-001 -1.734723e-018 9.738218e-001
    outer loop
      vertex   6.874364e+001 3.175909e+002 1.773027e+001
      vertex   6.903528e+001 3.175909e+002 1.766370e+001
      vertex   6.903528e+001 3.238636e+002 1.766370e+001
    endloop
  endfacet
  facet normal 1.488734e-001 -8.673617e-019 9.877084e-001
    outer loop
      vertex   6.874364e+001 3.238636e+002 1.773027e+001
      vertex   6.844786e+001 3.238636e+002 1.777485e+001
      vertex   6.844786e+001 3.175909e+002 1.777485e+001
    endloop
  endfacet
  facet normal 1.488734e-001 -8.673617e-019 9.877084e-001
    outer loop
      vertex   6.844786e+001 3.175909e+002 1.777485e+001
      vertex   6.874364e+001 3.175909e+002 1.773027e+001
      vertex   6.874364e+001 3.238636e+002 1.773027e+001
    endloop
  endfacet
  facet normal 7.473034e-002 -0.000000e+000 9.972038e-001
    outer loop
      vertex   6.844786e+001 3.175909e+002 1.777485e+001
      vertex   6.844786e+001 3.238636e+002 1.777485e+001
      vertex   6.814957e+001 3.175909e+002 1.779720e+001
    endloop
  endfacet
  facet normal 9.960718e-001 0.000000e+000 7.464576e-002
    outer loop
      vertex   7.197485e+001 2.987727e+002 1.424786e+001
      vertex   7.199720e+001 2.987727e+002 1.394956e+001
      vertex   7.199720e+001 3.050454e+002 1.394956e+001
    endloop
  endfacet
  facet normal 4.750016e-002 -0.000000e+000 3.559669e-003
    outer loop
      vertex   7.197485e+001 2.987727e+002 1.424786e+001
      vertex   7.199720e+001 3.050454e+002 1.394956e+001
      vertex   7.197485e+001 3.050454e+002 1.424786e+001
    endloop
  endfacet
  facet normal 4.710114e-002 -0.000000e+000 7.098650e-003
    outer loop
      vertex   7.197485e+001 3.426818e+002 1.424786e+001
      vertex   7.197485e+001 3.489546e+002 1.424786e+001
      vertex   7.193027e+001 3.489546e+002 1.454365e+001
    endloop
  endfacet
  facet normal 4.710114e-002 0.000000e+000 7.098650e-003
    outer loop
      vertex   7.193027e+001 3.489546e+002 1.454365e+001
      vertex   7.193027e+001 3.426818e+002 1.454365e+001
      vertex   7.197485e+001 3.426818e+002 1.424786e+001
    endloop
  endfacet
  facet normal 4.710114e-002 -0.000000e+000 7.098650e-003
    outer loop
      vertex   7.197485e+001 3.301364e+002 1.424786e+001
      vertex   7.197485e+001 3.364091e+002 1.424786e+001
      vertex   7.193027e+001 3.364091e+002 1.454365e+001
    endloop
  endfacet
  facet normal 4.710114e-002 0.000000e+000 7.098650e-003
    outer loop
      vertex   7.193027e+001 3.364091e+002 1.454365e+001
      vertex   7.193027e+001 3.301364e+002 1.454365e+001
      vertex   7.197485e+001 3.301364e+002 1.424786e+001
    endloop
  endfacet
  facet normal 4.710114e-002 -0.000000e+000 7.098650e-003
    outer loop
      vertex   7.197485e+001 3.113182e+002 1.424786e+001
      vertex   7.197485e+001 3.175909e+002 1.424786e+001
      vertex   7.193027e+001 3.175909e+002 1.454365e+001
    endloop
  endfacet
  facet normal 4.710114e-002 0.000000e+000 7.098650e-003
    outer loop
      vertex   7.193027e+001 3.175909e+002 1.454365e+001
      vertex   7.193027e+001 3.113182e+002 1.454365e+001
      vertex   7.197485e+001 3.113182e+002 1.424786e+001
    endloop
  endfacet
  facet normal 9.877106e-001 -8.673617e-019 1.488586e-001
    outer loop
      vertex   7.193027e+001 2.987727e+002 1.454365e+001
      vertex   7.197485e+001 2.987727e+002 1.424786e+001
      vertex   7.197485e+001 3.050454e+002 1.424786e+001
    endloop
  endfacet
  facet normal 9.960718e-001 -4.336809e-019 7.464576e-002
    outer loop
      vertex   7.199720e+001 3.489546e+002 1.394956e+001
      vertex   7.197485e+001 3.489546e+002 1.424786e+001
      vertex   7.197485e+001 3.426818e+002 1.424786e+001
    endloop
  endfacet
  facet normal 9.960718e-001 -4.336809e-019 7.464576e-002
    outer loop
      vertex   7.199720e+001 3.175909e+002 1.394956e+001
      vertex   7.197485e+001 3.175909e+002 1.424786e+001
      vertex   7.197485e+001 3.113182e+002 1.424786e+001
    endloop
  endfacet
  facet normal 9.738185e-001 -1.734723e-018 2.222806e-001
    outer loop
      vertex   7.193027e+001 3.489546e+002 1.454365e+001
      vertex   7.186370e+001 3.489546e+002 1.483528e+001
      vertex   7.186370e+001 3.426818e+002 1.483528e+001
    endloop
  endfacet
  facet normal 9.738185e-001 -1.734723e-018 2.222806e-001
    outer loop
      vertex   7.186370e+001 3.426818e+002 1.483528e+001
      vertex   7.193027e+001 3.426818e+002 1.454365e+001
      vertex   7.193027e+001 3.489546e+002 1.454365e+001
    endloop
  endfacet
  facet normal 9.544926e-001 0.000000e+000 2.944063e-001
    outer loop
      vertex   7.186370e+001 3.489546e+002 1.483528e+001
      vertex   7.177554e+001 3.489546e+002 1.512112e+001
      vertex   7.177554e+001 3.426818e+002 1.512112e+001
    endloop
  endfacet
  facet normal 9.544926e-001 0.000000e+000 2.944063e-001
    outer loop
      vertex   7.177554e+001 3.426818e+002 1.512112e+001
      vertex   7.186370e+001 3.426818e+002 1.483528e+001
      vertex   7.186370e+001 3.489546e+002 1.483528e+001
    endloop
  endfacet
  facet normal 9.298181e-001 0.000000e+000 3.649238e-001
    outer loop
      vertex   7.177554e+001 3.489546e+002 1.512112e+001
      vertex   7.166625e+001 3.489546e+002 1.539957e+001
      vertex   7.166625e+001 3.426818e+002 1.539957e+001
    endloop
  endfacet
  facet normal 9.298181e-001 0.000000e+000 3.649238e-001
    outer loop
      vertex   7.166625e+001 3.426818e+002 1.539957e+001
      vertex   7.177554e+001 3.426818e+002 1.512112e+001
      vertex   7.177554e+001 3.489546e+002 1.512112e+001
    endloop
  endfacet
  facet normal 8.999406e-001 0.000000e+000 4.334027e-001
    outer loop
      vertex   7.166625e+001 3.489546e+002 1.539957e+001
      vertex   7.153646e+001 3.489546e+002 1.566907e+001
      vertex   7.153646e+001 3.426818e+002 1.566907e+001
    endloop
  endfacet
  facet normal 8.999406e-001 0.000000e+000 4.334027e-001
    outer loop
      vertex   7.153646e+001 3.426818e+002 1.566907e+001
      vertex   7.166625e+001 3.426818e+002 1.539957e+001
      vertex   7.166625e+001 3.489546e+002 1.539957e+001
    endloop
  endfacet
  facet normal 8.650400e-001 3.469447e-018 4.994366e-001
    outer loop
      vertex   7.153646e+001 3.489546e+002 1.566907e+001
      vertex   7.138689e+001 3.489546e+002 1.592813e+001
      vertex   7.138689e+001 3.426818e+002 1.592813e+001
    endloop
  endfacet
  facet normal 8.650400e-001 3.469447e-018 4.994366e-001
    outer loop
      vertex   7.138689e+001 3.426818e+002 1.592813e+001
      vertex   7.153646e+001 3.426818e+002 1.566907e+001
      vertex   7.153646e+001 3.489546e+002 1.566907e+001
    endloop
  endfacet
  facet normal 8.253063e-001 0.000000e+000 5.626728e-001
    outer loop
      vertex   7.138689e+001 3.489546e+002 1.592813e+001
      vertex   7.121839e+001 3.489546e+002 1.617528e+001
      vertex   7.121839e+001 3.426818e+002 1.617528e+001
    endloop
  endfacet
  facet normal 8.253063e-001 0.000000e+000 5.626728e-001
    outer loop
      vertex   7.121839e+001 3.426818e+002 1.617528e+001
      vertex   7.138689e+001 3.426818e+002 1.592813e+001
      vertex   7.138689e+001 3.489546e+002 1.592813e+001
    endloop
  endfacet
  facet normal 7.809359e-001 -3.469447e-018 6.227922e-001
    outer loop
      vertex   7.121839e+001 3.489546e+002 1.617528e+001
      vertex   7.103188e+001 3.489546e+002 1.640915e+001
      vertex   7.103188e+001 3.426818e+002 1.640915e+001
    endloop
  endfacet
  facet normal 7.809359e-001 -3.469447e-018 6.227922e-001
    outer loop
      vertex   7.103188e+001 3.426818e+002 1.640915e+001
      vertex   7.121839e+001 3.426818e+002 1.617528e+001
      vertex   7.121839e+001 3.489546e+002 1.617528e+001
    endloop
  endfacet
  facet normal 7.322323e-001 0.000000e+000 6.793872e-001
    outer loop
      vertex   7.103188e+001 3.489546e+002 1.640915e+001
      vertex   7.082843e+001 3.489546e+002 1.662843e+001
      vertex   7.082843e+001 3.426818e+002 1.662843e+001
    endloop
  endfacet
  facet normal 7.322323e-001 0.000000e+000 6.793872e-001
    outer loop
      vertex   7.082843e+001 3.426818e+002 1.662843e+001
      vertex   7.103188e+001 3.426818e+002 1.640915e+001
      vertex   7.103188e+001 3.489546e+002 1.640915e+001
    endloop
  endfacet
  facet normal 6.793879e-001 0.000000e+000 7.322316e-001
    outer loop
      vertex   7.082843e+001 3.489546e+002 1.662843e+001
      vertex   7.060915e+001 3.489546e+002 1.683189e+001
      vertex   7.060915e+001 3.426818e+002 1.683189e+001
    endloop
  endfacet
  facet normal 6.793879e-001 0.000000e+000 7.322316e-001
    outer loop
      vertex   7.060915e+001 3.426818e+002 1.683189e+001
      vertex   7.082843e+001 3.426818e+002 1.662843e+001
      vertex   7.082843e+001 3.489546e+002 1.662843e+001
    endloop
  endfacet
  facet normal 6.227906e-001 -3.469447e-018 7.809373e-001
    outer loop
      vertex   7.060915e+001 3.489546e+002 1.683189e+001
      vertex   7.037528e+001 3.489546e+002 1.701839e+001
      vertex   7.037528e+001 3.426818e+002 1.701839e+001
    endloop
  endfacet
  facet normal 6.227906e-001 -3.469447e-018 7.809373e-001
    outer loop
      vertex   7.037528e+001 3.426818e+002 1.701839e+001
      vertex   7.060915e+001 3.426818e+002 1.683189e+001
      vertex   7.060915e+001 3.489546e+002 1.683189e+001
    endloop
  endfacet
  facet normal 5.626800e-001 3.469447e-018 8.253013e-001
    outer loop
      vertex   7.037528e+001 3.489546e+002 1.701839e+001
      vertex   7.012813e+001 3.489546e+002 1.718690e+001
      vertex   7.012813e+001 3.426818e+002 1.718690e+001
    endloop
  endfacet
  facet normal 5.626800e-001 3.469447e-018 8.253013e-001
    outer loop
      vertex   7.012813e+001 3.426818e+002 1.718690e+001
      vertex   7.037528e+001 3.426818e+002 1.701839e+001
      vertex   7.037528e+001 3.489546e+002 1.701839e+001
    endloop
  endfacet
  facet normal 4.994290e-001 3.469447e-018 8.650444e-001
    outer loop
      vertex   7.012813e+001 3.489546e+002 1.718690e+001
      vertex   6.986907e+001 3.489546e+002 1.733646e+001
      vertex   6.986907e+001 3.426818e+002 1.733646e+001
    endloop
  endfacet
  facet normal 4.994290e-001 3.469447e-018 8.650444e-001
    outer loop
      vertex   6.986907e+001 3.426818e+002 1.733646e+001
      vertex   7.012813e+001 3.426818e+002 1.718690e+001
      vertex   7.012813e+001 3.489546e+002 1.718690e+001
    endloop
  endfacet
  facet normal 4.333987e-001 0.000000e+000 8.999426e-001
    outer loop
      vertex   6.986907e+001 3.489546e+002 1.733646e+001
      vertex   6.959957e+001 3.489546e+002 1.746625e+001
      vertex   6.959957e+001 3.426818e+002 1.746625e+001
    endloop
  endfacet
  facet normal 4.333987e-001 0.000000e+000 8.999426e-001
    outer loop
      vertex   6.959957e+001 3.426818e+002 1.746625e+001
      vertex   6.986907e+001 3.426818e+002 1.733646e+001
      vertex   6.986907e+001 3.489546e+002 1.733646e+001
    endloop
  endfacet
  facet normal 3.649173e-001 -3.469447e-018 9.298206e-001
    outer loop
      vertex   6.959957e+001 3.489546e+002 1.746625e+001
      vertex   6.932111e+001 3.489546e+002 1.757553e+001
      vertex   6.932111e+001 3.426818e+002 1.757553e+001
    endloop
  endfacet
  facet normal 3.649173e-001 -3.469447e-018 9.298206e-001
    outer loop
      vertex   6.932111e+001 3.426818e+002 1.757553e+001
      vertex   6.959957e+001 3.426818e+002 1.746625e+001
      vertex   6.959957e+001 3.489546e+002 1.746625e+001
    endloop
  endfacet
  facet normal 2.944282e-001 1.734723e-018 9.544858e-001
    outer loop
      vertex   6.932111e+001 3.489546e+002 1.757553e+001
      vertex   6.903528e+001 3.489546e+002 1.766370e+001
      vertex   6.903528e+001 3.426818e+002 1.766370e+001
    endloop
  endfacet
  facet normal 2.944282e-001 1.734723e-018 9.544858e-001
    outer loop
      vertex   6.903528e+001 3.426818e+002 1.766370e+001
      vertex   6.932111e+001 3.426818e+002 1.757553e+001
      vertex   6.932111e+001 3.489546e+002 1.757553e+001
    endloop
  endfacet
  facet normal 2.222658e-001 -1.734723e-018 9.738218e-001
    outer loop
      vertex   6.903528e+001 3.489546e+002 1.766370e+001
      vertex   6.874364e+001 3.489546e+002 1.773027e+001
      vertex   6.874364e+001 3.426818e+002 1.773027e+001
    endloop
  endfacet
  facet normal 2.222658e-001 -1.734723e-018 9.738218e-001
    outer loop
      vertex   6.874364e+001 3.426818e+002 1.773027e+001
      vertex   6.903528e+001 3.426818e+002 1.766370e+001
      vertex   6.903528e+001 3.489546e+002 1.766370e+001
    endloop
  endfacet
  facet normal 1.488734e-001 -8.673617e-019 9.877084e-001
    outer loop
      vertex   6.874364e+001 3.489546e+002 1.773027e+001
      vertex   6.844786e+001 3.489546e+002 1.777485e+001
      vertex   6.844786e+001 3.426818e+002 1.777485e+001
    endloop
  endfacet
  facet normal 1.488734e-001 -8.673617e-019 9.877084e-001
    outer loop
      vertex   6.844786e+001 3.426818e+002 1.777485e+001
      vertex   6.874364e+001 3.426818e+002 1.773027e+001
      vertex   6.874364e+001 3.489546e+002 1.773027e+001
    endloop
  endfacet
  facet normal 7.473034e-002 -0.000000e+000 9.972038e-001
    outer loop
      vertex   6.844786e+001 3.426818e+002 1.777485e+001
      vertex   6.844786e+001 3.489546e+002 1.777485e+001
      vertex   6.814957e+001 3.426818e+002 1.779720e+001
    endloop
  endfacet
  facet normal 3.559651e-003 -0.000000e+000 4.750009e-002
    outer loop
      vertex   6.814957e+001 3.426818e+002 1.779720e+001
      vertex   6.844786e+001 3.489546e+002 1.777485e+001
      vertex   6.814957e+001 3.489546e+002 1.779720e+001
    endloop
  endfacet
  facet normal 9.738185e-001 -1.734723e-018 2.222806e-001
    outer loop
      vertex   7.193027e+001 3.364091e+002 1.454365e+001
      vertex   7.186370e+001 3.364091e+002 1.483528e+001
      vertex   7.186370e+001 3.301364e+002 1.483528e+001
    endloop
  endfacet
  facet normal 9.738185e-001 -1.734723e-018 2.222806e-001
    outer loop
      vertex   7.186370e+001 3.301364e+002 1.483528e+001
      vertex   7.193027e+001 3.301364e+002 1.454365e+001
      vertex   7.193027e+001 3.364091e+002 1.454365e+001
    endloop
  endfacet
  facet normal 9.544926e-001 0.000000e+000 2.944063e-001
    outer loop
      vertex   7.186370e+001 3.364091e+002 1.483528e+001
      vertex   7.177554e+001 3.364091e+002 1.512112e+001
      vertex   7.177554e+001 3.301364e+002 1.512112e+001
    endloop
  endfacet
  facet normal 9.544926e-001 0.000000e+000 2.944063e-001
    outer loop
      vertex   7.177554e+001 3.301364e+002 1.512112e+001
      vertex   7.186370e+001 3.301364e+002 1.483528e+001
      vertex   7.186370e+001 3.364091e+002 1.483528e+001
    endloop
  endfacet
  facet normal 9.298181e-001 0.000000e+000 3.649238e-001
    outer loop
      vertex   7.177554e+001 3.364091e+002 1.512112e+001
      vertex   7.166625e+001 3.364091e+002 1.539957e+001
      vertex   7.166625e+001 3.301364e+002 1.539957e+001
    endloop
  endfacet
  facet normal 9.298181e-001 0.000000e+000 3.649238e-001
    outer loop
      vertex   7.166625e+001 3.301364e+002 1.539957e+001
      vertex   7.177554e+001 3.301364e+002 1.512112e+001
      vertex   7.177554e+001 3.364091e+002 1.512112e+001
    endloop
  endfacet
  facet normal 8.999406e-001 0.000000e+000 4.334027e-001
    outer loop
      vertex   7.166625e+001 3.364091e+002 1.539957e+001
      vertex   7.153646e+001 3.364091e+002 1.566907e+001
      vertex   7.153646e+001 3.301364e+002 1.566907e+001
    endloop
  endfacet
  facet normal 8.999406e-001 0.000000e+000 4.334027e-001
    outer loop
      vertex   7.153646e+001 3.301364e+002 1.566907e+001
      vertex   7.166625e+001 3.301364e+002 1.539957e+001
      vertex   7.166625e+001 3.364091e+002 1.539957e+001
    endloop
  endfacet
  facet normal 8.650400e-001 3.469447e-018 4.994366e-001
    outer loop
      vertex   7.153646e+001 3.364091e+002 1.566907e+001
      vertex   7.138689e+001 3.364091e+002 1.592813e+001
      vertex   7.138689e+001 3.301364e+002 1.592813e+001
    endloop
  endfacet
  facet normal 8.650400e-001 3.469447e-018 4.994366e-001
    outer loop
      vertex   7.138689e+001 3.301364e+002 1.592813e+001
      vertex   7.153646e+001 3.301364e+002 1.566907e+001
      vertex   7.153646e+001 3.364091e+002 1.566907e+001
    endloop
  endfacet
  facet normal 8.253063e-001 0.000000e+000 5.626728e-001
    outer loop
      vertex   7.138689e+001 3.364091e+002 1.592813e+001
      vertex   7.121839e+001 3.364091e+002 1.617528e+001
      vertex   7.121839e+001 3.301364e+002 1.617528e+001
    endloop
  endfacet
  facet normal 8.253063e-001 0.000000e+000 5.626728e-001
    outer loop
      vertex   7.121839e+001 3.301364e+002 1.617528e+001
      vertex   7.138689e+001 3.301364e+002 1.592813e+001
      vertex   7.138689e+001 3.364091e+002 1.592813e+001
    endloop
  endfacet
  facet normal 7.809359e-001 -3.469447e-018 6.227922e-001
    outer loop
      vertex   7.121839e+001 3.364091e+002 1.617528e+001
      vertex   7.103188e+001 3.364091e+002 1.640915e+001
      vertex   7.103188e+001 3.301364e+002 1.640915e+001
    endloop
  endfacet
  facet normal 7.809359e-001 -3.469447e-018 6.227922e-001
    outer loop
      vertex   7.103188e+001 3.301364e+002 1.640915e+001
      vertex   7.121839e+001 3.301364e+002 1.617528e+001
      vertex   7.121839e+001 3.364091e+002 1.617528e+001
    endloop
  endfacet
  facet normal 7.322323e-001 0.000000e+000 6.793872e-001
    outer loop
      vertex   7.103188e+001 3.364091e+002 1.640915e+001
      vertex   7.082843e+001 3.364091e+002 1.662843e+001
      vertex   7.082843e+001 3.301364e+002 1.662843e+001
    endloop
  endfacet
  facet normal 7.322323e-001 0.000000e+000 6.793872e-001
    outer loop
      vertex   7.082843e+001 3.301364e+002 1.662843e+001
      vertex   7.103188e+001 3.301364e+002 1.640915e+001
      vertex   7.103188e+001 3.364091e+002 1.640915e+001
    endloop
  endfacet
  facet normal 6.793879e-001 0.000000e+000 7.322316e-001
    outer loop
      vertex   7.082843e+001 3.364091e+002 1.662843e+001
      vertex   7.060915e+001 3.364091e+002 1.683189e+001
      vertex   7.060915e+001 3.301364e+002 1.683189e+001
    endloop
  endfacet
  facet normal 6.793879e-001 0.000000e+000 7.322316e-001
    outer loop
      vertex   7.060915e+001 3.301364e+002 1.683189e+001
      vertex   7.082843e+001 3.301364e+002 1.662843e+001
      vertex   7.082843e+001 3.364091e+002 1.662843e+001
    endloop
  endfacet
  facet normal 6.227906e-001 -3.469447e-018 7.809373e-001
    outer loop
      vertex   7.060915e+001 3.364091e+002 1.683189e+001
      vertex   7.037528e+001 3.364091e+002 1.701839e+001
      vertex   7.037528e+001 3.301364e+002 1.701839e+001
    endloop
  endfacet
  facet normal 6.227906e-001 -3.469447e-018 7.809373e-001
    outer loop
      vertex   7.037528e+001 3.301364e+002 1.701839e+001
      vertex   7.060915e+001 3.301364e+002 1.683189e+001
      vertex   7.060915e+001 3.364091e+002 1.683189e+001
    endloop
  endfacet
  facet normal 5.626800e-001 3.469447e-018 8.253013e-001
    outer loop
      vertex   7.037528e+001 3.364091e+002 1.701839e+001
      vertex   7.012813e+001 3.364091e+002 1.718690e+001
      vertex   7.012813e+001 3.301364e+002 1.718690e+001
    endloop
  endfacet
  facet normal 5.626800e-001 3.469447e-018 8.253013e-001
    outer loop
      vertex   7.012813e+001 3.301364e+002 1.718690e+001
      vertex   7.037528e+001 3.301364e+002 1.701839e+001
      vertex   7.037528e+001 3.364091e+002 1.701839e+001
    endloop
  endfacet
  facet normal 4.994290e-001 3.469447e-018 8.650444e-001
    outer loop
      vertex   7.012813e+001 3.364091e+002 1.718690e+001
      vertex   6.986907e+001 3.364091e+002 1.733646e+001
      vertex   6.986907e+001 3.301364e+002 1.733646e+001
    endloop
  endfacet
  facet normal 4.994290e-001 3.469447e-018 8.650444e-001
    outer loop
      vertex   6.986907e+001 3.301364e+002 1.733646e+001
      vertex   7.012813e+001 3.301364e+002 1.718690e+001
      vertex   7.012813e+001 3.364091e+002 1.718690e+001
    endloop
  endfacet
  facet normal 4.333987e-001 0.000000e+000 8.999426e-001
    outer loop
      vertex   6.986907e+001 3.364091e+002 1.733646e+001
      vertex   6.959957e+001 3.364091e+002 1.746625e+001
      vertex   6.959957e+001 3.301364e+002 1.746625e+001
    endloop
  endfacet
  facet normal 4.333987e-001 0.000000e+000 8.999426e-001
    outer loop
      vertex   6.959957e+001 3.301364e+002 1.746625e+001
      vertex   6.986907e+001 3.301364e+002 1.733646e+001
      vertex   6.986907e+001 3.364091e+002 1.733646e+001
    endloop
  endfacet
  facet normal 3.649173e-001 -3.469447e-018 9.298206e-001
    outer loop
      vertex   6.959957e+001 3.364091e+002 1.746625e+001
      vertex   6.932111e+001 3.364091e+002 1.757553e+001
      vertex   6.932111e+001 3.301364e+002 1.757553e+001
    endloop
  endfacet
  facet normal 3.649173e-001 -3.469447e-018 9.298206e-001
    outer loop
      vertex   6.932111e+001 3.301364e+002 1.757553e+001
      vertex   6.959957e+001 3.301364e+002 1.746625e+001
      vertex   6.959957e+001 3.364091e+002 1.746625e+001
    endloop
  endfacet
  facet normal 2.944282e-001 1.734723e-018 9.544858e-001
    outer loop
      vertex   6.932111e+001 3.364091e+002 1.757553e+001
      vertex   6.903528e+001 3.364091e+002 1.766370e+001
      vertex   6.903528e+001 3.301364e+002 1.766370e+001
    endloop
  endfacet
  facet normal 2.944282e-001 1.734723e-018 9.544858e-001
    outer loop
      vertex   6.903528e+001 3.301364e+002 1.766370e+001
      vertex   6.932111e+001 3.301364e+002 1.757553e+001
      vertex   6.932111e+001 3.364091e+002 1.757553e+001
    endloop
  endfacet
  facet normal 2.222658e-001 -1.734723e-018 9.738218e-001
    outer loop
      vertex   6.903528e+001 3.364091e+002 1.766370e+001
      vertex   6.874364e+001 3.364091e+002 1.773027e+001
      vertex   6.874364e+001 3.301364e+002 1.773027e+001
    endloop
  endfacet
  facet normal 2.222658e-001 -1.734723e-018 9.738218e-001
    outer loop
      vertex   6.874364e+001 3.301364e+002 1.773027e+001
      vertex   6.903528e+001 3.301364e+002 1.766370e+001
      vertex   6.903528e+001 3.364091e+002 1.766370e+001
    endloop
  endfacet
  facet normal 1.488734e-001 -8.673617e-019 9.877084e-001
    outer loop
      vertex   6.874364e+001 3.364091e+002 1.773027e+001
      vertex   6.844786e+001 3.364091e+002 1.777485e+001
      vertex   6.844786e+001 3.301364e+002 1.777485e+001
    endloop
  endfacet
  facet normal 1.488734e-001 -8.673617e-019 9.877084e-001
    outer loop
      vertex   6.844786e+001 3.301364e+002 1.777485e+001
      vertex   6.874364e+001 3.301364e+002 1.773027e+001
      vertex   6.874364e+001 3.364091e+002 1.773027e+001
    endloop
  endfacet
  facet normal 7.473034e-002 -0.000000e+000 9.972038e-001
    outer loop
      vertex   6.844786e+001 3.301364e+002 1.777485e+001
      vertex   6.844786e+001 3.364091e+002 1.777485e+001
      vertex   6.814957e+001 3.301364e+002 1.779720e+001
    endloop
  endfacet
  facet normal 3.559651e-003 -0.000000e+000 4.750009e-002
    outer loop
      vertex   6.814957e+001 3.301364e+002 1.779720e+001
      vertex   6.844786e+001 3.364091e+002 1.777485e+001
      vertex   6.814957e+001 3.364091e+002 1.779720e+001
    endloop
  endfacet
  facet normal 8.905242e-004 -0.000000e+000 4.763393e-002
    outer loop
      vertex   6.814957e+001 3.301364e+002 1.779720e+001
      vertex   6.814957e+001 3.364091e+002 1.779720e+001
      vertex   6.800000e+001 3.270000e+002 1.780000e+001
    endloop
  endfacet
  facet normal 9.738185e-001 -1.734723e-018 2.222806e-001
    outer loop
      vertex   7.193027e+001 3.175909e+002 1.454365e+001
      vertex   7.186370e+001 3.175909e+002 1.483528e+001
      vertex   7.186370e+001 3.113182e+002 1.483528e+001
    endloop
  endfacet
  facet normal 9.738185e-001 -1.734723e-018 2.222806e-001
    outer loop
      vertex   7.186370e+001 3.113182e+002 1.483528e+001
      vertex   7.193027e+001 3.113182e+002 1.454365e+001
      vertex   7.193027e+001 3.175909e+002 1.454365e+001
    endloop
  endfacet
  facet normal 9.544926e-001 0.000000e+000 2.944063e-001
    outer loop
      vertex   7.186370e+001 3.175909e+002 1.483528e+001
      vertex   7.177554e+001 3.175909e+002 1.512112e+001
      vertex   7.177554e+001 3.113182e+002 1.512112e+001
    endloop
  endfacet
  facet normal 9.544926e-001 0.000000e+000 2.944063e-001
    outer loop
      vertex   7.177554e+001 3.113182e+002 1.512112e+001
      vertex   7.186370e+001 3.113182e+002 1.483528e+001
      vertex   7.186370e+001 3.175909e+002 1.483528e+001
    endloop
  endfacet
  facet normal 9.298181e-001 0.000000e+000 3.649238e-001
    outer loop
      vertex   7.177554e+001 3.175909e+002 1.512112e+001
      vertex   7.166625e+001 3.175909e+002 1.539957e+001
      vertex   7.166625e+001 3.113182e+002 1.539957e+001
    endloop
  endfacet
  facet normal 9.298181e-001 0.000000e+000 3.649238e-001
    outer loop
      vertex   7.166625e+001 3.113182e+002 1.539957e+001
      vertex   7.177554e+001 3.113182e+002 1.512112e+001
      vertex   7.177554e+001 3.175909e+002 1.512112e+001
    endloop
  endfacet
  facet normal 8.999406e-001 0.000000e+000 4.334027e-001
    outer loop
      vertex   7.166625e+001 3.175909e+002 1.539957e+001
      vertex   7.153646e+001 3.175909e+002 1.566907e+001
      vertex   7.153646e+001 3.113182e+002 1.566907e+001
    endloop
  endfacet
  facet normal 8.999406e-001 0.000000e+000 4.334027e-001
    outer loop
      vertex   7.153646e+001 3.113182e+002 1.566907e+001
      vertex   7.166625e+001 3.113182e+002 1.539957e+001
      vertex   7.166625e+001 3.175909e+002 1.539957e+001
    endloop
  endfacet
  facet normal 8.650400e-001 3.469447e-018 4.994366e-001
    outer loop
      vertex   7.153646e+001 3.175909e+002 1.566907e+001
      vertex   7.138689e+001 3.175909e+002 1.592813e+001
      vertex   7.138689e+001 3.113182e+002 1.592813e+001
    endloop
  endfacet
  facet normal 8.650400e-001 3.469447e-018 4.994366e-001
    outer loop
      vertex   7.138689e+001 3.113182e+002 1.592813e+001
      vertex   7.153646e+001 3.113182e+002 1.566907e+001
      vertex   7.153646e+001 3.175909e+002 1.566907e+001
    endloop
  endfacet
  facet normal 8.253063e-001 0.000000e+000 5.626728e-001
    outer loop
      vertex   7.138689e+001 3.175909e+002 1.592813e+001
      vertex   7.121839e+001 3.175909e+002 1.617528e+001
      vertex   7.121839e+001 3.113182e+002 1.617528e+001
    endloop
  endfacet
  facet normal 8.253063e-001 0.000000e+000 5.626728e-001
    outer loop
      vertex   7.121839e+001 3.113182e+002 1.617528e+001
      vertex   7.138689e+001 3.113182e+002 1.592813e+001
      vertex   7.138689e+001 3.175909e+002 1.592813e+001
    endloop
  endfacet
  facet normal 7.809359e-001 -3.469447e-018 6.227922e-001
    outer loop
      vertex   7.121839e+001 3.175909e+002 1.617528e+001
      vertex   7.103188e+001 3.175909e+002 1.640915e+001
      vertex   7.103188e+001 3.113182e+002 1.640915e+001
    endloop
  endfacet
  facet normal 7.809359e-001 -3.469447e-018 6.227922e-001
    outer loop
      vertex   7.103188e+001 3.113182e+002 1.640915e+001
      vertex   7.121839e+001 3.113182e+002 1.617528e+001
      vertex   7.121839e+001 3.175909e+002 1.617528e+001
    endloop
  endfacet
  facet normal 7.322323e-001 0.000000e+000 6.793872e-001
    outer loop
      vertex   7.103188e+001 3.175909e+002 1.640915e+001
      vertex   7.082843e+001 3.175909e+002 1.662843e+001
      vertex   7.082843e+001 3.113182e+002 1.662843e+001
    endloop
  endfacet
  facet normal 7.322323e-001 0.000000e+000 6.793872e-001
    outer loop
      vertex   7.082843e+001 3.113182e+002 1.662843e+001
      vertex   7.103188e+001 3.113182e+002 1.640915e+001
      vertex   7.103188e+001 3.175909e+002 1.640915e+001
    endloop
  endfacet
  facet normal 6.793879e-001 0.000000e+000 7.322316e-001
    outer loop
      vertex   7.082843e+001 3.175909e+002 1.662843e+001
      vertex   7.060915e+001 3.175909e+002 1.683189e+001
      vertex   7.060915e+001 3.113182e+002 1.683189e+001
    endloop
  endfacet
  facet normal 6.793879e-001 0.000000e+000 7.322316e-001
    outer loop
      vertex   7.060915e+001 3.113182e+002 1.683189e+001
      vertex   7.082843e+001 3.113182e+002 1.662843e+001
      vertex   7.082843e+001 3.175909e+002 1.662843e+001
    endloop
  endfacet
  facet normal 6.227906e-001 -3.469447e-018 7.809373e-001
    outer loop
      vertex   7.060915e+001 3.175909e+002 1.683189e+001
      vertex   7.037528e+001 3.175909e+002 1.701839e+001
      vertex   7.037528e+001 3.113182e+002 1.701839e+001
    endloop
  endfacet
  facet normal 6.227906e-001 -3.469447e-018 7.809373e-001
    outer loop
      vertex   7.037528e+001 3.113182e+002 1.701839e+001
      vertex   7.060915e+001 3.113182e+002 1.683189e+001
      vertex   7.060915e+001 3.175909e+002 1.683189e+001
    endloop
  endfacet
  facet normal 5.626800e-001 3.469447e-018 8.253013e-001
    outer loop
      vertex   7.037528e+001 3.175909e+002 1.701839e+001
      vertex   7.012813e+001 3.175909e+002 1.718690e+001
      vertex   7.012813e+001 3.113182e+002 1.718690e+001
    endloop
  endfacet
  facet normal 5.626800e-001 3.469447e-018 8.253013e-001
    outer loop
      vertex   7.012813e+001 3.113182e+002 1.718690e+001
      vertex   7.037528e+001 3.113182e+002 1.701839e+001
      vertex   7.037528e+001 3.175909e+002 1.701839e+001
    endloop
  endfacet
  facet normal 4.994290e-001 3.469447e-018 8.650444e-001
    outer loop
      vertex   7.012813e+001 3.175909e+002 1.718690e+001
      vertex   6.986907e+001 3.175909e+002 1.733646e+001
      vertex   6.986907e+001 3.113182e+002 1.733646e+001
    endloop
  endfacet
  facet normal 4.994290e-001 3.469447e-018 8.650444e-001
    outer loop
      vertex   6.986907e+001 3.113182e+002 1.733646e+001
      vertex   7.012813e+001 3.113182e+002 1.718690e+001
      vertex   7.012813e+001 3.175909e+002 1.718690e+001
    endloop
  endfacet
  facet normal 4.333987e-001 0.000000e+000 8.999426e-001
    outer loop
      vertex   6.986907e+001 3.175909e+002 1.733646e+001
      vertex   6.959957e+001 3.175909e+002 1.746625e+001
      vertex   6.959957e+001 3.113182e+002 1.746625e+001
    endloop
  endfacet
  facet normal 4.333987e-001 0.000000e+000 8.999426e-001
    outer loop
      vertex   6.959957e+001 3.113182e+002 1.746625e+001
      vertex   6.986907e+001 3.113182e+002 1.733646e+001
      vertex   6.986907e+001 3.175909e+002 1.733646e+001
    endloop
  endfacet
  facet normal 3.649173e-001 -3.469447e-018 9.298206e-001
    outer loop
      vertex   6.959957e+001 3.175909e+002 1.746625e+001
      vertex   6.932111e+001 3.175909e+002 1.757553e+001
      vertex   6.932111e+001 3.113182e+002 1.757553e+001
    endloop
  endfacet
  facet normal 3.649173e-001 -3.469447e-018 9.298206e-001
    outer loop
      vertex   6.932111e+001 3.113182e+002 1.757553e+001
      vertex   6.959957e+001 3.113182e+002 1.746625e+001
      vertex   6.959957e+001 3.175909e+002 1.746625e+001
    endloop
  endfacet
  facet normal 2.944282e-001 1.734723e-018 9.544858e-001
    outer loop
      vertex   6.932111e+001 3.175909e+002 1.757553e+001
      vertex   6.903528e+001 3.175909e+002 1.766370e+001
      vertex   6.903528e+001 3.113182e+002 1.766370e+001
    endloop
  endfacet
  facet normal 2.944282e-001 1.734723e-018 9.544858e-001
    outer loop
      vertex   6.903528e+001 3.113182e+002 1.766370e+001
      vertex   6.932111e+001 3.113182e+002 1.757553e+001
      vertex   6.932111e+001 3.175909e+002 1.757553e+001
    endloop
  endfacet
  facet normal 2.222658e-001 -1.734723e-018 9.738218e-001
    outer loop
      vertex   6.903528e+001 3.175909e+002 1.766370e+001
      vertex   6.874364e+001 3.175909e+002 1.773027e+001
      vertex   6.874364e+001 3.113182e+002 1.773027e+001
    endloop
  endfacet
  facet normal 2.222658e-001 -1.734723e-018 9.738218e-001
    outer loop
      vertex   6.874364e+001 3.113182e+002 1.773027e+001
      vertex   6.903528e+001 3.113182e+002 1.766370e+001
      vertex   6.903528e+001 3.175909e+002 1.766370e+001
    endloop
  endfacet
  facet normal 1.488734e-001 -8.673617e-019 9.877084e-001
    outer loop
      vertex   6.874364e+001 3.175909e+002 1.773027e+001
      vertex   6.844786e+001 3.175909e+002 1.777485e+001
      vertex   6.844786e+001 3.113182e+002 1.777485e+001
    endloop
  endfacet
  facet normal 1.488734e-001 -8.673617e-019 9.877084e-001
    outer loop
      vertex   6.844786e+001 3.113182e+002 1.777485e+001
      vertex   6.874364e+001 3.113182e+002 1.773027e+001
      vertex   6.874364e+001 3.175909e+002 1.773027e+001
    endloop
  endfacet
  facet normal 7.473034e-002 -0.000000e+000 9.972038e-001
    outer loop
      vertex   6.844786e+001 3.113182e+002 1.777485e+001
      vertex   6.844786e+001 3.175909e+002 1.777485e+001
      vertex   6.814957e+001 3.113182e+002 1.779720e+001
    endloop
  endfacet
  facet normal 3.559651e-003 -0.000000e+000 4.750009e-002
    outer loop
      vertex   6.814957e+001 3.113182e+002 1.779720e+001
      vertex   6.844786e+001 3.175909e+002 1.777485e+001
      vertex   6.814957e+001 3.175909e+002 1.779720e+001
    endloop
  endfacet
  facet normal 9.738184e-001 0.000000e+000 2.222806e-001
    outer loop
      vertex   7.186370e+001 2.987727e+002 1.483528e+001
      vertex   7.193027e+001 2.987727e+002 1.454365e+001
      vertex   7.193027e+001 3.050454e+002 1.454365e+001
    endloop
  endfacet
  facet normal 9.888330e-001 0.000000e+000 1.490278e-001
    outer loop
      vertex   7.193027e+001 3.050454e+002 1.454365e+001
      vertex   7.193027e+001 2.987727e+002 1.454365e+001
      vertex   7.197485e+001 3.050454e+002 1.424786e+001
    endloop
  endfacet
  facet normal 9.544926e-001 1.734723e-018 2.944063e-001
    outer loop
      vertex   7.177554e+001 2.987727e+002 1.512112e+001
      vertex   7.186370e+001 2.987727e+002 1.483528e+001
      vertex   7.186370e+001 3.050454e+002 1.483528e+001
    endloop
  endfacet
  facet normal 9.749251e-001 0.000000e+000 2.225332e-001
    outer loop
      vertex   7.186370e+001 3.050454e+002 1.483528e+001
      vertex   7.186370e+001 2.987727e+002 1.483528e+001
      vertex   7.193027e+001 3.050454e+002 1.454365e+001
    endloop
  endfacet
  facet normal 9.298181e-001 0.000000e+000 3.649238e-001
    outer loop
      vertex   7.166625e+001 2.987727e+002 1.539957e+001
      vertex   7.177554e+001 2.987727e+002 1.512112e+001
      vertex   7.177554e+001 3.050454e+002 1.512112e+001
    endloop
  endfacet
  facet normal 9.555772e-001 0.000000e+000 2.947409e-001
    outer loop
      vertex   7.177554e+001 3.050454e+002 1.512112e+001
      vertex   7.177554e+001 2.987727e+002 1.512112e+001
      vertex   7.186370e+001 3.050454e+002 1.483528e+001
    endloop
  endfacet
  facet normal 8.999406e-001 0.000000e+000 4.334027e-001
    outer loop
      vertex   7.153646e+001 2.987727e+002 1.566907e+001
      vertex   7.166625e+001 2.987727e+002 1.539957e+001
      vertex   7.166625e+001 3.050454e+002 1.539957e+001
    endloop
  endfacet
  facet normal 9.308748e-001 0.000000e+000 3.653385e-001
    outer loop
      vertex   7.166625e+001 3.050454e+002 1.539957e+001
      vertex   7.166625e+001 2.987727e+002 1.539957e+001
      vertex   7.177554e+001 3.050454e+002 1.512112e+001
    endloop
  endfacet
  facet normal 8.650400e-001 3.469447e-018 4.994366e-001
    outer loop
      vertex   7.138689e+001 2.987727e+002 1.592813e+001
      vertex   7.153646e+001 2.987727e+002 1.566907e+001
      vertex   7.153646e+001 3.050454e+002 1.566907e+001
    endloop
  endfacet
  facet normal 9.009633e-001 0.000000e+000 4.338953e-001
    outer loop
      vertex   7.153646e+001 3.050454e+002 1.566907e+001
      vertex   7.153646e+001 2.987727e+002 1.566907e+001
      vertex   7.166625e+001 3.050454e+002 1.539957e+001
    endloop
  endfacet
  facet normal 8.253062e-001 0.000000e+000 5.626728e-001
    outer loop
      vertex   7.121839e+001 2.987727e+002 1.617528e+001
      vertex   7.138689e+001 2.987727e+002 1.592813e+001
      vertex   7.138689e+001 3.050454e+002 1.592813e+001
    endloop
  endfacet
  facet normal 8.660230e-001 0.000000e+000 5.000041e-001
    outer loop
      vertex   7.138689e+001 3.050454e+002 1.592813e+001
      vertex   7.138689e+001 2.987727e+002 1.592813e+001
      vertex   7.153646e+001 3.050454e+002 1.566907e+001
    endloop
  endfacet
  facet normal 7.809359e-001 0.000000e+000 6.227922e-001
    outer loop
      vertex   7.103188e+001 2.987727e+002 1.640915e+001
      vertex   7.121839e+001 2.987727e+002 1.617528e+001
      vertex   7.121839e+001 3.050454e+002 1.617528e+001
    endloop
  endfacet
  facet normal 8.262441e-001 0.000000e+000 5.633122e-001
    outer loop
      vertex   7.121839e+001 3.050454e+002 1.617528e+001
      vertex   7.121839e+001 2.987727e+002 1.617528e+001
      vertex   7.138689e+001 3.050454e+002 1.592813e+001
    endloop
  endfacet
  facet normal 7.322323e-001 6.938894e-018 6.793872e-001
    outer loop
      vertex   7.082843e+001 2.987727e+002 1.662843e+001
      vertex   7.103188e+001 2.987727e+002 1.640915e+001
      vertex   7.103188e+001 3.050454e+002 1.640915e+001
    endloop
  endfacet
  facet normal 7.818234e-001 0.000000e+000 6.234999e-001
    outer loop
      vertex   7.103188e+001 3.050454e+002 1.640915e+001
      vertex   7.103188e+001 2.987727e+002 1.640915e+001
      vertex   7.121839e+001 3.050454e+002 1.617528e+001
    endloop
  endfacet
  facet normal 6.793879e-001 0.000000e+000 7.322316e-001
    outer loop
      vertex   7.060915e+001 2.987727e+002 1.683189e+001
      vertex   7.082843e+001 2.987727e+002 1.662843e+001
      vertex   7.082843e+001 3.050454e+002 1.662843e+001
    endloop
  endfacet
  facet normal 7.330644e-001 0.000000e+000 6.801593e-001
    outer loop
      vertex   7.082843e+001 3.050454e+002 1.662843e+001
      vertex   7.082843e+001 2.987727e+002 1.662843e+001
      vertex   7.103188e+001 3.050454e+002 1.640915e+001
    endloop
  endfacet
  facet normal 6.227906e-001 0.000000e+000 7.809373e-001
    outer loop
      vertex   7.037528e+001 2.987727e+002 1.701839e+001
      vertex   7.060915e+001 2.987727e+002 1.683189e+001
      vertex   7.060915e+001 3.050454e+002 1.683189e+001
    endloop
  endfacet
  facet normal 6.801600e-001 0.000000e+000 7.330637e-001
    outer loop
      vertex   7.060915e+001 3.050454e+002 1.683189e+001
      vertex   7.060915e+001 2.987727e+002 1.683189e+001
      vertex   7.082843e+001 3.050454e+002 1.662843e+001
    endloop
  endfacet
  facet normal 5.626799e-001 0.000000e+000 8.253013e-001
    outer loop
      vertex   7.012813e+001 2.987727e+002 1.718690e+001
      vertex   7.037528e+001 2.987727e+002 1.701839e+001
      vertex   7.037528e+001 3.050454e+002 1.701839e+001
    endloop
  endfacet
  facet normal 6.234983e-001 0.000000e+000 7.818246e-001
    outer loop
      vertex   7.037528e+001 3.050454e+002 1.701839e+001
      vertex   7.037528e+001 2.987727e+002 1.701839e+001
      vertex   7.060915e+001 3.050454e+002 1.683189e+001
    endloop
  endfacet
  facet normal 4.994290e-001 0.000000e+000 8.650443e-001
    outer loop
      vertex   6.986907e+001 2.987727e+002 1.733646e+001
      vertex   7.012813e+001 2.987727e+002 1.718690e+001
      vertex   7.012813e+001 3.050454e+002 1.718690e+001
    endloop
  endfacet
  facet normal 5.633194e-001 0.000000e+000 8.262392e-001
    outer loop
      vertex   7.012813e+001 3.050454e+002 1.718690e+001
      vertex   7.012813e+001 2.987727e+002 1.718690e+001
      vertex   7.037528e+001 3.050454e+002 1.701839e+001
    endloop
  endfacet
  facet normal 4.333987e-001 0.000000e+000 8.999426e-001
    outer loop
      vertex   6.959957e+001 2.987727e+002 1.746625e+001
      vertex   6.986907e+001 2.987727e+002 1.733646e+001
      vertex   6.986907e+001 3.050454e+002 1.733646e+001
    endloop
  endfacet
  facet normal 4.999966e-001 0.000000e+000 8.660274e-001
    outer loop
      vertex   6.986907e+001 3.050454e+002 1.733646e+001
      vertex   6.986907e+001 2.987727e+002 1.733646e+001
      vertex   7.012813e+001 3.050454e+002 1.718690e+001
    endloop
  endfacet
  facet normal 3.649173e-001 0.000000e+000 9.298206e-001
    outer loop
      vertex   6.932111e+001 2.987727e+002 1.757553e+001
      vertex   6.959957e+001 2.987727e+002 1.746625e+001
      vertex   6.959957e+001 3.050454e+002 1.746625e+001
    endloop
  endfacet
  facet normal 4.338911e-001 0.000000e+000 9.009653e-001
    outer loop
      vertex   6.959957e+001 3.050454e+002 1.746625e+001
      vertex   6.959957e+001 2.987727e+002 1.746625e+001
      vertex   6.986907e+001 3.050454e+002 1.733646e+001
    endloop
  endfacet
  facet normal 2.944282e-001 -1.734723e-018 9.544858e-001
    outer loop
      vertex   6.903528e+001 2.987727e+002 1.766370e+001
      vertex   6.932111e+001 2.987727e+002 1.757553e+001
      vertex   6.932111e+001 3.050454e+002 1.757553e+001
    endloop
  endfacet
  facet normal 3.653320e-001 0.000000e+000 9.308773e-001
    outer loop
      vertex   6.932111e+001 3.050454e+002 1.757553e+001
      vertex   6.932111e+001 2.987727e+002 1.757553e+001
      vertex   6.959957e+001 3.050454e+002 1.746625e+001
    endloop
  endfacet
  facet normal 2.222658e-001 0.000000e+000 9.738218e-001
    outer loop
      vertex   6.874364e+001 2.987727e+002 1.773027e+001
      vertex   6.903528e+001 2.987727e+002 1.766370e+001
      vertex   6.903528e+001 3.050454e+002 1.766370e+001
    endloop
  endfacet
  facet normal 2.947628e-001 0.000000e+000 9.555705e-001
    outer loop
      vertex   6.903528e+001 3.050454e+002 1.766370e+001
      vertex   6.903528e+001 2.987727e+002 1.766370e+001
      vertex   6.932111e+001 3.050454e+002 1.757553e+001
    endloop
  endfacet
  facet normal 1.488734e-001 0.000000e+000 9.877084e-001
    outer loop
      vertex   6.844786e+001 2.987727e+002 1.777485e+001
      vertex   6.874364e+001 2.987727e+002 1.773027e+001
      vertex   6.874364e+001 3.050454e+002 1.773027e+001
    endloop
  endfacet
  facet normal 2.225183e-001 0.000000e+000 9.749285e-001
    outer loop
      vertex   6.874364e+001 3.050454e+002 1.773027e+001
      vertex   6.874364e+001 2.987727e+002 1.773027e+001
      vertex   6.903528e+001 3.050454e+002 1.766370e+001
    endloop
  endfacet
  facet normal 3.559669e-003 -0.000000e+000 4.750032e-002
    outer loop
      vertex   6.814957e+001 3.238636e+002 1.779720e+001
      vertex   6.844786e+001 3.301364e+002 1.777485e+001
      vertex   6.814957e+001 3.301364e+002 1.779720e+001
    endloop
  endfacet
  facet normal 7.464552e-002 8.673617e-019 9.960718e-001
    outer loop
      vertex   6.814957e+001 2.987727e+002 1.779720e+001
      vertex   6.844786e+001 2.987727e+002 1.777485e+001
      vertex   6.844786e+001 3.050454e+002 1.777485e+001
    endloop
  endfacet
  facet normal 1.490426e-001 0.000000e+000 9.888308e-001
    outer loop
      vertex   6.844786e+001 3.050454e+002 1.777485e+001
      vertex   6.844786e+001 2.987727e+002 1.777485e+001
      vertex   6.874364e+001 3.050454e+002 1.773027e+001
    endloop
  endfacet
  facet normal 3.559669e-003 -0.000000e+000 4.750032e-002
    outer loop
      vertex   6.814957e+001 2.987727e+002 1.779720e+001
      vertex   6.844786e+001 3.050454e+002 1.777485e+001
      vertex   6.814957e+001 3.050454e+002 1.779720e+001
    endloop
  endfacet
  facet normal 1.779026e-003 0.000000e+000 9.515969e-002
    outer loop
      vertex   6.800000e+001 3.270000e+002 1.780000e+001
      vertex   6.814957e+001 3.238636e+002 1.779720e+001
      vertex   6.814957e+001 3.301364e+002 1.779720e+001
    endloop
  endfacet
  facet normal 0.000000e+000 0.000000e+000 -1.000000e+000
    outer loop
      vertex   6.100000e+001 3.615000e+002 2.200000e+000
      vertex   7.200000e+001 3.615000e+002 2.200000e+000
      vertex   6.100000e+001 3.560000e+002 2.200000e+000
    endloop
  endfacet
  facet normal 0.000000e+000 0.000000e+000 -9.948934e-001
    outer loop
      vertex   6.100000e+001 3.560000e+002 2.200000e+000
      vertex   7.200000e+001 3.615000e+002 2.200000e+000
      vertex   7.200000e+001 3.270000e+002 2.200000e+000
    endloop
  endfacet
  facet normal 0.000000e+000 0.000000e+000 -3.546542e-001
    outer loop
      vertex   6.100000e+001 3.560000e+002 2.200000e+000
      vertex   7.200000e+001 3.270000e+002 2.200000e+000
      vertex   6.100000e+001 3.270000e+002 2.200000e+000
    endloop
  endfacet
  facet normal 0.000000e+000 0.000000e+000 -1.000000e+000
    outer loop
      vertex   6.100000e+001 3.270000e+002 2.200000e+000
      vertex   7.200000e+001 3.270000e+002 2.200000e+000
      vertex   6.100000e+001 2.980000e+002 2.200000e+000
    endloop
  endfacet
  facet normal 0.000000e+000 0.000000e+000 -9.948934e-001
    outer loop
      vertex   6.100000e+001 2.980000e+002 2.200000e+000
      vertex   7.200000e+001 3.270000e+002 2.200000e+000
      vertex   7.200000e+001 2.925000e+002 2.200000e+000
    endloop
  endfacet
  facet normal 0.000000e+000 0.000000e+000 -8.944272e-001
    outer loop
      vertex   6.100000e+001 2.980000e+002 2.200000e+000
      vertex   7.200000e+001 2.925000e+002 2.200000e+000
      vertex   6.100000e+001 2.925000e+002 2.200000e+000
    endloop
  endfacet
  facet normal 2.385009e-002 0.000000e+000 0.000000e+000
    outer loop
      vertex   7.200000e+001 3.521500e+002 1.320000e+001
      vertex   7.200000e+001 3.270000e+002 1.380000e+001
      vertex   7.200000e+001 3.018500e+002 1.320000e+001
    endloop
  endfacet
  facet normal 8.782233e-002 0.000000e+000 -0.000000e+000
    outer loop
      vertex   7.200000e+001 3.018500e+002 1.320000e+001
      vertex   7.200000e+001 3.270000e+002 1.380000e+001
      vertex   7.200000e+001 2.925000e+002 1.380000e+001
    endloop
  endfacet
  facet normal 9.979474e-001 0.000000e+000 0.000000e+000
    outer loop
      vertex   7.200000e+001 3.018500e+002 1.320000e+001
      vertex   7.200000e+001 2.925000e+002 1.380000e+001
      vertex   7.200000e+001 3.018500e+002 7.000000e+000
    endloop
  endfacet
  facet normal 8.926008e-001 0.000000e+000 0.000000e+000
    outer loop
      vertex   7.200000e+001 3.018500e+002 7.000000e+000
      vertex   7.200000e+001 2.925000e+002 1.380000e+001
      vertex   7.200000e+001 2.925000e+002 2.200000e+000
    endloop
  endfacet
  facet normal 6.153833e-001 0.000000e+000 0.000000e+000
    outer loop
      vertex   7.200000e+001 3.018500e+002 7.000000e+000
      vertex   7.200000e+001 2.925000e+002 2.200000e+000
      vertex   7.200000e+001 3.270000e+002 2.200000e+000
    endloop
  endfacet
  facet normal 2.385009e-002 -0.000000e+000 0.000000e+000
    outer loop
      vertex   7.200000e+001 3.270000e+002 1.380000e+001
      vertex   7.200000e+001 3.521500e+002 1.320000e+001
      vertex   7.200000e+001 3.615000e+002 1.380000e+001
    endloop
  endfacet
  facet normal 5.351732e-001 0.000000e+000 0.000000e+000
    outer loop
      vertex   7.200000e+001 3.615000e+002 1.380000e+001
      vertex   7.200000e+001 3.521500e+002 1.320000e+001
      vertex   7.200000e+001 3.521500e+002 7.000000e+000
    endloop
  endfacet
  facet normal 8.087363e-001 0.000000e+000 0.000000e+000
    outer loop
      vertex   7.200000e+001 3.615000e+002 1.380000e+001
      vertex   7.200000e+001 3.521500e+002 7.000000e+000
      vertex   7.200000e+001 3.615000e+002 2.200000e+000
    endloop
  endfacet
  facet normal 4.567027e-001 0.000000e+000 0.000000e+000
    outer loop
      vertex   7.200000e+001 3.615000e+002 2.200000e+000
      vertex   7.200000e+001 3.521500e+002 7.000000e+000
      vertex   7.200000e+001 3.270000e+002 2.200000e+000
    endloop
  endfacet
  facet normal 3.682945e-001 0.000000e+000 -0.000000e+000
    outer loop
      vertex   7.200000e+001 3.270000e+002 2.200000e+000
      vertex   7.200000e+001 3.521500e+002 7.000000e+000
      vertex   7.200000e+001 3.018500e+002 7.000000e+000
    endloop
  endfacet
  facet normal -0.000000e+000 0.000000e+000 -8.262274e-001
    outer loop
      vertex   1.400000e+001 2.980000e+002 -3.500000e+000
      vertex   1.025000e+001 2.925000e+002 -3.500000e+000
      vertex   -3.300000e+001 2.980000e+002 -3.500000e+000
    endloop
  endfacet
  facet normal 0.000000e+000 -0.000000e+000 -6.883686e-001
    outer loop
      vertex   -3.300000e+001 2.980000e+002 -3.500000e+000
      vertex   1.025000e+001 2.925000e+002 -3.500000e+000
      vertex   -4.050000e+001 2.925000e+002 -3.500000e+000
    endloop
  endfacet
  facet normal -0.000000e+000 0.000000e+000 -9.287858e-001
    outer loop
      vertex   -3.300000e+001 2.980000e+002 -3.500000e+000
      vertex   -4.050000e+001 2.925000e+002 -3.500000e+000
      vertex   -4.050000e+001 3.270000e+002 -3.500000e+000
    endloop
  endfacet
  facet normal -0.000000e+000 -0.000000e+000 -1.000000e+000
    outer loop
      vertex   6.100000e+001 2.980000e+002 -3.500000e+000
      vertex   6.100000e+001 2.925000e+002 -3.500000e+000
      vertex   1.400000e+001 2.980000e+002 -3.500000e+000
    endloop
  endfacet
  facet normal 0.000000e+000 -0.000000e+000 -8.861032e-001
    outer loop
      vertex   1.400000e+001 2.980000e+002 -3.500000e+000
      vertex   6.100000e+001 2.925000e+002 -3.500000e+000
      vertex   1.025000e+001 2.925000e+002 -3.500000e+000
    endloop
  endfacet
  facet normal 0.000000e+000 0.000000e+000 -8.064050e-001
    outer loop
      vertex   -4.050000e+001 3.615000e+002 -3.500000e+000
      vertex   -3.300000e+001 3.560000e+002 -3.500000e+000
      vertex   -4.050000e+001 3.270000e+002 -3.500000e+000
    endloop
  endfacet
  facet normal 0.000000e+000 0.000000e+000 -9.681469e-001
    outer loop
      vertex   -4.050000e+001 3.270000e+002 -3.500000e+000
      vertex   -3.300000e+001 3.560000e+002 -3.500000e+000
      vertex   -3.300000e+001 3.270000e+002 -3.500000e+000
    endloop
  endfacet
  facet normal 0.000000e+000 0.000000e+000 -9.681469e-001
    outer loop
      vertex   -4.050000e+001 3.270000e+002 -3.500000e+000
      vertex   -3.300000e+001 3.270000e+002 -3.500000e+000
      vertex   -3.300000e+001 2.980000e+002 -3.500000e+000
    endloop
  endfacet
  facet normal 0.000000e+000 0.000000e+000 -5.913637e-001
    outer loop
      vertex   -4.050000e+001 3.615000e+002 -3.500000e+000
      vertex   1.025000e+001 3.615000e+002 -3.500000e+000
      vertex   -3.300000e+001 3.560000e+002 -3.500000e+000
    endloop
  endfacet
  facet normal 0.000000e+000 0.000000e+000 -1.261517e-001
    outer loop
      vertex   -3.300000e+001 3.560000e+002 -3.500000e+000
      vertex   1.025000e+001 3.615000e+002 -3.500000e+000
      vertex   1.400000e+001 3.560000e+002 -3.500000e+000
    endloop
  endfacet
  facet normal 0.000000e+000 0.000000e+000 -8.861032e-001
    outer loop
      vertex   1.400000e+001 3.560000e+002 -3.500000e+000
      vertex   1.025000e+001 3.615000e+002 -3.500000e+000
      vertex   6.100000e+001 3.615000e+002 -3.500000e+000
    endloop
  endfacet
  facet normal 0.000000e+000 0.000000e+000 -1.162282e-001
    outer loop
      vertex   1.400000e+001 3.560000e+002 -3.500000e+000
      vertex   6.100000e+001 3.615000e+002 -3.500000e+000
      vertex   6.100000e+001 3.560000e+002 -3.500000e+000
    endloop
  endfacet
  facet normal -0.000000e+000 0.000000e+000 9.989685e-001
    outer loop
      vertex   1.400000e+001 2.980000e+002 1.780000e+001
      vertex   1.375000e+001 2.925000e+002 1.780000e+001
      vertex   6.100000e+001 2.980000e+002 1.780000e+001
    endloop
  endfacet
  facet normal 0.000000e+000 0.000000e+000 7.045933e-001
    outer loop
      vertex   6.100000e+001 2.980000e+002 1.780000e+001
      vertex   1.375000e+001 2.925000e+002 1.780000e+001
      vertex   6.800000e+001 2.925000e+002 1.780000e+001
    endloop
  endfacet
  facet normal -0.000000e+000 0.000000e+000 9.093320e-001
    outer loop
      vertex   6.100000e+001 2.980000e+002 1.780000e+001
      vertex   6.800000e+001 2.925000e+002 1.780000e+001
      vertex   6.800000e+001 3.270000e+002 1.780000e+001
    endloop
  endfacet
  facet normal 0.000000e+000 0.000000e+000 9.989685e-001
    outer loop
      vertex   1.400000e+001 2.980000e+002 1.780000e+001
      vertex   -3.300000e+001 2.980000e+002 1.780000e+001
      vertex   1.375000e+001 2.925000e+002 1.780000e+001
    endloop
  endfacet
  facet normal 0.000000e+000 0.000000e+000 1.168412e-001
    outer loop
      vertex   1.375000e+001 2.925000e+002 1.780000e+001
      vertex   -3.300000e+001 2.980000e+002 1.780000e+001
      vertex   -4.050000e+001 2.925000e+002 1.780000e+001
    endloop
  endfacet
  facet normal 0.000000e+000 0.000000e+000 8.064050e-001
    outer loop
      vertex   -4.050000e+001 2.925000e+002 1.780000e+001
      vertex   -3.300000e+001 2.980000e+002 1.780000e+001
      vertex   -4.050000e+001 3.270000e+002 1.780000e+001
    endloop
  endfacet
  facet normal -0.000000e+000 0.000000e+000 9.681469e-001
    outer loop
      vertex   -4.050000e+001 3.270000e+002 1.780000e+001
      vertex   -3.300000e+001 2.980000e+002 1.780000e+001
      vertex   -3.300000e+001 3.270000e+002 1.780000e+001
    endloop
  endfacet
  facet normal 0.000000e+000 0.000000e+000 9.681469e-001
    outer loop
      vertex   -4.050000e+001 3.270000e+002 1.780000e+001
      vertex   -3.300000e+001 3.270000e+002 1.780000e+001
      vertex   -3.300000e+001 3.560000e+002 1.780000e+001
    endloop
  endfacet
  facet normal 0.000000e+000 0.000000e+000 9.989685e-001
    outer loop
      vertex   1.400000e+001 3.560000e+002 1.780000e+001
      vertex   1.375000e+001 3.615000e+002 1.780000e+001
      vertex   -3.300000e+001 3.560000e+002 1.780000e+001
    endloop
  endfacet
  facet normal 0.000000e+000 -0.000000e+000 6.815345e-001
    outer loop
      vertex   -3.300000e+001 3.560000e+002 1.780000e+001
      vertex   1.375000e+001 3.615000e+002 1.780000e+001
      vertex   -4.050000e+001 3.615000e+002 1.780000e+001
    endloop
  endfacet
  facet normal 0.000000e+000 0.000000e+000 9.287858e-001
    outer loop
      vertex   -3.300000e+001 3.560000e+002 1.780000e+001
      vertex   -4.050000e+001 3.615000e+002 1.780000e+001
      vertex   -4.050000e+001 3.270000e+002 1.780000e+001
    endloop
  endfacet
  facet normal 0.000000e+000 -0.000000e+000 9.989685e-001
    outer loop
      vertex   1.400000e+001 3.560000e+002 1.780000e+001
      vertex   6.100000e+001 3.560000e+002 1.780000e+001
      vertex   1.375000e+001 3.615000e+002 1.780000e+001
    endloop
  endfacet
  facet normal -0.000000e+000 0.000000e+000 1.156214e-001
    outer loop
      vertex   1.375000e+001 3.615000e+002 1.780000e+001
      vertex   6.100000e+001 3.560000e+002 1.780000e+001
      vertex   6.800000e+001 3.615000e+002 1.780000e+001
    endloop
  endfacet
  facet normal 0.000000e+000 0.000000e+000 7.863184e-001
    outer loop
      vertex   6.800000e+001 3.615000e+002 1.780000e+001
      vertex   6.100000e+001 3.560000e+002 1.780000e+001
      vertex   6.800000e+001 3.270000e+002 1.780000e+001
    endloop
  endfacet
  facet normal 0.000000e+000 0.000000e+000 9.720822e-001
    outer loop
      vertex   6.800000e+001 3.270000e+002 1.780000e+001
      vertex   6.100000e+001 3.560000e+002 1.780000e+001
      vertex   6.100000e+001 3.270000e+002 1.780000e+001
    endloop
  endfacet
  facet normal 0.000000e+000 0.000000e+000 9.720822e-001
    outer loop
      vertex   6.800000e+001 3.270000e+002 1.780000e+001
      vertex   6.100000e+001 3.270000e+002 1.780000e+001
      vertex   6.100000e+001 2.980000e+002 1.780000e+001
    endloop
  endfacet
  facet normal 0.000000e+000 -5.264255e-001 -0.000000e+000
    outer loop
      vertex   -3.344553e+001 2.925000e+002 8.678646e-001
      vertex   -4.050000e+001 2.925000e+002 -3.500000e+000
      vertex   -6.945534e+000 2.925000e+002 8.678646e-001
    endloop
  endfacet
  facet normal 0.000000e+000 -3.692438e-001 -0.000000e+000
    outer loop
      vertex   -6.945534e+000 2.925000e+002 8.678646e-001
      vertex   -4.050000e+001 2.925000e+002 -3.500000e+000
      vertex   1.025000e+001 2.925000e+002 -3.500000e+000
    endloop
  endfacet
  facet normal 0.000000e+000 -9.692208e-001 0.000000e+000
    outer loop
      vertex   -6.945534e+000 2.925000e+002 8.678646e-001
      vertex   1.025000e+001 2.925000e+002 -3.500000e+000
      vertex   -6.945534e+000 2.925000e+002 7.167865e+000
    endloop
  endfacet
  facet normal 0.000000e+000 -8.572237e-001 0.000000e+000
    outer loop
      vertex   -6.945534e+000 2.925000e+002 7.167865e+000
      vertex   1.025000e+001 2.925000e+002 -3.500000e+000
      vertex   1.375000e+001 2.925000e+002 1.780000e+001
    endloop
  endfacet
  facet normal 0.000000e+000 -7.042977e-001 0.000000e+000
    outer loop
      vertex   -6.945534e+000 2.925000e+002 7.167865e+000
      vertex   1.375000e+001 2.925000e+002 1.780000e+001
      vertex   -4.050000e+001 2.925000e+002 1.780000e+001
    endloop
  endfacet
  facet normal -0.000000e+000 -8.502212e-001 0.000000e+000
    outer loop
      vertex   -3.344553e+001 2.925000e+002 8.678646e-001
      vertex   -3.344553e+001 2.925000e+002 7.167865e+000
      vertex   -4.050000e+001 2.925000e+002 -3.500000e+000
    endloop
  endfacet
  facet normal 0.000000e+000 -5.515868e-001 0.000000e+000
    outer loop
      vertex   -4.050000e+001 2.925000e+002 -3.500000e+000
      vertex   -3.344553e+001 2.925000e+002 7.167865e+000
      vertex   -4.050000e+001 2.925000e+002 1.780000e+001
    endloop
  endfacet
  facet normal 0.000000e+000 -6.273398e-001 0.000000e+000
    outer loop
      vertex   -4.050000e+001 2.925000e+002 1.780000e+001
      vertex   -3.344553e+001 2.925000e+002 7.167865e+000
      vertex   -6.945534e+000 2.925000e+002 7.167865e+000
    endloop
  endfacet
  facet normal 0.000000e+000 -9.867670e-001 0.000000e+000
    outer loop
      vertex   1.025000e+001 2.925000e+002 -3.500000e+000
      vertex   6.100000e+001 2.925000e+002 -3.500000e+000
      vertex   1.375000e+001 2.925000e+002 1.780000e+001
    endloop
  endfacet
  facet normal 0.000000e+000 -1.044323e-001 0.000000e+000
    outer loop
      vertex   1.375000e+001 2.925000e+002 1.780000e+001
      vertex   6.100000e+001 2.925000e+002 -3.500000e+000
      vertex   6.100000e+001 2.925000e+002 2.200000e+000
    endloop
  endfacet
  facet normal 0.000000e+000 -3.135134e-001 0.000000e+000
    outer loop
      vertex   1.375000e+001 2.925000e+002 1.780000e+001
      vertex   6.100000e+001 2.925000e+002 2.200000e+000
      vertex   6.800000e+001 2.925000e+002 1.780000e+001
    endloop
  endfacet
  facet normal 0.000000e+000 -9.270282e-001 -0.000000e+000
    outer loop
      vertex   6.800000e+001 2.925000e+002 1.780000e+001
      vertex   6.100000e+001 2.925000e+002 2.200000e+000
      vertex   6.829892e+001 2.925000e+002 1.778881e+001
    endloop
  endfacet
  facet normal 0.000000e+000 -9.474267e-001 -0.000000e+000
    outer loop
      vertex   6.829892e+001 2.925000e+002 1.778881e+001
      vertex   6.100000e+001 2.925000e+002 2.200000e+000
      vertex   6.859617e+001 2.925000e+002 1.775532e+001
    endloop
  endfacet
  facet normal 0.000000e+000 -9.644961e-001 -0.000000e+000
    outer loop
      vertex   6.859617e+001 2.925000e+002 1.775532e+001
      vertex   6.100000e+001 2.925000e+002 2.200000e+000
      vertex   6.889008e+001 2.925000e+002 1.769971e+001
    endloop
  endfacet
  facet normal 0.000000e+000 -9.782251e-001 -0.000000e+000
    outer loop
      vertex   6.889008e+001 2.925000e+002 1.769971e+001
      vertex   6.100000e+001 2.925000e+002 2.200000e+000
      vertex   6.917902e+001 2.925000e+002 1.762229e+001
    endloop
  endfacet
  facet normal 0.000000e+000 -9.015853e-001 -0.000000e+000
    outer loop
      vertex   6.917902e+001 2.925000e+002 1.762229e+001
      vertex   6.100000e+001 2.925000e+002 2.200000e+000
      vertex   7.200000e+001 2.925000e+002 1.380000e+001
    endloop
  endfacet
  facet normal 0.000000e+000 -3.739123e-002 0.000000e+000
    outer loop
      vertex   6.917902e+001 2.925000e+002 1.762229e+001
      vertex   7.200000e+001 2.925000e+002 1.380000e+001
      vertex   7.198882e+001 2.925000e+002 1.409892e+001
    endloop
  endfacet
  facet normal 0.000000e+000 -7.256238e-001 0.000000e+000
    outer loop
      vertex   6.100000e+001 2.925000e+002 2.200000e+000
      vertex   7.200000e+001 2.925000e+002 2.200000e+000
      vertex   7.200000e+001 2.925000e+002 1.380000e+001
    endloop
  endfacet
  facet normal 0.000000e+000 -5.320281e-001 0.000000e+000
    outer loop
      vertex   7.198882e+001 2.925000e+002 1.409892e+001
      vertex   7.195532e+001 2.925000e+002 1.439617e+001
      vertex   6.917902e+001 2.925000e+002 1.762229e+001
    endloop
  endfacet
  facet normal 0.000000e+000 -3.739136e-002 0.000000e+000
    outer loop
      vertex   6.917902e+001 2.925000e+002 1.762229e+001
      vertex   7.195532e+001 2.925000e+002 1.439617e+001
      vertex   7.189971e+001 2.925000e+002 1.469008e+001
    endloop
  endfacet
  facet normal 0.000000e+000 -3.739078e-002 0.000000e+000
    outer loop
      vertex   6.917902e+001 2.925000e+002 1.762229e+001
      vertex   7.189971e+001 2.925000e+002 1.469008e+001
      vertex   7.182229e+001 2.925000e+002 1.497902e+001
    endloop
  endfacet
  facet normal 0.000000e+000 -4.338914e-001 0.000000e+000
    outer loop
      vertex   7.182229e+001 2.925000e+002 1.497902e+001
      vertex   7.172350e+001 2.925000e+002 1.526136e+001
      vertex   6.917902e+001 2.925000e+002 1.762229e+001
    endloop
  endfacet
  facet normal 0.000000e+000 -3.739081e-002 0.000000e+000
    outer loop
      vertex   6.917902e+001 2.925000e+002 1.762229e+001
      vertex   7.172350e+001 2.925000e+002 1.526136e+001
      vertex   7.160387e+001 2.925000e+002 1.553553e+001
    endloop
  endfacet
  facet normal 0.000000e+000 -3.739193e-002 0.000000e+000
    outer loop
      vertex   6.917902e+001 2.925000e+002 1.762229e+001
      vertex   7.160387e+001 2.925000e+002 1.553553e+001
      vertex   7.146410e+001 2.925000e+002 1.580000e+001
    endloop
  endfacet
  facet normal 0.000000e+000 -3.302708e-001 0.000000e+000
    outer loop
      vertex   7.146410e+001 2.925000e+002 1.580000e+001
      vertex   7.130495e+001 2.925000e+002 1.605328e+001
      vertex   6.917902e+001 2.925000e+002 1.762229e+001
    endloop
  endfacet
  facet normal 0.000000e+000 -3.739143e-002 0.000000e+000
    outer loop
      vertex   6.917902e+001 2.925000e+002 1.762229e+001
      vertex   7.130495e+001 2.925000e+002 1.605328e+001
      vertex   7.112733e+001 2.925000e+002 1.629396e+001
    endloop
  endfacet
  facet normal 0.000000e+000 -3.739046e-002 0.000000e+000
    outer loop
      vertex   6.917902e+001 2.925000e+002 1.762229e+001
      vertex   7.112733e+001 2.925000e+002 1.629396e+001
      vertex   7.093221e+001 2.925000e+002 1.652069e+001
    endloop
  endfacet
  facet normal 0.000000e+000 -2.225194e-001 0.000000e+000
    outer loop
      vertex   7.093221e+001 2.925000e+002 1.652069e+001
      vertex   7.072069e+001 2.925000e+002 1.673221e+001
      vertex   6.917902e+001 2.925000e+002 1.762229e+001
    endloop
  endfacet
  facet normal 0.000000e+000 -1.859086e-001 0.000000e+000
    outer loop
      vertex   6.917902e+001 2.925000e+002 1.762229e+001
      vertex   7.072069e+001 2.925000e+002 1.673221e+001
      vertex   6.946136e+001 2.925000e+002 1.752349e+001
    endloop
  endfacet
  facet normal 0.000000e+000 -3.739136e-002 0.000000e+000
    outer loop
      vertex   6.946136e+001 2.925000e+002 1.752349e+001
      vertex   7.072069e+001 2.925000e+002 1.673221e+001
      vertex   7.049396e+001 2.925000e+002 1.692733e+001
    endloop
  endfacet
  facet normal 0.000000e+000 -3.739249e-002 0.000000e+000
    outer loop
      vertex   6.946136e+001 2.925000e+002 1.752349e+001
      vertex   7.049396e+001 2.925000e+002 1.692733e+001
      vertex   7.025328e+001 2.925000e+002 1.710496e+001
    endloop
  endfacet
  facet normal 0.000000e+000 -7.472680e-002 0.000000e+000
    outer loop
      vertex   7.025328e+001 2.925000e+002 1.710496e+001
      vertex   7.000000e+001 2.925000e+002 1.726410e+001
      vertex   6.946136e+001 2.925000e+002 1.752349e+001
    endloop
  endfacet
  facet normal 0.000000e+000 -3.739135e-002 0.000000e+000
    outer loop
      vertex   6.946136e+001 2.925000e+002 1.752349e+001
      vertex   7.000000e+001 2.925000e+002 1.726410e+001
      vertex   6.973553e+001 2.925000e+002 1.740388e+001
    endloop
  endfacet
  facet normal -1.000000e+000 -0.000000e+000 -0.000000e+000
    outer loop
      vertex   -4.050000e+001 3.615000e+002 1.780000e+001
      vertex   -4.050000e+001 3.615000e+002 -3.500000e+000
      vertex   -4.050000e+001 3.270000e+002 1.780000e+001
    endloop
  endfacet
  facet normal -8.508953e-001 0.000000e+000 0.000000e+000
    outer loop
      vertex   -4.050000e+001 3.270000e+002 1.780000e+001
      vertex   -4.050000e+001 3.615000e+002 -3.500000e+000
      vertex   -4.050000e+001 3.270000e+002 -3.500000e+000
    endloop
  endfacet
  facet normal -1.000000e+000 -0.000000e+000 -0.000000e+000
    outer loop
      vertex   -4.050000e+001 3.270000e+002 1.780000e+001
      vertex   -4.050000e+001 3.270000e+002 -3.500000e+000
      vertex   -4.050000e+001 2.925000e+002 1.780000e+001
    endloop
  endfacet
  facet normal -8.508953e-001 0.000000e+000 0.000000e+000
    outer loop
      vertex   -4.050000e+001 2.925000e+002 1.780000e+001
      vertex   -4.050000e+001 3.270000e+002 -3.500000e+000
      vertex   -4.050000e+001 2.925000e+002 -3.500000e+000
    endloop
  endfacet
  facet normal 0.000000e+000 1.290833e-001 0.000000e+000
    outer loop
      vertex   -6.945534e+000 3.615000e+002 8.678646e-001
      vertex   -4.050000e+001 3.615000e+002 -3.500000e+000
      vertex   -3.344553e+001 3.615000e+002 8.678646e-001
    endloop
  endfacet
  facet normal 0.000000e+000 9.872863e-001 0.000000e+000
    outer loop
      vertex   -3.344553e+001 3.615000e+002 8.678646e-001
      vertex   -4.050000e+001 3.615000e+002 -3.500000e+000
      vertex   -4.050000e+001 3.615000e+002 1.780000e+001
    endloop
  endfacet
  facet normal 0.000000e+000 3.845880e-001 -0.000000e+000
    outer loop
      vertex   -3.344553e+001 3.615000e+002 8.678646e-001
      vertex   -4.050000e+001 3.615000e+002 1.780000e+001
      vertex   -3.344553e+001 3.615000e+002 7.167865e+000
    endloop
  endfacet
  facet normal 0.000000e+000 8.332645e-001 -0.000000e+000
    outer loop
      vertex   -3.344553e+001 3.615000e+002 7.167865e+000
      vertex   -4.050000e+001 3.615000e+002 1.780000e+001
      vertex   -6.945534e+000 3.615000e+002 7.167865e+000
    endloop
  endfacet
  facet normal 0.000000e+000 7.042977e-001 -0.000000e+000
    outer loop
      vertex   -6.945534e+000 3.615000e+002 7.167865e+000
      vertex   -4.050000e+001 3.615000e+002 1.780000e+001
      vertex   1.375000e+001 3.615000e+002 1.780000e+001
    endloop
  endfacet
  facet normal -0.000000e+000 8.572237e-001 0.000000e+000
    outer loop
      vertex   -6.945534e+000 3.615000e+002 7.167865e+000
      vertex   1.375000e+001 3.615000e+002 1.780000e+001
      vertex   1.025000e+001 3.615000e+002 -3.500000e+000
    endloop
  endfacet
  facet normal 0.000000e+000 9.625038e-001 0.000000e+000
    outer loop
      vertex   1.025000e+001 3.615000e+002 -3.500000e+000
      vertex   1.375000e+001 3.615000e+002 1.780000e+001
      vertex   6.100000e+001 3.615000e+002 2.200000e+000
    endloop
  endfacet
  facet normal 0.000000e+000 1.116135e-001 0.000000e+000
    outer loop
      vertex   1.025000e+001 3.615000e+002 -3.500000e+000
      vertex   6.100000e+001 3.615000e+002 2.200000e+000
      vertex   6.100000e+001 3.615000e+002 -3.500000e+000
    endloop
  endfacet
  facet normal 0.000000e+000 1.290833e-001 0.000000e+000
    outer loop
      vertex   -4.050000e+001 3.615000e+002 -3.500000e+000
      vertex   -6.945534e+000 3.615000e+002 8.678646e-001
      vertex   1.025000e+001 3.615000e+002 -3.500000e+000
    endloop
  endfacet
  facet normal 0.000000e+000 3.017462e-001 0.000000e+000
    outer loop
      vertex   1.025000e+001 3.615000e+002 -3.500000e+000
      vertex   -6.945534e+000 3.615000e+002 8.678646e-001
      vertex   -6.945534e+000 3.615000e+002 7.167865e+000
    endloop
  endfacet
  facet normal -0.000000e+000 3.135134e-001 0.000000e+000
    outer loop
      vertex   1.375000e+001 3.615000e+002 1.780000e+001
      vertex   6.800000e+001 3.615000e+002 1.780000e+001
      vertex   6.100000e+001 3.615000e+002 2.200000e+000
    endloop
  endfacet
  facet normal 0.000000e+000 1.611002e-002 0.000000e+000
    outer loop
      vertex   6.100000e+001 3.615000e+002 2.200000e+000
      vertex   6.800000e+001 3.615000e+002 1.780000e+001
      vertex   6.829892e+001 3.615000e+002 1.778881e+001
    endloop
  endfacet
  facet normal 0.000000e+000 1.637131e-002 0.000000e+000
    outer loop
      vertex   6.100000e+001 3.615000e+002 2.200000e+000
      vertex   6.829892e+001 3.615000e+002 1.778881e+001
      vertex   6.859617e+001 3.615000e+002 1.775532e+001
    endloop
  endfacet
  facet normal 0.000000e+000 9.644961e-001 0.000000e+000
    outer loop
      vertex   6.859617e+001 3.615000e+002 1.775532e+001
      vertex   6.889008e+001 3.615000e+002 1.769971e+001
      vertex   6.100000e+001 3.615000e+002 2.200000e+000
    endloop
  endfacet
  facet normal 0.000000e+000 1.676237e-002 0.000000e+000
    outer loop
      vertex   6.100000e+001 3.615000e+002 2.200000e+000
      vertex   6.889008e+001 3.615000e+002 1.769971e+001
      vertex   6.917902e+001 3.615000e+002 1.762229e+001
    endloop
  endfacet
  facet normal 0.000000e+000 2.679200e-001 0.000000e+000
    outer loop
      vertex   6.100000e+001 3.615000e+002 2.200000e+000
      vertex   6.917902e+001 3.615000e+002 1.762229e+001
      vertex   7.200000e+001 3.615000e+002 1.380000e+001
    endloop
  endfacet
  facet normal 0.000000e+000 5.633200e-001 0.000000e+000
    outer loop
      vertex   7.200000e+001 3.615000e+002 1.380000e+001
      vertex   6.917902e+001 3.615000e+002 1.762229e+001
      vertex   7.198882e+001 3.615000e+002 1.409892e+001
    endloop
  endfacet
  facet normal 0.000000e+000 5.320281e-001 0.000000e+000
    outer loop
      vertex   7.198882e+001 3.615000e+002 1.409892e+001
      vertex   6.917902e+001 3.615000e+002 1.762229e+001
      vertex   7.195532e+001 3.615000e+002 1.439617e+001
    endloop
  endfacet
  facet normal 0.000000e+000 5.000022e-001 0.000000e+000
    outer loop
      vertex   7.195532e+001 3.615000e+002 1.439617e+001
      vertex   6.917902e+001 3.615000e+002 1.762229e+001
      vertex   7.189971e+001 3.615000e+002 1.469008e+001
    endloop
  endfacet
  facet normal 0.000000e+000 4.672609e-001 0.000000e+000
    outer loop
      vertex   7.189971e+001 3.615000e+002 1.469008e+001
      vertex   6.917902e+001 3.615000e+002 1.762229e+001
      vertex   7.182229e+001 3.615000e+002 1.497902e+001
    endloop
  endfacet
  facet normal 0.000000e+000 4.338914e-001 0.000000e+000
    outer loop
      vertex   7.182229e+001 3.615000e+002 1.497902e+001
      vertex   6.917902e+001 3.615000e+002 1.762229e+001
      vertex   7.172350e+001 3.615000e+002 1.526136e+001
    endloop
  endfacet
  facet normal 0.000000e+000 3.998866e-001 0.000000e+000
    outer loop
      vertex   7.172350e+001 3.615000e+002 1.526136e+001
      vertex   6.917902e+001 3.615000e+002 1.762229e+001
      vertex   7.160387e+001 3.615000e+002 1.553553e+001
    endloop
  endfacet
  facet normal 0.000000e+000 3.653497e-001 0.000000e+000
    outer loop
      vertex   7.160387e+001 3.615000e+002 1.553553e+001
      vertex   6.917902e+001 3.615000e+002 1.762229e+001
      vertex   7.146410e+001 3.615000e+002 1.580000e+001
    endloop
  endfacet
  facet normal 0.000000e+000 3.302708e-001 0.000000e+000
    outer loop
      vertex   7.146410e+001 3.615000e+002 1.580000e+001
      vertex   6.917902e+001 3.615000e+002 1.762229e+001
      vertex   7.130495e+001 3.615000e+002 1.605328e+001
    endloop
  endfacet
  facet normal 0.000000e+000 2.947580e-001 0.000000e+000
    outer loop
      vertex   7.130495e+001 3.615000e+002 1.605328e+001
      vertex   6.917902e+001 3.615000e+002 1.762229e+001
      vertex   7.112733e+001 3.615000e+002 1.629396e+001
    endloop
  endfacet
  facet normal 0.000000e+000 2.588112e-001 0.000000e+000
    outer loop
      vertex   7.112733e+001 3.615000e+002 1.629396e+001
      vertex   6.917902e+001 3.615000e+002 1.762229e+001
      vertex   7.093221e+001 3.615000e+002 1.652069e+001
    endloop
  endfacet
  facet normal 0.000000e+000 3.739049e-002 0.000000e+000
    outer loop
      vertex   7.093221e+001 3.615000e+002 1.652069e+001
      vertex   6.917902e+001 3.615000e+002 1.762229e+001
      vertex   6.946136e+001 3.615000e+002 1.752349e+001
    endloop
  endfacet
  facet normal 0.000000e+000 1.859108e-001 0.000000e+000
    outer loop
      vertex   7.093221e+001 3.615000e+002 1.652069e+001
      vertex   6.946136e+001 3.615000e+002 1.752349e+001
      vertex   7.072069e+001 3.615000e+002 1.673221e+001
    endloop
  endfacet
  facet normal 0.000000e+000 1.490433e-001 0.000000e+000
    outer loop
      vertex   7.072069e+001 3.615000e+002 1.673221e+001
      vertex   6.946136e+001 3.615000e+002 1.752349e+001
      vertex   7.049396e+001 3.615000e+002 1.692733e+001
    endloop
  endfacet
  facet normal 0.000000e+000 1.119688e-001 0.000000e+000
    outer loop
      vertex   7.049396e+001 3.615000e+002 1.692733e+001
      vertex   6.946136e+001 3.615000e+002 1.752349e+001
      vertex   7.025328e+001 3.615000e+002 1.710496e+001
    endloop
  endfacet
  facet normal 0.000000e+000 7.472680e-002 0.000000e+000
    outer loop
      vertex   7.025328e+001 3.615000e+002 1.710496e+001
      vertex   6.946136e+001 3.615000e+002 1.752349e+001
      vertex   7.000000e+001 3.615000e+002 1.726410e+001
    endloop
  endfacet
  facet normal 0.000000e+000 3.739118e-002 0.000000e+000
    outer loop
      vertex   7.000000e+001 3.615000e+002 1.726410e+001
      vertex   6.946136e+001 3.615000e+002 1.752349e+001
      vertex   6.973553e+001 3.615000e+002 1.740388e+001
    endloop
  endfacet
  facet normal 0.000000e+000 6.880916e-001 0.000000e+000
    outer loop
      vertex   7.200000e+001 3.615000e+002 1.380000e+001
      vertex   7.200000e+001 3.615000e+002 2.200000e+000
      vertex   6.100000e+001 3.615000e+002 2.200000e+000
    endloop
  endfacet
endsolid
