solid ascii
  facet normal 0.000000e+000 0.000000e+000 -1.000000e+000
    outer loop
      vertex   -2.519500e+002 6.900000e+001 1.195000e+001
      vertex   -2.784500e+002 6.900000e+001 1.195000e+001
      vertex   -2.519500e+002 7.500000e+001 1.195000e+001
    endloop
  endfacet
  facet normal -0.000000e+000 0.000000e+000 -2.208255e-001
    outer loop
      vertex   -2.519500e+002 7.500000e+001 1.195000e+001
      vertex   -2.784500e+002 6.900000e+001 1.195000e+001
      vertex   -2.784500e+002 7.500000e+001 1.195000e+001
    endloop
  endfacet
  facet normal -1.000000e+000 0.000000e+000 0.000000e+000
    outer loop
      vertex   -2.519500e+002 6.900000e+001 5.650000e+000
      vertex   -2.519500e+002 6.900000e+001 1.195000e+001
      vertex   -2.519500e+002 7.500000e+001 5.650000e+000
    endloop
  endfacet
  facet normal -6.896552e-001 0.000000e+000 0.000000e+000
    outer loop
      vertex   -2.519500e+002 7.500000e+001 5.650000e+000
      vertex   -2.519500e+002 6.900000e+001 1.195000e+001
      vertex   -2.519500e+002 7.500000e+001 1.195000e+001
    endloop
  endfacet
  facet normal 0.000000e+000 0.000000e+000 1.000000e+000
    outer loop
      vertex   -2.784500e+002 6.900000e+001 5.650000e+000
      vertex   -2.519500e+002 6.900000e+001 5.650000e+000
      vertex   -2.784500e+002 7.500000e+001 5.650000e+000
    endloop
  endfacet
  facet normal -0.000000e+000 0.000000e+000 2.208255e-001
    outer loop
      vertex   -2.784500e+002 7.500000e+001 5.650000e+000
      vertex   -2.519500e+002 6.900000e+001 5.650000e+000
      vertex   -2.519500e+002 7.500000e+001 5.650000e+000
    endloop
  endfacet
  facet normal 1.000000e+000 -0.000000e+000 0.000000e+000
    outer loop
      vertex   -2.784500e+002 6.900000e+001 1.195000e+001
      vertex   -2.784500e+002 6.900000e+001 5.650000e+000
      vertex   -2.784500e+002 7.500000e+001 1.195000e+001
    endloop
  endfacet
  facet normal 6.896552e-001 0.000000e+000 0.000000e+000
    outer loop
      vertex   -2.784500e+002 7.500000e+001 1.195000e+001
      vertex   -2.784500e+002 6.900000e+001 5.650000e+000
      vertex   -2.784500e+002 7.500000e+001 5.650000e+000
    endloop
  endfacet
  facet normal -6.035899e-002 -9.981768e-001 0.000000e+000
    outer loop
      vertex   -2.539692e+002 6.433907e+001 2.350000e+001
      vertex   -2.539692e+002 6.433907e+001 2.580000e+001
      vertex   -2.541500e+002 6.435000e+001 2.350000e+001
    endloop
  endfacet
  facet normal -4.738774e-003 -7.836669e-002 0.000000e+000
    outer loop
      vertex   -2.541500e+002 6.435000e+001 2.350000e+001
      vertex   -2.539692e+002 6.433907e+001 2.580000e+001
      vertex   -2.541500e+002 6.435000e+001 2.580000e+001
    endloop
  endfacet
  facet normal 6.035391e-002 -9.981771e-001 0.000000e+000
    outer loop
      vertex   -2.541500e+002 6.435000e+001 2.350000e+001
      vertex   -2.541500e+002 6.435000e+001 2.580000e+001
      vertex   -2.543308e+002 6.433907e+001 2.350000e+001
    endloop
  endfacet
  facet normal 4.738771e-003 -7.837326e-002 0.000000e+000
    outer loop
      vertex   -2.543308e+002 6.433907e+001 2.350000e+001
      vertex   -2.541500e+002 6.435000e+001 2.580000e+001
      vertex   -2.543308e+002 6.433907e+001 2.580000e+001
    endloop
  endfacet
  facet normal 1.802790e-001 -9.836155e-001 0.000000e+000
    outer loop
      vertex   -2.543308e+002 6.433907e+001 2.350000e+001
      vertex   -2.543308e+002 6.433907e+001 2.580000e+001
      vertex   -2.545090e+002 6.430641e+001 2.350000e+001
    endloop
  endfacet
  facet normal 1.415349e-002 -7.722251e-002 0.000000e+000
    outer loop
      vertex   -2.545090e+002 6.430641e+001 2.350000e+001
      vertex   -2.543308e+002 6.433907e+001 2.580000e+001
      vertex   -2.545090e+002 6.430641e+001 2.580000e+001
    endloop
  endfacet
  facet normal 2.975026e-001 -9.547210e-001 0.000000e+000
    outer loop
      vertex   -2.545090e+002 6.430641e+001 2.350000e+001
      vertex   -2.545090e+002 6.430641e+001 2.580000e+001
      vertex   -2.546819e+002 6.425253e+001 2.350000e+001
    endloop
  endfacet
  facet normal 2.335657e-002 -7.495398e-002 0.000000e+000
    outer loop
      vertex   -2.546819e+002 6.425253e+001 2.350000e+001
      vertex   -2.545090e+002 6.430641e+001 2.580000e+001
      vertex   -2.546819e+002 6.425253e+001 2.580000e+001
    endloop
  endfacet
  facet normal 4.103857e-001 -9.119120e-001 0.000000e+000
    outer loop
      vertex   -2.546819e+002 6.425253e+001 2.350000e+001
      vertex   -2.546819e+002 6.425253e+001 2.580000e+001
      vertex   -2.548471e+002 6.417818e+001 2.350000e+001
    endloop
  endfacet
  facet normal 3.222232e-002 -7.160075e-002 0.000000e+000
    outer loop
      vertex   -2.548471e+002 6.417818e+001 2.350000e+001
      vertex   -2.546819e+002 6.425253e+001 2.580000e+001
      vertex   -2.548471e+002 6.417818e+001 2.580000e+001
    endloop
  endfacet
  facet normal 5.173856e-001 -8.557523e-001 0.000000e+000
    outer loop
      vertex   -2.548471e+002 6.417818e+001 2.350000e+001
      vertex   -2.548471e+002 6.417818e+001 2.580000e+001
      vertex   -2.550021e+002 6.408447e+001 2.350000e+001
    endloop
  endfacet
  facet normal 4.061854e-002 -6.718279e-002 0.000000e+000
    outer loop
      vertex   -2.550021e+002 6.408447e+001 2.350000e+001
      vertex   -2.548471e+002 6.417818e+001 2.580000e+001
      vertex   -2.550021e+002 6.408447e+001 2.580000e+001
    endloop
  endfacet
  facet normal 6.166881e-001 -7.872076e-001 0.000000e+000
    outer loop
      vertex   -2.550021e+002 6.408447e+001 2.350000e+001
      vertex   -2.550021e+002 6.408447e+001 2.580000e+001
      vertex   -2.551447e+002 6.397277e+001 2.350000e+001
    endloop
  endfacet
  facet normal 4.841783e-002 -6.180577e-002 0.000000e+000
    outer loop
      vertex   -2.551447e+002 6.397277e+001 2.350000e+001
      vertex   -2.550021e+002 6.408447e+001 2.580000e+001
      vertex   -2.551447e+002 6.397277e+001 2.580000e+001
    endloop
  endfacet
  facet normal 7.071068e-001 -7.071068e-001 0.000000e+000
    outer loop
      vertex   -2.551447e+002 6.397277e+001 2.350000e+001
      vertex   -2.551447e+002 6.397277e+001 2.580000e+001
      vertex   -2.552728e+002 6.384468e+001 2.350000e+001
    endloop
  endfacet
  facet normal 5.551607e-002 -5.551607e-002 0.000000e+000
    outer loop
      vertex   -2.552728e+002 6.384468e+001 2.350000e+001
      vertex   -2.551447e+002 6.397277e+001 2.580000e+001
      vertex   -2.552728e+002 6.384468e+001 2.580000e+001
    endloop
  endfacet
  facet normal 7.871814e-001 -6.167216e-001 0.000000e+000
    outer loop
      vertex   -2.552728e+002 6.384468e+001 2.350000e+001
      vertex   -2.552728e+002 6.384468e+001 2.580000e+001
      vertex   -2.553845e+002 6.370210e+001 2.350000e+001
    endloop
  endfacet
  facet normal 6.180247e-002 -4.841948e-002 0.000000e+000
    outer loop
      vertex   -2.553845e+002 6.370210e+001 2.350000e+001
      vertex   -2.552728e+002 6.384468e+001 2.580000e+001
      vertex   -2.553845e+002 6.370210e+001 2.580000e+001
    endloop
  endfacet
  facet normal 8.557935e-001 -5.173175e-001 0.000000e+000
    outer loop
      vertex   -2.553845e+002 6.370210e+001 2.350000e+001
      vertex   -2.553845e+002 6.370210e+001 2.580000e+001
      vertex   -2.554782e+002 6.354708e+001 2.350000e+001
    endloop
  endfacet
  facet normal 6.718939e-002 -4.061522e-002 0.000000e+000
    outer loop
      vertex   -2.554782e+002 6.354708e+001 2.350000e+001
      vertex   -2.553845e+002 6.370210e+001 2.580000e+001
      vertex   -2.554782e+002 6.354708e+001 2.580000e+001
    endloop
  endfacet
  facet normal 9.118978e-001 -4.104172e-001 0.000000e+000
    outer loop
      vertex   -2.554782e+002 6.354708e+001 2.350000e+001
      vertex   -2.554782e+002 6.354708e+001 2.580000e+001
      vertex   -2.555525e+002 6.338191e+001 2.350000e+001
    endloop
  endfacet
  facet normal 7.159417e-002 -3.222233e-002 0.000000e+000
    outer loop
      vertex   -2.555525e+002 6.338191e+001 2.350000e+001
      vertex   -2.554782e+002 6.354708e+001 2.580000e+001
      vertex   -2.555525e+002 6.338191e+001 2.580000e+001
    endloop
  endfacet
  facet normal 9.547127e-001 -2.975290e-001 0.000000e+000
    outer loop
      vertex   -2.555525e+002 6.338191e+001 2.350000e+001
      vertex   -2.555525e+002 6.338191e+001 2.580000e+001
      vertex   -2.556064e+002 6.320897e+001 2.350000e+001
    endloop
  endfacet
  facet normal 7.495727e-002 -2.335987e-002 0.000000e+000
    outer loop
      vertex   -2.556064e+002 6.320897e+001 2.350000e+001
      vertex   -2.555525e+002 6.338191e+001 2.580000e+001
      vertex   -2.556064e+002 6.320897e+001 2.580000e+001
    endloop
  endfacet
  facet normal 9.836169e-001 -1.802715e-001 0.000000e+000
    outer loop
      vertex   -2.556064e+002 6.320897e+001 2.350000e+001
      vertex   -2.556064e+002 6.320897e+001 2.580000e+001
      vertex   -2.556391e+002 6.303080e+001 2.350000e+001
    endloop
  endfacet
  facet normal 7.722580e-002 -1.415349e-002 0.000000e+000
    outer loop
      vertex   -2.556391e+002 6.303080e+001 2.350000e+001
      vertex   -2.556064e+002 6.320897e+001 2.580000e+001
      vertex   -2.556391e+002 6.303080e+001 2.580000e+001
    endloop
  endfacet
  facet normal 9.981794e-001 -6.031575e-002 0.000000e+000
    outer loop
      vertex   -2.556391e+002 6.303080e+001 2.350000e+001
      vertex   -2.556391e+002 6.303080e+001 2.580000e+001
      vertex   -2.556500e+002 6.285000e+001 2.350000e+001
    endloop
  endfacet
  facet normal 7.836833e-002 -4.735467e-003 0.000000e+000
    outer loop
      vertex   -2.556500e+002 6.285000e+001 2.350000e+001
      vertex   -2.556391e+002 6.303080e+001 2.580000e+001
      vertex   -2.556500e+002 6.285000e+001 2.580000e+001
    endloop
  endfacet
  facet normal 9.981794e-001 6.031575e-002 -0.000000e+000
    outer loop
      vertex   -2.556500e+002 6.285000e+001 2.350000e+001
      vertex   -2.556500e+002 6.285000e+001 2.580000e+001
      vertex   -2.556391e+002 6.266919e+001 2.350000e+001
    endloop
  endfacet
  facet normal 7.836833e-002 4.735467e-003 -0.000000e+000
    outer loop
      vertex   -2.556391e+002 6.266919e+001 2.350000e+001
      vertex   -2.556500e+002 6.285000e+001 2.580000e+001
      vertex   -2.556391e+002 6.266919e+001 2.580000e+001
    endloop
  endfacet
  facet normal 9.836162e-001 1.802752e-001 -0.000000e+000
    outer loop
      vertex   -2.556391e+002 6.266919e+001 2.350000e+001
      vertex   -2.556391e+002 6.266919e+001 2.580000e+001
      vertex   -2.556064e+002 6.249103e+001 2.350000e+001
    endloop
  endfacet
  facet normal 7.722415e-002 1.415349e-002 -0.000000e+000
    outer loop
      vertex   -2.556064e+002 6.249103e+001 2.350000e+001
      vertex   -2.556391e+002 6.266919e+001 2.580000e+001
      vertex   -2.556064e+002 6.249103e+001 2.580000e+001
    endloop
  endfacet
  facet normal 9.547127e-001 2.975290e-001 -0.000000e+000
    outer loop
      vertex   -2.556064e+002 6.249103e+001 2.350000e+001
      vertex   -2.556064e+002 6.249103e+001 2.580000e+001
      vertex   -2.555525e+002 6.231809e+001 2.350000e+001
    endloop
  endfacet
  facet normal 7.495727e-002 2.335987e-002 -0.000000e+000
    outer loop
      vertex   -2.555525e+002 6.231809e+001 2.350000e+001
      vertex   -2.556064e+002 6.249103e+001 2.580000e+001
      vertex   -2.555525e+002 6.231809e+001 2.580000e+001
    endloop
  endfacet
  facet normal 9.118978e-001 4.104172e-001 -0.000000e+000
    outer loop
      vertex   -2.555525e+002 6.231809e+001 2.350000e+001
      vertex   -2.555525e+002 6.231809e+001 2.580000e+001
      vertex   -2.554782e+002 6.215292e+001 2.350000e+001
    endloop
  endfacet
  facet normal 7.159417e-002 3.222233e-002 -0.000000e+000
    outer loop
      vertex   -2.554782e+002 6.215292e+001 2.350000e+001
      vertex   -2.555525e+002 6.231809e+001 2.580000e+001
      vertex   -2.554782e+002 6.215292e+001 2.580000e+001
    endloop
  endfacet
  facet normal 8.557935e-001 5.173175e-001 -0.000000e+000
    outer loop
      vertex   -2.554782e+002 6.215292e+001 2.350000e+001
      vertex   -2.554782e+002 6.215292e+001 2.580000e+001
      vertex   -2.553845e+002 6.199790e+001 2.350000e+001
    endloop
  endfacet
  facet normal 6.718939e-002 4.061522e-002 -0.000000e+000
    outer loop
      vertex   -2.553845e+002 6.199790e+001 2.350000e+001
      vertex   -2.554782e+002 6.215292e+001 2.580000e+001
      vertex   -2.553845e+002 6.199790e+001 2.580000e+001
    endloop
  endfacet
  facet normal 7.871814e-001 6.167216e-001 -0.000000e+000
    outer loop
      vertex   -2.553845e+002 6.199790e+001 2.350000e+001
      vertex   -2.553845e+002 6.199790e+001 2.580000e+001
      vertex   -2.552728e+002 6.185532e+001 2.350000e+001
    endloop
  endfacet
  facet normal 6.180247e-002 4.841948e-002 -0.000000e+000
    outer loop
      vertex   -2.552728e+002 6.185532e+001 2.350000e+001
      vertex   -2.553845e+002 6.199790e+001 2.580000e+001
      vertex   -2.552728e+002 6.185532e+001 2.580000e+001
    endloop
  endfacet
  facet normal 7.071068e-001 7.071068e-001 -0.000000e+000
    outer loop
      vertex   -2.552728e+002 6.185532e+001 2.350000e+001
      vertex   -2.552728e+002 6.185532e+001 2.580000e+001
      vertex   -2.551447e+002 6.172723e+001 2.350000e+001
    endloop
  endfacet
  facet normal 5.551607e-002 5.551607e-002 -0.000000e+000
    outer loop
      vertex   -2.551447e+002 6.172723e+001 2.350000e+001
      vertex   -2.552728e+002 6.185532e+001 2.580000e+001
      vertex   -2.551447e+002 6.172723e+001 2.580000e+001
    endloop
  endfacet
  facet normal 6.167011e-001 7.871974e-001 -0.000000e+000
    outer loop
      vertex   -2.551447e+002 6.172723e+001 2.350000e+001
      vertex   -2.551447e+002 6.172723e+001 2.580000e+001
      vertex   -2.550021e+002 6.161552e+001 2.350000e+001
    endloop
  endfacet
  facet normal 4.841947e-002 6.180576e-002 -0.000000e+000
    outer loop
      vertex   -2.550021e+002 6.161552e+001 2.350000e+001
      vertex   -2.551447e+002 6.172723e+001 2.580000e+001
      vertex   -2.550021e+002 6.161552e+001 2.580000e+001
    endloop
  endfacet
  facet normal 5.173702e-001 8.557617e-001 -0.000000e+000
    outer loop
      vertex   -2.550021e+002 6.161552e+001 2.350000e+001
      vertex   -2.550021e+002 6.161552e+001 2.580000e+001
      vertex   -2.548471e+002 6.152182e+001 2.350000e+001
    endloop
  endfacet
  facet normal 4.061689e-002 6.718280e-002 -0.000000e+000
    outer loop
      vertex   -2.548471e+002 6.152182e+001 2.350000e+001
      vertex   -2.550021e+002 6.161552e+001 2.580000e+001
      vertex   -2.548471e+002 6.152182e+001 2.580000e+001
    endloop
  endfacet
  facet normal 4.103857e-001 9.119120e-001 -0.000000e+000
    outer loop
      vertex   -2.548471e+002 6.152182e+001 2.350000e+001
      vertex   -2.548471e+002 6.152182e+001 2.580000e+001
      vertex   -2.546819e+002 6.144748e+001 2.350000e+001
    endloop
  endfacet
  facet normal 3.222232e-002 7.160075e-002 -0.000000e+000
    outer loop
      vertex   -2.546819e+002 6.144748e+001 2.350000e+001
      vertex   -2.548471e+002 6.152182e+001 2.580000e+001
      vertex   -2.546819e+002 6.144748e+001 2.580000e+001
    endloop
  endfacet
  facet normal 2.975026e-001 9.547210e-001 -0.000000e+000
    outer loop
      vertex   -2.546819e+002 6.144748e+001 2.350000e+001
      vertex   -2.546819e+002 6.144748e+001 2.580000e+001
      vertex   -2.545090e+002 6.139359e+001 2.350000e+001
    endloop
  endfacet
  facet normal 2.335657e-002 7.495398e-002 -0.000000e+000
    outer loop
      vertex   -2.545090e+002 6.139359e+001 2.350000e+001
      vertex   -2.546819e+002 6.144748e+001 2.580000e+001
      vertex   -2.545090e+002 6.139359e+001 2.580000e+001
    endloop
  endfacet
  facet normal 1.802790e-001 9.836155e-001 -0.000000e+000
    outer loop
      vertex   -2.545090e+002 6.139359e+001 2.350000e+001
      vertex   -2.545090e+002 6.139359e+001 2.580000e+001
      vertex   -2.543308e+002 6.136094e+001 2.350000e+001
    endloop
  endfacet
  facet normal 1.415349e-002 7.722251e-002 -0.000000e+000
    outer loop
      vertex   -2.543308e+002 6.136094e+001 2.350000e+001
      vertex   -2.545090e+002 6.139359e+001 2.580000e+001
      vertex   -2.543308e+002 6.136094e+001 2.580000e+001
    endloop
  endfacet
  facet normal 6.037489e-002 9.981758e-001 -0.000000e+000
    outer loop
      vertex   -2.543308e+002 6.136094e+001 2.350000e+001
      vertex   -2.543308e+002 6.136094e+001 2.580000e+001
      vertex   -2.541500e+002 6.135000e+001 2.350000e+001
    endloop
  endfacet
  facet normal 4.740425e-003 7.837326e-002 -0.000000e+000
    outer loop
      vertex   -2.541500e+002 6.135000e+001 2.350000e+001
      vertex   -2.543308e+002 6.136094e+001 2.580000e+001
      vertex   -2.541500e+002 6.135000e+001 2.580000e+001
    endloop
  endfacet
  facet normal -6.037997e-002 9.981754e-001 0.000000e+000
    outer loop
      vertex   -2.541500e+002 6.135000e+001 2.350000e+001
      vertex   -2.541500e+002 6.135000e+001 2.580000e+001
      vertex   -2.539692e+002 6.136094e+001 2.350000e+001
    endloop
  endfacet
  facet normal -4.740427e-003 7.836669e-002 0.000000e+000
    outer loop
      vertex   -2.539692e+002 6.136094e+001 2.350000e+001
      vertex   -2.541500e+002 6.135000e+001 2.580000e+001
      vertex   -2.539692e+002 6.136094e+001 2.580000e+001
    endloop
  endfacet
  facet normal -1.802790e-001 9.836155e-001 0.000000e+000
    outer loop
      vertex   -2.539692e+002 6.136094e+001 2.350000e+001
      vertex   -2.539692e+002 6.136094e+001 2.580000e+001
      vertex   -2.537910e+002 6.139359e+001 2.350000e+001
    endloop
  endfacet
  facet normal -1.415349e-002 7.722251e-002 0.000000e+000
    outer loop
      vertex   -2.537910e+002 6.139359e+001 2.350000e+001
      vertex   -2.539692e+002 6.136094e+001 2.580000e+001
      vertex   -2.537910e+002 6.139359e+001 2.580000e+001
    endloop
  endfacet
  facet normal -2.974787e-001 9.547285e-001 0.000000e+000
    outer loop
      vertex   -2.537910e+002 6.139359e+001 2.350000e+001
      vertex   -2.537910e+002 6.139359e+001 2.580000e+001
      vertex   -2.536181e+002 6.144748e+001 2.350000e+001
    endloop
  endfacet
  facet normal -2.335656e-002 7.496056e-002 0.000000e+000
    outer loop
      vertex   -2.536181e+002 6.144748e+001 2.350000e+001
      vertex   -2.537910e+002 6.139359e+001 2.580000e+001
      vertex   -2.536181e+002 6.144748e+001 2.580000e+001
    endloop
  endfacet
  facet normal -4.104172e-001 9.118978e-001 0.000000e+000
    outer loop
      vertex   -2.536181e+002 6.144748e+001 2.350000e+001
      vertex   -2.536181e+002 6.144748e+001 2.580000e+001
      vertex   -2.534529e+002 6.152182e+001 2.350000e+001
    endloop
  endfacet
  facet normal -3.222233e-002 7.159417e-002 0.000000e+000
    outer loop
      vertex   -2.534529e+002 6.152182e+001 2.350000e+001
      vertex   -2.536181e+002 6.144748e+001 2.580000e+001
      vertex   -2.534529e+002 6.152182e+001 2.580000e+001
    endloop
  endfacet
  facet normal -5.173329e-001 8.557842e-001 0.000000e+000
    outer loop
      vertex   -2.534529e+002 6.152182e+001 2.350000e+001
      vertex   -2.534529e+002 6.152182e+001 2.580000e+001
      vertex   -2.532979e+002 6.161552e+001 2.350000e+001
    endloop
  endfacet
  facet normal -4.061687e-002 6.718939e-002 0.000000e+000
    outer loop
      vertex   -2.532979e+002 6.161552e+001 2.350000e+001
      vertex   -2.534529e+002 6.152182e+001 2.580000e+001
      vertex   -2.532979e+002 6.161552e+001 2.580000e+001
    endloop
  endfacet
  facet normal -6.167420e-001 7.871653e-001 0.000000e+000
    outer loop
      vertex   -2.532979e+002 6.161552e+001 2.350000e+001
      vertex   -2.532979e+002 6.161552e+001 2.580000e+001
      vertex   -2.531553e+002 6.172723e+001 2.350000e+001
    endloop
  endfacet
  facet normal -4.841949e-002 6.179917e-002 0.000000e+000
    outer loop
      vertex   -2.531553e+002 6.172723e+001 2.350000e+001
      vertex   -2.532979e+002 6.161552e+001 2.580000e+001
      vertex   -2.531553e+002 6.172723e+001 2.580000e+001
    endloop
  endfacet
  facet normal -7.071068e-001 7.071068e-001 0.000000e+000
    outer loop
      vertex   -2.531553e+002 6.172723e+001 2.350000e+001
      vertex   -2.531553e+002 6.172723e+001 2.580000e+001
      vertex   -2.530272e+002 6.185532e+001 2.350000e+001
    endloop
  endfacet
  facet normal -5.551607e-002 5.551607e-002 0.000000e+000
    outer loop
      vertex   -2.530272e+002 6.185532e+001 2.350000e+001
      vertex   -2.531553e+002 6.172723e+001 2.580000e+001
      vertex   -2.530272e+002 6.185532e+001 2.580000e+001
    endloop
  endfacet
  facet normal -7.871814e-001 6.167216e-001 0.000000e+000
    outer loop
      vertex   -2.530272e+002 6.185532e+001 2.350000e+001
      vertex   -2.530272e+002 6.185532e+001 2.580000e+001
      vertex   -2.529155e+002 6.199790e+001 2.350000e+001
    endloop
  endfacet
  facet normal -6.180247e-002 4.841948e-002 0.000000e+000
    outer loop
      vertex   -2.529155e+002 6.199790e+001 2.350000e+001
      vertex   -2.530272e+002 6.185532e+001 2.580000e+001
      vertex   -2.529155e+002 6.199790e+001 2.580000e+001
    endloop
  endfacet
  facet normal -8.557935e-001 5.173175e-001 0.000000e+000
    outer loop
      vertex   -2.529155e+002 6.199790e+001 2.350000e+001
      vertex   -2.529155e+002 6.199790e+001 2.580000e+001
      vertex   -2.528218e+002 6.215292e+001 2.350000e+001
    endloop
  endfacet
  facet normal -6.718939e-002 4.061522e-002 0.000000e+000
    outer loop
      vertex   -2.528218e+002 6.215292e+001 2.350000e+001
      vertex   -2.529155e+002 6.199790e+001 2.580000e+001
      vertex   -2.528218e+002 6.215292e+001 2.580000e+001
    endloop
  endfacet
  facet normal -9.118978e-001 4.104172e-001 0.000000e+000
    outer loop
      vertex   -2.528218e+002 6.215292e+001 2.350000e+001
      vertex   -2.528218e+002 6.215292e+001 2.580000e+001
      vertex   -2.527475e+002 6.231809e+001 2.350000e+001
    endloop
  endfacet
  facet normal -7.159417e-002 3.222233e-002 0.000000e+000
    outer loop
      vertex   -2.527475e+002 6.231809e+001 2.350000e+001
      vertex   -2.528218e+002 6.215292e+001 2.580000e+001
      vertex   -2.527475e+002 6.231809e+001 2.580000e+001
    endloop
  endfacet
  facet normal -9.547127e-001 2.975290e-001 0.000000e+000
    outer loop
      vertex   -2.527475e+002 6.231809e+001 2.350000e+001
      vertex   -2.527475e+002 6.231809e+001 2.580000e+001
      vertex   -2.526936e+002 6.249103e+001 2.350000e+001
    endloop
  endfacet
  facet normal -7.495727e-002 2.335987e-002 0.000000e+000
    outer loop
      vertex   -2.526936e+002 6.249103e+001 2.350000e+001
      vertex   -2.527475e+002 6.231809e+001 2.580000e+001
      vertex   -2.526936e+002 6.249103e+001 2.580000e+001
    endloop
  endfacet
  facet normal -9.836162e-001 1.802752e-001 0.000000e+000
    outer loop
      vertex   -2.526936e+002 6.249103e+001 2.350000e+001
      vertex   -2.526936e+002 6.249103e+001 2.580000e+001
      vertex   -2.526609e+002 6.266919e+001 2.350000e+001
    endloop
  endfacet
  facet normal -7.722415e-002 1.415349e-002 0.000000e+000
    outer loop
      vertex   -2.526609e+002 6.266919e+001 2.350000e+001
      vertex   -2.526936e+002 6.249103e+001 2.580000e+001
      vertex   -2.526609e+002 6.266919e+001 2.580000e+001
    endloop
  endfacet
  facet normal -9.981743e-001 6.039969e-002 0.000000e+000
    outer loop
      vertex   -2.526609e+002 6.266919e+001 2.350000e+001
      vertex   -2.526609e+002 6.266919e+001 2.580000e+001
      vertex   -2.526500e+002 6.285000e+001 2.350000e+001
    endloop
  endfacet
  facet normal -7.836833e-002 4.742080e-003 0.000000e+000
    outer loop
      vertex   -2.526500e+002 6.285000e+001 2.350000e+001
      vertex   -2.526609e+002 6.266919e+001 2.580000e+001
      vertex   -2.526500e+002 6.285000e+001 2.580000e+001
    endloop
  endfacet
  facet normal -9.981743e-001 -6.039969e-002 0.000000e+000
    outer loop
      vertex   -2.526500e+002 6.285000e+001 2.350000e+001
      vertex   -2.526500e+002 6.285000e+001 2.580000e+001
      vertex   -2.526609e+002 6.303080e+001 2.350000e+001
    endloop
  endfacet
  facet normal -7.836833e-002 -4.742080e-003 0.000000e+000
    outer loop
      vertex   -2.526609e+002 6.303080e+001 2.350000e+001
      vertex   -2.526500e+002 6.285000e+001 2.580000e+001
      vertex   -2.526609e+002 6.303080e+001 2.580000e+001
    endloop
  endfacet
  facet normal -9.836169e-001 -1.802715e-001 0.000000e+000
    outer loop
      vertex   -2.526609e+002 6.303080e+001 2.350000e+001
      vertex   -2.526609e+002 6.303080e+001 2.580000e+001
      vertex   -2.526936e+002 6.320897e+001 2.350000e+001
    endloop
  endfacet
  facet normal -7.722580e-002 -1.415349e-002 0.000000e+000
    outer loop
      vertex   -2.526936e+002 6.320897e+001 2.350000e+001
      vertex   -2.526609e+002 6.303080e+001 2.580000e+001
      vertex   -2.526936e+002 6.320897e+001 2.580000e+001
    endloop
  endfacet
  facet normal -9.547127e-001 -2.975290e-001 0.000000e+000
    outer loop
      vertex   -2.526936e+002 6.320897e+001 2.350000e+001
      vertex   -2.526936e+002 6.320897e+001 2.580000e+001
      vertex   -2.527475e+002 6.338191e+001 2.350000e+001
    endloop
  endfacet
  facet normal -7.495727e-002 -2.335987e-002 0.000000e+000
    outer loop
      vertex   -2.527475e+002 6.338191e+001 2.350000e+001
      vertex   -2.526936e+002 6.320897e+001 2.580000e+001
      vertex   -2.527475e+002 6.338191e+001 2.580000e+001
    endloop
  endfacet
  facet normal -9.118978e-001 -4.104172e-001 0.000000e+000
    outer loop
      vertex   -2.527475e+002 6.338191e+001 2.350000e+001
      vertex   -2.527475e+002 6.338191e+001 2.580000e+001
      vertex   -2.528218e+002 6.354708e+001 2.350000e+001
    endloop
  endfacet
  facet normal -7.159417e-002 -3.222233e-002 0.000000e+000
    outer loop
      vertex   -2.528218e+002 6.354708e+001 2.350000e+001
      vertex   -2.527475e+002 6.338191e+001 2.580000e+001
      vertex   -2.528218e+002 6.354708e+001 2.580000e+001
    endloop
  endfacet
  facet normal -8.557935e-001 -5.173175e-001 0.000000e+000
    outer loop
      vertex   -2.528218e+002 6.354708e+001 2.350000e+001
      vertex   -2.528218e+002 6.354708e+001 2.580000e+001
      vertex   -2.529155e+002 6.370210e+001 2.350000e+001
    endloop
  endfacet
  facet normal -6.718939e-002 -4.061522e-002 0.000000e+000
    outer loop
      vertex   -2.529155e+002 6.370210e+001 2.350000e+001
      vertex   -2.528218e+002 6.354708e+001 2.580000e+001
      vertex   -2.529155e+002 6.370210e+001 2.580000e+001
    endloop
  endfacet
  facet normal -7.871814e-001 -6.167216e-001 0.000000e+000
    outer loop
      vertex   -2.529155e+002 6.370210e+001 2.350000e+001
      vertex   -2.529155e+002 6.370210e+001 2.580000e+001
      vertex   -2.530272e+002 6.384468e+001 2.350000e+001
    endloop
  endfacet
  facet normal -6.180247e-002 -4.841948e-002 0.000000e+000
    outer loop
      vertex   -2.530272e+002 6.384468e+001 2.350000e+001
      vertex   -2.529155e+002 6.370210e+001 2.580000e+001
      vertex   -2.530272e+002 6.384468e+001 2.580000e+001
    endloop
  endfacet
  facet normal -7.071068e-001 -7.071068e-001 0.000000e+000
    outer loop
      vertex   -2.530272e+002 6.384468e+001 2.350000e+001
      vertex   -2.530272e+002 6.384468e+001 2.580000e+001
      vertex   -2.531553e+002 6.397277e+001 2.350000e+001
    endloop
  endfacet
  facet normal -5.551607e-002 -5.551607e-002 0.000000e+000
    outer loop
      vertex   -2.531553e+002 6.397277e+001 2.350000e+001
      vertex   -2.530272e+002 6.384468e+001 2.580000e+001
      vertex   -2.531553e+002 6.397277e+001 2.580000e+001
    endloop
  endfacet
  facet normal -6.167290e-001 -7.871756e-001 0.000000e+000
    outer loop
      vertex   -2.531553e+002 6.397277e+001 2.350000e+001
      vertex   -2.531553e+002 6.397277e+001 2.580000e+001
      vertex   -2.532979e+002 6.408447e+001 2.350000e+001
    endloop
  endfacet
  facet normal -4.841784e-002 -6.179918e-002 0.000000e+000
    outer loop
      vertex   -2.532979e+002 6.408447e+001 2.350000e+001
      vertex   -2.531553e+002 6.397277e+001 2.580000e+001
      vertex   -2.532979e+002 6.408447e+001 2.580000e+001
    endloop
  endfacet
  facet normal -5.173483e-001 -8.557749e-001 0.000000e+000
    outer loop
      vertex   -2.532979e+002 6.408447e+001 2.350000e+001
      vertex   -2.532979e+002 6.408447e+001 2.580000e+001
      vertex   -2.534529e+002 6.417818e+001 2.350000e+001
    endloop
  endfacet
  facet normal -4.061852e-002 -6.718938e-002 0.000000e+000
    outer loop
      vertex   -2.534529e+002 6.417818e+001 2.350000e+001
      vertex   -2.532979e+002 6.408447e+001 2.580000e+001
      vertex   -2.534529e+002 6.417818e+001 2.580000e+001
    endloop
  endfacet
  facet normal -4.104172e-001 -9.118978e-001 0.000000e+000
    outer loop
      vertex   -2.534529e+002 6.417818e+001 2.350000e+001
      vertex   -2.534529e+002 6.417818e+001 2.580000e+001
      vertex   -2.536181e+002 6.425253e+001 2.350000e+001
    endloop
  endfacet
  facet normal -3.222233e-002 -7.159417e-002 0.000000e+000
    outer loop
      vertex   -2.536181e+002 6.425253e+001 2.350000e+001
      vertex   -2.534529e+002 6.417818e+001 2.580000e+001
      vertex   -2.536181e+002 6.425253e+001 2.580000e+001
    endloop
  endfacet
  facet normal -2.974787e-001 -9.547285e-001 0.000000e+000
    outer loop
      vertex   -2.536181e+002 6.425253e+001 2.350000e+001
      vertex   -2.536181e+002 6.425253e+001 2.580000e+001
      vertex   -2.537910e+002 6.430641e+001 2.350000e+001
    endloop
  endfacet
  facet normal -2.335656e-002 -7.496056e-002 0.000000e+000
    outer loop
      vertex   -2.537910e+002 6.430641e+001 2.350000e+001
      vertex   -2.536181e+002 6.425253e+001 2.580000e+001
      vertex   -2.537910e+002 6.430641e+001 2.580000e+001
    endloop
  endfacet
  facet normal -1.802790e-001 -9.836155e-001 0.000000e+000
    outer loop
      vertex   -2.537910e+002 6.430641e+001 2.350000e+001
      vertex   -2.537910e+002 6.430641e+001 2.580000e+001
      vertex   -2.539692e+002 6.433907e+001 2.350000e+001
    endloop
  endfacet
  facet normal -1.415349e-002 -7.722251e-002 0.000000e+000
    outer loop
      vertex   -2.539692e+002 6.433907e+001 2.350000e+001
      vertex   -2.537910e+002 6.430641e+001 2.580000e+001
      vertex   -2.539692e+002 6.433907e+001 2.580000e+001
    endloop
  endfacet
  facet normal 6.035391e-002 -9.981771e-001 0.000000e+000
    outer loop
      vertex   -2.543308e+002 6.433907e+001 2.770000e+001
      vertex   -2.543308e+002 6.433907e+001 2.580000e+001
      vertex   -2.541500e+002 6.435000e+001 2.770000e+001
    endloop
  endfacet
  facet normal 5.728190e-003 -9.473699e-002 0.000000e+000
    outer loop
      vertex   -2.541500e+002 6.435000e+001 2.770000e+001
      vertex   -2.543308e+002 6.433907e+001 2.580000e+001
      vertex   -2.541500e+002 6.435000e+001 2.580000e+001
    endloop
  endfacet
  facet normal -6.035899e-002 -9.981768e-001 -0.000000e+000
    outer loop
      vertex   -2.541500e+002 6.435000e+001 2.770000e+001
      vertex   -2.541500e+002 6.435000e+001 2.580000e+001
      vertex   -2.539692e+002 6.433907e+001 2.770000e+001
    endloop
  endfacet
  facet normal -5.728194e-003 -9.472907e-002 -0.000000e+000
    outer loop
      vertex   -2.539692e+002 6.433907e+001 2.770000e+001
      vertex   -2.541500e+002 6.435000e+001 2.580000e+001
      vertex   -2.539692e+002 6.433907e+001 2.580000e+001
    endloop
  endfacet
  facet normal -1.802790e-001 -9.836155e-001 -0.000000e+000
    outer loop
      vertex   -2.539692e+002 6.433907e+001 2.770000e+001
      vertex   -2.539692e+002 6.433907e+001 2.580000e+001
      vertex   -2.537910e+002 6.430641e+001 2.770000e+001
    endloop
  endfacet
  facet normal -1.710864e-002 -9.334599e-002 -0.000000e+000
    outer loop
      vertex   -2.537910e+002 6.430641e+001 2.770000e+001
      vertex   -2.539692e+002 6.433907e+001 2.580000e+001
      vertex   -2.537910e+002 6.430641e+001 2.580000e+001
    endloop
  endfacet
  facet normal -2.974787e-001 -9.547285e-001 -0.000000e+000
    outer loop
      vertex   -2.537910e+002 6.430641e+001 2.770000e+001
      vertex   -2.537910e+002 6.430641e+001 2.580000e+001
      vertex   -2.536181e+002 6.425253e+001 2.770000e+001
    endloop
  endfacet
  facet normal -2.823322e-002 -9.061174e-002 -0.000000e+000
    outer loop
      vertex   -2.536181e+002 6.425253e+001 2.770000e+001
      vertex   -2.537910e+002 6.430641e+001 2.580000e+001
      vertex   -2.536181e+002 6.425253e+001 2.580000e+001
    endloop
  endfacet
  facet normal -4.104172e-001 -9.118978e-001 -0.000000e+000
    outer loop
      vertex   -2.536181e+002 6.425253e+001 2.770000e+001
      vertex   -2.536181e+002 6.425253e+001 2.580000e+001
      vertex   -2.534529e+002 6.417818e+001 2.770000e+001
    endloop
  endfacet
  facet normal -3.895012e-002 -8.654249e-002 -0.000000e+000
    outer loop
      vertex   -2.534529e+002 6.417818e+001 2.770000e+001
      vertex   -2.536181e+002 6.425253e+001 2.580000e+001
      vertex   -2.534529e+002 6.417818e+001 2.580000e+001
    endloop
  endfacet
  facet normal -5.173483e-001 -8.557749e-001 -0.000000e+000
    outer loop
      vertex   -2.534529e+002 6.417818e+001 2.770000e+001
      vertex   -2.534529e+002 6.417818e+001 2.580000e+001
      vertex   -2.532979e+002 6.408447e+001 2.770000e+001
    endloop
  endfacet
  facet normal -4.909936e-002 -8.121801e-002 -0.000000e+000
    outer loop
      vertex   -2.532979e+002 6.408447e+001 2.770000e+001
      vertex   -2.534529e+002 6.417818e+001 2.580000e+001
      vertex   -2.532979e+002 6.408447e+001 2.580000e+001
    endloop
  endfacet
  facet normal -6.167290e-001 -7.871756e-001 -0.000000e+000
    outer loop
      vertex   -2.532979e+002 6.408447e+001 2.770000e+001
      vertex   -2.532979e+002 6.408447e+001 2.580000e+001
      vertex   -2.531553e+002 6.397277e+001 2.770000e+001
    endloop
  endfacet
  facet normal -5.852713e-002 -7.470239e-002 -0.000000e+000
    outer loop
      vertex   -2.531553e+002 6.397277e+001 2.770000e+001
      vertex   -2.532979e+002 6.408447e+001 2.580000e+001
      vertex   -2.531553e+002 6.397277e+001 2.580000e+001
    endloop
  endfacet
  facet normal -7.071068e-001 -7.071068e-001 -0.000000e+000
    outer loop
      vertex   -2.531553e+002 6.397277e+001 2.770000e+001
      vertex   -2.531553e+002 6.397277e+001 2.580000e+001
      vertex   -2.530272e+002 6.384468e+001 2.770000e+001
    endloop
  endfacet
  facet normal -6.710740e-002 -6.710740e-002 -0.000000e+000
    outer loop
      vertex   -2.530272e+002 6.384468e+001 2.770000e+001
      vertex   -2.531553e+002 6.397277e+001 2.580000e+001
      vertex   -2.530272e+002 6.384468e+001 2.580000e+001
    endloop
  endfacet
  facet normal -7.871814e-001 -6.167216e-001 -0.000000e+000
    outer loop
      vertex   -2.530272e+002 6.384468e+001 2.770000e+001
      vertex   -2.530272e+002 6.384468e+001 2.580000e+001
      vertex   -2.529155e+002 6.370210e+001 2.770000e+001
    endloop
  endfacet
  facet normal -7.470635e-002 -5.852911e-002 -0.000000e+000
    outer loop
      vertex   -2.529155e+002 6.370210e+001 2.770000e+001
      vertex   -2.530272e+002 6.384468e+001 2.580000e+001
      vertex   -2.529155e+002 6.370210e+001 2.580000e+001
    endloop
  endfacet
  facet normal -8.557935e-001 -5.173175e-001 -0.000000e+000
    outer loop
      vertex   -2.529155e+002 6.370210e+001 2.770000e+001
      vertex   -2.529155e+002 6.370210e+001 2.580000e+001
      vertex   -2.528218e+002 6.354708e+001 2.770000e+001
    endloop
  endfacet
  facet normal -8.121803e-002 -4.909537e-002 -0.000000e+000
    outer loop
      vertex   -2.528218e+002 6.354708e+001 2.770000e+001
      vertex   -2.529155e+002 6.370210e+001 2.580000e+001
      vertex   -2.528218e+002 6.354708e+001 2.580000e+001
    endloop
  endfacet
  facet normal -9.118978e-001 -4.104172e-001 -0.000000e+000
    outer loop
      vertex   -2.528218e+002 6.354708e+001 2.770000e+001
      vertex   -2.528218e+002 6.354708e+001 2.580000e+001
      vertex   -2.527475e+002 6.338191e+001 2.770000e+001
    endloop
  endfacet
  facet normal -8.654249e-002 -3.895012e-002 -0.000000e+000
    outer loop
      vertex   -2.527475e+002 6.338191e+001 2.770000e+001
      vertex   -2.528218e+002 6.354708e+001 2.580000e+001
      vertex   -2.527475e+002 6.338191e+001 2.580000e+001
    endloop
  endfacet
  facet normal -9.547127e-001 -2.975290e-001 -0.000000e+000
    outer loop
      vertex   -2.527475e+002 6.338191e+001 2.770000e+001
      vertex   -2.527475e+002 6.338191e+001 2.580000e+001
      vertex   -2.526936e+002 6.320897e+001 2.770000e+001
    endloop
  endfacet
  facet normal -9.060777e-002 -2.823723e-002 -0.000000e+000
    outer loop
      vertex   -2.526936e+002 6.320897e+001 2.770000e+001
      vertex   -2.527475e+002 6.338191e+001 2.580000e+001
      vertex   -2.526936e+002 6.320897e+001 2.580000e+001
    endloop
  endfacet
  facet normal -9.836169e-001 -1.802715e-001 -0.000000e+000
    outer loop
      vertex   -2.526936e+002 6.320897e+001 2.770000e+001
      vertex   -2.526936e+002 6.320897e+001 2.580000e+001
      vertex   -2.526609e+002 6.303080e+001 2.770000e+001
    endloop
  endfacet
  facet normal -9.334996e-002 -1.710863e-002 -0.000000e+000
    outer loop
      vertex   -2.526609e+002 6.303080e+001 2.770000e+001
      vertex   -2.526936e+002 6.320897e+001 2.580000e+001
      vertex   -2.526609e+002 6.303080e+001 2.580000e+001
    endloop
  endfacet
  facet normal -9.981743e-001 -6.039969e-002 -0.000000e+000
    outer loop
      vertex   -2.526609e+002 6.303080e+001 2.770000e+001
      vertex   -2.526609e+002 6.303080e+001 2.580000e+001
      vertex   -2.526500e+002 6.285000e+001 2.770000e+001
    endloop
  endfacet
  facet normal -9.473104e-002 -5.732190e-003 -0.000000e+000
    outer loop
      vertex   -2.526500e+002 6.285000e+001 2.770000e+001
      vertex   -2.526609e+002 6.303080e+001 2.580000e+001
      vertex   -2.526500e+002 6.285000e+001 2.580000e+001
    endloop
  endfacet
  facet normal -9.981743e-001 6.039969e-002 0.000000e+000
    outer loop
      vertex   -2.526500e+002 6.285000e+001 2.770000e+001
      vertex   -2.526500e+002 6.285000e+001 2.580000e+001
      vertex   -2.526609e+002 6.266919e+001 2.770000e+001
    endloop
  endfacet
  facet normal -9.473104e-002 5.732190e-003 0.000000e+000
    outer loop
      vertex   -2.526609e+002 6.266919e+001 2.770000e+001
      vertex   -2.526500e+002 6.285000e+001 2.580000e+001
      vertex   -2.526609e+002 6.266919e+001 2.580000e+001
    endloop
  endfacet
  facet normal -9.836162e-001 1.802752e-001 0.000000e+000
    outer loop
      vertex   -2.526609e+002 6.266919e+001 2.770000e+001
      vertex   -2.526609e+002 6.266919e+001 2.580000e+001
      vertex   -2.526936e+002 6.249103e+001 2.770000e+001
    endloop
  endfacet
  facet normal -9.334797e-002 1.710863e-002 0.000000e+000
    outer loop
      vertex   -2.526936e+002 6.249103e+001 2.770000e+001
      vertex   -2.526609e+002 6.266919e+001 2.580000e+001
      vertex   -2.526936e+002 6.249103e+001 2.580000e+001
    endloop
  endfacet
  facet normal -9.547127e-001 2.975290e-001 0.000000e+000
    outer loop
      vertex   -2.526936e+002 6.249103e+001 2.770000e+001
      vertex   -2.526936e+002 6.249103e+001 2.580000e+001
      vertex   -2.527475e+002 6.231809e+001 2.770000e+001
    endloop
  endfacet
  facet normal -9.060777e-002 2.823723e-002 0.000000e+000
    outer loop
      vertex   -2.527475e+002 6.231809e+001 2.770000e+001
      vertex   -2.526936e+002 6.249103e+001 2.580000e+001
      vertex   -2.527475e+002 6.231809e+001 2.580000e+001
    endloop
  endfacet
  facet normal -9.118978e-001 4.104172e-001 0.000000e+000
    outer loop
      vertex   -2.527475e+002 6.231809e+001 2.770000e+001
      vertex   -2.527475e+002 6.231809e+001 2.580000e+001
      vertex   -2.528218e+002 6.215292e+001 2.770000e+001
    endloop
  endfacet
  facet normal -8.654249e-002 3.895012e-002 0.000000e+000
    outer loop
      vertex   -2.528218e+002 6.215292e+001 2.770000e+001
      vertex   -2.527475e+002 6.231809e+001 2.580000e+001
      vertex   -2.528218e+002 6.215292e+001 2.580000e+001
    endloop
  endfacet
  facet normal -8.557935e-001 5.173175e-001 0.000000e+000
    outer loop
      vertex   -2.528218e+002 6.215292e+001 2.770000e+001
      vertex   -2.528218e+002 6.215292e+001 2.580000e+001
      vertex   -2.529155e+002 6.199790e+001 2.770000e+001
    endloop
  endfacet
  facet normal -8.121803e-002 4.909537e-002 0.000000e+000
    outer loop
      vertex   -2.529155e+002 6.199790e+001 2.770000e+001
      vertex   -2.528218e+002 6.215292e+001 2.580000e+001
      vertex   -2.529155e+002 6.199790e+001 2.580000e+001
    endloop
  endfacet
  facet normal -7.871814e-001 6.167216e-001 0.000000e+000
    outer loop
      vertex   -2.529155e+002 6.199790e+001 2.770000e+001
      vertex   -2.529155e+002 6.199790e+001 2.580000e+001
      vertex   -2.530272e+002 6.185532e+001 2.770000e+001
    endloop
  endfacet
  facet normal -7.470635e-002 5.852911e-002 0.000000e+000
    outer loop
      vertex   -2.530272e+002 6.185532e+001 2.770000e+001
      vertex   -2.529155e+002 6.199790e+001 2.580000e+001
      vertex   -2.530272e+002 6.185532e+001 2.580000e+001
    endloop
  endfacet
  facet normal -7.071068e-001 7.071068e-001 0.000000e+000
    outer loop
      vertex   -2.530272e+002 6.185532e+001 2.770000e+001
      vertex   -2.530272e+002 6.185532e+001 2.580000e+001
      vertex   -2.531553e+002 6.172723e+001 2.770000e+001
    endloop
  endfacet
  facet normal -6.710740e-002 6.710740e-002 0.000000e+000
    outer loop
      vertex   -2.531553e+002 6.172723e+001 2.770000e+001
      vertex   -2.530272e+002 6.185532e+001 2.580000e+001
      vertex   -2.531553e+002 6.172723e+001 2.580000e+001
    endloop
  endfacet
  facet normal -6.167420e-001 7.871653e-001 0.000000e+000
    outer loop
      vertex   -2.531553e+002 6.172723e+001 2.770000e+001
      vertex   -2.531553e+002 6.172723e+001 2.580000e+001
      vertex   -2.532979e+002 6.161552e+001 2.770000e+001
    endloop
  endfacet
  facet normal -5.852912e-002 7.470238e-002 0.000000e+000
    outer loop
      vertex   -2.532979e+002 6.161552e+001 2.770000e+001
      vertex   -2.531553e+002 6.172723e+001 2.580000e+001
      vertex   -2.532979e+002 6.161552e+001 2.580000e+001
    endloop
  endfacet
  facet normal -5.173329e-001 8.557842e-001 0.000000e+000
    outer loop
      vertex   -2.532979e+002 6.161552e+001 2.770000e+001
      vertex   -2.532979e+002 6.161552e+001 2.580000e+001
      vertex   -2.534529e+002 6.152182e+001 2.770000e+001
    endloop
  endfacet
  facet normal -4.909737e-002 8.121802e-002 0.000000e+000
    outer loop
      vertex   -2.534529e+002 6.152182e+001 2.770000e+001
      vertex   -2.532979e+002 6.161552e+001 2.580000e+001
      vertex   -2.534529e+002 6.152182e+001 2.580000e+001
    endloop
  endfacet
  facet normal -4.104172e-001 9.118978e-001 0.000000e+000
    outer loop
      vertex   -2.534529e+002 6.152182e+001 2.770000e+001
      vertex   -2.534529e+002 6.152182e+001 2.580000e+001
      vertex   -2.536181e+002 6.144748e+001 2.770000e+001
    endloop
  endfacet
  facet normal -3.895012e-002 8.654249e-002 0.000000e+000
    outer loop
      vertex   -2.536181e+002 6.144748e+001 2.770000e+001
      vertex   -2.534529e+002 6.152182e+001 2.580000e+001
      vertex   -2.536181e+002 6.144748e+001 2.580000e+001
    endloop
  endfacet
  facet normal -2.974787e-001 9.547285e-001 0.000000e+000
    outer loop
      vertex   -2.536181e+002 6.144748e+001 2.770000e+001
      vertex   -2.536181e+002 6.144748e+001 2.580000e+001
      vertex   -2.537910e+002 6.139359e+001 2.770000e+001
    endloop
  endfacet
  facet normal -2.823322e-002 9.061174e-002 0.000000e+000
    outer loop
      vertex   -2.537910e+002 6.139359e+001 2.770000e+001
      vertex   -2.536181e+002 6.144748e+001 2.580000e+001
      vertex   -2.537910e+002 6.139359e+001 2.580000e+001
    endloop
  endfacet
  facet normal -1.802790e-001 9.836155e-001 0.000000e+000
    outer loop
      vertex   -2.537910e+002 6.139359e+001 2.770000e+001
      vertex   -2.537910e+002 6.139359e+001 2.580000e+001
      vertex   -2.539692e+002 6.136094e+001 2.770000e+001
    endloop
  endfacet
  facet normal -1.710864e-002 9.334599e-002 0.000000e+000
    outer loop
      vertex   -2.539692e+002 6.136094e+001 2.770000e+001
      vertex   -2.537910e+002 6.139359e+001 2.580000e+001
      vertex   -2.539692e+002 6.136094e+001 2.580000e+001
    endloop
  endfacet
  facet normal -6.037997e-002 9.981754e-001 0.000000e+000
    outer loop
      vertex   -2.539692e+002 6.136094e+001 2.770000e+001
      vertex   -2.539692e+002 6.136094e+001 2.580000e+001
      vertex   -2.541500e+002 6.135000e+001 2.770000e+001
    endloop
  endfacet
  facet normal -5.730193e-003 9.472906e-002 0.000000e+000
    outer loop
      vertex   -2.541500e+002 6.135000e+001 2.770000e+001
      vertex   -2.539692e+002 6.136094e+001 2.580000e+001
      vertex   -2.541500e+002 6.135000e+001 2.580000e+001
    endloop
  endfacet
  facet normal 6.037489e-002 9.981758e-001 0.000000e+000
    outer loop
      vertex   -2.541500e+002 6.135000e+001 2.770000e+001
      vertex   -2.541500e+002 6.135000e+001 2.580000e+001
      vertex   -2.543308e+002 6.136094e+001 2.770000e+001
    endloop
  endfacet
  facet normal 5.730188e-003 9.473699e-002 0.000000e+000
    outer loop
      vertex   -2.543308e+002 6.136094e+001 2.770000e+001
      vertex   -2.541500e+002 6.135000e+001 2.580000e+001
      vertex   -2.543308e+002 6.136094e+001 2.580000e+001
    endloop
  endfacet
  facet normal 1.802790e-001 9.836155e-001 0.000000e+000
    outer loop
      vertex   -2.543308e+002 6.136094e+001 2.770000e+001
      vertex   -2.543308e+002 6.136094e+001 2.580000e+001
      vertex   -2.545090e+002 6.139359e+001 2.770000e+001
    endloop
  endfacet
  facet normal 1.710864e-002 9.334599e-002 0.000000e+000
    outer loop
      vertex   -2.545090e+002 6.139359e+001 2.770000e+001
      vertex   -2.543308e+002 6.136094e+001 2.580000e+001
      vertex   -2.545090e+002 6.139359e+001 2.580000e+001
    endloop
  endfacet
  facet normal 2.975026e-001 9.547210e-001 0.000000e+000
    outer loop
      vertex   -2.545090e+002 6.139359e+001 2.770000e+001
      vertex   -2.545090e+002 6.139359e+001 2.580000e+001
      vertex   -2.546819e+002 6.144748e+001 2.770000e+001
    endloop
  endfacet
  facet normal 2.823325e-002 9.060381e-002 0.000000e+000
    outer loop
      vertex   -2.546819e+002 6.144748e+001 2.770000e+001
      vertex   -2.545090e+002 6.139359e+001 2.580000e+001
      vertex   -2.546819e+002 6.144748e+001 2.580000e+001
    endloop
  endfacet
  facet normal 4.103857e-001 9.119120e-001 0.000000e+000
    outer loop
      vertex   -2.546819e+002 6.144748e+001 2.770000e+001
      vertex   -2.546819e+002 6.144748e+001 2.580000e+001
      vertex   -2.548471e+002 6.152182e+001 2.770000e+001
    endloop
  endfacet
  facet normal 3.895009e-002 8.655042e-002 0.000000e+000
    outer loop
      vertex   -2.548471e+002 6.152182e+001 2.770000e+001
      vertex   -2.546819e+002 6.144748e+001 2.580000e+001
      vertex   -2.548471e+002 6.152182e+001 2.580000e+001
    endloop
  endfacet
  facet normal 5.173702e-001 8.557617e-001 0.000000e+000
    outer loop
      vertex   -2.548471e+002 6.152182e+001 2.770000e+001
      vertex   -2.548471e+002 6.152182e+001 2.580000e+001
      vertex   -2.550021e+002 6.161552e+001 2.770000e+001
    endloop
  endfacet
  facet normal 4.909740e-002 8.121008e-002 0.000000e+000
    outer loop
      vertex   -2.550021e+002 6.161552e+001 2.770000e+001
      vertex   -2.548471e+002 6.152182e+001 2.580000e+001
      vertex   -2.550021e+002 6.161552e+001 2.580000e+001
    endloop
  endfacet
  facet normal 6.167011e-001 7.871974e-001 0.000000e+000
    outer loop
      vertex   -2.550021e+002 6.161552e+001 2.770000e+001
      vertex   -2.550021e+002 6.161552e+001 2.580000e+001
      vertex   -2.551447e+002 6.172723e+001 2.770000e+001
    endloop
  endfacet
  facet normal 5.852909e-002 7.471033e-002 0.000000e+000
    outer loop
      vertex   -2.551447e+002 6.172723e+001 2.770000e+001
      vertex   -2.550021e+002 6.161552e+001 2.580000e+001
      vertex   -2.551447e+002 6.172723e+001 2.580000e+001
    endloop
  endfacet
  facet normal 7.071068e-001 7.071068e-001 0.000000e+000
    outer loop
      vertex   -2.551447e+002 6.172723e+001 2.770000e+001
      vertex   -2.551447e+002 6.172723e+001 2.580000e+001
      vertex   -2.552728e+002 6.185532e+001 2.770000e+001
    endloop
  endfacet
  facet normal 6.710740e-002 6.710740e-002 0.000000e+000
    outer loop
      vertex   -2.552728e+002 6.185532e+001 2.770000e+001
      vertex   -2.551447e+002 6.172723e+001 2.580000e+001
      vertex   -2.552728e+002 6.185532e+001 2.580000e+001
    endloop
  endfacet
  facet normal 7.871814e-001 6.167216e-001 0.000000e+000
    outer loop
      vertex   -2.552728e+002 6.185532e+001 2.770000e+001
      vertex   -2.552728e+002 6.185532e+001 2.580000e+001
      vertex   -2.553845e+002 6.199790e+001 2.770000e+001
    endloop
  endfacet
  facet normal 7.470635e-002 5.852911e-002 0.000000e+000
    outer loop
      vertex   -2.553845e+002 6.199790e+001 2.770000e+001
      vertex   -2.552728e+002 6.185532e+001 2.580000e+001
      vertex   -2.553845e+002 6.199790e+001 2.580000e+001
    endloop
  endfacet
  facet normal 8.557935e-001 5.173175e-001 0.000000e+000
    outer loop
      vertex   -2.553845e+002 6.199790e+001 2.770000e+001
      vertex   -2.553845e+002 6.199790e+001 2.580000e+001
      vertex   -2.554782e+002 6.215292e+001 2.770000e+001
    endloop
  endfacet
  facet normal 8.121803e-002 4.909537e-002 0.000000e+000
    outer loop
      vertex   -2.554782e+002 6.215292e+001 2.770000e+001
      vertex   -2.553845e+002 6.199790e+001 2.580000e+001
      vertex   -2.554782e+002 6.215292e+001 2.580000e+001
    endloop
  endfacet
  facet normal 9.118978e-001 4.104172e-001 0.000000e+000
    outer loop
      vertex   -2.554782e+002 6.215292e+001 2.770000e+001
      vertex   -2.554782e+002 6.215292e+001 2.580000e+001
      vertex   -2.555525e+002 6.231809e+001 2.770000e+001
    endloop
  endfacet
  facet normal 8.654249e-002 3.895012e-002 0.000000e+000
    outer loop
      vertex   -2.555525e+002 6.231809e+001 2.770000e+001
      vertex   -2.554782e+002 6.215292e+001 2.580000e+001
      vertex   -2.555525e+002 6.231809e+001 2.580000e+001
    endloop
  endfacet
  facet normal 9.547127e-001 2.975290e-001 0.000000e+000
    outer loop
      vertex   -2.555525e+002 6.231809e+001 2.770000e+001
      vertex   -2.555525e+002 6.231809e+001 2.580000e+001
      vertex   -2.556064e+002 6.249103e+001 2.770000e+001
    endloop
  endfacet
  facet normal 9.060777e-002 2.823723e-002 0.000000e+000
    outer loop
      vertex   -2.556064e+002 6.249103e+001 2.770000e+001
      vertex   -2.555525e+002 6.231809e+001 2.580000e+001
      vertex   -2.556064e+002 6.249103e+001 2.580000e+001
    endloop
  endfacet
  facet normal 9.836162e-001 1.802752e-001 0.000000e+000
    outer loop
      vertex   -2.556064e+002 6.249103e+001 2.770000e+001
      vertex   -2.556064e+002 6.249103e+001 2.580000e+001
      vertex   -2.556391e+002 6.266919e+001 2.770000e+001
    endloop
  endfacet
  facet normal 9.334797e-002 1.710863e-002 0.000000e+000
    outer loop
      vertex   -2.556391e+002 6.266919e+001 2.770000e+001
      vertex   -2.556064e+002 6.249103e+001 2.580000e+001
      vertex   -2.556391e+002 6.266919e+001 2.580000e+001
    endloop
  endfacet
  facet normal 9.981794e-001 6.031575e-002 0.000000e+000
    outer loop
      vertex   -2.556391e+002 6.266919e+001 2.770000e+001
      vertex   -2.556391e+002 6.266919e+001 2.580000e+001
      vertex   -2.556500e+002 6.285000e+001 2.770000e+001
    endloop
  endfacet
  facet normal 9.473105e-002 5.724196e-003 0.000000e+000
    outer loop
      vertex   -2.556500e+002 6.285000e+001 2.770000e+001
      vertex   -2.556391e+002 6.266919e+001 2.580000e+001
      vertex   -2.556500e+002 6.285000e+001 2.580000e+001
    endloop
  endfacet
  facet normal 9.981794e-001 -6.031575e-002 0.000000e+000
    outer loop
      vertex   -2.556500e+002 6.285000e+001 2.770000e+001
      vertex   -2.556500e+002 6.285000e+001 2.580000e+001
      vertex   -2.556391e+002 6.303080e+001 2.770000e+001
    endloop
  endfacet
  facet normal 9.473105e-002 -5.724196e-003 0.000000e+000
    outer loop
      vertex   -2.556391e+002 6.303080e+001 2.770000e+001
      vertex   -2.556500e+002 6.285000e+001 2.580000e+001
      vertex   -2.556391e+002 6.303080e+001 2.580000e+001
    endloop
  endfacet
  facet normal 9.836169e-001 -1.802715e-001 0.000000e+000
    outer loop
      vertex   -2.556391e+002 6.303080e+001 2.770000e+001
      vertex   -2.556391e+002 6.303080e+001 2.580000e+001
      vertex   -2.556064e+002 6.320897e+001 2.770000e+001
    endloop
  endfacet
  facet normal 9.334996e-002 -1.710863e-002 0.000000e+000
    outer loop
      vertex   -2.556064e+002 6.320897e+001 2.770000e+001
      vertex   -2.556391e+002 6.303080e+001 2.580000e+001
      vertex   -2.556064e+002 6.320897e+001 2.580000e+001
    endloop
  endfacet
  facet normal 9.547127e-001 -2.975290e-001 0.000000e+000
    outer loop
      vertex   -2.556064e+002 6.320897e+001 2.770000e+001
      vertex   -2.556064e+002 6.320897e+001 2.580000e+001
      vertex   -2.555525e+002 6.338191e+001 2.770000e+001
    endloop
  endfacet
  facet normal 9.060777e-002 -2.823723e-002 0.000000e+000
    outer loop
      vertex   -2.555525e+002 6.338191e+001 2.770000e+001
      vertex   -2.556064e+002 6.320897e+001 2.580000e+001
      vertex   -2.555525e+002 6.338191e+001 2.580000e+001
    endloop
  endfacet
  facet normal 9.118978e-001 -4.104172e-001 0.000000e+000
    outer loop
      vertex   -2.555525e+002 6.338191e+001 2.770000e+001
      vertex   -2.555525e+002 6.338191e+001 2.580000e+001
      vertex   -2.554782e+002 6.354708e+001 2.770000e+001
    endloop
  endfacet
  facet normal 8.654249e-002 -3.895012e-002 0.000000e+000
    outer loop
      vertex   -2.554782e+002 6.354708e+001 2.770000e+001
      vertex   -2.555525e+002 6.338191e+001 2.580000e+001
      vertex   -2.554782e+002 6.354708e+001 2.580000e+001
    endloop
  endfacet
  facet normal 8.557935e-001 -5.173175e-001 0.000000e+000
    outer loop
      vertex   -2.554782e+002 6.354708e+001 2.770000e+001
      vertex   -2.554782e+002 6.354708e+001 2.580000e+001
      vertex   -2.553845e+002 6.370210e+001 2.770000e+001
    endloop
  endfacet
  facet normal 8.121803e-002 -4.909537e-002 0.000000e+000
    outer loop
      vertex   -2.553845e+002 6.370210e+001 2.770000e+001
      vertex   -2.554782e+002 6.354708e+001 2.580000e+001
      vertex   -2.553845e+002 6.370210e+001 2.580000e+001
    endloop
  endfacet
  facet normal 7.871814e-001 -6.167216e-001 0.000000e+000
    outer loop
      vertex   -2.553845e+002 6.370210e+001 2.770000e+001
      vertex   -2.553845e+002 6.370210e+001 2.580000e+001
      vertex   -2.552728e+002 6.384468e+001 2.770000e+001
    endloop
  endfacet
  facet normal 7.470635e-002 -5.852911e-002 0.000000e+000
    outer loop
      vertex   -2.552728e+002 6.384468e+001 2.770000e+001
      vertex   -2.553845e+002 6.370210e+001 2.580000e+001
      vertex   -2.552728e+002 6.384468e+001 2.580000e+001
    endloop
  endfacet
  facet normal 7.071068e-001 -7.071068e-001 0.000000e+000
    outer loop
      vertex   -2.552728e+002 6.384468e+001 2.770000e+001
      vertex   -2.552728e+002 6.384468e+001 2.580000e+001
      vertex   -2.551447e+002 6.397277e+001 2.770000e+001
    endloop
  endfacet
  facet normal 6.710740e-002 -6.710740e-002 0.000000e+000
    outer loop
      vertex   -2.551447e+002 6.397277e+001 2.770000e+001
      vertex   -2.552728e+002 6.384468e+001 2.580000e+001
      vertex   -2.551447e+002 6.397277e+001 2.580000e+001
    endloop
  endfacet
  facet normal 6.166881e-001 -7.872076e-001 0.000000e+000
    outer loop
      vertex   -2.551447e+002 6.397277e+001 2.770000e+001
      vertex   -2.551447e+002 6.397277e+001 2.580000e+001
      vertex   -2.550021e+002 6.408447e+001 2.770000e+001
    endloop
  endfacet
  facet normal 5.852710e-002 -7.471034e-002 0.000000e+000
    outer loop
      vertex   -2.550021e+002 6.408447e+001 2.770000e+001
      vertex   -2.551447e+002 6.397277e+001 2.580000e+001
      vertex   -2.550021e+002 6.408447e+001 2.580000e+001
    endloop
  endfacet
  facet normal 5.173856e-001 -8.557523e-001 0.000000e+000
    outer loop
      vertex   -2.550021e+002 6.408447e+001 2.770000e+001
      vertex   -2.550021e+002 6.408447e+001 2.580000e+001
      vertex   -2.548471e+002 6.417818e+001 2.770000e+001
    endloop
  endfacet
  facet normal 4.909939e-002 -8.121007e-002 0.000000e+000
    outer loop
      vertex   -2.548471e+002 6.417818e+001 2.770000e+001
      vertex   -2.550021e+002 6.408447e+001 2.580000e+001
      vertex   -2.548471e+002 6.417818e+001 2.580000e+001
    endloop
  endfacet
  facet normal 4.103857e-001 -9.119120e-001 0.000000e+000
    outer loop
      vertex   -2.548471e+002 6.417818e+001 2.770000e+001
      vertex   -2.548471e+002 6.417818e+001 2.580000e+001
      vertex   -2.546819e+002 6.425253e+001 2.770000e+001
    endloop
  endfacet
  facet normal 3.895009e-002 -8.655042e-002 0.000000e+000
    outer loop
      vertex   -2.546819e+002 6.425253e+001 2.770000e+001
      vertex   -2.548471e+002 6.417818e+001 2.580000e+001
      vertex   -2.546819e+002 6.425253e+001 2.580000e+001
    endloop
  endfacet
  facet normal 2.975026e-001 -9.547210e-001 0.000000e+000
    outer loop
      vertex   -2.546819e+002 6.425253e+001 2.770000e+001
      vertex   -2.546819e+002 6.425253e+001 2.580000e+001
      vertex   -2.545090e+002 6.430641e+001 2.770000e+001
    endloop
  endfacet
  facet normal 2.823325e-002 -9.060381e-002 0.000000e+000
    outer loop
      vertex   -2.545090e+002 6.430641e+001 2.770000e+001
      vertex   -2.546819e+002 6.425253e+001 2.580000e+001
      vertex   -2.545090e+002 6.430641e+001 2.580000e+001
    endloop
  endfacet
  facet normal 1.802790e-001 -9.836155e-001 0.000000e+000
    outer loop
      vertex   -2.545090e+002 6.430641e+001 2.770000e+001
      vertex   -2.545090e+002 6.430641e+001 2.580000e+001
      vertex   -2.543308e+002 6.433907e+001 2.770000e+001
    endloop
  endfacet
  facet normal 1.710864e-002 -9.334599e-002 0.000000e+000
    outer loop
      vertex   -2.543308e+002 6.433907e+001 2.770000e+001
      vertex   -2.545090e+002 6.430641e+001 2.580000e+001
      vertex   -2.543308e+002 6.433907e+001 2.580000e+001
    endloop
  endfacet
  facet normal 6.038505e-002 9.981751e-001 -0.000000e+000
    outer loop
      vertex   -2.820308e+002 6.136094e+001 2.350000e+001
      vertex   -2.820308e+002 6.136094e+001 2.655000e+001
      vertex   -2.818500e+002 6.135000e+001 2.350000e+001
    endloop
  endfacet
  facet normal 3.579511e-003 5.916992e-002 -0.000000e+000
    outer loop
      vertex   -2.818500e+002 6.135000e+001 2.350000e+001
      vertex   -2.820308e+002 6.136094e+001 2.655000e+001
      vertex   -2.818500e+002 6.135000e+001 2.655000e+001
    endloop
  endfacet
  facet normal -6.037489e-002 9.981758e-001 0.000000e+000
    outer loop
      vertex   -2.818500e+002 6.135000e+001 2.350000e+001
      vertex   -2.818500e+002 6.135000e+001 2.655000e+001
      vertex   -2.816692e+002 6.136094e+001 2.350000e+001
    endloop
  endfacet
  facet normal -3.579509e-003 5.917988e-002 0.000000e+000
    outer loop
      vertex   -2.816692e+002 6.136094e+001 2.350000e+001
      vertex   -2.818500e+002 6.135000e+001 2.655000e+001
      vertex   -2.816692e+002 6.136094e+001 2.655000e+001
    endloop
  endfacet
  facet normal -1.802790e-001 9.836155e-001 0.000000e+000
    outer loop
      vertex   -2.816692e+002 6.136094e+001 2.350000e+001
      vertex   -2.816692e+002 6.136094e+001 2.655000e+001
      vertex   -2.814910e+002 6.139359e+001 2.350000e+001
    endloop
  endfacet
  facet normal -1.068734e-002 5.831093e-002 0.000000e+000
    outer loop
      vertex   -2.814910e+002 6.139359e+001 2.350000e+001
      vertex   -2.816692e+002 6.136094e+001 2.655000e+001
      vertex   -2.814910e+002 6.139359e+001 2.655000e+001
    endloop
  endfacet
  facet normal -2.974787e-001 9.547285e-001 0.000000e+000
    outer loop
      vertex   -2.814910e+002 6.139359e+001 2.350000e+001
      vertex   -2.814910e+002 6.139359e+001 2.655000e+001
      vertex   -2.813181e+002 6.144748e+001 2.350000e+001
    endloop
  endfacet
  facet normal -1.763660e-002 5.660293e-002 0.000000e+000
    outer loop
      vertex   -2.813181e+002 6.144748e+001 2.350000e+001
      vertex   -2.814910e+002 6.139359e+001 2.655000e+001
      vertex   -2.813181e+002 6.144748e+001 2.655000e+001
    endloop
  endfacet
  facet normal -4.104488e-001 9.118837e-001 0.000000e+000
    outer loop
      vertex   -2.813181e+002 6.144748e+001 2.350000e+001
      vertex   -2.813181e+002 6.144748e+001 2.655000e+001
      vertex   -2.811529e+002 6.152182e+001 2.350000e+001
    endloop
  endfacet
  facet normal -2.433118e-002 5.405597e-002 0.000000e+000
    outer loop
      vertex   -2.811529e+002 6.152182e+001 2.350000e+001
      vertex   -2.813181e+002 6.144748e+001 2.655000e+001
      vertex   -2.811529e+002 6.152182e+001 2.655000e+001
    endloop
  endfacet
  facet normal -5.172956e-001 8.558068e-001 0.000000e+000
    outer loop
      vertex   -2.811529e+002 6.152182e+001 2.350000e+001
      vertex   -2.811529e+002 6.152182e+001 2.655000e+001
      vertex   -2.809979e+002 6.161552e+001 2.350000e+001
    endloop
  endfacet
  facet normal -3.066991e-002 5.073987e-002 0.000000e+000
    outer loop
      vertex   -2.809979e+002 6.161552e+001 2.350000e+001
      vertex   -2.811529e+002 6.152182e+001 2.655000e+001
      vertex   -2.809979e+002 6.161552e+001 2.655000e+001
    endloop
  endfacet
  facet normal -6.167420e-001 7.871653e-001 0.000000e+000
    outer loop
      vertex   -2.809979e+002 6.161552e+001 2.350000e+001
      vertex   -2.809979e+002 6.161552e+001 2.655000e+001
      vertex   -2.808553e+002 6.172723e+001 2.350000e+001
    endloop
  endfacet
  facet normal -3.656169e-002 4.666472e-002 0.000000e+000
    outer loop
      vertex   -2.808553e+002 6.172723e+001 2.350000e+001
      vertex   -2.809979e+002 6.161552e+001 2.655000e+001
      vertex   -2.808553e+002 6.172723e+001 2.655000e+001
    endloop
  endfacet
  facet normal -7.071068e-001 7.071068e-001 0.000000e+000
    outer loop
      vertex   -2.808553e+002 6.172723e+001 2.350000e+001
      vertex   -2.808553e+002 6.172723e+001 2.655000e+001
      vertex   -2.807272e+002 6.185532e+001 2.350000e+001
    endloop
  endfacet
  facet normal -4.192034e-002 4.192034e-002 0.000000e+000
    outer loop
      vertex   -2.807272e+002 6.185532e+001 2.350000e+001
      vertex   -2.808553e+002 6.172723e+001 2.655000e+001
      vertex   -2.807272e+002 6.185532e+001 2.655000e+001
    endloop
  endfacet
  facet normal -7.871405e-001 6.167738e-001 0.000000e+000
    outer loop
      vertex   -2.807272e+002 6.185532e+001 2.350000e+001
      vertex   -2.807272e+002 6.185532e+001 2.655000e+001
      vertex   -2.806155e+002 6.199790e+001 2.350000e+001
    endloop
  endfacet
  facet normal -4.666721e-002 3.656667e-002 0.000000e+000
    outer loop
      vertex   -2.806155e+002 6.199790e+001 2.350000e+001
      vertex   -2.807272e+002 6.185532e+001 2.655000e+001
      vertex   -2.806155e+002 6.199790e+001 2.655000e+001
    endloop
  endfacet
  facet normal -8.558308e-001 5.172558e-001 0.000000e+000
    outer loop
      vertex   -2.806155e+002 6.199790e+001 2.350000e+001
      vertex   -2.806155e+002 6.199790e+001 2.655000e+001
      vertex   -2.805218e+002 6.215292e+001 2.350000e+001
    endloop
  endfacet
  facet normal -5.073490e-002 3.066368e-002 0.000000e+000
    outer loop
      vertex   -2.805218e+002 6.215292e+001 2.350000e+001
      vertex   -2.806155e+002 6.199790e+001 2.655000e+001
      vertex   -2.805218e+002 6.215292e+001 2.655000e+001
    endloop
  endfacet
  facet normal -9.118978e-001 4.104172e-001 0.000000e+000
    outer loop
      vertex   -2.805218e+002 6.215292e+001 2.350000e+001
      vertex   -2.805218e+002 6.215292e+001 2.655000e+001
      vertex   -2.804475e+002 6.231809e+001 2.350000e+001
    endloop
  endfacet
  facet normal -5.406095e-002 2.433117e-002 0.000000e+000
    outer loop
      vertex   -2.804475e+002 6.231809e+001 2.350000e+001
      vertex   -2.805218e+002 6.215292e+001 2.655000e+001
      vertex   -2.804475e+002 6.231809e+001 2.655000e+001
    endloop
  endfacet
  facet normal -9.547127e-001 2.975290e-001 0.000000e+000
    outer loop
      vertex   -2.804475e+002 6.231809e+001 2.350000e+001
      vertex   -2.804475e+002 6.231809e+001 2.655000e+001
      vertex   -2.803936e+002 6.249103e+001 2.350000e+001
    endloop
  endfacet
  facet normal -5.660044e-002 1.763910e-002 0.000000e+000
    outer loop
      vertex   -2.803936e+002 6.249103e+001 2.350000e+001
      vertex   -2.804475e+002 6.231809e+001 2.655000e+001
      vertex   -2.803936e+002 6.249103e+001 2.655000e+001
    endloop
  endfacet
  facet normal -9.836162e-001 1.802752e-001 0.000000e+000
    outer loop
      vertex   -2.803936e+002 6.249103e+001 2.350000e+001
      vertex   -2.803936e+002 6.249103e+001 2.655000e+001
      vertex   -2.803609e+002 6.266919e+001 2.350000e+001
    endloop
  endfacet
  facet normal -5.831217e-002 1.068734e-002 0.000000e+000
    outer loop
      vertex   -2.803609e+002 6.266919e+001 2.350000e+001
      vertex   -2.803936e+002 6.249103e+001 2.655000e+001
      vertex   -2.803609e+002 6.266919e+001 2.655000e+001
    endloop
  endfacet
  facet normal -9.981794e-001 6.031575e-002 0.000000e+000
    outer loop
      vertex   -2.803609e+002 6.266919e+001 2.350000e+001
      vertex   -2.803609e+002 6.266919e+001 2.655000e+001
      vertex   -2.803500e+002 6.285000e+001 2.350000e+001
    endloop
  endfacet
  facet normal -5.917614e-002 3.575764e-003 0.000000e+000
    outer loop
      vertex   -2.803500e+002 6.285000e+001 2.350000e+001
      vertex   -2.803609e+002 6.266919e+001 2.655000e+001
      vertex   -2.803500e+002 6.285000e+001 2.655000e+001
    endloop
  endfacet
  facet normal -9.981794e-001 -6.031575e-002 0.000000e+000
    outer loop
      vertex   -2.803500e+002 6.285000e+001 2.350000e+001
      vertex   -2.803500e+002 6.285000e+001 2.655000e+001
      vertex   -2.803609e+002 6.303080e+001 2.350000e+001
    endloop
  endfacet
  facet normal -5.917614e-002 -3.575764e-003 0.000000e+000
    outer loop
      vertex   -2.803609e+002 6.303080e+001 2.350000e+001
      vertex   -2.803500e+002 6.285000e+001 2.655000e+001
      vertex   -2.803609e+002 6.303080e+001 2.655000e+001
    endloop
  endfacet
  facet normal -9.836169e-001 -1.802715e-001 0.000000e+000
    outer loop
      vertex   -2.803609e+002 6.303080e+001 2.350000e+001
      vertex   -2.803609e+002 6.303080e+001 2.655000e+001
      vertex   -2.803936e+002 6.320897e+001 2.350000e+001
    endloop
  endfacet
  facet normal -5.831341e-002 -1.068734e-002 0.000000e+000
    outer loop
      vertex   -2.803936e+002 6.320897e+001 2.350000e+001
      vertex   -2.803609e+002 6.303080e+001 2.655000e+001
      vertex   -2.803936e+002 6.320897e+001 2.655000e+001
    endloop
  endfacet
  facet normal -9.547127e-001 -2.975290e-001 0.000000e+000
    outer loop
      vertex   -2.803936e+002 6.320897e+001 2.350000e+001
      vertex   -2.803936e+002 6.320897e+001 2.655000e+001
      vertex   -2.804475e+002 6.338191e+001 2.350000e+001
    endloop
  endfacet
  facet normal -5.660044e-002 -1.763910e-002 0.000000e+000
    outer loop
      vertex   -2.804475e+002 6.338191e+001 2.350000e+001
      vertex   -2.803936e+002 6.320897e+001 2.655000e+001
      vertex   -2.804475e+002 6.338191e+001 2.655000e+001
    endloop
  endfacet
  facet normal -9.118978e-001 -4.104172e-001 0.000000e+000
    outer loop
      vertex   -2.804475e+002 6.338191e+001 2.350000e+001
      vertex   -2.804475e+002 6.338191e+001 2.655000e+001
      vertex   -2.805218e+002 6.354708e+001 2.350000e+001
    endloop
  endfacet
  facet normal -5.406095e-002 -2.433117e-002 0.000000e+000
    outer loop
      vertex   -2.805218e+002 6.354708e+001 2.350000e+001
      vertex   -2.804475e+002 6.338191e+001 2.655000e+001
      vertex   -2.805218e+002 6.354708e+001 2.655000e+001
    endloop
  endfacet
  facet normal -8.558308e-001 -5.172558e-001 0.000000e+000
    outer loop
      vertex   -2.805218e+002 6.354708e+001 2.350000e+001
      vertex   -2.805218e+002 6.354708e+001 2.655000e+001
      vertex   -2.806155e+002 6.370210e+001 2.350000e+001
    endloop
  endfacet
  facet normal -5.073490e-002 -3.066368e-002 0.000000e+000
    outer loop
      vertex   -2.806155e+002 6.370210e+001 2.350000e+001
      vertex   -2.805218e+002 6.354708e+001 2.655000e+001
      vertex   -2.806155e+002 6.370210e+001 2.655000e+001
    endloop
  endfacet
  facet normal -7.871405e-001 -6.167738e-001 0.000000e+000
    outer loop
      vertex   -2.806155e+002 6.370210e+001 2.350000e+001
      vertex   -2.806155e+002 6.370210e+001 2.655000e+001
      vertex   -2.807272e+002 6.384468e+001 2.350000e+001
    endloop
  endfacet
  facet normal -4.666721e-002 -3.656667e-002 0.000000e+000
    outer loop
      vertex   -2.807272e+002 6.384468e+001 2.350000e+001
      vertex   -2.806155e+002 6.370210e+001 2.655000e+001
      vertex   -2.807272e+002 6.384468e+001 2.655000e+001
    endloop
  endfacet
  facet normal -7.071068e-001 -7.071068e-001 0.000000e+000
    outer loop
      vertex   -2.807272e+002 6.384468e+001 2.350000e+001
      vertex   -2.807272e+002 6.384468e+001 2.655000e+001
      vertex   -2.808553e+002 6.397277e+001 2.350000e+001
    endloop
  endfacet
  facet normal -4.192034e-002 -4.192034e-002 0.000000e+000
    outer loop
      vertex   -2.808553e+002 6.397277e+001 2.350000e+001
      vertex   -2.807272e+002 6.384468e+001 2.655000e+001
      vertex   -2.808553e+002 6.397277e+001 2.655000e+001
    endloop
  endfacet
  facet normal -6.167290e-001 -7.871756e-001 0.000000e+000
    outer loop
      vertex   -2.808553e+002 6.397277e+001 2.350000e+001
      vertex   -2.808553e+002 6.397277e+001 2.655000e+001
      vertex   -2.809979e+002 6.408447e+001 2.350000e+001
    endloop
  endfacet
  facet normal -3.656044e-002 -4.666473e-002 0.000000e+000
    outer loop
      vertex   -2.809979e+002 6.408447e+001 2.350000e+001
      vertex   -2.808553e+002 6.397277e+001 2.655000e+001
      vertex   -2.809979e+002 6.408447e+001 2.655000e+001
    endloop
  endfacet
  facet normal -5.173110e-001 -8.557975e-001 0.000000e+000
    outer loop
      vertex   -2.809979e+002 6.408447e+001 2.350000e+001
      vertex   -2.809979e+002 6.408447e+001 2.655000e+001
      vertex   -2.811529e+002 6.417818e+001 2.350000e+001
    endloop
  endfacet
  facet normal -3.067116e-002 -5.073987e-002 0.000000e+000
    outer loop
      vertex   -2.811529e+002 6.417818e+001 2.350000e+001
      vertex   -2.809979e+002 6.408447e+001 2.655000e+001
      vertex   -2.811529e+002 6.417818e+001 2.655000e+001
    endloop
  endfacet
  facet normal -4.104488e-001 -9.118837e-001 0.000000e+000
    outer loop
      vertex   -2.811529e+002 6.417818e+001 2.350000e+001
      vertex   -2.811529e+002 6.417818e+001 2.655000e+001
      vertex   -2.813181e+002 6.425253e+001 2.350000e+001
    endloop
  endfacet
  facet normal -2.433118e-002 -5.405597e-002 0.000000e+000
    outer loop
      vertex   -2.813181e+002 6.425253e+001 2.350000e+001
      vertex   -2.811529e+002 6.417818e+001 2.655000e+001
      vertex   -2.813181e+002 6.425253e+001 2.655000e+001
    endloop
  endfacet
  facet normal -2.974787e-001 -9.547285e-001 0.000000e+000
    outer loop
      vertex   -2.813181e+002 6.425253e+001 2.350000e+001
      vertex   -2.813181e+002 6.425253e+001 2.655000e+001
      vertex   -2.814910e+002 6.430641e+001 2.350000e+001
    endloop
  endfacet
  facet normal -1.763660e-002 -5.660293e-002 0.000000e+000
    outer loop
      vertex   -2.814910e+002 6.430641e+001 2.350000e+001
      vertex   -2.813181e+002 6.425253e+001 2.655000e+001
      vertex   -2.814910e+002 6.430641e+001 2.655000e+001
    endloop
  endfacet
  facet normal -1.802790e-001 -9.836155e-001 0.000000e+000
    outer loop
      vertex   -2.814910e+002 6.430641e+001 2.350000e+001
      vertex   -2.814910e+002 6.430641e+001 2.655000e+001
      vertex   -2.816692e+002 6.433907e+001 2.350000e+001
    endloop
  endfacet
  facet normal -1.068734e-002 -5.831093e-002 0.000000e+000
    outer loop
      vertex   -2.816692e+002 6.433907e+001 2.350000e+001
      vertex   -2.814910e+002 6.430641e+001 2.655000e+001
      vertex   -2.816692e+002 6.433907e+001 2.655000e+001
    endloop
  endfacet
  facet normal -6.035391e-002 -9.981771e-001 0.000000e+000
    outer loop
      vertex   -2.816692e+002 6.433907e+001 2.350000e+001
      vertex   -2.816692e+002 6.433907e+001 2.655000e+001
      vertex   -2.818500e+002 6.435000e+001 2.350000e+001
    endloop
  endfacet
  facet normal -3.578260e-003 -5.917988e-002 0.000000e+000
    outer loop
      vertex   -2.818500e+002 6.435000e+001 2.350000e+001
      vertex   -2.816692e+002 6.433907e+001 2.655000e+001
      vertex   -2.818500e+002 6.435000e+001 2.655000e+001
    endloop
  endfacet
  facet normal 6.036406e-002 -9.981765e-001 0.000000e+000
    outer loop
      vertex   -2.818500e+002 6.435000e+001 2.350000e+001
      vertex   -2.818500e+002 6.435000e+001 2.655000e+001
      vertex   -2.820308e+002 6.433907e+001 2.350000e+001
    endloop
  endfacet
  facet normal 3.578262e-003 -5.916992e-002 0.000000e+000
    outer loop
      vertex   -2.820308e+002 6.433907e+001 2.350000e+001
      vertex   -2.818500e+002 6.435000e+001 2.655000e+001
      vertex   -2.820308e+002 6.433907e+001 2.655000e+001
    endloop
  endfacet
  facet normal 1.802491e-001 -9.836210e-001 0.000000e+000
    outer loop
      vertex   -2.820308e+002 6.433907e+001 2.350000e+001
      vertex   -2.820308e+002 6.433907e+001 2.655000e+001
      vertex   -2.822090e+002 6.430641e+001 2.350000e+001
    endloop
  endfacet
  facet normal 1.068733e-002 -5.832088e-002 0.000000e+000
    outer loop
      vertex   -2.822090e+002 6.430641e+001 2.350000e+001
      vertex   -2.820308e+002 6.433907e+001 2.655000e+001
      vertex   -2.822090e+002 6.430641e+001 2.655000e+001
    endloop
  endfacet
  facet normal 2.975265e-001 -9.547135e-001 0.000000e+000
    outer loop
      vertex   -2.822090e+002 6.430641e+001 2.350000e+001
      vertex   -2.822090e+002 6.430641e+001 2.655000e+001
      vertex   -2.823819e+002 6.425253e+001 2.350000e+001
    endloop
  endfacet
  facet normal 1.763661e-002 -5.659298e-002 0.000000e+000
    outer loop
      vertex   -2.823819e+002 6.425253e+001 2.350000e+001
      vertex   -2.822090e+002 6.430641e+001 2.655000e+001
      vertex   -2.823819e+002 6.425253e+001 2.655000e+001
    endloop
  endfacet
  facet normal 4.103857e-001 -9.119120e-001 0.000000e+000
    outer loop
      vertex   -2.823819e+002 6.425253e+001 2.350000e+001
      vertex   -2.823819e+002 6.425253e+001 2.655000e+001
      vertex   -2.825471e+002 6.417818e+001 2.350000e+001
    endloop
  endfacet
  facet normal 2.433117e-002 -5.406594e-002 0.000000e+000
    outer loop
      vertex   -2.825471e+002 6.417818e+001 2.350000e+001
      vertex   -2.823819e+002 6.425253e+001 2.655000e+001
      vertex   -2.825471e+002 6.417818e+001 2.655000e+001
    endloop
  endfacet
  facet normal 5.173856e-001 -8.557523e-001 0.000000e+000
    outer loop
      vertex   -2.825471e+002 6.417818e+001 2.350000e+001
      vertex   -2.825471e+002 6.417818e+001 2.655000e+001
      vertex   -2.827021e+002 6.408447e+001 2.350000e+001
    endloop
  endfacet
  facet normal 3.067117e-002 -5.072991e-002 0.000000e+000
    outer loop
      vertex   -2.827021e+002 6.408447e+001 2.350000e+001
      vertex   -2.825471e+002 6.417818e+001 2.655000e+001
      vertex   -2.827021e+002 6.408447e+001 2.655000e+001
    endloop
  endfacet
  facet normal 6.166472e-001 -7.872396e-001 0.000000e+000
    outer loop
      vertex   -2.827021e+002 6.408447e+001 2.350000e+001
      vertex   -2.827021e+002 6.408447e+001 2.655000e+001
      vertex   -2.828447e+002 6.397277e+001 2.350000e+001
    endloop
  endfacet
  facet normal 3.656043e-002 -4.667469e-002 0.000000e+000
    outer loop
      vertex   -2.828447e+002 6.397277e+001 2.350000e+001
      vertex   -2.827021e+002 6.408447e+001 2.655000e+001
      vertex   -2.828447e+002 6.397277e+001 2.655000e+001
    endloop
  endfacet
  facet normal 7.071068e-001 -7.071068e-001 0.000000e+000
    outer loop
      vertex   -2.828447e+002 6.397277e+001 2.350000e+001
      vertex   -2.828447e+002 6.397277e+001 2.655000e+001
      vertex   -2.829728e+002 6.384468e+001 2.350000e+001
    endloop
  endfacet
  facet normal 4.192034e-002 -4.192034e-002 0.000000e+000
    outer loop
      vertex   -2.829728e+002 6.384468e+001 2.350000e+001
      vertex   -2.828447e+002 6.397277e+001 2.655000e+001
      vertex   -2.829728e+002 6.384468e+001 2.655000e+001
    endloop
  endfacet
  facet normal 7.872223e-001 -6.166694e-001 0.000000e+000
    outer loop
      vertex   -2.829728e+002 6.384468e+001 2.350000e+001
      vertex   -2.829728e+002 6.384468e+001 2.655000e+001
      vertex   -2.830845e+002 6.370210e+001 2.350000e+001
    endloop
  endfacet
  facet normal 4.666722e-002 -3.655670e-002 0.000000e+000
    outer loop
      vertex   -2.830845e+002 6.370210e+001 2.350000e+001
      vertex   -2.829728e+002 6.384468e+001 2.655000e+001
      vertex   -2.830845e+002 6.370210e+001 2.655000e+001
    endloop
  endfacet
  facet normal 8.557563e-001 -5.173792e-001 0.000000e+000
    outer loop
      vertex   -2.830845e+002 6.370210e+001 2.350000e+001
      vertex   -2.830845e+002 6.370210e+001 2.655000e+001
      vertex   -2.831782e+002 6.354708e+001 2.350000e+001
    endloop
  endfacet
  facet normal 5.073489e-002 -3.067366e-002 0.000000e+000
    outer loop
      vertex   -2.831782e+002 6.354708e+001 2.350000e+001
      vertex   -2.830845e+002 6.370210e+001 2.655000e+001
      vertex   -2.831782e+002 6.354708e+001 2.655000e+001
    endloop
  endfacet
  facet normal 9.118978e-001 -4.104172e-001 0.000000e+000
    outer loop
      vertex   -2.831782e+002 6.354708e+001 2.350000e+001
      vertex   -2.831782e+002 6.354708e+001 2.655000e+001
      vertex   -2.832525e+002 6.338191e+001 2.350000e+001
    endloop
  endfacet
  facet normal 5.406095e-002 -2.433117e-002 0.000000e+000
    outer loop
      vertex   -2.832525e+002 6.338191e+001 2.350000e+001
      vertex   -2.831782e+002 6.354708e+001 2.655000e+001
      vertex   -2.832525e+002 6.338191e+001 2.655000e+001
    endloop
  endfacet
  facet normal 9.547127e-001 -2.975290e-001 0.000000e+000
    outer loop
      vertex   -2.832525e+002 6.338191e+001 2.350000e+001
      vertex   -2.832525e+002 6.338191e+001 2.655000e+001
      vertex   -2.833064e+002 6.320897e+001 2.350000e+001
    endloop
  endfacet
  facet normal 5.660044e-002 -1.763910e-002 0.000000e+000
    outer loop
      vertex   -2.833064e+002 6.320897e+001 2.350000e+001
      vertex   -2.832525e+002 6.338191e+001 2.655000e+001
      vertex   -2.833064e+002 6.320897e+001 2.655000e+001
    endloop
  endfacet
  facet normal 9.836468e-001 -1.801085e-001 0.000000e+000
    outer loop
      vertex   -2.833064e+002 6.320897e+001 2.350000e+001
      vertex   -2.833064e+002 6.320897e+001 2.655000e+001
      vertex   -2.833391e+002 6.303080e+001 2.350000e+001
    endloop
  endfacet
  facet normal 5.831342e-002 -1.067735e-002 0.000000e+000
    outer loop
      vertex   -2.833391e+002 6.303080e+001 2.350000e+001
      vertex   -2.833064e+002 6.320897e+001 2.655000e+001
      vertex   -2.833391e+002 6.303080e+001 2.655000e+001
    endloop
  endfacet
  facet normal 9.981692e-001 -6.048362e-002 0.000000e+000
    outer loop
      vertex   -2.833391e+002 6.303080e+001 2.350000e+001
      vertex   -2.833391e+002 6.303080e+001 2.655000e+001
      vertex   -2.833500e+002 6.285000e+001 2.350000e+001
    endloop
  endfacet
  facet normal 5.917614e-002 -3.585752e-003 0.000000e+000
    outer loop
      vertex   -2.833500e+002 6.285000e+001 2.350000e+001
      vertex   -2.833391e+002 6.303080e+001 2.655000e+001
      vertex   -2.833500e+002 6.285000e+001 2.655000e+001
    endloop
  endfacet
  facet normal 9.981692e-001 6.048362e-002 -0.000000e+000
    outer loop
      vertex   -2.833500e+002 6.285000e+001 2.350000e+001
      vertex   -2.833500e+002 6.285000e+001 2.655000e+001
      vertex   -2.833391e+002 6.266919e+001 2.350000e+001
    endloop
  endfacet
  facet normal 5.917614e-002 3.585752e-003 -0.000000e+000
    outer loop
      vertex   -2.833391e+002 6.266919e+001 2.350000e+001
      vertex   -2.833500e+002 6.285000e+001 2.655000e+001
      vertex   -2.833391e+002 6.266919e+001 2.655000e+001
    endloop
  endfacet
  facet normal 9.836461e-001 1.801122e-001 -0.000000e+000
    outer loop
      vertex   -2.833391e+002 6.266919e+001 2.350000e+001
      vertex   -2.833391e+002 6.266919e+001 2.655000e+001
      vertex   -2.833064e+002 6.249103e+001 2.350000e+001
    endloop
  endfacet
  facet normal 5.831218e-002 1.067735e-002 -0.000000e+000
    outer loop
      vertex   -2.833064e+002 6.249103e+001 2.350000e+001
      vertex   -2.833391e+002 6.266919e+001 2.655000e+001
      vertex   -2.833064e+002 6.249103e+001 2.655000e+001
    endloop
  endfacet
  facet normal 9.547127e-001 2.975290e-001 -0.000000e+000
    outer loop
      vertex   -2.833064e+002 6.249103e+001 2.350000e+001
      vertex   -2.833064e+002 6.249103e+001 2.655000e+001
      vertex   -2.832525e+002 6.231809e+001 2.350000e+001
    endloop
  endfacet
  facet normal 5.660044e-002 1.763910e-002 -0.000000e+000
    outer loop
      vertex   -2.832525e+002 6.231809e+001 2.350000e+001
      vertex   -2.833064e+002 6.249103e+001 2.655000e+001
      vertex   -2.832525e+002 6.231809e+001 2.655000e+001
    endloop
  endfacet
  facet normal 9.118978e-001 4.104172e-001 -0.000000e+000
    outer loop
      vertex   -2.832525e+002 6.231809e+001 2.350000e+001
      vertex   -2.832525e+002 6.231809e+001 2.655000e+001
      vertex   -2.831782e+002 6.215292e+001 2.350000e+001
    endloop
  endfacet
  facet normal 5.406095e-002 2.433117e-002 -0.000000e+000
    outer loop
      vertex   -2.831782e+002 6.215292e+001 2.350000e+001
      vertex   -2.832525e+002 6.231809e+001 2.655000e+001
      vertex   -2.831782e+002 6.215292e+001 2.655000e+001
    endloop
  endfacet
  facet normal 8.557563e-001 5.173792e-001 -0.000000e+000
    outer loop
      vertex   -2.831782e+002 6.215292e+001 2.350000e+001
      vertex   -2.831782e+002 6.215292e+001 2.655000e+001
      vertex   -2.830845e+002 6.199790e+001 2.350000e+001
    endloop
  endfacet
  facet normal 5.073489e-002 3.067366e-002 -0.000000e+000
    outer loop
      vertex   -2.830845e+002 6.199790e+001 2.350000e+001
      vertex   -2.831782e+002 6.215292e+001 2.655000e+001
      vertex   -2.830845e+002 6.199790e+001 2.655000e+001
    endloop
  endfacet
  facet normal 7.872223e-001 6.166694e-001 -0.000000e+000
    outer loop
      vertex   -2.830845e+002 6.199790e+001 2.350000e+001
      vertex   -2.830845e+002 6.199790e+001 2.655000e+001
      vertex   -2.829728e+002 6.185532e+001 2.350000e+001
    endloop
  endfacet
  facet normal 4.666722e-002 3.655670e-002 -0.000000e+000
    outer loop
      vertex   -2.829728e+002 6.185532e+001 2.350000e+001
      vertex   -2.830845e+002 6.199790e+001 2.655000e+001
      vertex   -2.829728e+002 6.185532e+001 2.655000e+001
    endloop
  endfacet
  facet normal 7.071068e-001 7.071068e-001 -0.000000e+000
    outer loop
      vertex   -2.829728e+002 6.185532e+001 2.350000e+001
      vertex   -2.829728e+002 6.185532e+001 2.655000e+001
      vertex   -2.828447e+002 6.172723e+001 2.350000e+001
    endloop
  endfacet
  facet normal 4.192034e-002 4.192034e-002 -0.000000e+000
    outer loop
      vertex   -2.828447e+002 6.172723e+001 2.350000e+001
      vertex   -2.829728e+002 6.185532e+001 2.655000e+001
      vertex   -2.828447e+002 6.172723e+001 2.655000e+001
    endloop
  endfacet
  facet normal 6.166602e-001 7.872294e-001 -0.000000e+000
    outer loop
      vertex   -2.828447e+002 6.172723e+001 2.350000e+001
      vertex   -2.828447e+002 6.172723e+001 2.655000e+001
      vertex   -2.827021e+002 6.161552e+001 2.350000e+001
    endloop
  endfacet
  facet normal 3.656168e-002 4.667469e-002 -0.000000e+000
    outer loop
      vertex   -2.827021e+002 6.161552e+001 2.350000e+001
      vertex   -2.828447e+002 6.172723e+001 2.655000e+001
      vertex   -2.827021e+002 6.161552e+001 2.655000e+001
    endloop
  endfacet
  facet normal 5.173702e-001 8.557617e-001 -0.000000e+000
    outer loop
      vertex   -2.827021e+002 6.161552e+001 2.350000e+001
      vertex   -2.827021e+002 6.161552e+001 2.655000e+001
      vertex   -2.825471e+002 6.152182e+001 2.350000e+001
    endloop
  endfacet
  facet normal 3.066992e-002 5.072991e-002 -0.000000e+000
    outer loop
      vertex   -2.825471e+002 6.152182e+001 2.350000e+001
      vertex   -2.827021e+002 6.161552e+001 2.655000e+001
      vertex   -2.825471e+002 6.152182e+001 2.655000e+001
    endloop
  endfacet
  facet normal 4.103857e-001 9.119120e-001 -0.000000e+000
    outer loop
      vertex   -2.825471e+002 6.152182e+001 2.350000e+001
      vertex   -2.825471e+002 6.152182e+001 2.655000e+001
      vertex   -2.823819e+002 6.144748e+001 2.350000e+001
    endloop
  endfacet
  facet normal 2.433117e-002 5.406594e-002 -0.000000e+000
    outer loop
      vertex   -2.823819e+002 6.144748e+001 2.350000e+001
      vertex   -2.825471e+002 6.152182e+001 2.655000e+001
      vertex   -2.823819e+002 6.144748e+001 2.655000e+001
    endloop
  endfacet
  facet normal 2.975265e-001 9.547135e-001 -0.000000e+000
    outer loop
      vertex   -2.823819e+002 6.144748e+001 2.350000e+001
      vertex   -2.823819e+002 6.144748e+001 2.655000e+001
      vertex   -2.822090e+002 6.139359e+001 2.350000e+001
    endloop
  endfacet
  facet normal 1.763661e-002 5.659298e-002 -0.000000e+000
    outer loop
      vertex   -2.822090e+002 6.139359e+001 2.350000e+001
      vertex   -2.823819e+002 6.144748e+001 2.655000e+001
      vertex   -2.822090e+002 6.139359e+001 2.655000e+001
    endloop
  endfacet
  facet normal 1.802491e-001 9.836210e-001 -0.000000e+000
    outer loop
      vertex   -2.822090e+002 6.139359e+001 2.350000e+001
      vertex   -2.822090e+002 6.139359e+001 2.655000e+001
      vertex   -2.820308e+002 6.136094e+001 2.350000e+001
    endloop
  endfacet
  facet normal 1.068733e-002 5.832088e-002 -0.000000e+000
    outer loop
      vertex   -2.820308e+002 6.136094e+001 2.350000e+001
      vertex   -2.822090e+002 6.139359e+001 2.655000e+001
      vertex   -2.820308e+002 6.136094e+001 2.655000e+001
    endloop
  endfacet
  facet normal -6.037489e-002 9.981758e-001 0.000000e+000
    outer loop
      vertex   -2.816692e+002 6.136094e+001 2.770000e+001
      vertex   -2.816692e+002 6.136094e+001 2.655000e+001
      vertex   -2.818500e+002 6.135000e+001 2.770000e+001
    endloop
  endfacet
  facet normal -9.394360e-003 1.553166e-001 0.000000e+000
    outer loop
      vertex   -2.818500e+002 6.135000e+001 2.770000e+001
      vertex   -2.816692e+002 6.136094e+001 2.655000e+001
      vertex   -2.818500e+002 6.135000e+001 2.655000e+001
    endloop
  endfacet
  facet normal 6.038505e-002 9.981751e-001 0.000000e+000
    outer loop
      vertex   -2.818500e+002 6.135000e+001 2.770000e+001
      vertex   -2.818500e+002 6.135000e+001 2.655000e+001
      vertex   -2.820308e+002 6.136094e+001 2.770000e+001
    endloop
  endfacet
  facet normal 9.394398e-003 1.552910e-001 0.000000e+000
    outer loop
      vertex   -2.820308e+002 6.136094e+001 2.770000e+001
      vertex   -2.818500e+002 6.135000e+001 2.655000e+001
      vertex   -2.820308e+002 6.136094e+001 2.655000e+001
    endloop
  endfacet
  facet normal 1.802491e-001 9.836210e-001 0.000000e+000
    outer loop
      vertex   -2.820308e+002 6.136094e+001 2.770000e+001
      vertex   -2.820308e+002 6.136094e+001 2.655000e+001
      vertex   -2.822090e+002 6.139359e+001 2.770000e+001
    endloop
  endfacet
  facet normal 2.804869e-002 1.530620e-001 0.000000e+000
    outer loop
      vertex   -2.822090e+002 6.139359e+001 2.770000e+001
      vertex   -2.820308e+002 6.136094e+001 2.655000e+001
      vertex   -2.822090e+002 6.139359e+001 2.655000e+001
    endloop
  endfacet
  facet normal 2.975265e-001 9.547135e-001 0.000000e+000
    outer loop
      vertex   -2.822090e+002 6.139359e+001 2.770000e+001
      vertex   -2.822090e+002 6.139359e+001 2.655000e+001
      vertex   -2.823819e+002 6.144748e+001 2.770000e+001
    endloop
  endfacet
  facet normal 4.628717e-002 1.485279e-001 0.000000e+000
    outer loop
      vertex   -2.823819e+002 6.144748e+001 2.770000e+001
      vertex   -2.822090e+002 6.139359e+001 2.655000e+001
      vertex   -2.823819e+002 6.144748e+001 2.655000e+001
    endloop
  endfacet
  facet normal 4.103857e-001 9.119120e-001 0.000000e+000
    outer loop
      vertex   -2.823819e+002 6.144748e+001 2.770000e+001
      vertex   -2.823819e+002 6.144748e+001 2.655000e+001
      vertex   -2.825471e+002 6.152182e+001 2.770000e+001
    endloop
  endfacet
  facet normal 6.385674e-002 1.418951e-001 0.000000e+000
    outer loop
      vertex   -2.825471e+002 6.152182e+001 2.770000e+001
      vertex   -2.823819e+002 6.144748e+001 2.655000e+001
      vertex   -2.825471e+002 6.152182e+001 2.655000e+001
    endloop
  endfacet
  facet normal 5.173702e-001 8.557617e-001 0.000000e+000
    outer loop
      vertex   -2.825471e+002 6.152182e+001 2.770000e+001
      vertex   -2.825471e+002 6.152182e+001 2.655000e+001
      vertex   -2.827021e+002 6.161552e+001 2.770000e+001
    endloop
  endfacet
  facet normal 8.049291e-002 1.331402e-001 0.000000e+000
    outer loop
      vertex   -2.827021e+002 6.161552e+001 2.770000e+001
      vertex   -2.825471e+002 6.152182e+001 2.655000e+001
      vertex   -2.827021e+002 6.161552e+001 2.655000e+001
    endloop
  endfacet
  facet normal 6.166602e-001 7.872294e-001 0.000000e+000
    outer loop
      vertex   -2.827021e+002 6.161552e+001 2.770000e+001
      vertex   -2.827021e+002 6.161552e+001 2.655000e+001
      vertex   -2.828447e+002 6.172723e+001 2.770000e+001
    endloop
  endfacet
  facet normal 9.595544e-002 1.224969e-001 0.000000e+000
    outer loop
      vertex   -2.828447e+002 6.172723e+001 2.770000e+001
      vertex   -2.827021e+002 6.161552e+001 2.655000e+001
      vertex   -2.828447e+002 6.172723e+001 2.655000e+001
    endloop
  endfacet
  facet normal 7.071068e-001 7.071068e-001 0.000000e+000
    outer loop
      vertex   -2.828447e+002 6.172723e+001 2.770000e+001
      vertex   -2.828447e+002 6.172723e+001 2.655000e+001
      vertex   -2.829728e+002 6.185532e+001 2.770000e+001
    endloop
  endfacet
  facet normal 1.100194e-001 1.100194e-001 0.000000e+000
    outer loop
      vertex   -2.829728e+002 6.185532e+001 2.770000e+001
      vertex   -2.828447e+002 6.172723e+001 2.655000e+001
      vertex   -2.829728e+002 6.185532e+001 2.655000e+001
    endloop
  endfacet
  facet normal 7.872223e-001 6.166694e-001 0.000000e+000
    outer loop
      vertex   -2.829728e+002 6.185532e+001 2.770000e+001
      vertex   -2.829728e+002 6.185532e+001 2.655000e+001
      vertex   -2.830845e+002 6.199790e+001 2.770000e+001
    endloop
  endfacet
  facet normal 1.224777e-001 9.594268e-002 0.000000e+000
    outer loop
      vertex   -2.830845e+002 6.199790e+001 2.770000e+001
      vertex   -2.829728e+002 6.185532e+001 2.655000e+001
      vertex   -2.830845e+002 6.199790e+001 2.655000e+001
    endloop
  endfacet
  facet normal 8.557563e-001 5.173792e-001 0.000000e+000
    outer loop
      vertex   -2.830845e+002 6.199790e+001 2.770000e+001
      vertex   -2.830845e+002 6.199790e+001 2.655000e+001
      vertex   -2.831782e+002 6.215292e+001 2.770000e+001
    endloop
  endfacet
  facet normal 1.331529e-001 8.050254e-002 0.000000e+000
    outer loop
      vertex   -2.831782e+002 6.215292e+001 2.770000e+001
      vertex   -2.830845e+002 6.199790e+001 2.655000e+001
      vertex   -2.831782e+002 6.215292e+001 2.655000e+001
    endloop
  endfacet
  facet normal 9.118978e-001 4.104172e-001 0.000000e+000
    outer loop
      vertex   -2.831782e+002 6.215292e+001 2.770000e+001
      vertex   -2.831782e+002 6.215292e+001 2.655000e+001
      vertex   -2.832525e+002 6.231809e+001 2.770000e+001
    endloop
  endfacet
  facet normal 1.418823e-001 6.385685e-002 0.000000e+000
    outer loop
      vertex   -2.832525e+002 6.231809e+001 2.770000e+001
      vertex   -2.831782e+002 6.215292e+001 2.655000e+001
      vertex   -2.832525e+002 6.231809e+001 2.655000e+001
    endloop
  endfacet
  facet normal 9.547127e-001 2.975290e-001 0.000000e+000
    outer loop
      vertex   -2.832525e+002 6.231809e+001 2.770000e+001
      vertex   -2.832525e+002 6.231809e+001 2.655000e+001
      vertex   -2.833064e+002 6.249103e+001 2.770000e+001
    endloop
  endfacet
  facet normal 1.485471e-001 4.629357e-002 0.000000e+000
    outer loop
      vertex   -2.833064e+002 6.249103e+001 2.770000e+001
      vertex   -2.832525e+002 6.231809e+001 2.655000e+001
      vertex   -2.833064e+002 6.249103e+001 2.655000e+001
    endloop
  endfacet
  facet normal 9.836461e-001 1.801122e-001 0.000000e+000
    outer loop
      vertex   -2.833064e+002 6.249103e+001 2.770000e+001
      vertex   -2.833064e+002 6.249103e+001 2.655000e+001
      vertex   -2.833391e+002 6.266919e+001 2.770000e+001
    endloop
  endfacet
  facet normal 1.530397e-001 2.802259e-002 0.000000e+000
    outer loop
      vertex   -2.833391e+002 6.266919e+001 2.770000e+001
      vertex   -2.833064e+002 6.249103e+001 2.655000e+001
      vertex   -2.833391e+002 6.266919e+001 2.655000e+001
    endloop
  endfacet
  facet normal 9.981692e-001 6.048362e-002 0.000000e+000
    outer loop
      vertex   -2.833391e+002 6.266919e+001 2.770000e+001
      vertex   -2.833391e+002 6.266919e+001 2.655000e+001
      vertex   -2.833500e+002 6.285000e+001 2.770000e+001
    endloop
  endfacet
  facet normal 1.553070e-001 9.410757e-003 0.000000e+000
    outer loop
      vertex   -2.833500e+002 6.285000e+001 2.770000e+001
      vertex   -2.833391e+002 6.266919e+001 2.655000e+001
      vertex   -2.833500e+002 6.285000e+001 2.655000e+001
    endloop
  endfacet
  facet normal 9.981692e-001 -6.048362e-002 0.000000e+000
    outer loop
      vertex   -2.833500e+002 6.285000e+001 2.770000e+001
      vertex   -2.833500e+002 6.285000e+001 2.655000e+001
      vertex   -2.833391e+002 6.303080e+001 2.770000e+001
    endloop
  endfacet
  facet normal 1.553070e-001 -9.410757e-003 0.000000e+000
    outer loop
      vertex   -2.833391e+002 6.303080e+001 2.770000e+001
      vertex   -2.833500e+002 6.285000e+001 2.655000e+001
      vertex   -2.833391e+002 6.303080e+001 2.655000e+001
    endloop
  endfacet
  facet normal 9.836468e-001 -1.801085e-001 0.000000e+000
    outer loop
      vertex   -2.833391e+002 6.303080e+001 2.770000e+001
      vertex   -2.833391e+002 6.303080e+001 2.655000e+001
      vertex   -2.833064e+002 6.320897e+001 2.770000e+001
    endloop
  endfacet
  facet normal 1.530429e-001 -2.802258e-002 0.000000e+000
    outer loop
      vertex   -2.833064e+002 6.320897e+001 2.770000e+001
      vertex   -2.833391e+002 6.303080e+001 2.655000e+001
      vertex   -2.833064e+002 6.320897e+001 2.655000e+001
    endloop
  endfacet
  facet normal 9.547127e-001 -2.975290e-001 0.000000e+000
    outer loop
      vertex   -2.833064e+002 6.320897e+001 2.770000e+001
      vertex   -2.833064e+002 6.320897e+001 2.655000e+001
      vertex   -2.832525e+002 6.338191e+001 2.770000e+001
    endloop
  endfacet
  facet normal 1.485471e-001 -4.629357e-002 0.000000e+000
    outer loop
      vertex   -2.832525e+002 6.338191e+001 2.770000e+001
      vertex   -2.833064e+002 6.320897e+001 2.655000e+001
      vertex   -2.832525e+002 6.338191e+001 2.655000e+001
    endloop
  endfacet
  facet normal 9.118978e-001 -4.104172e-001 0.000000e+000
    outer loop
      vertex   -2.832525e+002 6.338191e+001 2.770000e+001
      vertex   -2.832525e+002 6.338191e+001 2.655000e+001
      vertex   -2.831782e+002 6.354708e+001 2.770000e+001
    endloop
  endfacet
  facet normal 1.418823e-001 -6.385685e-002 0.000000e+000
    outer loop
      vertex   -2.831782e+002 6.354708e+001 2.770000e+001
      vertex   -2.832525e+002 6.338191e+001 2.655000e+001
      vertex   -2.831782e+002 6.354708e+001 2.655000e+001
    endloop
  endfacet
  facet normal 8.557563e-001 -5.173792e-001 0.000000e+000
    outer loop
      vertex   -2.831782e+002 6.354708e+001 2.770000e+001
      vertex   -2.831782e+002 6.354708e+001 2.655000e+001
      vertex   -2.830845e+002 6.370210e+001 2.770000e+001
    endloop
  endfacet
  facet normal 1.331529e-001 -8.050254e-002 0.000000e+000
    outer loop
      vertex   -2.830845e+002 6.370210e+001 2.770000e+001
      vertex   -2.831782e+002 6.354708e+001 2.655000e+001
      vertex   -2.830845e+002 6.370210e+001 2.655000e+001
    endloop
  endfacet
  facet normal 7.872223e-001 -6.166694e-001 0.000000e+000
    outer loop
      vertex   -2.830845e+002 6.370210e+001 2.770000e+001
      vertex   -2.830845e+002 6.370210e+001 2.655000e+001
      vertex   -2.829728e+002 6.384468e+001 2.770000e+001
    endloop
  endfacet
  facet normal 1.224777e-001 -9.594268e-002 0.000000e+000
    outer loop
      vertex   -2.829728e+002 6.384468e+001 2.770000e+001
      vertex   -2.830845e+002 6.370210e+001 2.655000e+001
      vertex   -2.829728e+002 6.384468e+001 2.655000e+001
    endloop
  endfacet
  facet normal 7.071068e-001 -7.071068e-001 0.000000e+000
    outer loop
      vertex   -2.829728e+002 6.384468e+001 2.770000e+001
      vertex   -2.829728e+002 6.384468e+001 2.655000e+001
      vertex   -2.828447e+002 6.397277e+001 2.770000e+001
    endloop
  endfacet
  facet normal 1.100194e-001 -1.100194e-001 0.000000e+000
    outer loop
      vertex   -2.828447e+002 6.397277e+001 2.770000e+001
      vertex   -2.829728e+002 6.384468e+001 2.655000e+001
      vertex   -2.828447e+002 6.397277e+001 2.655000e+001
    endloop
  endfacet
  facet normal 6.166472e-001 -7.872396e-001 0.000000e+000
    outer loop
      vertex   -2.828447e+002 6.397277e+001 2.770000e+001
      vertex   -2.828447e+002 6.397277e+001 2.655000e+001
      vertex   -2.827021e+002 6.408447e+001 2.770000e+001
    endloop
  endfacet
  facet normal 9.595219e-002 -1.224969e-001 0.000000e+000
    outer loop
      vertex   -2.827021e+002 6.408447e+001 2.770000e+001
      vertex   -2.828447e+002 6.397277e+001 2.655000e+001
      vertex   -2.827021e+002 6.408447e+001 2.655000e+001
    endloop
  endfacet
  facet normal 5.173856e-001 -8.557523e-001 0.000000e+000
    outer loop
      vertex   -2.827021e+002 6.408447e+001 2.770000e+001
      vertex   -2.827021e+002 6.408447e+001 2.655000e+001
      vertex   -2.825471e+002 6.417818e+001 2.770000e+001
    endloop
  endfacet
  facet normal 8.049617e-002 -1.331401e-001 0.000000e+000
    outer loop
      vertex   -2.825471e+002 6.417818e+001 2.770000e+001
      vertex   -2.827021e+002 6.408447e+001 2.655000e+001
      vertex   -2.825471e+002 6.417818e+001 2.655000e+001
    endloop
  endfacet
  facet normal 4.103857e-001 -9.119120e-001 0.000000e+000
    outer loop
      vertex   -2.825471e+002 6.417818e+001 2.770000e+001
      vertex   -2.825471e+002 6.417818e+001 2.655000e+001
      vertex   -2.823819e+002 6.425253e+001 2.770000e+001
    endloop
  endfacet
  facet normal 6.385674e-002 -1.418951e-001 0.000000e+000
    outer loop
      vertex   -2.823819e+002 6.425253e+001 2.770000e+001
      vertex   -2.825471e+002 6.417818e+001 2.655000e+001
      vertex   -2.823819e+002 6.425253e+001 2.655000e+001
    endloop
  endfacet
  facet normal 2.975265e-001 -9.547135e-001 0.000000e+000
    outer loop
      vertex   -2.823819e+002 6.425253e+001 2.770000e+001
      vertex   -2.823819e+002 6.425253e+001 2.655000e+001
      vertex   -2.822090e+002 6.430641e+001 2.770000e+001
    endloop
  endfacet
  facet normal 4.628717e-002 -1.485279e-001 0.000000e+000
    outer loop
      vertex   -2.822090e+002 6.430641e+001 2.770000e+001
      vertex   -2.823819e+002 6.425253e+001 2.655000e+001
      vertex   -2.822090e+002 6.430641e+001 2.655000e+001
    endloop
  endfacet
  facet normal 1.802491e-001 -9.836210e-001 0.000000e+000
    outer loop
      vertex   -2.822090e+002 6.430641e+001 2.770000e+001
      vertex   -2.822090e+002 6.430641e+001 2.655000e+001
      vertex   -2.820308e+002 6.433907e+001 2.770000e+001
    endloop
  endfacet
  facet normal 2.804869e-002 -1.530620e-001 0.000000e+000
    outer loop
      vertex   -2.820308e+002 6.433907e+001 2.770000e+001
      vertex   -2.822090e+002 6.430641e+001 2.655000e+001
      vertex   -2.820308e+002 6.433907e+001 2.655000e+001
    endloop
  endfacet
  facet normal 6.036406e-002 -9.981765e-001 0.000000e+000
    outer loop
      vertex   -2.820308e+002 6.433907e+001 2.770000e+001
      vertex   -2.820308e+002 6.433907e+001 2.655000e+001
      vertex   -2.818500e+002 6.435000e+001 2.770000e+001
    endloop
  endfacet
  facet normal 9.391122e-003 -1.552910e-001 0.000000e+000
    outer loop
      vertex   -2.818500e+002 6.435000e+001 2.770000e+001
      vertex   -2.820308e+002 6.433907e+001 2.655000e+001
      vertex   -2.818500e+002 6.435000e+001 2.655000e+001
    endloop
  endfacet
  facet normal -6.035391e-002 -9.981771e-001 -0.000000e+000
    outer loop
      vertex   -2.818500e+002 6.435000e+001 2.770000e+001
      vertex   -2.818500e+002 6.435000e+001 2.655000e+001
      vertex   -2.816692e+002 6.433907e+001 2.770000e+001
    endloop
  endfacet
  facet normal -9.391083e-003 -1.553166e-001 -0.000000e+000
    outer loop
      vertex   -2.816692e+002 6.433907e+001 2.770000e+001
      vertex   -2.818500e+002 6.435000e+001 2.655000e+001
      vertex   -2.816692e+002 6.433907e+001 2.655000e+001
    endloop
  endfacet
  facet normal -1.802790e-001 -9.836155e-001 -0.000000e+000
    outer loop
      vertex   -2.816692e+002 6.433907e+001 2.770000e+001
      vertex   -2.816692e+002 6.433907e+001 2.655000e+001
      vertex   -2.814910e+002 6.430641e+001 2.770000e+001
    endloop
  endfacet
  facet normal -2.804880e-002 -1.530364e-001 -0.000000e+000
    outer loop
      vertex   -2.814910e+002 6.430641e+001 2.770000e+001
      vertex   -2.816692e+002 6.433907e+001 2.655000e+001
      vertex   -2.814910e+002 6.430641e+001 2.655000e+001
    endloop
  endfacet
  facet normal -2.974787e-001 -9.547285e-001 -0.000000e+000
    outer loop
      vertex   -2.814910e+002 6.430641e+001 2.770000e+001
      vertex   -2.814910e+002 6.430641e+001 2.655000e+001
      vertex   -2.813181e+002 6.425253e+001 2.770000e+001
    endloop
  endfacet
  facet normal -4.628699e-002 -1.485535e-001 -0.000000e+000
    outer loop
      vertex   -2.813181e+002 6.425253e+001 2.770000e+001
      vertex   -2.814910e+002 6.430641e+001 2.655000e+001
      vertex   -2.813181e+002 6.425253e+001 2.655000e+001
    endloop
  endfacet
  facet normal -4.104488e-001 -9.118837e-001 -0.000000e+000
    outer loop
      vertex   -2.813181e+002 6.425253e+001 2.770000e+001
      vertex   -2.813181e+002 6.425253e+001 2.655000e+001
      vertex   -2.811529e+002 6.417818e+001 2.770000e+001
    endloop
  endfacet
  facet normal -6.385697e-002 -1.418694e-001 -0.000000e+000
    outer loop
      vertex   -2.811529e+002 6.417818e+001 2.770000e+001
      vertex   -2.813181e+002 6.425253e+001 2.655000e+001
      vertex   -2.811529e+002 6.417818e+001 2.655000e+001
    endloop
  endfacet
  facet normal -5.173110e-001 -8.557975e-001 -0.000000e+000
    outer loop
      vertex   -2.811529e+002 6.417818e+001 2.770000e+001
      vertex   -2.811529e+002 6.417818e+001 2.655000e+001
      vertex   -2.809979e+002 6.408447e+001 2.770000e+001
    endloop
  endfacet
  facet normal -8.049589e-002 -1.331659e-001 -0.000000e+000
    outer loop
      vertex   -2.809979e+002 6.408447e+001 2.770000e+001
      vertex   -2.811529e+002 6.417818e+001 2.655000e+001
      vertex   -2.809979e+002 6.408447e+001 2.655000e+001
    endloop
  endfacet
  facet normal -6.167290e-001 -7.871756e-001 -0.000000e+000
    outer loop
      vertex   -2.809979e+002 6.408447e+001 2.770000e+001
      vertex   -2.809979e+002 6.408447e+001 2.655000e+001
      vertex   -2.808553e+002 6.397277e+001 2.770000e+001
    endloop
  endfacet
  facet normal -9.595250e-002 -1.224711e-001 -0.000000e+000
    outer loop
      vertex   -2.808553e+002 6.397277e+001 2.770000e+001
      vertex   -2.809979e+002 6.408447e+001 2.655000e+001
      vertex   -2.808553e+002 6.397277e+001 2.655000e+001
    endloop
  endfacet
  facet normal -7.071068e-001 -7.071068e-001 -0.000000e+000
    outer loop
      vertex   -2.808553e+002 6.397277e+001 2.770000e+001
      vertex   -2.808553e+002 6.397277e+001 2.655000e+001
      vertex   -2.807272e+002 6.384468e+001 2.770000e+001
    endloop
  endfacet
  facet normal -1.100194e-001 -1.100194e-001 -0.000000e+000
    outer loop
      vertex   -2.807272e+002 6.384468e+001 2.770000e+001
      vertex   -2.808553e+002 6.397277e+001 2.655000e+001
      vertex   -2.807272e+002 6.384468e+001 2.655000e+001
    endloop
  endfacet
  facet normal -7.871405e-001 -6.167738e-001 -0.000000e+000
    outer loop
      vertex   -2.807272e+002 6.384468e+001 2.770000e+001
      vertex   -2.807272e+002 6.384468e+001 2.655000e+001
      vertex   -2.806155e+002 6.370210e+001 2.770000e+001
    endloop
  endfacet
  facet normal -1.224773e-001 -9.596866e-002 -0.000000e+000
    outer loop
      vertex   -2.806155e+002 6.370210e+001 2.770000e+001
      vertex   -2.807272e+002 6.384468e+001 2.655000e+001
      vertex   -2.806155e+002 6.370210e+001 2.655000e+001
    endloop
  endfacet
  facet normal -8.558308e-001 -5.172558e-001 -0.000000e+000
    outer loop
      vertex   -2.806155e+002 6.370210e+001 2.770000e+001
      vertex   -2.806155e+002 6.370210e+001 2.655000e+001
      vertex   -2.805218e+002 6.354708e+001 2.770000e+001
    endloop
  endfacet
  facet normal -1.331532e-001 -8.047649e-002 -0.000000e+000
    outer loop
      vertex   -2.805218e+002 6.354708e+001 2.770000e+001
      vertex   -2.806155e+002 6.370210e+001 2.655000e+001
      vertex   -2.805218e+002 6.354708e+001 2.655000e+001
    endloop
  endfacet
  facet normal -9.118978e-001 -4.104172e-001 -0.000000e+000
    outer loop
      vertex   -2.805218e+002 6.354708e+001 2.770000e+001
      vertex   -2.805218e+002 6.354708e+001 2.655000e+001
      vertex   -2.804475e+002 6.338191e+001 2.770000e+001
    endloop
  endfacet
  facet normal -1.418823e-001 -6.385685e-002 -0.000000e+000
    outer loop
      vertex   -2.804475e+002 6.338191e+001 2.770000e+001
      vertex   -2.805218e+002 6.354708e+001 2.655000e+001
      vertex   -2.804475e+002 6.338191e+001 2.655000e+001
    endloop
  endfacet
  facet normal -9.547127e-001 -2.975290e-001 -0.000000e+000
    outer loop
      vertex   -2.804475e+002 6.338191e+001 2.770000e+001
      vertex   -2.804475e+002 6.338191e+001 2.655000e+001
      vertex   -2.803936e+002 6.320897e+001 2.770000e+001
    endloop
  endfacet
  facet normal -1.485471e-001 -4.629357e-002 -0.000000e+000
    outer loop
      vertex   -2.803936e+002 6.320897e+001 2.770000e+001
      vertex   -2.804475e+002 6.338191e+001 2.655000e+001
      vertex   -2.803936e+002 6.320897e+001 2.655000e+001
    endloop
  endfacet
  facet normal -9.836169e-001 -1.802715e-001 -0.000000e+000
    outer loop
      vertex   -2.803936e+002 6.320897e+001 2.770000e+001
      vertex   -2.803936e+002 6.320897e+001 2.655000e+001
      vertex   -2.803609e+002 6.303080e+001 2.770000e+001
    endloop
  endfacet
  facet normal -1.530428e-001 -2.804877e-002 -0.000000e+000
    outer loop
      vertex   -2.803609e+002 6.303080e+001 2.770000e+001
      vertex   -2.803936e+002 6.320897e+001 2.655000e+001
      vertex   -2.803609e+002 6.303080e+001 2.655000e+001
    endloop
  endfacet
  facet normal -9.981794e-001 -6.031575e-002 -0.000000e+000
    outer loop
      vertex   -2.803609e+002 6.303080e+001 2.770000e+001
      vertex   -2.803609e+002 6.303080e+001 2.655000e+001
      vertex   -2.803500e+002 6.285000e+001 2.770000e+001
    endloop
  endfacet
  facet normal -1.553070e-001 -9.384545e-003 -0.000000e+000
    outer loop
      vertex   -2.803500e+002 6.285000e+001 2.770000e+001
      vertex   -2.803609e+002 6.303080e+001 2.655000e+001
      vertex   -2.803500e+002 6.285000e+001 2.655000e+001
    endloop
  endfacet
  facet normal -9.981794e-001 6.031575e-002 0.000000e+000
    outer loop
      vertex   -2.803500e+002 6.285000e+001 2.770000e+001
      vertex   -2.803500e+002 6.285000e+001 2.655000e+001
      vertex   -2.803609e+002 6.266919e+001 2.770000e+001
    endloop
  endfacet
  facet normal -1.553070e-001 9.384545e-003 0.000000e+000
    outer loop
      vertex   -2.803609e+002 6.266919e+001 2.770000e+001
      vertex   -2.803500e+002 6.285000e+001 2.655000e+001
      vertex   -2.803609e+002 6.266919e+001 2.655000e+001
    endloop
  endfacet
  facet normal -9.836162e-001 1.802752e-001 0.000000e+000
    outer loop
      vertex   -2.803609e+002 6.266919e+001 2.770000e+001
      vertex   -2.803609e+002 6.266919e+001 2.655000e+001
      vertex   -2.803936e+002 6.249103e+001 2.770000e+001
    endloop
  endfacet
  facet normal -1.530396e-001 2.804879e-002 0.000000e+000
    outer loop
      vertex   -2.803936e+002 6.249103e+001 2.770000e+001
      vertex   -2.803609e+002 6.266919e+001 2.655000e+001
      vertex   -2.803936e+002 6.249103e+001 2.655000e+001
    endloop
  endfacet
  facet normal -9.547127e-001 2.975290e-001 0.000000e+000
    outer loop
      vertex   -2.803936e+002 6.249103e+001 2.770000e+001
      vertex   -2.803936e+002 6.249103e+001 2.655000e+001
      vertex   -2.804475e+002 6.231809e+001 2.770000e+001
    endloop
  endfacet
  facet normal -1.485471e-001 4.629357e-002 0.000000e+000
    outer loop
      vertex   -2.804475e+002 6.231809e+001 2.770000e+001
      vertex   -2.803936e+002 6.249103e+001 2.655000e+001
      vertex   -2.804475e+002 6.231809e+001 2.655000e+001
    endloop
  endfacet
  facet normal -9.118978e-001 4.104172e-001 0.000000e+000
    outer loop
      vertex   -2.804475e+002 6.231809e+001 2.770000e+001
      vertex   -2.804475e+002 6.231809e+001 2.655000e+001
      vertex   -2.805218e+002 6.215292e+001 2.770000e+001
    endloop
  endfacet
  facet normal -1.418823e-001 6.385685e-002 0.000000e+000
    outer loop
      vertex   -2.805218e+002 6.215292e+001 2.770000e+001
      vertex   -2.804475e+002 6.231809e+001 2.655000e+001
      vertex   -2.805218e+002 6.215292e+001 2.655000e+001
    endloop
  endfacet
  facet normal -8.558308e-001 5.172558e-001 0.000000e+000
    outer loop
      vertex   -2.805218e+002 6.215292e+001 2.770000e+001
      vertex   -2.805218e+002 6.215292e+001 2.655000e+001
      vertex   -2.806155e+002 6.199790e+001 2.770000e+001
    endloop
  endfacet
  facet normal -1.331532e-001 8.047649e-002 0.000000e+000
    outer loop
      vertex   -2.806155e+002 6.199790e+001 2.770000e+001
      vertex   -2.805218e+002 6.215292e+001 2.655000e+001
      vertex   -2.806155e+002 6.199790e+001 2.655000e+001
    endloop
  endfacet
  facet normal -7.871405e-001 6.167738e-001 0.000000e+000
    outer loop
      vertex   -2.806155e+002 6.199790e+001 2.770000e+001
      vertex   -2.806155e+002 6.199790e+001 2.655000e+001
      vertex   -2.807272e+002 6.185532e+001 2.770000e+001
    endloop
  endfacet
  facet normal -1.224773e-001 9.596866e-002 0.000000e+000
    outer loop
      vertex   -2.807272e+002 6.185532e+001 2.770000e+001
      vertex   -2.806155e+002 6.199790e+001 2.655000e+001
      vertex   -2.807272e+002 6.185532e+001 2.655000e+001
    endloop
  endfacet
  facet normal -7.071068e-001 7.071068e-001 0.000000e+000
    outer loop
      vertex   -2.807272e+002 6.185532e+001 2.770000e+001
      vertex   -2.807272e+002 6.185532e+001 2.655000e+001
      vertex   -2.808553e+002 6.172723e+001 2.770000e+001
    endloop
  endfacet
  facet normal -1.100194e-001 1.100194e-001 0.000000e+000
    outer loop
      vertex   -2.808553e+002 6.172723e+001 2.770000e+001
      vertex   -2.807272e+002 6.185532e+001 2.655000e+001
      vertex   -2.808553e+002 6.172723e+001 2.655000e+001
    endloop
  endfacet
  facet normal -6.167420e-001 7.871653e-001 0.000000e+000
    outer loop
      vertex   -2.808553e+002 6.172723e+001 2.770000e+001
      vertex   -2.808553e+002 6.172723e+001 2.655000e+001
      vertex   -2.809979e+002 6.161552e+001 2.770000e+001
    endloop
  endfacet
  facet normal -9.595574e-002 1.224710e-001 0.000000e+000
    outer loop
      vertex   -2.809979e+002 6.161552e+001 2.770000e+001
      vertex   -2.808553e+002 6.172723e+001 2.655000e+001
      vertex   -2.809979e+002 6.161552e+001 2.655000e+001
    endloop
  endfacet
  facet normal -5.172956e-001 8.558068e-001 0.000000e+000
    outer loop
      vertex   -2.809979e+002 6.161552e+001 2.770000e+001
      vertex   -2.809979e+002 6.161552e+001 2.655000e+001
      vertex   -2.811529e+002 6.152182e+001 2.770000e+001
    endloop
  endfacet
  facet normal -8.049263e-002 1.331659e-001 0.000000e+000
    outer loop
      vertex   -2.811529e+002 6.152182e+001 2.770000e+001
      vertex   -2.809979e+002 6.161552e+001 2.655000e+001
      vertex   -2.811529e+002 6.152182e+001 2.655000e+001
    endloop
  endfacet
  facet normal -4.104488e-001 9.118837e-001 0.000000e+000
    outer loop
      vertex   -2.811529e+002 6.152182e+001 2.770000e+001
      vertex   -2.811529e+002 6.152182e+001 2.655000e+001
      vertex   -2.813181e+002 6.144748e+001 2.770000e+001
    endloop
  endfacet
  facet normal -6.385697e-002 1.418694e-001 0.000000e+000
    outer loop
      vertex   -2.813181e+002 6.144748e+001 2.770000e+001
      vertex   -2.811529e+002 6.152182e+001 2.655000e+001
      vertex   -2.813181e+002 6.144748e+001 2.655000e+001
    endloop
  endfacet
  facet normal -2.974787e-001 9.547285e-001 0.000000e+000
    outer loop
      vertex   -2.813181e+002 6.144748e+001 2.770000e+001
      vertex   -2.813181e+002 6.144748e+001 2.655000e+001
      vertex   -2.814910e+002 6.139359e+001 2.770000e+001
    endloop
  endfacet
  facet normal -4.628699e-002 1.485535e-001 0.000000e+000
    outer loop
      vertex   -2.814910e+002 6.139359e+001 2.770000e+001
      vertex   -2.813181e+002 6.144748e+001 2.655000e+001
      vertex   -2.814910e+002 6.139359e+001 2.655000e+001
    endloop
  endfacet
  facet normal -1.802790e-001 9.836155e-001 0.000000e+000
    outer loop
      vertex   -2.814910e+002 6.139359e+001 2.770000e+001
      vertex   -2.814910e+002 6.139359e+001 2.655000e+001
      vertex   -2.816692e+002 6.136094e+001 2.770000e+001
    endloop
  endfacet
  facet normal -2.804880e-002 1.530364e-001 0.000000e+000
    outer loop
      vertex   -2.816692e+002 6.136094e+001 2.770000e+001
      vertex   -2.814910e+002 6.139359e+001 2.655000e+001
      vertex   -2.816692e+002 6.136094e+001 2.655000e+001
    endloop
  endfacet
  facet normal -1.000000e+000 -0.000000e+000 -0.000000e+000
    outer loop
      vertex   -2.566500e+002 6.900000e+001 2.770000e+001
      vertex   -2.566500e+002 6.900000e+001 2.350000e+001
      vertex   -2.566500e+002 5.670000e+001 2.770000e+001
    endloop
  endfacet
  facet normal -9.463499e-001 0.000000e+000 0.000000e+000
    outer loop
      vertex   -2.566500e+002 5.670000e+001 2.770000e+001
      vertex   -2.566500e+002 6.900000e+001 2.350000e+001
      vertex   -2.566500e+002 5.670000e+001 2.350000e+001
    endloop
  endfacet
  facet normal 1.000000e+000 -0.000000e+000 0.000000e+000
    outer loop
      vertex   -2.516500e+002 5.670000e+001 2.770000e+001
      vertex   -2.516500e+002 5.670000e+001 2.350000e+001
      vertex   -2.516500e+002 6.900000e+001 2.770000e+001
    endloop
  endfacet
  facet normal 9.463499e-001 0.000000e+000 0.000000e+000
    outer loop
      vertex   -2.516500e+002 6.900000e+001 2.770000e+001
      vertex   -2.516500e+002 5.670000e+001 2.350000e+001
      vertex   -2.516500e+002 6.900000e+001 2.350000e+001
    endloop
  endfacet
  facet normal 0.000000e+000 -1.000000e+000 0.000000e+000
    outer loop
      vertex   -2.516500e+002 5.670000e+001 2.350000e+001
      vertex   -2.516500e+002 5.670000e+001 2.770000e+001
      vertex   -2.566500e+002 5.670000e+001 2.350000e+001
    endloop
  endfacet
  facet normal 0.000000e+000 -7.657048e-001 0.000000e+000
    outer loop
      vertex   -2.566500e+002 5.670000e+001 2.350000e+001
      vertex   -2.516500e+002 5.670000e+001 2.770000e+001
      vertex   -2.566500e+002 5.670000e+001 2.770000e+001
    endloop
  endfacet
  facet normal 0.000000e+000 0.000000e+000 -9.205468e-001
    outer loop
      vertex   -2.543308e+002 6.433907e+001 2.350000e+001
      vertex   -2.566500e+002 6.900000e+001 2.350000e+001
      vertex   -2.541500e+002 6.435000e+001 2.350000e+001
    endloop
  endfacet
  facet normal 0.000000e+000 0.000000e+000 -8.341554e-001
    outer loop
      vertex   -2.541500e+002 6.435000e+001 2.350000e+001
      vertex   -2.566500e+002 6.900000e+001 2.350000e+001
      vertex   -2.516500e+002 6.900000e+001 2.350000e+001
    endloop
  endfacet
  facet normal 0.000000e+000 0.000000e+000 -9.077513e-001
    outer loop
      vertex   -2.541500e+002 6.435000e+001 2.350000e+001
      vertex   -2.516500e+002 6.900000e+001 2.350000e+001
      vertex   -2.539692e+002 6.433907e+001 2.350000e+001
    endloop
  endfacet
  facet normal 0.000000e+000 0.000000e+000 -9.609333e-001
    outer loop
      vertex   -2.539692e+002 6.433907e+001 2.350000e+001
      vertex   -2.516500e+002 6.900000e+001 2.350000e+001
      vertex   -2.537910e+002 6.430641e+001 2.350000e+001
    endloop
  endfacet
  facet normal 0.000000e+000 0.000000e+000 -9.920831e-001
    outer loop
      vertex   -2.537910e+002 6.430641e+001 2.350000e+001
      vertex   -2.516500e+002 6.900000e+001 2.350000e+001
      vertex   -2.536181e+002 6.425253e+001 2.350000e+001
    endloop
  endfacet
  facet normal 0.000000e+000 0.000000e+000 -9.995524e-001
    outer loop
      vertex   -2.536181e+002 6.425253e+001 2.350000e+001
      vertex   -2.516500e+002 6.900000e+001 2.350000e+001
      vertex   -2.534529e+002 6.417818e+001 2.350000e+001
    endloop
  endfacet
  facet normal 0.000000e+000 0.000000e+000 -9.827636e-001
    outer loop
      vertex   -2.534529e+002 6.417818e+001 2.350000e+001
      vertex   -2.516500e+002 6.900000e+001 2.350000e+001
      vertex   -2.532979e+002 6.408447e+001 2.350000e+001
    endloop
  endfacet
  facet normal 0.000000e+000 0.000000e+000 -9.423836e-001
    outer loop
      vertex   -2.532979e+002 6.408447e+001 2.350000e+001
      vertex   -2.516500e+002 6.900000e+001 2.350000e+001
      vertex   -2.531553e+002 6.397277e+001 2.350000e+001
    endloop
  endfacet
  facet normal 0.000000e+000 0.000000e+000 -8.802248e-001
    outer loop
      vertex   -2.531553e+002 6.397277e+001 2.350000e+001
      vertex   -2.516500e+002 6.900000e+001 2.350000e+001
      vertex   -2.530272e+002 6.384468e+001 2.350000e+001
    endloop
  endfacet
  facet normal 0.000000e+000 0.000000e+000 -7.989966e-001
    outer loop
      vertex   -2.530272e+002 6.384468e+001 2.350000e+001
      vertex   -2.516500e+002 6.900000e+001 2.350000e+001
      vertex   -2.529155e+002 6.370210e+001 2.350000e+001
    endloop
  endfacet
  facet normal 0.000000e+000 0.000000e+000 -7.019943e-001
    outer loop
      vertex   -2.529155e+002 6.370210e+001 2.350000e+001
      vertex   -2.516500e+002 6.900000e+001 2.350000e+001
      vertex   -2.528218e+002 6.354708e+001 2.350000e+001
    endloop
  endfacet
  facet normal 0.000000e+000 0.000000e+000 -5.928488e-001
    outer loop
      vertex   -2.528218e+002 6.354708e+001 2.350000e+001
      vertex   -2.516500e+002 6.900000e+001 2.350000e+001
      vertex   -2.527475e+002 6.338191e+001 2.350000e+001
    endloop
  endfacet
  facet normal 0.000000e+000 0.000000e+000 -4.750518e-001
    outer loop
      vertex   -2.527475e+002 6.338191e+001 2.350000e+001
      vertex   -2.516500e+002 6.900000e+001 2.350000e+001
      vertex   -2.526936e+002 6.320897e+001 2.350000e+001
    endloop
  endfacet
  facet normal 0.000000e+000 0.000000e+000 -3.518603e-001
    outer loop
      vertex   -2.526936e+002 6.320897e+001 2.350000e+001
      vertex   -2.516500e+002 6.900000e+001 2.350000e+001
      vertex   -2.526609e+002 6.303080e+001 2.350000e+001
    endloop
  endfacet
  facet normal 0.000000e+000 0.000000e+000 -2.262286e-001
    outer loop
      vertex   -2.526609e+002 6.303080e+001 2.350000e+001
      vertex   -2.516500e+002 6.900000e+001 2.350000e+001
      vertex   -2.526500e+002 6.285000e+001 2.350000e+001
    endloop
  endfacet
  facet normal 0.000000e+000 0.000000e+000 -3.168266e-001
    outer loop
      vertex   -2.526500e+002 6.285000e+001 2.350000e+001
      vertex   -2.516500e+002 6.900000e+001 2.350000e+001
      vertex   -2.516500e+002 5.670000e+001 2.350000e+001
    endloop
  endfacet
  facet normal 0.000000e+000 -0.000000e+000 -2.198175e-001
    outer loop
      vertex   -2.526500e+002 6.285000e+001 2.350000e+001
      vertex   -2.516500e+002 5.670000e+001 2.350000e+001
      vertex   -2.526609e+002 6.266919e+001 2.350000e+001
    endloop
  endfacet
  facet normal 0.000000e+000 -0.000000e+000 -3.419902e-001
    outer loop
      vertex   -2.526609e+002 6.266919e+001 2.350000e+001
      vertex   -2.516500e+002 5.670000e+001 2.350000e+001
      vertex   -2.526936e+002 6.249103e+001 2.350000e+001
    endloop
  endfacet
  facet normal 0.000000e+000 -0.000000e+000 -4.621328e-001
    outer loop
      vertex   -2.526936e+002 6.249103e+001 2.350000e+001
      vertex   -2.516500e+002 5.670000e+001 2.350000e+001
      vertex   -2.527475e+002 6.231809e+001 2.350000e+001
    endloop
  endfacet
  facet normal 0.000000e+000 -0.000000e+000 -5.776371e-001
    outer loop
      vertex   -2.527475e+002 6.231809e+001 2.350000e+001
      vertex   -2.516500e+002 5.670000e+001 2.350000e+001
      vertex   -2.528218e+002 6.215292e+001 2.350000e+001
    endloop
  endfacet
  facet normal 0.000000e+000 -0.000000e+000 -6.855752e-001
    outer loop
      vertex   -2.528218e+002 6.215292e+001 2.350000e+001
      vertex   -2.516500e+002 5.670000e+001 2.350000e+001
      vertex   -2.529155e+002 6.199790e+001 2.350000e+001
    endloop
  endfacet
  facet normal 0.000000e+000 -0.000000e+000 -7.827370e-001
    outer loop
      vertex   -2.529155e+002 6.199790e+001 2.350000e+001
      vertex   -2.516500e+002 5.670000e+001 2.350000e+001
      vertex   -2.530272e+002 6.185532e+001 2.350000e+001
    endloop
  endfacet
  facet normal 0.000000e+000 -0.000000e+000 -8.656523e-001
    outer loop
      vertex   -2.530272e+002 6.185532e+001 2.350000e+001
      vertex   -2.516500e+002 5.670000e+001 2.350000e+001
      vertex   -2.531553e+002 6.172723e+001 2.350000e+001
    endloop
  endfacet
  facet normal 0.000000e+000 -0.000000e+000 -9.309978e-001
    outer loop
      vertex   -2.531553e+002 6.172723e+001 2.350000e+001
      vertex   -2.516500e+002 5.670000e+001 2.350000e+001
      vertex   -2.532979e+002 6.161552e+001 2.350000e+001
    endloop
  endfacet
  facet normal 0.000000e+000 -0.000000e+000 -9.758403e-001
    outer loop
      vertex   -2.532979e+002 6.161552e+001 2.350000e+001
      vertex   -2.516500e+002 5.670000e+001 2.350000e+001
      vertex   -2.534529e+002 6.152182e+001 2.350000e+001
    endloop
  endfacet
  facet normal 0.000000e+000 -0.000000e+000 -9.978819e-001
    outer loop
      vertex   -2.534529e+002 6.152182e+001 2.350000e+001
      vertex   -2.516500e+002 5.670000e+001 2.350000e+001
      vertex   -2.536181e+002 6.144748e+001 2.350000e+001
    endloop
  endfacet
  facet normal 0.000000e+000 -0.000000e+000 -9.958677e-001
    outer loop
      vertex   -2.536181e+002 6.144748e+001 2.350000e+001
      vertex   -2.516500e+002 5.670000e+001 2.350000e+001
      vertex   -2.537910e+002 6.139359e+001 2.350000e+001
    endloop
  endfacet
  facet normal 0.000000e+000 -0.000000e+000 -9.697245e-001
    outer loop
      vertex   -2.537910e+002 6.139359e+001 2.350000e+001
      vertex   -2.516500e+002 5.670000e+001 2.350000e+001
      vertex   -2.539692e+002 6.136094e+001 2.350000e+001
    endloop
  endfacet
  facet normal 0.000000e+000 -0.000000e+000 -9.205559e-001
    outer loop
      vertex   -2.539692e+002 6.136094e+001 2.350000e+001
      vertex   -2.516500e+002 5.670000e+001 2.350000e+001
      vertex   -2.541500e+002 6.135000e+001 2.350000e+001
    endloop
  endfacet
  facet normal 0.000000e+000 -0.000000e+000 -8.341557e-001
    outer loop
      vertex   -2.541500e+002 6.135000e+001 2.350000e+001
      vertex   -2.516500e+002 5.670000e+001 2.350000e+001
      vertex   -2.566500e+002 5.670000e+001 2.350000e+001
    endloop
  endfacet
  facet normal -0.000000e+000 0.000000e+000 -9.077578e-001
    outer loop
      vertex   -2.541500e+002 6.135000e+001 2.350000e+001
      vertex   -2.566500e+002 5.670000e+001 2.350000e+001
      vertex   -2.543308e+002 6.136094e+001 2.350000e+001
    endloop
  endfacet
  facet normal -0.000000e+000 0.000000e+000 -9.609340e-001
    outer loop
      vertex   -2.543308e+002 6.136094e+001 2.350000e+001
      vertex   -2.566500e+002 5.670000e+001 2.350000e+001
      vertex   -2.545090e+002 6.139359e+001 2.350000e+001
    endloop
  endfacet
  facet normal -0.000000e+000 0.000000e+000 -9.920866e-001
    outer loop
      vertex   -2.545090e+002 6.139359e+001 2.350000e+001
      vertex   -2.566500e+002 5.670000e+001 2.350000e+001
      vertex   -2.546819e+002 6.144748e+001 2.350000e+001
    endloop
  endfacet
  facet normal -0.000000e+000 0.000000e+000 -9.995534e-001
    outer loop
      vertex   -2.546819e+002 6.144748e+001 2.350000e+001
      vertex   -2.566500e+002 5.670000e+001 2.350000e+001
      vertex   -2.548471e+002 6.152182e+001 2.350000e+001
    endloop
  endfacet
  facet normal -0.000000e+000 0.000000e+000 -9.827584e-001
    outer loop
      vertex   -2.548471e+002 6.152182e+001 2.350000e+001
      vertex   -2.566500e+002 5.670000e+001 2.350000e+001
      vertex   -2.550021e+002 6.161552e+001 2.350000e+001
    endloop
  endfacet
  facet normal -0.000000e+000 0.000000e+000 -9.423955e-001
    outer loop
      vertex   -2.550021e+002 6.161552e+001 2.350000e+001
      vertex   -2.566500e+002 5.670000e+001 2.350000e+001
      vertex   -2.551447e+002 6.172723e+001 2.350000e+001
    endloop
  endfacet
  facet normal -0.000000e+000 0.000000e+000 -8.802235e-001
    outer loop
      vertex   -2.551447e+002 6.172723e+001 2.350000e+001
      vertex   -2.566500e+002 5.670000e+001 2.350000e+001
      vertex   -2.552728e+002 6.185532e+001 2.350000e+001
    endloop
  endfacet
  facet normal -0.000000e+000 0.000000e+000 -7.989950e-001
    outer loop
      vertex   -2.552728e+002 6.185532e+001 2.350000e+001
      vertex   -2.566500e+002 5.670000e+001 2.350000e+001
      vertex   -2.553845e+002 6.199790e+001 2.350000e+001
    endloop
  endfacet
  facet normal -0.000000e+000 0.000000e+000 -7.019924e-001
    outer loop
      vertex   -2.553845e+002 6.199790e+001 2.350000e+001
      vertex   -2.566500e+002 5.670000e+001 2.350000e+001
      vertex   -2.554782e+002 6.215292e+001 2.350000e+001
    endloop
  endfacet
  facet normal -0.000000e+000 0.000000e+000 -5.928466e-001
    outer loop
      vertex   -2.554782e+002 6.215292e+001 2.350000e+001
      vertex   -2.566500e+002 5.670000e+001 2.350000e+001
      vertex   -2.555525e+002 6.231809e+001 2.350000e+001
    endloop
  endfacet
  facet normal -0.000000e+000 0.000000e+000 -4.750495e-001
    outer loop
      vertex   -2.555525e+002 6.231809e+001 2.350000e+001
      vertex   -2.566500e+002 5.670000e+001 2.350000e+001
      vertex   -2.556064e+002 6.249103e+001 2.350000e+001
    endloop
  endfacet
  facet normal -0.000000e+000 0.000000e+000 -3.518614e-001
    outer loop
      vertex   -2.556064e+002 6.249103e+001 2.350000e+001
      vertex   -2.566500e+002 5.670000e+001 2.350000e+001
      vertex   -2.556391e+002 6.266919e+001 2.350000e+001
    endloop
  endfacet
  facet normal -0.000000e+000 0.000000e+000 -2.261443e-001
    outer loop
      vertex   -2.556391e+002 6.266919e+001 2.350000e+001
      vertex   -2.566500e+002 5.670000e+001 2.350000e+001
      vertex   -2.556500e+002 6.285000e+001 2.350000e+001
    endloop
  endfacet
  facet normal -0.000000e+000 0.000000e+000 -3.168266e-001
    outer loop
      vertex   -2.556500e+002 6.285000e+001 2.350000e+001
      vertex   -2.566500e+002 5.670000e+001 2.350000e+001
      vertex   -2.566500e+002 6.900000e+001 2.350000e+001
    endloop
  endfacet
  facet normal 0.000000e+000 0.000000e+000 -2.197354e-001
    outer loop
      vertex   -2.556500e+002 6.285000e+001 2.350000e+001
      vertex   -2.566500e+002 6.900000e+001 2.350000e+001
      vertex   -2.556391e+002 6.303080e+001 2.350000e+001
    endloop
  endfacet
  facet normal 0.000000e+000 0.000000e+000 -3.419842e-001
    outer loop
      vertex   -2.556391e+002 6.303080e+001 2.350000e+001
      vertex   -2.566500e+002 6.900000e+001 2.350000e+001
      vertex   -2.556064e+002 6.320897e+001 2.350000e+001
    endloop
  endfacet
  facet normal 0.000000e+000 0.000000e+000 -4.621305e-001
    outer loop
      vertex   -2.556064e+002 6.320897e+001 2.350000e+001
      vertex   -2.566500e+002 6.900000e+001 2.350000e+001
      vertex   -2.555525e+002 6.338191e+001 2.350000e+001
    endloop
  endfacet
  facet normal 0.000000e+000 0.000000e+000 -5.776349e-001
    outer loop
      vertex   -2.555525e+002 6.338191e+001 2.350000e+001
      vertex   -2.566500e+002 6.900000e+001 2.350000e+001
      vertex   -2.554782e+002 6.354708e+001 2.350000e+001
    endloop
  endfacet
  facet normal 0.000000e+000 0.000000e+000 -6.855733e-001
    outer loop
      vertex   -2.554782e+002 6.354708e+001 2.350000e+001
      vertex   -2.566500e+002 6.900000e+001 2.350000e+001
      vertex   -2.553845e+002 6.370210e+001 2.350000e+001
    endloop
  endfacet
  facet normal 0.000000e+000 0.000000e+000 -7.827353e-001
    outer loop
      vertex   -2.553845e+002 6.370210e+001 2.350000e+001
      vertex   -2.566500e+002 6.900000e+001 2.350000e+001
      vertex   -2.552728e+002 6.384468e+001 2.350000e+001
    endloop
  endfacet
  facet normal 0.000000e+000 0.000000e+000 -8.656510e-001
    outer loop
      vertex   -2.552728e+002 6.384468e+001 2.350000e+001
      vertex   -2.566500e+002 6.900000e+001 2.350000e+001
      vertex   -2.551447e+002 6.397277e+001 2.350000e+001
    endloop
  endfacet
  facet normal 0.000000e+000 0.000000e+000 -9.310217e-001
    outer loop
      vertex   -2.551447e+002 6.397277e+001 2.350000e+001
      vertex   -2.566500e+002 6.900000e+001 2.350000e+001
      vertex   -2.550021e+002 6.408447e+001 2.350000e+001
    endloop
  endfacet
  facet normal 0.000000e+000 0.000000e+000 -9.758268e-001
    outer loop
      vertex   -2.550021e+002 6.408447e+001 2.350000e+001
      vertex   -2.566500e+002 6.900000e+001 2.350000e+001
      vertex   -2.548471e+002 6.417818e+001 2.350000e+001
    endloop
  endfacet
  facet normal 0.000000e+000 0.000000e+000 -9.978839e-001
    outer loop
      vertex   -2.548471e+002 6.417818e+001 2.350000e+001
      vertex   -2.566500e+002 6.900000e+001 2.350000e+001
      vertex   -2.546819e+002 6.425253e+001 2.350000e+001
    endloop
  endfacet
  facet normal 0.000000e+000 0.000000e+000 -9.958701e-001
    outer loop
      vertex   -2.546819e+002 6.425253e+001 2.350000e+001
      vertex   -2.566500e+002 6.900000e+001 2.350000e+001
      vertex   -2.545090e+002 6.430641e+001 2.350000e+001
    endloop
  endfacet
  facet normal 0.000000e+000 0.000000e+000 -9.697251e-001
    outer loop
      vertex   -2.545090e+002 6.430641e+001 2.350000e+001
      vertex   -2.566500e+002 6.900000e+001 2.350000e+001
      vertex   -2.543308e+002 6.433907e+001 2.350000e+001
    endloop
  endfacet
  facet normal 0.000000e+000 -0.000000e+000 9.205478e-001
    outer loop
      vertex   -2.539692e+002 6.433907e+001 2.770000e+001
      vertex   -2.516500e+002 6.900000e+001 2.770000e+001
      vertex   -2.541500e+002 6.435000e+001 2.770000e+001
    endloop
  endfacet
  facet normal 0.000000e+000 -0.000000e+000 8.341554e-001
    outer loop
      vertex   -2.541500e+002 6.435000e+001 2.770000e+001
      vertex   -2.516500e+002 6.900000e+001 2.770000e+001
      vertex   -2.566500e+002 6.900000e+001 2.770000e+001
    endloop
  endfacet
  facet normal 0.000000e+000 0.000000e+000 9.077492e-001
    outer loop
      vertex   -2.541500e+002 6.435000e+001 2.770000e+001
      vertex   -2.566500e+002 6.900000e+001 2.770000e+001
      vertex   -2.543308e+002 6.433907e+001 2.770000e+001
    endloop
  endfacet
  facet normal 0.000000e+000 0.000000e+000 9.609340e-001
    outer loop
      vertex   -2.543308e+002 6.433907e+001 2.770000e+001
      vertex   -2.566500e+002 6.900000e+001 2.770000e+001
      vertex   -2.545090e+002 6.430641e+001 2.770000e+001
    endloop
  endfacet
  facet normal 0.000000e+000 0.000000e+000 9.920866e-001
    outer loop
      vertex   -2.545090e+002 6.430641e+001 2.770000e+001
      vertex   -2.566500e+002 6.900000e+001 2.770000e+001
      vertex   -2.546819e+002 6.425253e+001 2.770000e+001
    endloop
  endfacet
  facet normal 0.000000e+000 0.000000e+000 9.995534e-001
    outer loop
      vertex   -2.546819e+002 6.425253e+001 2.770000e+001
      vertex   -2.566500e+002 6.900000e+001 2.770000e+001
      vertex   -2.548471e+002 6.417818e+001 2.770000e+001
    endloop
  endfacet
  facet normal 0.000000e+000 0.000000e+000 9.827551e-001
    outer loop
      vertex   -2.548471e+002 6.417818e+001 2.770000e+001
      vertex   -2.566500e+002 6.900000e+001 2.770000e+001
      vertex   -2.550021e+002 6.408447e+001 2.770000e+001
    endloop
  endfacet
  facet normal 0.000000e+000 0.000000e+000 9.424010e-001
    outer loop
      vertex   -2.550021e+002 6.408447e+001 2.770000e+001
      vertex   -2.566500e+002 6.900000e+001 2.770000e+001
      vertex   -2.551447e+002 6.397277e+001 2.770000e+001
    endloop
  endfacet
  facet normal 0.000000e+000 0.000000e+000 8.802235e-001
    outer loop
      vertex   -2.551447e+002 6.397277e+001 2.770000e+001
      vertex   -2.566500e+002 6.900000e+001 2.770000e+001
      vertex   -2.552728e+002 6.384468e+001 2.770000e+001
    endloop
  endfacet
  facet normal 0.000000e+000 0.000000e+000 7.989950e-001
    outer loop
      vertex   -2.552728e+002 6.384468e+001 2.770000e+001
      vertex   -2.566500e+002 6.900000e+001 2.770000e+001
      vertex   -2.553845e+002 6.370210e+001 2.770000e+001
    endloop
  endfacet
  facet normal 0.000000e+000 0.000000e+000 7.019924e-001
    outer loop
      vertex   -2.553845e+002 6.370210e+001 2.770000e+001
      vertex   -2.566500e+002 6.900000e+001 2.770000e+001
      vertex   -2.554782e+002 6.354708e+001 2.770000e+001
    endloop
  endfacet
  facet normal 0.000000e+000 0.000000e+000 5.928466e-001
    outer loop
      vertex   -2.554782e+002 6.354708e+001 2.770000e+001
      vertex   -2.566500e+002 6.900000e+001 2.770000e+001
      vertex   -2.555525e+002 6.338191e+001 2.770000e+001
    endloop
  endfacet
  facet normal 0.000000e+000 0.000000e+000 4.750495e-001
    outer loop
      vertex   -2.555525e+002 6.338191e+001 2.770000e+001
      vertex   -2.566500e+002 6.900000e+001 2.770000e+001
      vertex   -2.556064e+002 6.320897e+001 2.770000e+001
    endloop
  endfacet
  facet normal 0.000000e+000 0.000000e+000 3.518579e-001
    outer loop
      vertex   -2.556064e+002 6.320897e+001 2.770000e+001
      vertex   -2.566500e+002 6.900000e+001 2.770000e+001
      vertex   -2.556391e+002 6.303080e+001 2.770000e+001
    endloop
  endfacet
  facet normal 0.000000e+000 0.000000e+000 2.261442e-001
    outer loop
      vertex   -2.556391e+002 6.303080e+001 2.770000e+001
      vertex   -2.566500e+002 6.900000e+001 2.770000e+001
      vertex   -2.556500e+002 6.285000e+001 2.770000e+001
    endloop
  endfacet
  facet normal 0.000000e+000 0.000000e+000 3.168266e-001
    outer loop
      vertex   -2.556500e+002 6.285000e+001 2.770000e+001
      vertex   -2.566500e+002 6.900000e+001 2.770000e+001
      vertex   -2.566500e+002 5.670000e+001 2.770000e+001
    endloop
  endfacet
  facet normal 0.000000e+000 0.000000e+000 2.197355e-001
    outer loop
      vertex   -2.556500e+002 6.285000e+001 2.770000e+001
      vertex   -2.566500e+002 5.670000e+001 2.770000e+001
      vertex   -2.556391e+002 6.266919e+001 2.770000e+001
    endloop
  endfacet
  facet normal 0.000000e+000 0.000000e+000 3.419879e-001
    outer loop
      vertex   -2.556391e+002 6.266919e+001 2.770000e+001
      vertex   -2.566500e+002 5.670000e+001 2.770000e+001
      vertex   -2.556064e+002 6.249103e+001 2.770000e+001
    endloop
  endfacet
  facet normal 0.000000e+000 0.000000e+000 4.621305e-001
    outer loop
      vertex   -2.556064e+002 6.249103e+001 2.770000e+001
      vertex   -2.566500e+002 5.670000e+001 2.770000e+001
      vertex   -2.555525e+002 6.231809e+001 2.770000e+001
    endloop
  endfacet
  facet normal 0.000000e+000 0.000000e+000 5.776349e-001
    outer loop
      vertex   -2.555525e+002 6.231809e+001 2.770000e+001
      vertex   -2.566500e+002 5.670000e+001 2.770000e+001
      vertex   -2.554782e+002 6.215292e+001 2.770000e+001
    endloop
  endfacet
  facet normal 0.000000e+000 0.000000e+000 6.855733e-001
    outer loop
      vertex   -2.554782e+002 6.215292e+001 2.770000e+001
      vertex   -2.566500e+002 5.670000e+001 2.770000e+001
      vertex   -2.553845e+002 6.199790e+001 2.770000e+001
    endloop
  endfacet
  facet normal 0.000000e+000 0.000000e+000 7.827353e-001
    outer loop
      vertex   -2.553845e+002 6.199790e+001 2.770000e+001
      vertex   -2.566500e+002 5.670000e+001 2.770000e+001
      vertex   -2.552728e+002 6.185532e+001 2.770000e+001
    endloop
  endfacet
  facet normal 0.000000e+000 0.000000e+000 8.656510e-001
    outer loop
      vertex   -2.552728e+002 6.185532e+001 2.770000e+001
      vertex   -2.566500e+002 5.670000e+001 2.770000e+001
      vertex   -2.551447e+002 6.172723e+001 2.770000e+001
    endloop
  endfacet
  facet normal 0.000000e+000 0.000000e+000 9.310157e-001
    outer loop
      vertex   -2.551447e+002 6.172723e+001 2.770000e+001
      vertex   -2.566500e+002 5.670000e+001 2.770000e+001
      vertex   -2.550021e+002 6.161552e+001 2.770000e+001
    endloop
  endfacet
  facet normal 0.000000e+000 0.000000e+000 9.758308e-001
    outer loop
      vertex   -2.550021e+002 6.161552e+001 2.770000e+001
      vertex   -2.566500e+002 5.670000e+001 2.770000e+001
      vertex   -2.548471e+002 6.152182e+001 2.770000e+001
    endloop
  endfacet
  facet normal 0.000000e+000 0.000000e+000 9.978839e-001
    outer loop
      vertex   -2.548471e+002 6.152182e+001 2.770000e+001
      vertex   -2.566500e+002 5.670000e+001 2.770000e+001
      vertex   -2.546819e+002 6.144748e+001 2.770000e+001
    endloop
  endfacet
  facet normal 0.000000e+000 0.000000e+000 9.958701e-001
    outer loop
      vertex   -2.546819e+002 6.144748e+001 2.770000e+001
      vertex   -2.566500e+002 5.670000e+001 2.770000e+001
      vertex   -2.545090e+002 6.139359e+001 2.770000e+001
    endloop
  endfacet
  facet normal 0.000000e+000 0.000000e+000 9.697251e-001
    outer loop
      vertex   -2.545090e+002 6.139359e+001 2.770000e+001
      vertex   -2.566500e+002 5.670000e+001 2.770000e+001
      vertex   -2.543308e+002 6.136094e+001 2.770000e+001
    endloop
  endfacet
  facet normal 0.000000e+000 0.000000e+000 9.205550e-001
    outer loop
      vertex   -2.543308e+002 6.136094e+001 2.770000e+001
      vertex   -2.566500e+002 5.670000e+001 2.770000e+001
      vertex   -2.541500e+002 6.135000e+001 2.770000e+001
    endloop
  endfacet
  facet normal 0.000000e+000 0.000000e+000 8.341557e-001
    outer loop
      vertex   -2.541500e+002 6.135000e+001 2.770000e+001
      vertex   -2.566500e+002 5.670000e+001 2.770000e+001
      vertex   -2.516500e+002 5.670000e+001 2.770000e+001
    endloop
  endfacet
  facet normal -0.000000e+000 0.000000e+000 9.077600e-001
    outer loop
      vertex   -2.541500e+002 6.135000e+001 2.770000e+001
      vertex   -2.516500e+002 5.670000e+001 2.770000e+001
      vertex   -2.539692e+002 6.136094e+001 2.770000e+001
    endloop
  endfacet
  facet normal -0.000000e+000 0.000000e+000 9.609333e-001
    outer loop
      vertex   -2.539692e+002 6.136094e+001 2.770000e+001
      vertex   -2.516500e+002 5.670000e+001 2.770000e+001
      vertex   -2.537910e+002 6.139359e+001 2.770000e+001
    endloop
  endfacet
  facet normal -0.000000e+000 0.000000e+000 9.920831e-001
    outer loop
      vertex   -2.537910e+002 6.139359e+001 2.770000e+001
      vertex   -2.516500e+002 5.670000e+001 2.770000e+001
      vertex   -2.536181e+002 6.144748e+001 2.770000e+001
    endloop
  endfacet
  facet normal -0.000000e+000 0.000000e+000 9.995524e-001
    outer loop
      vertex   -2.536181e+002 6.144748e+001 2.770000e+001
      vertex   -2.516500e+002 5.670000e+001 2.770000e+001
      vertex   -2.534529e+002 6.152182e+001 2.770000e+001
    endloop
  endfacet
  facet normal -0.000000e+000 0.000000e+000 9.827669e-001
    outer loop
      vertex   -2.534529e+002 6.152182e+001 2.770000e+001
      vertex   -2.516500e+002 5.670000e+001 2.770000e+001
      vertex   -2.532979e+002 6.161552e+001 2.770000e+001
    endloop
  endfacet
  facet normal -0.000000e+000 0.000000e+000 9.423782e-001
    outer loop
      vertex   -2.532979e+002 6.161552e+001 2.770000e+001
      vertex   -2.516500e+002 5.670000e+001 2.770000e+001
      vertex   -2.531553e+002 6.172723e+001 2.770000e+001
    endloop
  endfacet
  facet normal -0.000000e+000 0.000000e+000 8.802248e-001
    outer loop
      vertex   -2.531553e+002 6.172723e+001 2.770000e+001
      vertex   -2.516500e+002 5.670000e+001 2.770000e+001
      vertex   -2.530272e+002 6.185532e+001 2.770000e+001
    endloop
  endfacet
  facet normal -0.000000e+000 0.000000e+000 7.989966e-001
    outer loop
      vertex   -2.530272e+002 6.185532e+001 2.770000e+001
      vertex   -2.516500e+002 5.670000e+001 2.770000e+001
      vertex   -2.529155e+002 6.199790e+001 2.770000e+001
    endloop
  endfacet
  facet normal -0.000000e+000 0.000000e+000 7.019943e-001
    outer loop
      vertex   -2.529155e+002 6.199790e+001 2.770000e+001
      vertex   -2.516500e+002 5.670000e+001 2.770000e+001
      vertex   -2.528218e+002 6.215292e+001 2.770000e+001
    endloop
  endfacet
  facet normal -0.000000e+000 0.000000e+000 5.928488e-001
    outer loop
      vertex   -2.528218e+002 6.215292e+001 2.770000e+001
      vertex   -2.516500e+002 5.670000e+001 2.770000e+001
      vertex   -2.527475e+002 6.231809e+001 2.770000e+001
    endloop
  endfacet
  facet normal -0.000000e+000 0.000000e+000 4.750518e-001
    outer loop
      vertex   -2.527475e+002 6.231809e+001 2.770000e+001
      vertex   -2.516500e+002 5.670000e+001 2.770000e+001
      vertex   -2.526936e+002 6.249103e+001 2.770000e+001
    endloop
  endfacet
  facet normal -0.000000e+000 0.000000e+000 3.518638e-001
    outer loop
      vertex   -2.526936e+002 6.249103e+001 2.770000e+001
      vertex   -2.516500e+002 5.670000e+001 2.770000e+001
      vertex   -2.526609e+002 6.266919e+001 2.770000e+001
    endloop
  endfacet
  facet normal -0.000000e+000 0.000000e+000 2.262287e-001
    outer loop
      vertex   -2.526609e+002 6.266919e+001 2.770000e+001
      vertex   -2.516500e+002 5.670000e+001 2.770000e+001
      vertex   -2.526500e+002 6.285000e+001 2.770000e+001
    endloop
  endfacet
  facet normal -0.000000e+000 0.000000e+000 3.168266e-001
    outer loop
      vertex   -2.526500e+002 6.285000e+001 2.770000e+001
      vertex   -2.516500e+002 5.670000e+001 2.770000e+001
      vertex   -2.516500e+002 6.900000e+001 2.770000e+001
    endloop
  endfacet
  facet normal 0.000000e+000 -0.000000e+000 2.198175e-001
    outer loop
      vertex   -2.526500e+002 6.285000e+001 2.770000e+001
      vertex   -2.516500e+002 6.900000e+001 2.770000e+001
      vertex   -2.526609e+002 6.303080e+001 2.770000e+001
    endloop
  endfacet
  facet normal 0.000000e+000 -0.000000e+000 3.419866e-001
    outer loop
      vertex   -2.526609e+002 6.303080e+001 2.770000e+001
      vertex   -2.516500e+002 6.900000e+001 2.770000e+001
      vertex   -2.526936e+002 6.320897e+001 2.770000e+001
    endloop
  endfacet
  facet normal 0.000000e+000 -0.000000e+000 4.621328e-001
    outer loop
      vertex   -2.526936e+002 6.320897e+001 2.770000e+001
      vertex   -2.516500e+002 6.900000e+001 2.770000e+001
      vertex   -2.527475e+002 6.338191e+001 2.770000e+001
    endloop
  endfacet
  facet normal 0.000000e+000 -0.000000e+000 5.776371e-001
    outer loop
      vertex   -2.527475e+002 6.338191e+001 2.770000e+001
      vertex   -2.516500e+002 6.900000e+001 2.770000e+001
      vertex   -2.528218e+002 6.354708e+001 2.770000e+001
    endloop
  endfacet
  facet normal 0.000000e+000 -0.000000e+000 6.855752e-001
    outer loop
      vertex   -2.528218e+002 6.354708e+001 2.770000e+001
      vertex   -2.516500e+002 6.900000e+001 2.770000e+001
      vertex   -2.529155e+002 6.370210e+001 2.770000e+001
    endloop
  endfacet
  facet normal 0.000000e+000 -0.000000e+000 7.827370e-001
    outer loop
      vertex   -2.529155e+002 6.370210e+001 2.770000e+001
      vertex   -2.516500e+002 6.900000e+001 2.770000e+001
      vertex   -2.530272e+002 6.384468e+001 2.770000e+001
    endloop
  endfacet
  facet normal 0.000000e+000 -0.000000e+000 8.656523e-001
    outer loop
      vertex   -2.530272e+002 6.384468e+001 2.770000e+001
      vertex   -2.516500e+002 6.900000e+001 2.770000e+001
      vertex   -2.531553e+002 6.397277e+001 2.770000e+001
    endloop
  endfacet
  facet normal 0.000000e+000 -0.000000e+000 9.310038e-001
    outer loop
      vertex   -2.531553e+002 6.397277e+001 2.770000e+001
      vertex   -2.516500e+002 6.900000e+001 2.770000e+001
      vertex   -2.532979e+002 6.408447e+001 2.770000e+001
    endloop
  endfacet
  facet normal 0.000000e+000 -0.000000e+000 9.758363e-001
    outer loop
      vertex   -2.532979e+002 6.408447e+001 2.770000e+001
      vertex   -2.516500e+002 6.900000e+001 2.770000e+001
      vertex   -2.534529e+002 6.417818e+001 2.770000e+001
    endloop
  endfacet
  facet normal 0.000000e+000 -0.000000e+000 9.978819e-001
    outer loop
      vertex   -2.534529e+002 6.417818e+001 2.770000e+001
      vertex   -2.516500e+002 6.900000e+001 2.770000e+001
      vertex   -2.536181e+002 6.425253e+001 2.770000e+001
    endloop
  endfacet
  facet normal 0.000000e+000 -0.000000e+000 9.958677e-001
    outer loop
      vertex   -2.536181e+002 6.425253e+001 2.770000e+001
      vertex   -2.516500e+002 6.900000e+001 2.770000e+001
      vertex   -2.537910e+002 6.430641e+001 2.770000e+001
    endloop
  endfacet
  facet normal 0.000000e+000 -0.000000e+000 9.697245e-001
    outer loop
      vertex   -2.537910e+002 6.430641e+001 2.770000e+001
      vertex   -2.516500e+002 6.900000e+001 2.770000e+001
      vertex   -2.539692e+002 6.433907e+001 2.770000e+001
    endloop
  endfacet
  facet normal -1.000000e+000 -0.000000e+000 -0.000000e+000
    outer loop
      vertex   -2.843500e+002 6.900000e+001 2.770000e+001
      vertex   -2.843500e+002 6.900000e+001 2.350000e+001
      vertex   -2.843500e+002 5.670000e+001 2.770000e+001
    endloop
  endfacet
  facet normal -9.463499e-001 0.000000e+000 0.000000e+000
    outer loop
      vertex   -2.843500e+002 5.670000e+001 2.770000e+001
      vertex   -2.843500e+002 6.900000e+001 2.350000e+001
      vertex   -2.843500e+002 5.670000e+001 2.350000e+001
    endloop
  endfacet
  facet normal 1.000000e+000 -0.000000e+000 0.000000e+000
    outer loop
      vertex   -2.793500e+002 5.670000e+001 2.770000e+001
      vertex   -2.793500e+002 5.670000e+001 2.350000e+001
      vertex   -2.793500e+002 6.900000e+001 2.770000e+001
    endloop
  endfacet
  facet normal 9.463499e-001 0.000000e+000 0.000000e+000
    outer loop
      vertex   -2.793500e+002 6.900000e+001 2.770000e+001
      vertex   -2.793500e+002 5.670000e+001 2.350000e+001
      vertex   -2.793500e+002 6.900000e+001 2.350000e+001
    endloop
  endfacet
  facet normal 0.000000e+000 -1.000000e+000 0.000000e+000
    outer loop
      vertex   -2.793500e+002 5.670000e+001 2.350000e+001
      vertex   -2.793500e+002 5.670000e+001 2.770000e+001
      vertex   -2.843500e+002 5.670000e+001 2.350000e+001
    endloop
  endfacet
  facet normal 0.000000e+000 -7.657048e-001 0.000000e+000
    outer loop
      vertex   -2.843500e+002 5.670000e+001 2.350000e+001
      vertex   -2.793500e+002 5.670000e+001 2.770000e+001
      vertex   -2.843500e+002 5.670000e+001 2.770000e+001
    endloop
  endfacet
  facet normal 0.000000e+000 -0.000000e+000 -9.205550e-001
    outer loop
      vertex   -2.816692e+002 6.136094e+001 2.350000e+001
      vertex   -2.793500e+002 5.670000e+001 2.350000e+001
      vertex   -2.818500e+002 6.135000e+001 2.350000e+001
    endloop
  endfacet
  facet normal 0.000000e+000 -0.000000e+000 -8.341557e-001
    outer loop
      vertex   -2.818500e+002 6.135000e+001 2.350000e+001
      vertex   -2.793500e+002 5.670000e+001 2.350000e+001
      vertex   -2.843500e+002 5.670000e+001 2.350000e+001
    endloop
  endfacet
  facet normal -0.000000e+000 0.000000e+000 -9.077621e-001
    outer loop
      vertex   -2.818500e+002 6.135000e+001 2.350000e+001
      vertex   -2.843500e+002 5.670000e+001 2.350000e+001
      vertex   -2.820308e+002 6.136094e+001 2.350000e+001
    endloop
  endfacet
  facet normal -0.000000e+000 0.000000e+000 -9.609242e-001
    outer loop
      vertex   -2.820308e+002 6.136094e+001 2.350000e+001
      vertex   -2.843500e+002 5.670000e+001 2.350000e+001
      vertex   -2.822090e+002 6.139359e+001 2.350000e+001
    endloop
  endfacet
  facet normal -0.000000e+000 0.000000e+000 -9.920897e-001
    outer loop
      vertex   -2.822090e+002 6.139359e+001 2.350000e+001
      vertex   -2.843500e+002 5.670000e+001 2.350000e+001
      vertex   -2.823819e+002 6.144748e+001 2.350000e+001
    endloop
  endfacet
  facet normal -0.000000e+000 0.000000e+000 -9.995536e-001
    outer loop
      vertex   -2.823819e+002 6.144748e+001 2.350000e+001
      vertex   -2.843500e+002 5.670000e+001 2.350000e+001
      vertex   -2.825471e+002 6.152182e+001 2.350000e+001
    endloop
  endfacet
  facet normal -0.000000e+000 0.000000e+000 -9.827589e-001
    outer loop
      vertex   -2.825471e+002 6.152182e+001 2.350000e+001
      vertex   -2.843500e+002 5.670000e+001 2.350000e+001
      vertex   -2.827021e+002 6.161552e+001 2.350000e+001
    endloop
  endfacet
  facet normal -0.000000e+000 0.000000e+000 -9.424138e-001
    outer loop
      vertex   -2.827021e+002 6.161552e+001 2.350000e+001
      vertex   -2.843500e+002 5.670000e+001 2.350000e+001
      vertex   -2.828447e+002 6.172723e+001 2.350000e+001
    endloop
  endfacet
  facet normal -0.000000e+000 0.000000e+000 -8.802235e-001
    outer loop
      vertex   -2.828447e+002 6.172723e+001 2.350000e+001
      vertex   -2.843500e+002 5.670000e+001 2.350000e+001
      vertex   -2.829728e+002 6.185532e+001 2.350000e+001
    endloop
  endfacet
  facet normal -0.000000e+000 0.000000e+000 -7.989551e-001
    outer loop
      vertex   -2.829728e+002 6.185532e+001 2.350000e+001
      vertex   -2.843500e+002 5.670000e+001 2.350000e+001
      vertex   -2.830845e+002 6.199790e+001 2.350000e+001
    endloop
  endfacet
  facet normal -0.000000e+000 0.000000e+000 -7.020457e-001
    outer loop
      vertex   -2.830845e+002 6.199790e+001 2.350000e+001
      vertex   -2.843500e+002 5.670000e+001 2.350000e+001
      vertex   -2.831782e+002 6.215292e+001 2.350000e+001
    endloop
  endfacet
  facet normal -0.000000e+000 0.000000e+000 -5.928466e-001
    outer loop
      vertex   -2.831782e+002 6.215292e+001 2.350000e+001
      vertex   -2.843500e+002 5.670000e+001 2.350000e+001
      vertex   -2.832525e+002 6.231809e+001 2.350000e+001
    endloop
  endfacet
  facet normal -0.000000e+000 0.000000e+000 -4.750495e-001
    outer loop
      vertex   -2.832525e+002 6.231809e+001 2.350000e+001
      vertex   -2.843500e+002 5.670000e+001 2.350000e+001
      vertex   -2.833064e+002 6.249103e+001 2.350000e+001
    endloop
  endfacet
  facet normal -0.000000e+000 0.000000e+000 -3.517063e-001
    outer loop
      vertex   -2.833064e+002 6.249103e+001 2.350000e+001
      vertex   -2.843500e+002 5.670000e+001 2.350000e+001
      vertex   -2.833391e+002 6.266919e+001 2.350000e+001
    endloop
  endfacet
  facet normal -0.000000e+000 0.000000e+000 -2.263130e-001
    outer loop
      vertex   -2.833391e+002 6.266919e+001 2.350000e+001
      vertex   -2.843500e+002 5.670000e+001 2.350000e+001
      vertex   -2.833500e+002 6.285000e+001 2.350000e+001
    endloop
  endfacet
  facet normal -0.000000e+000 0.000000e+000 -3.168266e-001
    outer loop
      vertex   -2.833500e+002 6.285000e+001 2.350000e+001
      vertex   -2.843500e+002 5.670000e+001 2.350000e+001
      vertex   -2.843500e+002 6.900000e+001 2.350000e+001
    endloop
  endfacet
  facet normal 0.000000e+000 0.000000e+000 -2.198995e-001
    outer loop
      vertex   -2.833500e+002 6.285000e+001 2.350000e+001
      vertex   -2.843500e+002 6.900000e+001 2.350000e+001
      vertex   -2.833391e+002 6.303080e+001 2.350000e+001
    endloop
  endfacet
  facet normal 0.000000e+000 0.000000e+000 -3.418332e-001
    outer loop
      vertex   -2.833391e+002 6.303080e+001 2.350000e+001
      vertex   -2.843500e+002 6.900000e+001 2.350000e+001
      vertex   -2.833064e+002 6.320897e+001 2.350000e+001
    endloop
  endfacet
  facet normal 0.000000e+000 0.000000e+000 -4.621305e-001
    outer loop
      vertex   -2.833064e+002 6.320897e+001 2.350000e+001
      vertex   -2.843500e+002 6.900000e+001 2.350000e+001
      vertex   -2.832525e+002 6.338191e+001 2.350000e+001
    endloop
  endfacet
  facet normal 0.000000e+000 0.000000e+000 -5.776349e-001
    outer loop
      vertex   -2.832525e+002 6.338191e+001 2.350000e+001
      vertex   -2.843500e+002 6.900000e+001 2.350000e+001
      vertex   -2.831782e+002 6.354708e+001 2.350000e+001
    endloop
  endfacet
  facet normal 0.000000e+000 0.000000e+000 -6.856258e-001
    outer loop
      vertex   -2.831782e+002 6.354708e+001 2.350000e+001
      vertex   -2.843500e+002 6.900000e+001 2.350000e+001
      vertex   -2.830845e+002 6.370210e+001 2.350000e+001
    endloop
  endfacet
  facet normal 0.000000e+000 0.000000e+000 -7.826958e-001
    outer loop
      vertex   -2.830845e+002 6.370210e+001 2.350000e+001
      vertex   -2.843500e+002 6.900000e+001 2.350000e+001
      vertex   -2.829728e+002 6.384468e+001 2.350000e+001
    endloop
  endfacet
  facet normal 0.000000e+000 0.000000e+000 -8.656510e-001
    outer loop
      vertex   -2.829728e+002 6.384468e+001 2.350000e+001
      vertex   -2.843500e+002 6.900000e+001 2.350000e+001
      vertex   -2.828447e+002 6.397277e+001 2.350000e+001
    endloop
  endfacet
  facet normal 0.000000e+000 0.000000e+000 -9.310407e-001
    outer loop
      vertex   -2.828447e+002 6.397277e+001 2.350000e+001
      vertex   -2.843500e+002 6.900000e+001 2.350000e+001
      vertex   -2.827021e+002 6.408447e+001 2.350000e+001
    endloop
  endfacet
  facet normal 0.000000e+000 0.000000e+000 -9.758274e-001
    outer loop
      vertex   -2.827021e+002 6.408447e+001 2.350000e+001
      vertex   -2.843500e+002 6.900000e+001 2.350000e+001
      vertex   -2.825471e+002 6.417818e+001 2.350000e+001
    endloop
  endfacet
  facet normal 0.000000e+000 0.000000e+000 -9.978841e-001
    outer loop
      vertex   -2.825471e+002 6.417818e+001 2.350000e+001
      vertex   -2.843500e+002 6.900000e+001 2.350000e+001
      vertex   -2.823819e+002 6.425253e+001 2.350000e+001
    endloop
  endfacet
  facet normal 0.000000e+000 0.000000e+000 -9.958721e-001
    outer loop
      vertex   -2.823819e+002 6.425253e+001 2.350000e+001
      vertex   -2.843500e+002 6.900000e+001 2.350000e+001
      vertex   -2.822090e+002 6.430641e+001 2.350000e+001
    endloop
  endfacet
  facet normal 0.000000e+000 0.000000e+000 -9.697177e-001
    outer loop
      vertex   -2.822090e+002 6.430641e+001 2.350000e+001
      vertex   -2.843500e+002 6.900000e+001 2.350000e+001
      vertex   -2.820308e+002 6.433907e+001 2.350000e+001
    endloop
  endfacet
  facet normal 0.000000e+000 0.000000e+000 -9.205487e-001
    outer loop
      vertex   -2.820308e+002 6.433907e+001 2.350000e+001
      vertex   -2.843500e+002 6.900000e+001 2.350000e+001
      vertex   -2.818500e+002 6.435000e+001 2.350000e+001
    endloop
  endfacet
  facet normal 0.000000e+000 0.000000e+000 -8.341554e-001
    outer loop
      vertex   -2.818500e+002 6.435000e+001 2.350000e+001
      vertex   -2.843500e+002 6.900000e+001 2.350000e+001
      vertex   -2.793500e+002 6.900000e+001 2.350000e+001
    endloop
  endfacet
  facet normal 0.000000e+000 0.000000e+000 -9.077492e-001
    outer loop
      vertex   -2.818500e+002 6.435000e+001 2.350000e+001
      vertex   -2.793500e+002 6.900000e+001 2.350000e+001
      vertex   -2.816692e+002 6.433907e+001 2.350000e+001
    endloop
  endfacet
  facet normal 0.000000e+000 0.000000e+000 -9.609340e-001
    outer loop
      vertex   -2.816692e+002 6.433907e+001 2.350000e+001
      vertex   -2.793500e+002 6.900000e+001 2.350000e+001
      vertex   -2.814910e+002 6.430641e+001 2.350000e+001
    endloop
  endfacet
  facet normal 0.000000e+000 0.000000e+000 -9.920834e-001
    outer loop
      vertex   -2.814910e+002 6.430641e+001 2.350000e+001
      vertex   -2.793500e+002 6.900000e+001 2.350000e+001
      vertex   -2.813181e+002 6.425253e+001 2.350000e+001
    endloop
  endfacet
  facet normal 0.000000e+000 0.000000e+000 -9.995513e-001
    outer loop
      vertex   -2.813181e+002 6.425253e+001 2.350000e+001
      vertex   -2.793500e+002 6.900000e+001 2.350000e+001
      vertex   -2.811529e+002 6.417818e+001 2.350000e+001
    endloop
  endfacet
  facet normal 0.000000e+000 0.000000e+000 -9.827717e-001
    outer loop
      vertex   -2.811529e+002 6.417818e+001 2.350000e+001
      vertex   -2.793500e+002 6.900000e+001 2.350000e+001
      vertex   -2.809979e+002 6.408447e+001 2.350000e+001
    endloop
  endfacet
  facet normal 0.000000e+000 0.000000e+000 -9.423827e-001
    outer loop
      vertex   -2.809979e+002 6.408447e+001 2.350000e+001
      vertex   -2.793500e+002 6.900000e+001 2.350000e+001
      vertex   -2.808553e+002 6.397277e+001 2.350000e+001
    endloop
  endfacet
  facet normal 0.000000e+000 0.000000e+000 -8.802235e-001
    outer loop
      vertex   -2.808553e+002 6.397277e+001 2.350000e+001
      vertex   -2.793500e+002 6.900000e+001 2.350000e+001
      vertex   -2.807272e+002 6.384468e+001 2.350000e+001
    endloop
  endfacet
  facet normal 0.000000e+000 0.000000e+000 -7.990348e-001
    outer loop
      vertex   -2.807272e+002 6.384468e+001 2.350000e+001
      vertex   -2.793500e+002 6.900000e+001 2.350000e+001
      vertex   -2.806155e+002 6.370210e+001 2.350000e+001
    endloop
  endfacet
  facet normal 0.000000e+000 0.000000e+000 -7.019391e-001
    outer loop
      vertex   -2.806155e+002 6.370210e+001 2.350000e+001
      vertex   -2.793500e+002 6.900000e+001 2.350000e+001
      vertex   -2.805218e+002 6.354708e+001 2.350000e+001
    endloop
  endfacet
  facet normal 0.000000e+000 0.000000e+000 -5.928466e-001
    outer loop
      vertex   -2.805218e+002 6.354708e+001 2.350000e+001
      vertex   -2.793500e+002 6.900000e+001 2.350000e+001
      vertex   -2.804475e+002 6.338191e+001 2.350000e+001
    endloop
  endfacet
  facet normal 0.000000e+000 0.000000e+000 -4.750495e-001
    outer loop
      vertex   -2.804475e+002 6.338191e+001 2.350000e+001
      vertex   -2.793500e+002 6.900000e+001 2.350000e+001
      vertex   -2.803936e+002 6.320897e+001 2.350000e+001
    endloop
  endfacet
  facet normal 0.000000e+000 0.000000e+000 -3.518579e-001
    outer loop
      vertex   -2.803936e+002 6.320897e+001 2.350000e+001
      vertex   -2.793500e+002 6.900000e+001 2.350000e+001
      vertex   -2.803609e+002 6.303080e+001 2.350000e+001
    endloop
  endfacet
  facet normal 0.000000e+000 0.000000e+000 -2.261442e-001
    outer loop
      vertex   -2.803609e+002 6.303080e+001 2.350000e+001
      vertex   -2.793500e+002 6.900000e+001 2.350000e+001
      vertex   -2.803500e+002 6.285000e+001 2.350000e+001
    endloop
  endfacet
  facet normal 0.000000e+000 0.000000e+000 -3.168266e-001
    outer loop
      vertex   -2.803500e+002 6.285000e+001 2.350000e+001
      vertex   -2.793500e+002 6.900000e+001 2.350000e+001
      vertex   -2.793500e+002 5.670000e+001 2.350000e+001
    endloop
  endfacet
  facet normal 0.000000e+000 -0.000000e+000 -2.197355e-001
    outer loop
      vertex   -2.803500e+002 6.285000e+001 2.350000e+001
      vertex   -2.793500e+002 5.670000e+001 2.350000e+001
      vertex   -2.803609e+002 6.266919e+001 2.350000e+001
    endloop
  endfacet
  facet normal 0.000000e+000 -0.000000e+000 -3.419879e-001
    outer loop
      vertex   -2.803609e+002 6.266919e+001 2.350000e+001
      vertex   -2.793500e+002 5.670000e+001 2.350000e+001
      vertex   -2.803936e+002 6.249103e+001 2.350000e+001
    endloop
  endfacet
  facet normal 0.000000e+000 -0.000000e+000 -4.621305e-001
    outer loop
      vertex   -2.803936e+002 6.249103e+001 2.350000e+001
      vertex   -2.793500e+002 5.670000e+001 2.350000e+001
      vertex   -2.804475e+002 6.231809e+001 2.350000e+001
    endloop
  endfacet
  facet normal 0.000000e+000 -0.000000e+000 -5.776349e-001
    outer loop
      vertex   -2.804475e+002 6.231809e+001 2.350000e+001
      vertex   -2.793500e+002 5.670000e+001 2.350000e+001
      vertex   -2.805218e+002 6.215292e+001 2.350000e+001
    endloop
  endfacet
  facet normal 0.000000e+000 -0.000000e+000 -6.855208e-001
    outer loop
      vertex   -2.805218e+002 6.215292e+001 2.350000e+001
      vertex   -2.793500e+002 5.670000e+001 2.350000e+001
      vertex   -2.806155e+002 6.199790e+001 2.350000e+001
    endloop
  endfacet
  facet normal 0.000000e+000 -0.000000e+000 -7.827749e-001
    outer loop
      vertex   -2.806155e+002 6.199790e+001 2.350000e+001
      vertex   -2.793500e+002 5.670000e+001 2.350000e+001
      vertex   -2.807272e+002 6.185532e+001 2.350000e+001
    endloop
  endfacet
  facet normal 0.000000e+000 -0.000000e+000 -8.656510e-001
    outer loop
      vertex   -2.807272e+002 6.185532e+001 2.350000e+001
      vertex   -2.793500e+002 5.670000e+001 2.350000e+001
      vertex   -2.808553e+002 6.172723e+001 2.350000e+001
    endloop
  endfacet
  facet normal 0.000000e+000 -0.000000e+000 -9.309968e-001
    outer loop
      vertex   -2.808553e+002 6.172723e+001 2.350000e+001
      vertex   -2.793500e+002 5.670000e+001 2.350000e+001
      vertex   -2.809979e+002 6.161552e+001 2.350000e+001
    endloop
  endfacet
  facet normal 0.000000e+000 -0.000000e+000 -9.758492e-001
    outer loop
      vertex   -2.809979e+002 6.161552e+001 2.350000e+001
      vertex   -2.793500e+002 5.670000e+001 2.350000e+001
      vertex   -2.811529e+002 6.152182e+001 2.350000e+001
    endloop
  endfacet
  facet normal 0.000000e+000 -0.000000e+000 -9.978796e-001
    outer loop
      vertex   -2.811529e+002 6.152182e+001 2.350000e+001
      vertex   -2.793500e+002 5.670000e+001 2.350000e+001
      vertex   -2.813181e+002 6.144748e+001 2.350000e+001
    endloop
  endfacet
  facet normal 0.000000e+000 -0.000000e+000 -9.958680e-001
    outer loop
      vertex   -2.813181e+002 6.144748e+001 2.350000e+001
      vertex   -2.793500e+002 5.670000e+001 2.350000e+001
      vertex   -2.814910e+002 6.139359e+001 2.350000e+001
    endloop
  endfacet
  facet normal 0.000000e+000 -0.000000e+000 -9.697251e-001
    outer loop
      vertex   -2.814910e+002 6.139359e+001 2.350000e+001
      vertex   -2.793500e+002 5.670000e+001 2.350000e+001
      vertex   -2.816692e+002 6.136094e+001 2.350000e+001
    endloop
  endfacet
  facet normal 0.000000e+000 0.000000e+000 9.205570e-001
    outer loop
      vertex   -2.820308e+002 6.136094e+001 2.770000e+001
      vertex   -2.843500e+002 5.670000e+001 2.770000e+001
      vertex   -2.818500e+002 6.135000e+001 2.770000e+001
    endloop
  endfacet
  facet normal 0.000000e+000 0.000000e+000 8.341557e-001
    outer loop
      vertex   -2.818500e+002 6.135000e+001 2.770000e+001
      vertex   -2.843500e+002 5.670000e+001 2.770000e+001
      vertex   -2.793500e+002 5.670000e+001 2.770000e+001
    endloop
  endfacet
  facet normal -0.000000e+000 0.000000e+000 9.077578e-001
    outer loop
      vertex   -2.818500e+002 6.135000e+001 2.770000e+001
      vertex   -2.793500e+002 5.670000e+001 2.770000e+001
      vertex   -2.816692e+002 6.136094e+001 2.770000e+001
    endloop
  endfacet
  facet normal -0.000000e+000 0.000000e+000 9.609340e-001
    outer loop
      vertex   -2.816692e+002 6.136094e+001 2.770000e+001
      vertex   -2.793500e+002 5.670000e+001 2.770000e+001
      vertex   -2.814910e+002 6.139359e+001 2.770000e+001
    endloop
  endfacet
  facet normal -0.000000e+000 0.000000e+000 9.920834e-001
    outer loop
      vertex   -2.814910e+002 6.139359e+001 2.770000e+001
      vertex   -2.793500e+002 5.670000e+001 2.770000e+001
      vertex   -2.813181e+002 6.144748e+001 2.770000e+001
    endloop
  endfacet
  facet normal -0.000000e+000 0.000000e+000 9.995513e-001
    outer loop
      vertex   -2.813181e+002 6.144748e+001 2.770000e+001
      vertex   -2.793500e+002 5.670000e+001 2.770000e+001
      vertex   -2.811529e+002 6.152182e+001 2.770000e+001
    endloop
  endfacet
  facet normal -0.000000e+000 0.000000e+000 9.827750e-001
    outer loop
      vertex   -2.811529e+002 6.152182e+001 2.770000e+001
      vertex   -2.793500e+002 5.670000e+001 2.770000e+001
      vertex   -2.809979e+002 6.161552e+001 2.770000e+001
    endloop
  endfacet
  facet normal -0.000000e+000 0.000000e+000 9.423772e-001
    outer loop
      vertex   -2.809979e+002 6.161552e+001 2.770000e+001
      vertex   -2.793500e+002 5.670000e+001 2.770000e+001
      vertex   -2.808553e+002 6.172723e+001 2.770000e+001
    endloop
  endfacet
  facet normal -0.000000e+000 0.000000e+000 8.802235e-001
    outer loop
      vertex   -2.808553e+002 6.172723e+001 2.770000e+001
      vertex   -2.793500e+002 5.670000e+001 2.770000e+001
      vertex   -2.807272e+002 6.185532e+001 2.770000e+001
    endloop
  endfacet
  facet normal -0.000000e+000 0.000000e+000 7.990348e-001
    outer loop
      vertex   -2.807272e+002 6.185532e+001 2.770000e+001
      vertex   -2.793500e+002 5.670000e+001 2.770000e+001
      vertex   -2.806155e+002 6.199790e+001 2.770000e+001
    endloop
  endfacet
  facet normal -0.000000e+000 0.000000e+000 7.019391e-001
    outer loop
      vertex   -2.806155e+002 6.199790e+001 2.770000e+001
      vertex   -2.793500e+002 5.670000e+001 2.770000e+001
      vertex   -2.805218e+002 6.215292e+001 2.770000e+001
    endloop
  endfacet
  facet normal -0.000000e+000 0.000000e+000 5.928466e-001
    outer loop
      vertex   -2.805218e+002 6.215292e+001 2.770000e+001
      vertex   -2.793500e+002 5.670000e+001 2.770000e+001
      vertex   -2.804475e+002 6.231809e+001 2.770000e+001
    endloop
  endfacet
  facet normal -0.000000e+000 0.000000e+000 4.750495e-001
    outer loop
      vertex   -2.804475e+002 6.231809e+001 2.770000e+001
      vertex   -2.793500e+002 5.670000e+001 2.770000e+001
      vertex   -2.803936e+002 6.249103e+001 2.770000e+001
    endloop
  endfacet
  facet normal -0.000000e+000 0.000000e+000 3.518614e-001
    outer loop
      vertex   -2.803936e+002 6.249103e+001 2.770000e+001
      vertex   -2.793500e+002 5.670000e+001 2.770000e+001
      vertex   -2.803609e+002 6.266919e+001 2.770000e+001
    endloop
  endfacet
  facet normal -0.000000e+000 0.000000e+000 2.261443e-001
    outer loop
      vertex   -2.803609e+002 6.266919e+001 2.770000e+001
      vertex   -2.793500e+002 5.670000e+001 2.770000e+001
      vertex   -2.803500e+002 6.285000e+001 2.770000e+001
    endloop
  endfacet
  facet normal -0.000000e+000 0.000000e+000 3.168266e-001
    outer loop
      vertex   -2.803500e+002 6.285000e+001 2.770000e+001
      vertex   -2.793500e+002 5.670000e+001 2.770000e+001
      vertex   -2.793500e+002 6.900000e+001 2.770000e+001
    endloop
  endfacet
  facet normal 0.000000e+000 -0.000000e+000 2.197354e-001
    outer loop
      vertex   -2.803500e+002 6.285000e+001 2.770000e+001
      vertex   -2.793500e+002 6.900000e+001 2.770000e+001
      vertex   -2.803609e+002 6.303080e+001 2.770000e+001
    endloop
  endfacet
  facet normal 0.000000e+000 -0.000000e+000 3.419842e-001
    outer loop
      vertex   -2.803609e+002 6.303080e+001 2.770000e+001
      vertex   -2.793500e+002 6.900000e+001 2.770000e+001
      vertex   -2.803936e+002 6.320897e+001 2.770000e+001
    endloop
  endfacet
  facet normal 0.000000e+000 -0.000000e+000 4.621305e-001
    outer loop
      vertex   -2.803936e+002 6.320897e+001 2.770000e+001
      vertex   -2.793500e+002 6.900000e+001 2.770000e+001
      vertex   -2.804475e+002 6.338191e+001 2.770000e+001
    endloop
  endfacet
  facet normal 0.000000e+000 -0.000000e+000 5.776349e-001
    outer loop
      vertex   -2.804475e+002 6.338191e+001 2.770000e+001
      vertex   -2.793500e+002 6.900000e+001 2.770000e+001
      vertex   -2.805218e+002 6.354708e+001 2.770000e+001
    endloop
  endfacet
  facet normal 0.000000e+000 -0.000000e+000 6.855208e-001
    outer loop
      vertex   -2.805218e+002 6.354708e+001 2.770000e+001
      vertex   -2.793500e+002 6.900000e+001 2.770000e+001
      vertex   -2.806155e+002 6.370210e+001 2.770000e+001
    endloop
  endfacet
  facet normal 0.000000e+000 -0.000000e+000 7.827749e-001
    outer loop
      vertex   -2.806155e+002 6.370210e+001 2.770000e+001
      vertex   -2.793500e+002 6.900000e+001 2.770000e+001
      vertex   -2.807272e+002 6.384468e+001 2.770000e+001
    endloop
  endfacet
  facet normal 0.000000e+000 -0.000000e+000 8.656510e-001
    outer loop
      vertex   -2.807272e+002 6.384468e+001 2.770000e+001
      vertex   -2.793500e+002 6.900000e+001 2.770000e+001
      vertex   -2.808553e+002 6.397277e+001 2.770000e+001
    endloop
  endfacet
  facet normal 0.000000e+000 -0.000000e+000 9.310028e-001
    outer loop
      vertex   -2.808553e+002 6.397277e+001 2.770000e+001
      vertex   -2.793500e+002 6.900000e+001 2.770000e+001
      vertex   -2.809979e+002 6.408447e+001 2.770000e+001
    endloop
  endfacet
  facet normal 0.000000e+000 -0.000000e+000 9.758452e-001
    outer loop
      vertex   -2.809979e+002 6.408447e+001 2.770000e+001
      vertex   -2.793500e+002 6.900000e+001 2.770000e+001
      vertex   -2.811529e+002 6.417818e+001 2.770000e+001
    endloop
  endfacet
  facet normal 0.000000e+000 -0.000000e+000 9.978796e-001
    outer loop
      vertex   -2.811529e+002 6.417818e+001 2.770000e+001
      vertex   -2.793500e+002 6.900000e+001 2.770000e+001
      vertex   -2.813181e+002 6.425253e+001 2.770000e+001
    endloop
  endfacet
  facet normal 0.000000e+000 -0.000000e+000 9.958680e-001
    outer loop
      vertex   -2.813181e+002 6.425253e+001 2.770000e+001
      vertex   -2.793500e+002 6.900000e+001 2.770000e+001
      vertex   -2.814910e+002 6.430641e+001 2.770000e+001
    endloop
  endfacet
  facet normal 0.000000e+000 -0.000000e+000 9.697251e-001
    outer loop
      vertex   -2.814910e+002 6.430641e+001 2.770000e+001
      vertex   -2.793500e+002 6.900000e+001 2.770000e+001
      vertex   -2.816692e+002 6.433907e+001 2.770000e+001
    endloop
  endfacet
  facet normal 0.000000e+000 -0.000000e+000 9.205468e-001
    outer loop
      vertex   -2.816692e+002 6.433907e+001 2.770000e+001
      vertex   -2.793500e+002 6.900000e+001 2.770000e+001
      vertex   -2.818500e+002 6.435000e+001 2.770000e+001
    endloop
  endfacet
  facet normal 0.000000e+000 -0.000000e+000 8.341554e-001
    outer loop
      vertex   -2.818500e+002 6.435000e+001 2.770000e+001
      vertex   -2.793500e+002 6.900000e+001 2.770000e+001
      vertex   -2.843500e+002 6.900000e+001 2.770000e+001
    endloop
  endfacet
  facet normal 0.000000e+000 0.000000e+000 9.077534e-001
    outer loop
      vertex   -2.818500e+002 6.435000e+001 2.770000e+001
      vertex   -2.843500e+002 6.900000e+001 2.770000e+001
      vertex   -2.820308e+002 6.433907e+001 2.770000e+001
    endloop
  endfacet
  facet normal 0.000000e+000 0.000000e+000 9.609242e-001
    outer loop
      vertex   -2.820308e+002 6.433907e+001 2.770000e+001
      vertex   -2.843500e+002 6.900000e+001 2.770000e+001
      vertex   -2.822090e+002 6.430641e+001 2.770000e+001
    endloop
  endfacet
  facet normal 0.000000e+000 0.000000e+000 9.920897e-001
    outer loop
      vertex   -2.822090e+002 6.430641e+001 2.770000e+001
      vertex   -2.843500e+002 6.900000e+001 2.770000e+001
      vertex   -2.823819e+002 6.425253e+001 2.770000e+001
    endloop
  endfacet
  facet normal 0.000000e+000 0.000000e+000 9.995536e-001
    outer loop
      vertex   -2.823819e+002 6.425253e+001 2.770000e+001
      vertex   -2.843500e+002 6.900000e+001 2.770000e+001
      vertex   -2.825471e+002 6.417818e+001 2.770000e+001
    endloop
  endfacet
  facet normal 0.000000e+000 0.000000e+000 9.827555e-001
    outer loop
      vertex   -2.825471e+002 6.417818e+001 2.770000e+001
      vertex   -2.843500e+002 6.900000e+001 2.770000e+001
      vertex   -2.827021e+002 6.408447e+001 2.770000e+001
    endloop
  endfacet
  facet normal 0.000000e+000 0.000000e+000 9.424193e-001
    outer loop
      vertex   -2.827021e+002 6.408447e+001 2.770000e+001
      vertex   -2.843500e+002 6.900000e+001 2.770000e+001
      vertex   -2.828447e+002 6.397277e+001 2.770000e+001
    endloop
  endfacet
  facet normal 0.000000e+000 0.000000e+000 8.802235e-001
    outer loop
      vertex   -2.828447e+002 6.397277e+001 2.770000e+001
      vertex   -2.843500e+002 6.900000e+001 2.770000e+001
      vertex   -2.829728e+002 6.384468e+001 2.770000e+001
    endloop
  endfacet
  facet normal 0.000000e+000 0.000000e+000 7.989551e-001
    outer loop
      vertex   -2.829728e+002 6.384468e+001 2.770000e+001
      vertex   -2.843500e+002 6.900000e+001 2.770000e+001
      vertex   -2.830845e+002 6.370210e+001 2.770000e+001
    endloop
  endfacet
  facet normal 0.000000e+000 0.000000e+000 7.020457e-001
    outer loop
      vertex   -2.830845e+002 6.370210e+001 2.770000e+001
      vertex   -2.843500e+002 6.900000e+001 2.770000e+001
      vertex   -2.831782e+002 6.354708e+001 2.770000e+001
    endloop
  endfacet
  facet normal 0.000000e+000 0.000000e+000 5.928466e-001
    outer loop
      vertex   -2.831782e+002 6.354708e+001 2.770000e+001
      vertex   -2.843500e+002 6.900000e+001 2.770000e+001
      vertex   -2.832525e+002 6.338191e+001 2.770000e+001
    endloop
  endfacet
  facet normal 0.000000e+000 0.000000e+000 4.750495e-001
    outer loop
      vertex   -2.832525e+002 6.338191e+001 2.770000e+001
      vertex   -2.843500e+002 6.900000e+001 2.770000e+001
      vertex   -2.833064e+002 6.320897e+001 2.770000e+001
    endloop
  endfacet
  facet normal 0.000000e+000 0.000000e+000 3.517027e-001
    outer loop
      vertex   -2.833064e+002 6.320897e+001 2.770000e+001
      vertex   -2.843500e+002 6.900000e+001 2.770000e+001
      vertex   -2.833391e+002 6.303080e+001 2.770000e+001
    endloop
  endfacet
  facet normal 0.000000e+000 0.000000e+000 2.263129e-001
    outer loop
      vertex   -2.833391e+002 6.303080e+001 2.770000e+001
      vertex   -2.843500e+002 6.900000e+001 2.770000e+001
      vertex   -2.833500e+002 6.285000e+001 2.770000e+001
    endloop
  endfacet
  facet normal 0.000000e+000 0.000000e+000 3.168266e-001
    outer loop
      vertex   -2.833500e+002 6.285000e+001 2.770000e+001
      vertex   -2.843500e+002 6.900000e+001 2.770000e+001
      vertex   -2.843500e+002 5.670000e+001 2.770000e+001
    endloop
  endfacet
  facet normal 0.000000e+000 0.000000e+000 2.198996e-001
    outer loop
      vertex   -2.833500e+002 6.285000e+001 2.770000e+001
      vertex   -2.843500e+002 5.670000e+001 2.770000e+001
      vertex   -2.833391e+002 6.266919e+001 2.770000e+001
    endloop
  endfacet
  facet normal 0.000000e+000 0.000000e+000 3.418368e-001
    outer loop
      vertex   -2.833391e+002 6.266919e+001 2.770000e+001
      vertex   -2.843500e+002 5.670000e+001 2.770000e+001
      vertex   -2.833064e+002 6.249103e+001 2.770000e+001
    endloop
  endfacet
  facet normal 0.000000e+000 0.000000e+000 4.621305e-001
    outer loop
      vertex   -2.833064e+002 6.249103e+001 2.770000e+001
      vertex   -2.843500e+002 5.670000e+001 2.770000e+001
      vertex   -2.832525e+002 6.231809e+001 2.770000e+001
    endloop
  endfacet
  facet normal 0.000000e+000 0.000000e+000 5.776349e-001
    outer loop
      vertex   -2.832525e+002 6.231809e+001 2.770000e+001
      vertex   -2.843500e+002 5.670000e+001 2.770000e+001
      vertex   -2.831782e+002 6.215292e+001 2.770000e+001
    endloop
  endfacet
  facet normal 0.000000e+000 0.000000e+000 6.856258e-001
    outer loop
      vertex   -2.831782e+002 6.215292e+001 2.770000e+001
      vertex   -2.843500e+002 5.670000e+001 2.770000e+001
      vertex   -2.830845e+002 6.199790e+001 2.770000e+001
    endloop
  endfacet
  facet normal 0.000000e+000 0.000000e+000 7.826958e-001
    outer loop
      vertex   -2.830845e+002 6.199790e+001 2.770000e+001
      vertex   -2.843500e+002 5.670000e+001 2.770000e+001
      vertex   -2.829728e+002 6.185532e+001 2.770000e+001
    endloop
  endfacet
  facet normal 0.000000e+000 0.000000e+000 8.656510e-001
    outer loop
      vertex   -2.829728e+002 6.185532e+001 2.770000e+001
      vertex   -2.843500e+002 5.670000e+001 2.770000e+001
      vertex   -2.828447e+002 6.172723e+001 2.770000e+001
    endloop
  endfacet
  facet normal 0.000000e+000 0.000000e+000 9.310347e-001
    outer loop
      vertex   -2.828447e+002 6.172723e+001 2.770000e+001
      vertex   -2.843500e+002 5.670000e+001 2.770000e+001
      vertex   -2.827021e+002 6.161552e+001 2.770000e+001
    endloop
  endfacet
  facet normal 0.000000e+000 0.000000e+000 9.758314e-001
    outer loop
      vertex   -2.827021e+002 6.161552e+001 2.770000e+001
      vertex   -2.843500e+002 5.670000e+001 2.770000e+001
      vertex   -2.825471e+002 6.152182e+001 2.770000e+001
    endloop
  endfacet
  facet normal 0.000000e+000 0.000000e+000 9.978841e-001
    outer loop
      vertex   -2.825471e+002 6.152182e+001 2.770000e+001
      vertex   -2.843500e+002 5.670000e+001 2.770000e+001
      vertex   -2.823819e+002 6.144748e+001 2.770000e+001
    endloop
  endfacet
  facet normal 0.000000e+000 0.000000e+000 9.958721e-001
    outer loop
      vertex   -2.823819e+002 6.144748e+001 2.770000e+001
      vertex   -2.843500e+002 5.670000e+001 2.770000e+001
      vertex   -2.822090e+002 6.139359e+001 2.770000e+001
    endloop
  endfacet
  facet normal 0.000000e+000 0.000000e+000 9.697177e-001
    outer loop
      vertex   -2.822090e+002 6.139359e+001 2.770000e+001
      vertex   -2.843500e+002 5.670000e+001 2.770000e+001
      vertex   -2.820308e+002 6.136094e+001 2.770000e+001
    endloop
  endfacet
  facet normal 0.000000e+000 0.000000e+000 1.000000e+000
    outer loop
      vertex   -2.430000e+002 7.500000e+001 3.900000e+001
      vertex   -2.930000e+002 7.500000e+001 3.900000e+001
      vertex   -2.430000e+002 6.900000e+001 3.900000e+001
    endloop
  endfacet
  facet normal 0.000000e+000 0.000000e+000 1.191452e-001
    outer loop
      vertex   -2.430000e+002 6.900000e+001 3.900000e+001
      vertex   -2.930000e+002 7.500000e+001 3.900000e+001
      vertex   -2.930000e+002 6.900000e+001 3.900000e+001
    endloop
  endfacet
  facet normal 0.000000e+000 0.000000e+000 -1.000000e+000
    outer loop
      vertex   -2.430000e+002 6.900000e+001 -1.000000e+000
      vertex   -2.930000e+002 6.900000e+001 -1.000000e+000
      vertex   -2.430000e+002 7.500000e+001 -1.000000e+000
    endloop
  endfacet
  facet normal -0.000000e+000 0.000000e+000 -1.191452e-001
    outer loop
      vertex   -2.430000e+002 7.500000e+001 -1.000000e+000
      vertex   -2.930000e+002 6.900000e+001 -1.000000e+000
      vertex   -2.930000e+002 7.500000e+001 -1.000000e+000
    endloop
  endfacet
  facet normal 0.000000e+000 -5.685490e-001 0.000000e+000
    outer loop
      vertex   -2.519500e+002 6.900000e+001 1.195000e+001
      vertex   -2.519500e+002 6.900000e+001 5.650000e+000
      vertex   -2.430000e+002 6.900000e+001 -1.000000e+000
    endloop
  endfacet
  facet normal 0.000000e+000 -4.381899e-001 0.000000e+000
    outer loop
      vertex   -2.430000e+002 6.900000e+001 -1.000000e+000
      vertex   -2.519500e+002 6.900000e+001 5.650000e+000
      vertex   -2.784500e+002 6.900000e+001 5.650000e+000
    endloop
  endfacet
  facet normal 0.000000e+000 -1.843722e-001 0.000000e+000
    outer loop
      vertex   -2.430000e+002 6.900000e+001 -1.000000e+000
      vertex   -2.784500e+002 6.900000e+001 5.650000e+000
      vertex   -2.930000e+002 6.900000e+001 -1.000000e+000
    endloop
  endfacet
  facet normal 0.000000e+000 -2.941682e-001 0.000000e+000
    outer loop
      vertex   -2.930000e+002 6.900000e+001 -1.000000e+000
      vertex   -2.784500e+002 6.900000e+001 5.650000e+000
      vertex   -2.784500e+002 6.900000e+001 1.195000e+001
    endloop
  endfacet
  facet normal 0.000000e+000 -4.830326e-001 0.000000e+000
    outer loop
      vertex   -2.930000e+002 6.900000e+001 -1.000000e+000
      vertex   -2.784500e+002 6.900000e+001 1.195000e+001
      vertex   -2.843500e+002 6.900000e+001 2.350000e+001
    endloop
  endfacet
  facet normal 0.000000e+000 -8.905390e-001 0.000000e+000
    outer loop
      vertex   -2.843500e+002 6.900000e+001 2.350000e+001
      vertex   -2.784500e+002 6.900000e+001 1.195000e+001
      vertex   -2.793500e+002 6.900000e+001 2.350000e+001
    endloop
  endfacet
  facet normal 0.000000e+000 -9.969779e-001 0.000000e+000
    outer loop
      vertex   -2.793500e+002 6.900000e+001 2.350000e+001
      vertex   -2.784500e+002 6.900000e+001 1.195000e+001
      vertex   -2.566500e+002 6.900000e+001 2.350000e+001
    endloop
  endfacet
  facet normal 0.000000e+000 -1.819341e-001 0.000000e+000
    outer loop
      vertex   -2.793500e+002 6.900000e+001 2.350000e+001
      vertex   -2.566500e+002 6.900000e+001 2.350000e+001
      vertex   -2.566500e+002 6.900000e+001 2.770000e+001
    endloop
  endfacet
  facet normal 0.000000e+000 -4.681667e-001 0.000000e+000
    outer loop
      vertex   -2.784500e+002 6.900000e+001 1.195000e+001
      vertex   -2.519500e+002 6.900000e+001 1.195000e+001
      vertex   -2.566500e+002 6.900000e+001 2.350000e+001
    endloop
  endfacet
  facet normal 0.000000e+000 -9.262480e-001 0.000000e+000
    outer loop
      vertex   -2.566500e+002 6.900000e+001 2.350000e+001
      vertex   -2.519500e+002 6.900000e+001 1.195000e+001
      vertex   -2.516500e+002 6.900000e+001 2.350000e+001
    endloop
  endfacet
  facet normal 0.000000e+000 -3.572927e-001 -0.000000e+000
    outer loop
      vertex   -2.516500e+002 6.900000e+001 2.350000e+001
      vertex   -2.519500e+002 6.900000e+001 1.195000e+001
      vertex   -2.430000e+002 6.900000e+001 -1.000000e+000
    endloop
  endfacet
  facet normal 0.000000e+000 -7.502317e-001 0.000000e+000
    outer loop
      vertex   -2.516500e+002 6.900000e+001 2.350000e+001
      vertex   -2.430000e+002 6.900000e+001 -1.000000e+000
      vertex   -2.430000e+002 6.900000e+001 3.900000e+001
    endloop
  endfacet
  facet normal 0.000000e+000 -6.376833e-001 0.000000e+000
    outer loop
      vertex   -2.566500e+002 6.900000e+001 2.770000e+001
      vertex   -2.516500e+002 6.900000e+001 2.770000e+001
      vertex   -2.430000e+002 6.900000e+001 3.900000e+001
    endloop
  endfacet
  facet normal 0.000000e+000 -1.438249e-001 0.000000e+000
    outer loop
      vertex   -2.430000e+002 6.900000e+001 3.900000e+001
      vertex   -2.516500e+002 6.900000e+001 2.770000e+001
      vertex   -2.516500e+002 6.900000e+001 2.350000e+001
    endloop
  endfacet
  facet normal 0.000000e+000 -9.833108e-001 0.000000e+000
    outer loop
      vertex   -2.793500e+002 6.900000e+001 2.350000e+001
      vertex   -2.566500e+002 6.900000e+001 2.770000e+001
      vertex   -2.793500e+002 6.900000e+001 2.770000e+001
    endloop
  endfacet
  facet normal 0.000000e+000 -6.376833e-001 0.000000e+000
    outer loop
      vertex   -2.793500e+002 6.900000e+001 2.770000e+001
      vertex   -2.566500e+002 6.900000e+001 2.770000e+001
      vertex   -2.930000e+002 6.900000e+001 3.900000e+001
    endloop
  endfacet
  facet normal 0.000000e+000 -6.376833e-001 0.000000e+000
    outer loop
      vertex   -2.793500e+002 6.900000e+001 2.770000e+001
      vertex   -2.930000e+002 6.900000e+001 3.900000e+001
      vertex   -2.843500e+002 6.900000e+001 2.770000e+001
    endloop
  endfacet
  facet normal -0.000000e+000 -6.078410e-001 -0.000000e+000
    outer loop
      vertex   -2.843500e+002 6.900000e+001 2.770000e+001
      vertex   -2.930000e+002 6.900000e+001 3.900000e+001
      vertex   -2.843500e+002 6.900000e+001 2.350000e+001
    endloop
  endfacet
  facet normal -0.000000e+000 -7.502317e-001 0.000000e+000
    outer loop
      vertex   -2.843500e+002 6.900000e+001 2.350000e+001
      vertex   -2.930000e+002 6.900000e+001 3.900000e+001
      vertex   -2.930000e+002 6.900000e+001 -1.000000e+000
    endloop
  endfacet
  facet normal -0.000000e+000 -6.376833e-001 0.000000e+000
    outer loop
      vertex   -2.430000e+002 6.900000e+001 3.900000e+001
      vertex   -2.930000e+002 6.900000e+001 3.900000e+001
      vertex   -2.566500e+002 6.900000e+001 2.770000e+001
    endloop
  endfacet
  facet normal -1.000000e+000 -0.000000e+000 -0.000000e+000
    outer loop
      vertex   -2.930000e+002 7.500000e+001 3.900000e+001
      vertex   -2.930000e+002 7.500000e+001 -1.000000e+000
      vertex   -2.930000e+002 6.900000e+001 3.900000e+001
    endloop
  endfacet
  facet normal -1.483404e-001 0.000000e+000 0.000000e+000
    outer loop
      vertex   -2.930000e+002 6.900000e+001 3.900000e+001
      vertex   -2.930000e+002 7.500000e+001 -1.000000e+000
      vertex   -2.930000e+002 6.900000e+001 -1.000000e+000
    endloop
  endfacet
  facet normal 0.000000e+000 5.964067e-001 0.000000e+000
    outer loop
      vertex   -2.519500e+002 7.500000e+001 5.650000e+000
      vertex   -2.430000e+002 7.500000e+001 -1.000000e+000
      vertex   -2.784500e+002 7.500000e+001 5.650000e+000
    endloop
  endfacet
  facet normal 0.000000e+000 5.762479e-001 0.000000e+000
    outer loop
      vertex   -2.784500e+002 7.500000e+001 5.650000e+000
      vertex   -2.430000e+002 7.500000e+001 -1.000000e+000
      vertex   -2.930000e+002 7.500000e+001 -1.000000e+000
    endloop
  endfacet
  facet normal 0.000000e+000 9.095081e-001 -0.000000e+000
    outer loop
      vertex   -2.784500e+002 7.500000e+001 5.650000e+000
      vertex   -2.930000e+002 7.500000e+001 -1.000000e+000
      vertex   -2.784500e+002 7.500000e+001 1.195000e+001
    endloop
  endfacet
  facet normal 0.000000e+000 9.727972e-001 0.000000e+000
    outer loop
      vertex   -2.784500e+002 7.500000e+001 1.195000e+001
      vertex   -2.930000e+002 7.500000e+001 -1.000000e+000
      vertex   -2.930000e+002 7.500000e+001 3.900000e+001
    endloop
  endfacet
  facet normal 0.000000e+000 9.874969e-001 -0.000000e+000
    outer loop
      vertex   -2.784500e+002 7.500000e+001 1.195000e+001
      vertex   -2.930000e+002 7.500000e+001 3.900000e+001
      vertex   -2.430000e+002 7.500000e+001 3.900000e+001
    endloop
  endfacet
  facet normal -0.000000e+000 8.026824e-001 0.000000e+000
    outer loop
      vertex   -2.519500e+002 7.500000e+001 5.650000e+000
      vertex   -2.519500e+002 7.500000e+001 1.195000e+001
      vertex   -2.430000e+002 7.500000e+001 -1.000000e+000
    endloop
  endfacet
  facet normal 0.000000e+000 5.685490e-001 -0.000000e+000
    outer loop
      vertex   -2.430000e+002 7.500000e+001 -1.000000e+000
      vertex   -2.519500e+002 7.500000e+001 1.195000e+001
      vertex   -2.430000e+002 7.500000e+001 3.900000e+001
    endloop
  endfacet
  facet normal 0.000000e+000 5.642025e-001 0.000000e+000
    outer loop
      vertex   -2.430000e+002 7.500000e+001 3.900000e+001
      vertex   -2.519500e+002 7.500000e+001 1.195000e+001
      vertex   -2.784500e+002 7.500000e+001 1.195000e+001
    endloop
  endfacet
  facet normal 1.000000e+000 -0.000000e+000 0.000000e+000
    outer loop
      vertex   -2.430000e+002 6.900000e+001 3.900000e+001
      vertex   -2.430000e+002 6.900000e+001 -1.000000e+000
      vertex   -2.430000e+002 7.500000e+001 3.900000e+001
    endloop
  endfacet
  facet normal 1.483404e-001 0.000000e+000 0.000000e+000
    outer loop
      vertex   -2.430000e+002 7.500000e+001 3.900000e+001
      vertex   -2.430000e+002 6.900000e+001 -1.000000e+000
      vertex   -2.430000e+002 7.500000e+001 -1.000000e+000
    endloop
  endfacet
endsolid
