solid ascii
  facet normal -6.040603e-002 -9.981739e-001 0.000000e+000
    outer loop
      vertex   -3.359692e+002 1.423391e+002 3.100000e+001
      vertex   -3.359692e+002 1.423391e+002 3.330000e+001
      vertex   -3.361500e+002 1.423500e+002 3.100000e+001
    endloop
  endfacet
  facet normal -4.742083e-003 -7.836011e-002 0.000000e+000
    outer loop
      vertex   -3.361500e+002 1.423500e+002 3.100000e+001
      vertex   -3.359692e+002 1.423391e+002 3.330000e+001
      vertex   -3.361500e+002 1.423500e+002 3.330000e+001
    endloop
  endfacet
  facet normal 6.039587e-002 -9.981745e-001 0.000000e+000
    outer loop
      vertex   -3.361500e+002 1.423500e+002 3.100000e+001
      vertex   -3.361500e+002 1.423500e+002 3.330000e+001
      vertex   -3.363308e+002 1.423391e+002 3.100000e+001
    endloop
  endfacet
  facet normal 4.742078e-003 -7.837326e-002 0.000000e+000
    outer loop
      vertex   -3.363308e+002 1.423391e+002 3.100000e+001
      vertex   -3.361500e+002 1.423500e+002 3.330000e+001
      vertex   -3.363308e+002 1.423391e+002 3.330000e+001
    endloop
  endfacet
  facet normal 1.802790e-001 -9.836155e-001 0.000000e+000
    outer loop
      vertex   -3.363308e+002 1.423391e+002 3.100000e+001
      vertex   -3.363308e+002 1.423391e+002 3.330000e+001
      vertex   -3.365090e+002 1.423064e+002 3.100000e+001
    endloop
  endfacet
  facet normal 1.415349e-002 -7.722251e-002 0.000000e+000
    outer loop
      vertex   -3.365090e+002 1.423064e+002 3.100000e+001
      vertex   -3.363308e+002 1.423391e+002 3.330000e+001
      vertex   -3.365090e+002 1.423064e+002 3.330000e+001
    endloop
  endfacet
  facet normal 2.975171e-001 -9.547165e-001 0.000000e+000
    outer loop
      vertex   -3.365090e+002 1.423064e+002 3.100000e+001
      vertex   -3.365090e+002 1.423064e+002 3.330000e+001
      vertex   -3.366819e+002 1.422525e+002 3.100000e+001
    endloop
  endfacet
  facet normal 2.335986e-002 -7.496055e-002 0.000000e+000
    outer loop
      vertex   -3.366819e+002 1.422525e+002 3.100000e+001
      vertex   -3.365090e+002 1.423064e+002 3.330000e+001
      vertex   -3.366819e+002 1.422525e+002 3.330000e+001
    endloop
  endfacet
  facet normal 4.104488e-001 -9.118837e-001 0.000000e+000
    outer loop
      vertex   -3.366819e+002 1.422525e+002 3.100000e+001
      vertex   -3.366819e+002 1.422525e+002 3.330000e+001
      vertex   -3.368471e+002 1.421782e+002 3.100000e+001
    endloop
  endfacet
  facet normal 3.222235e-002 -7.158758e-002 0.000000e+000
    outer loop
      vertex   -3.368471e+002 1.421782e+002 3.100000e+001
      vertex   -3.366819e+002 1.422525e+002 3.330000e+001
      vertex   -3.368471e+002 1.421782e+002 3.330000e+001
    endloop
  endfacet
  facet normal 5.172802e-001 -8.558161e-001 0.000000e+000
    outer loop
      vertex   -3.368471e+002 1.421782e+002 3.100000e+001
      vertex   -3.368471e+002 1.421782e+002 3.330000e+001
      vertex   -3.370021e+002 1.420845e+002 3.100000e+001
    endloop
  endfacet
  facet normal 4.061520e-002 -6.719597e-002 0.000000e+000
    outer loop
      vertex   -3.370021e+002 1.420845e+002 3.100000e+001
      vertex   -3.368471e+002 1.421782e+002 3.330000e+001
      vertex   -3.370021e+002 1.420845e+002 3.330000e+001
    endloop
  endfacet
  facet normal 6.167420e-001 -7.871653e-001 0.000000e+000
    outer loop
      vertex   -3.370021e+002 1.420845e+002 3.100000e+001
      vertex   -3.370021e+002 1.420845e+002 3.330000e+001
      vertex   -3.371447e+002 1.419728e+002 3.100000e+001
    endloop
  endfacet
  facet normal 4.841949e-002 -6.179917e-002 0.000000e+000
    outer loop
      vertex   -3.371447e+002 1.419728e+002 3.100000e+001
      vertex   -3.370021e+002 1.420845e+002 3.330000e+001
      vertex   -3.371447e+002 1.419728e+002 3.330000e+001
    endloop
  endfacet
  facet normal 7.071068e-001 -7.071068e-001 0.000000e+000
    outer loop
      vertex   -3.371447e+002 1.419728e+002 3.100000e+001
      vertex   -3.371447e+002 1.419728e+002 3.330000e+001
      vertex   -3.372728e+002 1.418447e+002 3.100000e+001
    endloop
  endfacet
  facet normal 5.551607e-002 -5.551607e-002 0.000000e+000
    outer loop
      vertex   -3.372728e+002 1.418447e+002 3.100000e+001
      vertex   -3.371447e+002 1.419728e+002 3.330000e+001
      vertex   -3.372728e+002 1.418447e+002 3.330000e+001
    endloop
  endfacet
  facet normal 7.871245e-001 -6.167942e-001 0.000000e+000
    outer loop
      vertex   -3.372728e+002 1.418447e+002 3.100000e+001
      vertex   -3.372728e+002 1.418447e+002 3.330000e+001
      vertex   -3.373845e+002 1.417021e+002 3.100000e+001
    endloop
  endfacet
  facet normal 6.179915e-002 -4.842609e-002 0.000000e+000
    outer loop
      vertex   -3.373845e+002 1.417021e+002 3.100000e+001
      vertex   -3.372728e+002 1.418447e+002 3.330000e+001
      vertex   -3.373845e+002 1.417021e+002 3.330000e+001
    endloop
  endfacet
  facet normal 8.558308e-001 -5.172558e-001 0.000000e+000
    outer loop
      vertex   -3.373845e+002 1.417021e+002 3.100000e+001
      vertex   -3.373845e+002 1.417021e+002 3.330000e+001
      vertex   -3.374782e+002 1.415471e+002 3.100000e+001
    endloop
  endfacet
  facet normal 6.718941e-002 -4.060862e-002 0.000000e+000
    outer loop
      vertex   -3.374782e+002 1.415471e+002 3.100000e+001
      vertex   -3.373845e+002 1.417021e+002 3.330000e+001
      vertex   -3.374782e+002 1.415471e+002 3.330000e+001
    endloop
  endfacet
  facet normal 9.118978e-001 -4.104172e-001 0.000000e+000
    outer loop
      vertex   -3.374782e+002 1.415471e+002 3.100000e+001
      vertex   -3.374782e+002 1.415471e+002 3.330000e+001
      vertex   -3.375525e+002 1.413819e+002 3.100000e+001
    endloop
  endfacet
  facet normal 7.159417e-002 -3.222233e-002 0.000000e+000
    outer loop
      vertex   -3.375525e+002 1.413819e+002 3.100000e+001
      vertex   -3.374782e+002 1.415471e+002 3.330000e+001
      vertex   -3.375525e+002 1.413819e+002 3.330000e+001
    endloop
  endfacet
  facet normal 9.547165e-001 -2.975171e-001 0.000000e+000
    outer loop
      vertex   -3.375525e+002 1.413819e+002 3.100000e+001
      vertex   -3.375525e+002 1.413819e+002 3.330000e+001
      vertex   -3.376064e+002 1.412090e+002 3.100000e+001
    endloop
  endfacet
  facet normal 7.496055e-002 -2.335986e-002 0.000000e+000
    outer loop
      vertex   -3.376064e+002 1.412090e+002 3.100000e+001
      vertex   -3.375525e+002 1.413819e+002 3.330000e+001
      vertex   -3.376064e+002 1.412090e+002 3.330000e+001
    endloop
  endfacet
  facet normal 9.836155e-001 -1.802790e-001 0.000000e+000
    outer loop
      vertex   -3.376064e+002 1.412090e+002 3.100000e+001
      vertex   -3.376064e+002 1.412090e+002 3.330000e+001
      vertex   -3.376391e+002 1.410308e+002 3.100000e+001
    endloop
  endfacet
  facet normal 7.722251e-002 -1.415349e-002 0.000000e+000
    outer loop
      vertex   -3.376391e+002 1.410308e+002 3.100000e+001
      vertex   -3.376064e+002 1.412090e+002 3.330000e+001
      vertex   -3.376391e+002 1.410308e+002 3.330000e+001
    endloop
  endfacet
  facet normal 9.981793e-001 -6.031702e-002 0.000000e+000
    outer loop
      vertex   -3.376391e+002 1.410308e+002 3.100000e+001
      vertex   -3.376391e+002 1.410308e+002 3.330000e+001
      vertex   -3.376500e+002 1.408500e+002 3.100000e+001
    endloop
  endfacet
  facet normal 7.836669e-002 -4.735467e-003 0.000000e+000
    outer loop
      vertex   -3.376500e+002 1.408500e+002 3.100000e+001
      vertex   -3.376391e+002 1.410308e+002 3.330000e+001
      vertex   -3.376500e+002 1.408500e+002 3.330000e+001
    endloop
  endfacet
  facet normal 9.981796e-001 6.031195e-002 -0.000000e+000
    outer loop
      vertex   -3.376500e+002 1.408500e+002 3.100000e+001
      vertex   -3.376500e+002 1.408500e+002 3.330000e+001
      vertex   -3.376391e+002 1.406692e+002 3.100000e+001
    endloop
  endfacet
  facet normal 7.837326e-002 4.735465e-003 -0.000000e+000
    outer loop
      vertex   -3.376391e+002 1.406692e+002 3.100000e+001
      vertex   -3.376500e+002 1.408500e+002 3.330000e+001
      vertex   -3.376391e+002 1.406692e+002 3.330000e+001
    endloop
  endfacet
  facet normal 9.836155e-001 1.802790e-001 -0.000000e+000
    outer loop
      vertex   -3.376391e+002 1.406692e+002 3.100000e+001
      vertex   -3.376391e+002 1.406692e+002 3.330000e+001
      vertex   -3.376064e+002 1.404910e+002 3.100000e+001
    endloop
  endfacet
  facet normal 7.722251e-002 1.415349e-002 -0.000000e+000
    outer loop
      vertex   -3.376064e+002 1.404910e+002 3.100000e+001
      vertex   -3.376391e+002 1.406692e+002 3.330000e+001
      vertex   -3.376064e+002 1.404910e+002 3.330000e+001
    endloop
  endfacet
  facet normal 9.547091e-001 2.975410e-001 -0.000000e+000
    outer loop
      vertex   -3.376064e+002 1.404910e+002 3.100000e+001
      vertex   -3.376064e+002 1.404910e+002 3.330000e+001
      vertex   -3.375525e+002 1.403181e+002 3.100000e+001
    endloop
  endfacet
  facet normal 7.495397e-002 2.335987e-002 -0.000000e+000
    outer loop
      vertex   -3.375525e+002 1.403181e+002 3.100000e+001
      vertex   -3.376064e+002 1.404910e+002 3.330000e+001
      vertex   -3.375525e+002 1.403181e+002 3.330000e+001
    endloop
  endfacet
  facet normal 9.119120e-001 4.103857e-001 -0.000000e+000
    outer loop
      vertex   -3.375525e+002 1.403181e+002 3.100000e+001
      vertex   -3.375525e+002 1.403181e+002 3.330000e+001
      vertex   -3.374782e+002 1.401529e+002 3.100000e+001
    endloop
  endfacet
  facet normal 7.160075e-002 3.222232e-002 -0.000000e+000
    outer loop
      vertex   -3.374782e+002 1.401529e+002 3.100000e+001
      vertex   -3.375525e+002 1.403181e+002 3.330000e+001
      vertex   -3.374782e+002 1.401529e+002 3.330000e+001
    endloop
  endfacet
  facet normal 8.558083e-001 5.172931e-001 -0.000000e+000
    outer loop
      vertex   -3.374782e+002 1.401529e+002 3.100000e+001
      vertex   -3.374782e+002 1.401529e+002 3.330000e+001
      vertex   -3.373845e+002 1.399979e+002 3.100000e+001
    endloop
  endfacet
  facet normal 6.718282e-002 4.060864e-002 -0.000000e+000
    outer loop
      vertex   -3.373845e+002 1.399979e+002 3.100000e+001
      vertex   -3.374782e+002 1.401529e+002 3.330000e+001
      vertex   -3.373845e+002 1.399979e+002 3.330000e+001
    endloop
  endfacet
  facet normal 7.871565e-001 6.167533e-001 -0.000000e+000
    outer loop
      vertex   -3.373845e+002 1.399979e+002 3.100000e+001
      vertex   -3.373845e+002 1.399979e+002 3.330000e+001
      vertex   -3.372728e+002 1.398553e+002 3.100000e+001
    endloop
  endfacet
  facet normal 6.180574e-002 4.842607e-002 -0.000000e+000
    outer loop
      vertex   -3.372728e+002 1.398553e+002 3.100000e+001
      vertex   -3.373845e+002 1.399979e+002 3.330000e+001
      vertex   -3.372728e+002 1.398553e+002 3.330000e+001
    endloop
  endfacet
  facet normal 7.071068e-001 7.071068e-001 -0.000000e+000
    outer loop
      vertex   -3.372728e+002 1.398553e+002 3.100000e+001
      vertex   -3.372728e+002 1.398553e+002 3.330000e+001
      vertex   -3.371447e+002 1.397272e+002 3.100000e+001
    endloop
  endfacet
  facet normal 5.551607e-002 5.551607e-002 -0.000000e+000
    outer loop
      vertex   -3.371447e+002 1.397272e+002 3.100000e+001
      vertex   -3.372728e+002 1.398553e+002 3.330000e+001
      vertex   -3.371447e+002 1.397272e+002 3.330000e+001
    endloop
  endfacet
  facet normal 6.167420e-001 7.871653e-001 -0.000000e+000
    outer loop
      vertex   -3.371447e+002 1.397272e+002 3.100000e+001
      vertex   -3.371447e+002 1.397272e+002 3.330000e+001
      vertex   -3.370021e+002 1.396155e+002 3.100000e+001
    endloop
  endfacet
  facet normal 4.841949e-002 6.179917e-002 -0.000000e+000
    outer loop
      vertex   -3.370021e+002 1.396155e+002 3.100000e+001
      vertex   -3.371447e+002 1.397272e+002 3.330000e+001
      vertex   -3.370021e+002 1.396155e+002 3.330000e+001
    endloop
  endfacet
  facet normal 5.172802e-001 8.558161e-001 -0.000000e+000
    outer loop
      vertex   -3.370021e+002 1.396155e+002 3.100000e+001
      vertex   -3.370021e+002 1.396155e+002 3.330000e+001
      vertex   -3.368471e+002 1.395218e+002 3.100000e+001
    endloop
  endfacet
  facet normal 4.061520e-002 6.719597e-002 -0.000000e+000
    outer loop
      vertex   -3.368471e+002 1.395218e+002 3.100000e+001
      vertex   -3.370021e+002 1.396155e+002 3.330000e+001
      vertex   -3.368471e+002 1.395218e+002 3.330000e+001
    endloop
  endfacet
  facet normal 4.104488e-001 9.118837e-001 -0.000000e+000
    outer loop
      vertex   -3.368471e+002 1.395218e+002 3.100000e+001
      vertex   -3.368471e+002 1.395218e+002 3.330000e+001
      vertex   -3.366819e+002 1.394475e+002 3.100000e+001
    endloop
  endfacet
  facet normal 3.222235e-002 7.158758e-002 -0.000000e+000
    outer loop
      vertex   -3.366819e+002 1.394475e+002 3.100000e+001
      vertex   -3.368471e+002 1.395218e+002 3.330000e+001
      vertex   -3.366819e+002 1.394475e+002 3.330000e+001
    endloop
  endfacet
  facet normal 2.975171e-001 9.547165e-001 -0.000000e+000
    outer loop
      vertex   -3.366819e+002 1.394475e+002 3.100000e+001
      vertex   -3.366819e+002 1.394475e+002 3.330000e+001
      vertex   -3.365090e+002 1.393936e+002 3.100000e+001
    endloop
  endfacet
  facet normal 2.335986e-002 7.496055e-002 -0.000000e+000
    outer loop
      vertex   -3.365090e+002 1.393936e+002 3.100000e+001
      vertex   -3.366819e+002 1.394475e+002 3.330000e+001
      vertex   -3.365090e+002 1.393936e+002 3.330000e+001
    endloop
  endfacet
  facet normal 1.802790e-001 9.836155e-001 -0.000000e+000
    outer loop
      vertex   -3.365090e+002 1.393936e+002 3.100000e+001
      vertex   -3.365090e+002 1.393936e+002 3.330000e+001
      vertex   -3.363308e+002 1.393609e+002 3.100000e+001
    endloop
  endfacet
  facet normal 1.415349e-002 7.722251e-002 -0.000000e+000
    outer loop
      vertex   -3.363308e+002 1.393609e+002 3.100000e+001
      vertex   -3.365090e+002 1.393936e+002 3.330000e+001
      vertex   -3.363308e+002 1.393609e+002 3.330000e+001
    endloop
  endfacet
  facet normal 6.031195e-002 9.981796e-001 -0.000000e+000
    outer loop
      vertex   -3.363308e+002 1.393609e+002 3.100000e+001
      vertex   -3.363308e+002 1.393609e+002 3.330000e+001
      vertex   -3.361500e+002 1.393500e+002 3.100000e+001
    endloop
  endfacet
  facet normal 4.735465e-003 7.837326e-002 -0.000000e+000
    outer loop
      vertex   -3.361500e+002 1.393500e+002 3.100000e+001
      vertex   -3.363308e+002 1.393609e+002 3.330000e+001
      vertex   -3.361500e+002 1.393500e+002 3.330000e+001
    endloop
  endfacet
  facet normal -6.032209e-002 9.981790e-001 0.000000e+000
    outer loop
      vertex   -3.361500e+002 1.393500e+002 3.100000e+001
      vertex   -3.361500e+002 1.393500e+002 3.330000e+001
      vertex   -3.359692e+002 1.393609e+002 3.100000e+001
    endloop
  endfacet
  facet normal -4.735469e-003 7.836012e-002 0.000000e+000
    outer loop
      vertex   -3.359692e+002 1.393609e+002 3.100000e+001
      vertex   -3.361500e+002 1.393500e+002 3.330000e+001
      vertex   -3.359692e+002 1.393609e+002 3.330000e+001
    endloop
  endfacet
  facet normal -1.802491e-001 9.836210e-001 0.000000e+000
    outer loop
      vertex   -3.359692e+002 1.393609e+002 3.100000e+001
      vertex   -3.359692e+002 1.393609e+002 3.330000e+001
      vertex   -3.357910e+002 1.393936e+002 3.100000e+001
    endloop
  endfacet
  facet normal -1.415348e-002 7.723565e-002 0.000000e+000
    outer loop
      vertex   -3.357910e+002 1.393936e+002 3.100000e+001
      vertex   -3.359692e+002 1.393609e+002 3.330000e+001
      vertex   -3.357910e+002 1.393936e+002 3.330000e+001
    endloop
  endfacet
  facet normal -2.975650e-001 9.547016e-001 0.000000e+000
    outer loop
      vertex   -3.357910e+002 1.393936e+002 3.100000e+001
      vertex   -3.357910e+002 1.393936e+002 3.330000e+001
      vertex   -3.356181e+002 1.394475e+002 3.100000e+001
    endloop
  endfacet
  facet normal -2.335989e-002 7.494740e-002 0.000000e+000
    outer loop
      vertex   -3.356181e+002 1.394475e+002 3.100000e+001
      vertex   -3.357910e+002 1.393936e+002 3.330000e+001
      vertex   -3.356181e+002 1.394475e+002 3.330000e+001
    endloop
  endfacet
  facet normal -4.103857e-001 9.119120e-001 0.000000e+000
    outer loop
      vertex   -3.356181e+002 1.394475e+002 3.100000e+001
      vertex   -3.356181e+002 1.394475e+002 3.330000e+001
      vertex   -3.354529e+002 1.395218e+002 3.100000e+001
    endloop
  endfacet
  facet normal -3.222232e-002 7.160075e-002 0.000000e+000
    outer loop
      vertex   -3.354529e+002 1.395218e+002 3.100000e+001
      vertex   -3.356181e+002 1.394475e+002 3.330000e+001
      vertex   -3.354529e+002 1.395218e+002 3.330000e+001
    endloop
  endfacet
  facet normal -5.173548e-001 8.557710e-001 0.000000e+000
    outer loop
      vertex   -3.354529e+002 1.395218e+002 3.100000e+001
      vertex   -3.354529e+002 1.395218e+002 3.330000e+001
      vertex   -3.352979e+002 1.396155e+002 3.100000e+001
    endloop
  endfacet
  facet normal -4.061524e-002 6.718281e-002 0.000000e+000
    outer loop
      vertex   -3.352979e+002 1.396155e+002 3.100000e+001
      vertex   -3.354529e+002 1.395218e+002 3.330000e+001
      vertex   -3.352979e+002 1.396155e+002 3.330000e+001
    endloop
  endfacet
  facet normal -6.166602e-001 7.872294e-001 0.000000e+000
    outer loop
      vertex   -3.352979e+002 1.396155e+002 3.100000e+001
      vertex   -3.352979e+002 1.396155e+002 3.330000e+001
      vertex   -3.351553e+002 1.397272e+002 3.100000e+001
    endloop
  endfacet
  facet normal -4.841945e-002 6.181235e-002 0.000000e+000
    outer loop
      vertex   -3.351553e+002 1.397272e+002 3.100000e+001
      vertex   -3.352979e+002 1.396155e+002 3.330000e+001
      vertex   -3.351553e+002 1.397272e+002 3.330000e+001
    endloop
  endfacet
  facet normal -7.071068e-001 7.071068e-001 0.000000e+000
    outer loop
      vertex   -3.351553e+002 1.397272e+002 3.100000e+001
      vertex   -3.351553e+002 1.397272e+002 3.330000e+001
      vertex   -3.350272e+002 1.398553e+002 3.100000e+001
    endloop
  endfacet
  facet normal -5.551607e-002 5.551607e-002 0.000000e+000
    outer loop
      vertex   -3.350272e+002 1.398553e+002 3.100000e+001
      vertex   -3.351553e+002 1.397272e+002 3.330000e+001
      vertex   -3.350272e+002 1.398553e+002 3.330000e+001
    endloop
  endfacet
  facet normal -7.872383e-001 6.166489e-001 0.000000e+000
    outer loop
      vertex   -3.350272e+002 1.398553e+002 3.100000e+001
      vertex   -3.350272e+002 1.398553e+002 3.330000e+001
      vertex   -3.349155e+002 1.399979e+002 3.100000e+001
    endloop
  endfacet
  facet normal -6.180578e-002 4.841287e-002 0.000000e+000
    outer loop
      vertex   -3.349155e+002 1.399979e+002 3.100000e+001
      vertex   -3.350272e+002 1.398553e+002 3.330000e+001
      vertex   -3.349155e+002 1.399979e+002 3.330000e+001
    endloop
  endfacet
  facet normal -8.557337e-001 5.174165e-001 0.000000e+000
    outer loop
      vertex   -3.349155e+002 1.399979e+002 3.100000e+001
      vertex   -3.349155e+002 1.399979e+002 3.330000e+001
      vertex   -3.348218e+002 1.401529e+002 3.100000e+001
    endloop
  endfacet
  facet normal -6.718279e-002 4.062184e-002 0.000000e+000
    outer loop
      vertex   -3.348218e+002 1.401529e+002 3.100000e+001
      vertex   -3.349155e+002 1.399979e+002 3.330000e+001
      vertex   -3.348218e+002 1.401529e+002 3.330000e+001
    endloop
  endfacet
  facet normal -9.119120e-001 4.103857e-001 0.000000e+000
    outer loop
      vertex   -3.348218e+002 1.401529e+002 3.100000e+001
      vertex   -3.348218e+002 1.401529e+002 3.330000e+001
      vertex   -3.347475e+002 1.403181e+002 3.100000e+001
    endloop
  endfacet
  facet normal -7.160075e-002 3.222232e-002 0.000000e+000
    outer loop
      vertex   -3.347475e+002 1.403181e+002 3.100000e+001
      vertex   -3.348218e+002 1.401529e+002 3.330000e+001
      vertex   -3.347475e+002 1.403181e+002 3.330000e+001
    endloop
  endfacet
  facet normal -9.547091e-001 2.975410e-001 0.000000e+000
    outer loop
      vertex   -3.347475e+002 1.403181e+002 3.100000e+001
      vertex   -3.347475e+002 1.403181e+002 3.330000e+001
      vertex   -3.346936e+002 1.404910e+002 3.100000e+001
    endloop
  endfacet
  facet normal -7.495397e-002 2.335987e-002 0.000000e+000
    outer loop
      vertex   -3.346936e+002 1.404910e+002 3.100000e+001
      vertex   -3.347475e+002 1.403181e+002 3.330000e+001
      vertex   -3.346936e+002 1.404910e+002 3.330000e+001
    endloop
  endfacet
  facet normal -9.836454e-001 1.801160e-001 0.000000e+000
    outer loop
      vertex   -3.346936e+002 1.404910e+002 3.100000e+001
      vertex   -3.346936e+002 1.404910e+002 3.330000e+001
      vertex   -3.346609e+002 1.406692e+002 3.100000e+001
    endloop
  endfacet
  facet normal -7.722253e-002 1.414027e-002 0.000000e+000
    outer loop
      vertex   -3.346609e+002 1.406692e+002 3.100000e+001
      vertex   -3.346936e+002 1.404910e+002 3.330000e+001
      vertex   -3.346609e+002 1.406692e+002 3.330000e+001
    endloop
  endfacet
  facet normal -9.981694e-001 6.047980e-002 0.000000e+000
    outer loop
      vertex   -3.346609e+002 1.406692e+002 3.100000e+001
      vertex   -3.346609e+002 1.406692e+002 3.330000e+001
      vertex   -3.346500e+002 1.408500e+002 3.100000e+001
    endloop
  endfacet
  facet normal -7.837325e-002 4.748692e-003 0.000000e+000
    outer loop
      vertex   -3.346500e+002 1.408500e+002 3.100000e+001
      vertex   -3.346609e+002 1.406692e+002 3.330000e+001
      vertex   -3.346500e+002 1.408500e+002 3.330000e+001
    endloop
  endfacet
  facet normal -9.981691e-001 -6.048489e-002 0.000000e+000
    outer loop
      vertex   -3.346500e+002 1.408500e+002 3.100000e+001
      vertex   -3.346500e+002 1.408500e+002 3.330000e+001
      vertex   -3.346609e+002 1.410308e+002 3.100000e+001
    endloop
  endfacet
  facet normal -7.836668e-002 -4.748694e-003 0.000000e+000
    outer loop
      vertex   -3.346609e+002 1.410308e+002 3.100000e+001
      vertex   -3.346500e+002 1.408500e+002 3.330000e+001
      vertex   -3.346609e+002 1.410308e+002 3.330000e+001
    endloop
  endfacet
  facet normal -9.836454e-001 -1.801160e-001 0.000000e+000
    outer loop
      vertex   -3.346609e+002 1.410308e+002 3.100000e+001
      vertex   -3.346609e+002 1.410308e+002 3.330000e+001
      vertex   -3.346936e+002 1.412090e+002 3.100000e+001
    endloop
  endfacet
  facet normal -7.722253e-002 -1.414027e-002 0.000000e+000
    outer loop
      vertex   -3.346936e+002 1.412090e+002 3.100000e+001
      vertex   -3.346609e+002 1.410308e+002 3.330000e+001
      vertex   -3.346936e+002 1.412090e+002 3.330000e+001
    endloop
  endfacet
  facet normal -9.547165e-001 -2.975171e-001 0.000000e+000
    outer loop
      vertex   -3.346936e+002 1.412090e+002 3.100000e+001
      vertex   -3.346936e+002 1.412090e+002 3.330000e+001
      vertex   -3.347475e+002 1.413819e+002 3.100000e+001
    endloop
  endfacet
  facet normal -7.496055e-002 -2.335986e-002 0.000000e+000
    outer loop
      vertex   -3.347475e+002 1.413819e+002 3.100000e+001
      vertex   -3.346936e+002 1.412090e+002 3.330000e+001
      vertex   -3.347475e+002 1.413819e+002 3.330000e+001
    endloop
  endfacet
  facet normal -9.118978e-001 -4.104172e-001 0.000000e+000
    outer loop
      vertex   -3.347475e+002 1.413819e+002 3.100000e+001
      vertex   -3.347475e+002 1.413819e+002 3.330000e+001
      vertex   -3.348218e+002 1.415471e+002 3.100000e+001
    endloop
  endfacet
  facet normal -7.159417e-002 -3.222233e-002 0.000000e+000
    outer loop
      vertex   -3.348218e+002 1.415471e+002 3.100000e+001
      vertex   -3.347475e+002 1.413819e+002 3.330000e+001
      vertex   -3.348218e+002 1.415471e+002 3.330000e+001
    endloop
  endfacet
  facet normal -8.557563e-001 -5.173792e-001 0.000000e+000
    outer loop
      vertex   -3.348218e+002 1.415471e+002 3.100000e+001
      vertex   -3.348218e+002 1.415471e+002 3.330000e+001
      vertex   -3.349155e+002 1.417021e+002 3.100000e+001
    endloop
  endfacet
  facet normal -6.718937e-002 -4.062182e-002 0.000000e+000
    outer loop
      vertex   -3.349155e+002 1.417021e+002 3.100000e+001
      vertex   -3.348218e+002 1.415471e+002 3.330000e+001
      vertex   -3.349155e+002 1.417021e+002 3.330000e+001
    endloop
  endfacet
  facet normal -7.872062e-001 -6.166898e-001 0.000000e+000
    outer loop
      vertex   -3.349155e+002 1.417021e+002 3.100000e+001
      vertex   -3.349155e+002 1.417021e+002 3.330000e+001
      vertex   -3.350272e+002 1.418447e+002 3.100000e+001
    endloop
  endfacet
  facet normal -6.179919e-002 -4.841289e-002 0.000000e+000
    outer loop
      vertex   -3.350272e+002 1.418447e+002 3.100000e+001
      vertex   -3.349155e+002 1.417021e+002 3.330000e+001
      vertex   -3.350272e+002 1.418447e+002 3.330000e+001
    endloop
  endfacet
  facet normal -7.071068e-001 -7.071068e-001 0.000000e+000
    outer loop
      vertex   -3.350272e+002 1.418447e+002 3.100000e+001
      vertex   -3.350272e+002 1.418447e+002 3.330000e+001
      vertex   -3.351553e+002 1.419728e+002 3.100000e+001
    endloop
  endfacet
  facet normal -5.551607e-002 -5.551607e-002 0.000000e+000
    outer loop
      vertex   -3.351553e+002 1.419728e+002 3.100000e+001
      vertex   -3.350272e+002 1.418447e+002 3.330000e+001
      vertex   -3.351553e+002 1.419728e+002 3.330000e+001
    endloop
  endfacet
  facet normal -6.166602e-001 -7.872294e-001 0.000000e+000
    outer loop
      vertex   -3.351553e+002 1.419728e+002 3.100000e+001
      vertex   -3.351553e+002 1.419728e+002 3.330000e+001
      vertex   -3.352979e+002 1.420845e+002 3.100000e+001
    endloop
  endfacet
  facet normal -4.841945e-002 -6.181235e-002 0.000000e+000
    outer loop
      vertex   -3.352979e+002 1.420845e+002 3.100000e+001
      vertex   -3.351553e+002 1.419728e+002 3.330000e+001
      vertex   -3.352979e+002 1.420845e+002 3.330000e+001
    endloop
  endfacet
  facet normal -5.173548e-001 -8.557710e-001 0.000000e+000
    outer loop
      vertex   -3.352979e+002 1.420845e+002 3.100000e+001
      vertex   -3.352979e+002 1.420845e+002 3.330000e+001
      vertex   -3.354529e+002 1.421782e+002 3.100000e+001
    endloop
  endfacet
  facet normal -4.061524e-002 -6.718281e-002 0.000000e+000
    outer loop
      vertex   -3.354529e+002 1.421782e+002 3.100000e+001
      vertex   -3.352979e+002 1.420845e+002 3.330000e+001
      vertex   -3.354529e+002 1.421782e+002 3.330000e+001
    endloop
  endfacet
  facet normal -4.103857e-001 -9.119120e-001 0.000000e+000
    outer loop
      vertex   -3.354529e+002 1.421782e+002 3.100000e+001
      vertex   -3.354529e+002 1.421782e+002 3.330000e+001
      vertex   -3.356181e+002 1.422525e+002 3.100000e+001
    endloop
  endfacet
  facet normal -3.222232e-002 -7.160075e-002 0.000000e+000
    outer loop
      vertex   -3.356181e+002 1.422525e+002 3.100000e+001
      vertex   -3.354529e+002 1.421782e+002 3.330000e+001
      vertex   -3.356181e+002 1.422525e+002 3.330000e+001
    endloop
  endfacet
  facet normal -2.975650e-001 -9.547016e-001 0.000000e+000
    outer loop
      vertex   -3.356181e+002 1.422525e+002 3.100000e+001
      vertex   -3.356181e+002 1.422525e+002 3.330000e+001
      vertex   -3.357910e+002 1.423064e+002 3.100000e+001
    endloop
  endfacet
  facet normal -2.335989e-002 -7.494740e-002 0.000000e+000
    outer loop
      vertex   -3.357910e+002 1.423064e+002 3.100000e+001
      vertex   -3.356181e+002 1.422525e+002 3.330000e+001
      vertex   -3.357910e+002 1.423064e+002 3.330000e+001
    endloop
  endfacet
  facet normal -1.802491e-001 -9.836210e-001 0.000000e+000
    outer loop
      vertex   -3.357910e+002 1.423064e+002 3.100000e+001
      vertex   -3.357910e+002 1.423064e+002 3.330000e+001
      vertex   -3.359692e+002 1.423391e+002 3.100000e+001
    endloop
  endfacet
  facet normal -1.415348e-002 -7.723565e-002 0.000000e+000
    outer loop
      vertex   -3.359692e+002 1.423391e+002 3.100000e+001
      vertex   -3.357910e+002 1.423064e+002 3.330000e+001
      vertex   -3.359692e+002 1.423391e+002 3.330000e+001
    endloop
  endfacet
  facet normal 6.039587e-002 -9.981745e-001 0.000000e+000
    outer loop
      vertex   -3.363308e+002 1.423391e+002 3.520000e+001
      vertex   -3.363308e+002 1.423391e+002 3.330000e+001
      vertex   -3.361500e+002 1.423500e+002 3.520000e+001
    endloop
  endfacet
  facet normal 5.732187e-003 -9.473699e-002 0.000000e+000
    outer loop
      vertex   -3.361500e+002 1.423500e+002 3.520000e+001
      vertex   -3.363308e+002 1.423391e+002 3.330000e+001
      vertex   -3.361500e+002 1.423500e+002 3.330000e+001
    endloop
  endfacet
  facet normal -6.040603e-002 -9.981739e-001 -0.000000e+000
    outer loop
      vertex   -3.361500e+002 1.423500e+002 3.520000e+001
      vertex   -3.361500e+002 1.423500e+002 3.330000e+001
      vertex   -3.359692e+002 1.423391e+002 3.520000e+001
    endloop
  endfacet
  facet normal -5.732196e-003 -9.472114e-002 -0.000000e+000
    outer loop
      vertex   -3.359692e+002 1.423391e+002 3.520000e+001
      vertex   -3.361500e+002 1.423500e+002 3.330000e+001
      vertex   -3.359692e+002 1.423391e+002 3.330000e+001
    endloop
  endfacet
  facet normal -1.802491e-001 -9.836210e-001 -0.000000e+000
    outer loop
      vertex   -3.359692e+002 1.423391e+002 3.520000e+001
      vertex   -3.359692e+002 1.423391e+002 3.330000e+001
      vertex   -3.357910e+002 1.423064e+002 3.520000e+001
    endloop
  endfacet
  facet normal -1.710861e-002 -9.336184e-002 -0.000000e+000
    outer loop
      vertex   -3.357910e+002 1.423064e+002 3.520000e+001
      vertex   -3.359692e+002 1.423391e+002 3.330000e+001
      vertex   -3.357910e+002 1.423064e+002 3.330000e+001
    endloop
  endfacet
  facet normal -2.975650e-001 -9.547016e-001 -0.000000e+000
    outer loop
      vertex   -3.357910e+002 1.423064e+002 3.520000e+001
      vertex   -3.357910e+002 1.423064e+002 3.330000e+001
      vertex   -3.356181e+002 1.422525e+002 3.520000e+001
    endloop
  endfacet
  facet normal -2.823726e-002 -9.059588e-002 -0.000000e+000
    outer loop
      vertex   -3.356181e+002 1.422525e+002 3.520000e+001
      vertex   -3.357910e+002 1.423064e+002 3.330000e+001
      vertex   -3.356181e+002 1.422525e+002 3.330000e+001
    endloop
  endfacet
  facet normal -4.103857e-001 -9.119120e-001 -0.000000e+000
    outer loop
      vertex   -3.356181e+002 1.422525e+002 3.520000e+001
      vertex   -3.356181e+002 1.422525e+002 3.330000e+001
      vertex   -3.354529e+002 1.421782e+002 3.520000e+001
    endloop
  endfacet
  facet normal -3.895009e-002 -8.655042e-002 -0.000000e+000
    outer loop
      vertex   -3.354529e+002 1.421782e+002 3.520000e+001
      vertex   -3.356181e+002 1.422525e+002 3.330000e+001
      vertex   -3.354529e+002 1.421782e+002 3.330000e+001
    endloop
  endfacet
  facet normal -5.173548e-001 -8.557710e-001 -0.000000e+000
    outer loop
      vertex   -3.354529e+002 1.421782e+002 3.520000e+001
      vertex   -3.354529e+002 1.421782e+002 3.330000e+001
      vertex   -3.352979e+002 1.420845e+002 3.520000e+001
    endloop
  endfacet
  facet normal -4.909541e-002 -8.121008e-002 -0.000000e+000
    outer loop
      vertex   -3.352979e+002 1.420845e+002 3.520000e+001
      vertex   -3.354529e+002 1.421782e+002 3.330000e+001
      vertex   -3.352979e+002 1.420845e+002 3.330000e+001
    endloop
  endfacet
  facet normal -6.166602e-001 -7.872294e-001 -0.000000e+000
    outer loop
      vertex   -3.352979e+002 1.420845e+002 3.520000e+001
      vertex   -3.352979e+002 1.420845e+002 3.330000e+001
      vertex   -3.351553e+002 1.419728e+002 3.520000e+001
    endloop
  endfacet
  facet normal -5.852905e-002 -7.471828e-002 -0.000000e+000
    outer loop
      vertex   -3.351553e+002 1.419728e+002 3.520000e+001
      vertex   -3.352979e+002 1.420845e+002 3.330000e+001
      vertex   -3.351553e+002 1.419728e+002 3.330000e+001
    endloop
  endfacet
  facet normal -7.071068e-001 -7.071068e-001 -0.000000e+000
    outer loop
      vertex   -3.351553e+002 1.419728e+002 3.520000e+001
      vertex   -3.351553e+002 1.419728e+002 3.330000e+001
      vertex   -3.350272e+002 1.418447e+002 3.520000e+001
    endloop
  endfacet
  facet normal -6.710740e-002 -6.710740e-002 -0.000000e+000
    outer loop
      vertex   -3.350272e+002 1.418447e+002 3.520000e+001
      vertex   -3.351553e+002 1.419728e+002 3.330000e+001
      vertex   -3.350272e+002 1.418447e+002 3.330000e+001
    endloop
  endfacet
  facet normal -7.872062e-001 -6.166898e-001 -0.000000e+000
    outer loop
      vertex   -3.350272e+002 1.418447e+002 3.520000e+001
      vertex   -3.350272e+002 1.418447e+002 3.330000e+001
      vertex   -3.349155e+002 1.417021e+002 3.520000e+001
    endloop
  endfacet
  facet normal -7.470241e-002 -5.852116e-002 -0.000000e+000
    outer loop
      vertex   -3.349155e+002 1.417021e+002 3.520000e+001
      vertex   -3.350272e+002 1.418447e+002 3.330000e+001
      vertex   -3.349155e+002 1.417021e+002 3.330000e+001
    endloop
  endfacet
  facet normal -8.557563e-001 -5.173792e-001 -0.000000e+000
    outer loop
      vertex   -3.349155e+002 1.417021e+002 3.520000e+001
      vertex   -3.349155e+002 1.417021e+002 3.330000e+001
      vertex   -3.348218e+002 1.415471e+002 3.520000e+001
    endloop
  endfacet
  facet normal -8.121800e-002 -4.910335e-002 -0.000000e+000
    outer loop
      vertex   -3.348218e+002 1.415471e+002 3.520000e+001
      vertex   -3.349155e+002 1.417021e+002 3.330000e+001
      vertex   -3.348218e+002 1.415471e+002 3.330000e+001
    endloop
  endfacet
  facet normal -9.118978e-001 -4.104172e-001 -0.000000e+000
    outer loop
      vertex   -3.348218e+002 1.415471e+002 3.520000e+001
      vertex   -3.348218e+002 1.415471e+002 3.330000e+001
      vertex   -3.347475e+002 1.413819e+002 3.520000e+001
    endloop
  endfacet
  facet normal -8.654249e-002 -3.895012e-002 -0.000000e+000
    outer loop
      vertex   -3.347475e+002 1.413819e+002 3.520000e+001
      vertex   -3.348218e+002 1.415471e+002 3.330000e+001
      vertex   -3.347475e+002 1.413819e+002 3.330000e+001
    endloop
  endfacet
  facet normal -9.547165e-001 -2.975171e-001 -0.000000e+000
    outer loop
      vertex   -3.347475e+002 1.413819e+002 3.520000e+001
      vertex   -3.347475e+002 1.413819e+002 3.330000e+001
      vertex   -3.346936e+002 1.412090e+002 3.520000e+001
    endloop
  endfacet
  facet normal -9.061173e-002 -2.823722e-002 -0.000000e+000
    outer loop
      vertex   -3.346936e+002 1.412090e+002 3.520000e+001
      vertex   -3.347475e+002 1.413819e+002 3.330000e+001
      vertex   -3.346936e+002 1.412090e+002 3.330000e+001
    endloop
  endfacet
  facet normal -9.836454e-001 -1.801160e-001 -0.000000e+000
    outer loop
      vertex   -3.346936e+002 1.412090e+002 3.520000e+001
      vertex   -3.346936e+002 1.412090e+002 3.330000e+001
      vertex   -3.346609e+002 1.410308e+002 3.520000e+001
    endloop
  endfacet
  facet normal -9.334601e-002 -1.709265e-002 -0.000000e+000
    outer loop
      vertex   -3.346609e+002 1.410308e+002 3.520000e+001
      vertex   -3.346936e+002 1.412090e+002 3.330000e+001
      vertex   -3.346609e+002 1.410308e+002 3.330000e+001
    endloop
  endfacet
  facet normal -9.981691e-001 -6.048489e-002 -0.000000e+000
    outer loop
      vertex   -3.346609e+002 1.410308e+002 3.520000e+001
      vertex   -3.346609e+002 1.410308e+002 3.330000e+001
      vertex   -3.346500e+002 1.408500e+002 3.520000e+001
    endloop
  endfacet
  facet normal -9.472906e-002 -5.740186e-003 -0.000000e+000
    outer loop
      vertex   -3.346500e+002 1.408500e+002 3.520000e+001
      vertex   -3.346609e+002 1.410308e+002 3.330000e+001
      vertex   -3.346500e+002 1.408500e+002 3.330000e+001
    endloop
  endfacet
  facet normal -9.981694e-001 6.047980e-002 0.000000e+000
    outer loop
      vertex   -3.346500e+002 1.408500e+002 3.520000e+001
      vertex   -3.346500e+002 1.408500e+002 3.330000e+001
      vertex   -3.346609e+002 1.406692e+002 3.520000e+001
    endloop
  endfacet
  facet normal -9.473698e-002 5.740182e-003 0.000000e+000
    outer loop
      vertex   -3.346609e+002 1.406692e+002 3.520000e+001
      vertex   -3.346500e+002 1.408500e+002 3.330000e+001
      vertex   -3.346609e+002 1.406692e+002 3.330000e+001
    endloop
  endfacet
  facet normal -9.836454e-001 1.801160e-001 0.000000e+000
    outer loop
      vertex   -3.346609e+002 1.406692e+002 3.520000e+001
      vertex   -3.346609e+002 1.406692e+002 3.330000e+001
      vertex   -3.346936e+002 1.404910e+002 3.520000e+001
    endloop
  endfacet
  facet normal -9.334601e-002 1.709265e-002 0.000000e+000
    outer loop
      vertex   -3.346936e+002 1.404910e+002 3.520000e+001
      vertex   -3.346609e+002 1.406692e+002 3.330000e+001
      vertex   -3.346936e+002 1.404910e+002 3.330000e+001
    endloop
  endfacet
  facet normal -9.547091e-001 2.975410e-001 0.000000e+000
    outer loop
      vertex   -3.346936e+002 1.404910e+002 3.520000e+001
      vertex   -3.346936e+002 1.404910e+002 3.330000e+001
      vertex   -3.347475e+002 1.403181e+002 3.520000e+001
    endloop
  endfacet
  facet normal -9.060381e-002 2.823724e-002 0.000000e+000
    outer loop
      vertex   -3.347475e+002 1.403181e+002 3.520000e+001
      vertex   -3.346936e+002 1.404910e+002 3.330000e+001
      vertex   -3.347475e+002 1.403181e+002 3.330000e+001
    endloop
  endfacet
  facet normal -9.119120e-001 4.103857e-001 0.000000e+000
    outer loop
      vertex   -3.347475e+002 1.403181e+002 3.520000e+001
      vertex   -3.347475e+002 1.403181e+002 3.330000e+001
      vertex   -3.348218e+002 1.401529e+002 3.520000e+001
    endloop
  endfacet
  facet normal -8.655042e-002 3.895009e-002 0.000000e+000
    outer loop
      vertex   -3.348218e+002 1.401529e+002 3.520000e+001
      vertex   -3.347475e+002 1.403181e+002 3.330000e+001
      vertex   -3.348218e+002 1.401529e+002 3.330000e+001
    endloop
  endfacet
  facet normal -8.557337e-001 5.174165e-001 0.000000e+000
    outer loop
      vertex   -3.348218e+002 1.401529e+002 3.520000e+001
      vertex   -3.348218e+002 1.401529e+002 3.330000e+001
      vertex   -3.349155e+002 1.399979e+002 3.520000e+001
    endloop
  endfacet
  facet normal -8.121005e-002 4.910338e-002 0.000000e+000
    outer loop
      vertex   -3.349155e+002 1.399979e+002 3.520000e+001
      vertex   -3.348218e+002 1.401529e+002 3.330000e+001
      vertex   -3.349155e+002 1.399979e+002 3.330000e+001
    endloop
  endfacet
  facet normal -7.872383e-001 6.166489e-001 0.000000e+000
    outer loop
      vertex   -3.349155e+002 1.399979e+002 3.520000e+001
      vertex   -3.349155e+002 1.399979e+002 3.330000e+001
      vertex   -3.350272e+002 1.398553e+002 3.520000e+001
    endloop
  endfacet
  facet normal -7.471036e-002 5.852112e-002 0.000000e+000
    outer loop
      vertex   -3.350272e+002 1.398553e+002 3.520000e+001
      vertex   -3.349155e+002 1.399979e+002 3.330000e+001
      vertex   -3.350272e+002 1.398553e+002 3.330000e+001
    endloop
  endfacet
  facet normal -7.071068e-001 7.071068e-001 0.000000e+000
    outer loop
      vertex   -3.350272e+002 1.398553e+002 3.520000e+001
      vertex   -3.350272e+002 1.398553e+002 3.330000e+001
      vertex   -3.351553e+002 1.397272e+002 3.520000e+001
    endloop
  endfacet
  facet normal -6.710740e-002 6.710740e-002 0.000000e+000
    outer loop
      vertex   -3.351553e+002 1.397272e+002 3.520000e+001
      vertex   -3.350272e+002 1.398553e+002 3.330000e+001
      vertex   -3.351553e+002 1.397272e+002 3.330000e+001
    endloop
  endfacet
  facet normal -6.166602e-001 7.872294e-001 0.000000e+000
    outer loop
      vertex   -3.351553e+002 1.397272e+002 3.520000e+001
      vertex   -3.351553e+002 1.397272e+002 3.330000e+001
      vertex   -3.352979e+002 1.396155e+002 3.520000e+001
    endloop
  endfacet
  facet normal -5.852905e-002 7.471828e-002 0.000000e+000
    outer loop
      vertex   -3.352979e+002 1.396155e+002 3.520000e+001
      vertex   -3.351553e+002 1.397272e+002 3.330000e+001
      vertex   -3.352979e+002 1.396155e+002 3.330000e+001
    endloop
  endfacet
  facet normal -5.173548e-001 8.557710e-001 0.000000e+000
    outer loop
      vertex   -3.352979e+002 1.396155e+002 3.520000e+001
      vertex   -3.352979e+002 1.396155e+002 3.330000e+001
      vertex   -3.354529e+002 1.395218e+002 3.520000e+001
    endloop
  endfacet
  facet normal -4.909541e-002 8.121008e-002 0.000000e+000
    outer loop
      vertex   -3.354529e+002 1.395218e+002 3.520000e+001
      vertex   -3.352979e+002 1.396155e+002 3.330000e+001
      vertex   -3.354529e+002 1.395218e+002 3.330000e+001
    endloop
  endfacet
  facet normal -4.103857e-001 9.119120e-001 0.000000e+000
    outer loop
      vertex   -3.354529e+002 1.395218e+002 3.520000e+001
      vertex   -3.354529e+002 1.395218e+002 3.330000e+001
      vertex   -3.356181e+002 1.394475e+002 3.520000e+001
    endloop
  endfacet
  facet normal -3.895009e-002 8.655042e-002 0.000000e+000
    outer loop
      vertex   -3.356181e+002 1.394475e+002 3.520000e+001
      vertex   -3.354529e+002 1.395218e+002 3.330000e+001
      vertex   -3.356181e+002 1.394475e+002 3.330000e+001
    endloop
  endfacet
  facet normal -2.975650e-001 9.547016e-001 0.000000e+000
    outer loop
      vertex   -3.356181e+002 1.394475e+002 3.520000e+001
      vertex   -3.356181e+002 1.394475e+002 3.330000e+001
      vertex   -3.357910e+002 1.393936e+002 3.520000e+001
    endloop
  endfacet
  facet normal -2.823726e-002 9.059588e-002 0.000000e+000
    outer loop
      vertex   -3.357910e+002 1.393936e+002 3.520000e+001
      vertex   -3.356181e+002 1.394475e+002 3.330000e+001
      vertex   -3.357910e+002 1.393936e+002 3.330000e+001
    endloop
  endfacet
  facet normal -1.802491e-001 9.836210e-001 0.000000e+000
    outer loop
      vertex   -3.357910e+002 1.393936e+002 3.520000e+001
      vertex   -3.357910e+002 1.393936e+002 3.330000e+001
      vertex   -3.359692e+002 1.393609e+002 3.520000e+001
    endloop
  endfacet
  facet normal -1.710861e-002 9.336184e-002 0.000000e+000
    outer loop
      vertex   -3.359692e+002 1.393609e+002 3.520000e+001
      vertex   -3.357910e+002 1.393936e+002 3.330000e+001
      vertex   -3.359692e+002 1.393609e+002 3.330000e+001
    endloop
  endfacet
  facet normal -6.032209e-002 9.981790e-001 0.000000e+000
    outer loop
      vertex   -3.359692e+002 1.393609e+002 3.520000e+001
      vertex   -3.359692e+002 1.393609e+002 3.330000e+001
      vertex   -3.361500e+002 1.393500e+002 3.520000e+001
    endloop
  endfacet
  facet normal -5.724201e-003 9.472115e-002 0.000000e+000
    outer loop
      vertex   -3.361500e+002 1.393500e+002 3.520000e+001
      vertex   -3.359692e+002 1.393609e+002 3.330000e+001
      vertex   -3.361500e+002 1.393500e+002 3.330000e+001
    endloop
  endfacet
  facet normal 6.031195e-002 9.981796e-001 0.000000e+000
    outer loop
      vertex   -3.361500e+002 1.393500e+002 3.520000e+001
      vertex   -3.361500e+002 1.393500e+002 3.330000e+001
      vertex   -3.363308e+002 1.393609e+002 3.520000e+001
    endloop
  endfacet
  facet normal 5.724193e-003 9.473699e-002 0.000000e+000
    outer loop
      vertex   -3.363308e+002 1.393609e+002 3.520000e+001
      vertex   -3.361500e+002 1.393500e+002 3.330000e+001
      vertex   -3.363308e+002 1.393609e+002 3.330000e+001
    endloop
  endfacet
  facet normal 1.802790e-001 9.836155e-001 0.000000e+000
    outer loop
      vertex   -3.363308e+002 1.393609e+002 3.520000e+001
      vertex   -3.363308e+002 1.393609e+002 3.330000e+001
      vertex   -3.365090e+002 1.393936e+002 3.520000e+001
    endloop
  endfacet
  facet normal 1.710864e-002 9.334599e-002 0.000000e+000
    outer loop
      vertex   -3.365090e+002 1.393936e+002 3.520000e+001
      vertex   -3.363308e+002 1.393609e+002 3.330000e+001
      vertex   -3.365090e+002 1.393936e+002 3.330000e+001
    endloop
  endfacet
  facet normal 2.975171e-001 9.547165e-001 0.000000e+000
    outer loop
      vertex   -3.365090e+002 1.393936e+002 3.520000e+001
      vertex   -3.365090e+002 1.393936e+002 3.330000e+001
      vertex   -3.366819e+002 1.394475e+002 3.520000e+001
    endloop
  endfacet
  facet normal 2.823722e-002 9.061173e-002 0.000000e+000
    outer loop
      vertex   -3.366819e+002 1.394475e+002 3.520000e+001
      vertex   -3.365090e+002 1.393936e+002 3.330000e+001
      vertex   -3.366819e+002 1.394475e+002 3.330000e+001
    endloop
  endfacet
  facet normal 4.104488e-001 9.118837e-001 0.000000e+000
    outer loop
      vertex   -3.366819e+002 1.394475e+002 3.520000e+001
      vertex   -3.366819e+002 1.394475e+002 3.330000e+001
      vertex   -3.368471e+002 1.395218e+002 3.520000e+001
    endloop
  endfacet
  facet normal 3.895014e-002 8.653455e-002 0.000000e+000
    outer loop
      vertex   -3.368471e+002 1.395218e+002 3.520000e+001
      vertex   -3.366819e+002 1.394475e+002 3.330000e+001
      vertex   -3.368471e+002 1.395218e+002 3.330000e+001
    endloop
  endfacet
  facet normal 5.172802e-001 8.558161e-001 0.000000e+000
    outer loop
      vertex   -3.368471e+002 1.395218e+002 3.520000e+001
      vertex   -3.368471e+002 1.395218e+002 3.330000e+001
      vertex   -3.370021e+002 1.396155e+002 3.520000e+001
    endloop
  endfacet
  facet normal 4.909534e-002 8.122597e-002 0.000000e+000
    outer loop
      vertex   -3.370021e+002 1.396155e+002 3.520000e+001
      vertex   -3.368471e+002 1.395218e+002 3.330000e+001
      vertex   -3.370021e+002 1.396155e+002 3.330000e+001
    endloop
  endfacet
  facet normal 6.167420e-001 7.871653e-001 0.000000e+000
    outer loop
      vertex   -3.370021e+002 1.396155e+002 3.520000e+001
      vertex   -3.370021e+002 1.396155e+002 3.330000e+001
      vertex   -3.371447e+002 1.397272e+002 3.520000e+001
    endloop
  endfacet
  facet normal 5.852912e-002 7.470238e-002 0.000000e+000
    outer loop
      vertex   -3.371447e+002 1.397272e+002 3.520000e+001
      vertex   -3.370021e+002 1.396155e+002 3.330000e+001
      vertex   -3.371447e+002 1.397272e+002 3.330000e+001
    endloop
  endfacet
  facet normal 7.071068e-001 7.071068e-001 0.000000e+000
    outer loop
      vertex   -3.371447e+002 1.397272e+002 3.520000e+001
      vertex   -3.371447e+002 1.397272e+002 3.330000e+001
      vertex   -3.372728e+002 1.398553e+002 3.520000e+001
    endloop
  endfacet
  facet normal 6.710740e-002 6.710740e-002 0.000000e+000
    outer loop
      vertex   -3.372728e+002 1.398553e+002 3.520000e+001
      vertex   -3.371447e+002 1.397272e+002 3.330000e+001
      vertex   -3.372728e+002 1.398553e+002 3.330000e+001
    endloop
  endfacet
  facet normal 7.871565e-001 6.167533e-001 0.000000e+000
    outer loop
      vertex   -3.372728e+002 1.398553e+002 3.520000e+001
      vertex   -3.372728e+002 1.398553e+002 3.330000e+001
      vertex   -3.373845e+002 1.399979e+002 3.520000e+001
    endloop
  endfacet
  facet normal 7.471029e-002 5.853705e-002 0.000000e+000
    outer loop
      vertex   -3.373845e+002 1.399979e+002 3.520000e+001
      vertex   -3.372728e+002 1.398553e+002 3.330000e+001
      vertex   -3.373845e+002 1.399979e+002 3.330000e+001
    endloop
  endfacet
  facet normal 8.558083e-001 5.172931e-001 0.000000e+000
    outer loop
      vertex   -3.373845e+002 1.399979e+002 3.520000e+001
      vertex   -3.373845e+002 1.399979e+002 3.330000e+001
      vertex   -3.374782e+002 1.401529e+002 3.520000e+001
    endloop
  endfacet
  facet normal 8.121011e-002 4.908743e-002 0.000000e+000
    outer loop
      vertex   -3.374782e+002 1.401529e+002 3.520000e+001
      vertex   -3.373845e+002 1.399979e+002 3.330000e+001
      vertex   -3.374782e+002 1.401529e+002 3.330000e+001
    endloop
  endfacet
  facet normal 9.119120e-001 4.103857e-001 0.000000e+000
    outer loop
      vertex   -3.374782e+002 1.401529e+002 3.520000e+001
      vertex   -3.374782e+002 1.401529e+002 3.330000e+001
      vertex   -3.375525e+002 1.403181e+002 3.520000e+001
    endloop
  endfacet
  facet normal 8.655042e-002 3.895009e-002 0.000000e+000
    outer loop
      vertex   -3.375525e+002 1.403181e+002 3.520000e+001
      vertex   -3.374782e+002 1.401529e+002 3.330000e+001
      vertex   -3.375525e+002 1.403181e+002 3.330000e+001
    endloop
  endfacet
  facet normal 9.547091e-001 2.975410e-001 0.000000e+000
    outer loop
      vertex   -3.375525e+002 1.403181e+002 3.520000e+001
      vertex   -3.375525e+002 1.403181e+002 3.330000e+001
      vertex   -3.376064e+002 1.404910e+002 3.520000e+001
    endloop
  endfacet
  facet normal 9.060381e-002 2.823724e-002 0.000000e+000
    outer loop
      vertex   -3.376064e+002 1.404910e+002 3.520000e+001
      vertex   -3.375525e+002 1.403181e+002 3.330000e+001
      vertex   -3.376064e+002 1.404910e+002 3.330000e+001
    endloop
  endfacet
  facet normal 9.836155e-001 1.802790e-001 0.000000e+000
    outer loop
      vertex   -3.376064e+002 1.404910e+002 3.520000e+001
      vertex   -3.376064e+002 1.404910e+002 3.330000e+001
      vertex   -3.376391e+002 1.406692e+002 3.520000e+001
    endloop
  endfacet
  facet normal 9.334599e-002 1.710864e-002 0.000000e+000
    outer loop
      vertex   -3.376391e+002 1.406692e+002 3.520000e+001
      vertex   -3.376064e+002 1.404910e+002 3.330000e+001
      vertex   -3.376391e+002 1.406692e+002 3.330000e+001
    endloop
  endfacet
  facet normal 9.981796e-001 6.031195e-002 0.000000e+000
    outer loop
      vertex   -3.376391e+002 1.406692e+002 3.520000e+001
      vertex   -3.376391e+002 1.406692e+002 3.330000e+001
      vertex   -3.376500e+002 1.408500e+002 3.520000e+001
    endloop
  endfacet
  facet normal 9.473699e-002 5.724193e-003 0.000000e+000
    outer loop
      vertex   -3.376500e+002 1.408500e+002 3.520000e+001
      vertex   -3.376391e+002 1.406692e+002 3.330000e+001
      vertex   -3.376500e+002 1.408500e+002 3.330000e+001
    endloop
  endfacet
  facet normal 9.981793e-001 -6.031702e-002 0.000000e+000
    outer loop
      vertex   -3.376500e+002 1.408500e+002 3.520000e+001
      vertex   -3.376500e+002 1.408500e+002 3.330000e+001
      vertex   -3.376391e+002 1.410308e+002 3.520000e+001
    endloop
  endfacet
  facet normal 9.472907e-002 -5.724197e-003 0.000000e+000
    outer loop
      vertex   -3.376391e+002 1.410308e+002 3.520000e+001
      vertex   -3.376500e+002 1.408500e+002 3.330000e+001
      vertex   -3.376391e+002 1.410308e+002 3.330000e+001
    endloop
  endfacet
  facet normal 9.836155e-001 -1.802790e-001 0.000000e+000
    outer loop
      vertex   -3.376391e+002 1.410308e+002 3.520000e+001
      vertex   -3.376391e+002 1.410308e+002 3.330000e+001
      vertex   -3.376064e+002 1.412090e+002 3.520000e+001
    endloop
  endfacet
  facet normal 9.334599e-002 -1.710864e-002 0.000000e+000
    outer loop
      vertex   -3.376064e+002 1.412090e+002 3.520000e+001
      vertex   -3.376391e+002 1.410308e+002 3.330000e+001
      vertex   -3.376064e+002 1.412090e+002 3.330000e+001
    endloop
  endfacet
  facet normal 9.547165e-001 -2.975171e-001 0.000000e+000
    outer loop
      vertex   -3.376064e+002 1.412090e+002 3.520000e+001
      vertex   -3.376064e+002 1.412090e+002 3.330000e+001
      vertex   -3.375525e+002 1.413819e+002 3.520000e+001
    endloop
  endfacet
  facet normal 9.061173e-002 -2.823722e-002 0.000000e+000
    outer loop
      vertex   -3.375525e+002 1.413819e+002 3.520000e+001
      vertex   -3.376064e+002 1.412090e+002 3.330000e+001
      vertex   -3.375525e+002 1.413819e+002 3.330000e+001
    endloop
  endfacet
  facet normal 9.118978e-001 -4.104172e-001 0.000000e+000
    outer loop
      vertex   -3.375525e+002 1.413819e+002 3.520000e+001
      vertex   -3.375525e+002 1.413819e+002 3.330000e+001
      vertex   -3.374782e+002 1.415471e+002 3.520000e+001
    endloop
  endfacet
  facet normal 8.654249e-002 -3.895012e-002 0.000000e+000
    outer loop
      vertex   -3.374782e+002 1.415471e+002 3.520000e+001
      vertex   -3.375525e+002 1.413819e+002 3.330000e+001
      vertex   -3.374782e+002 1.415471e+002 3.330000e+001
    endloop
  endfacet
  facet normal 8.558308e-001 -5.172558e-001 0.000000e+000
    outer loop
      vertex   -3.374782e+002 1.415471e+002 3.520000e+001
      vertex   -3.374782e+002 1.415471e+002 3.330000e+001
      vertex   -3.373845e+002 1.417021e+002 3.520000e+001
    endloop
  endfacet
  facet normal 8.121806e-002 -4.908740e-002 0.000000e+000
    outer loop
      vertex   -3.373845e+002 1.417021e+002 3.520000e+001
      vertex   -3.374782e+002 1.415471e+002 3.330000e+001
      vertex   -3.373845e+002 1.417021e+002 3.330000e+001
    endloop
  endfacet
  facet normal 7.871245e-001 -6.167942e-001 0.000000e+000
    outer loop
      vertex   -3.373845e+002 1.417021e+002 3.520000e+001
      vertex   -3.373845e+002 1.417021e+002 3.330000e+001
      vertex   -3.372728e+002 1.418447e+002 3.520000e+001
    endloop
  endfacet
  facet normal 7.470234e-002 -5.853709e-002 0.000000e+000
    outer loop
      vertex   -3.372728e+002 1.418447e+002 3.520000e+001
      vertex   -3.373845e+002 1.417021e+002 3.330000e+001
      vertex   -3.372728e+002 1.418447e+002 3.330000e+001
    endloop
  endfacet
  facet normal 7.071068e-001 -7.071068e-001 0.000000e+000
    outer loop
      vertex   -3.372728e+002 1.418447e+002 3.520000e+001
      vertex   -3.372728e+002 1.418447e+002 3.330000e+001
      vertex   -3.371447e+002 1.419728e+002 3.520000e+001
    endloop
  endfacet
  facet normal 6.710740e-002 -6.710740e-002 0.000000e+000
    outer loop
      vertex   -3.371447e+002 1.419728e+002 3.520000e+001
      vertex   -3.372728e+002 1.418447e+002 3.330000e+001
      vertex   -3.371447e+002 1.419728e+002 3.330000e+001
    endloop
  endfacet
  facet normal 6.167420e-001 -7.871653e-001 0.000000e+000
    outer loop
      vertex   -3.371447e+002 1.419728e+002 3.520000e+001
      vertex   -3.371447e+002 1.419728e+002 3.330000e+001
      vertex   -3.370021e+002 1.420845e+002 3.520000e+001
    endloop
  endfacet
  facet normal 5.852912e-002 -7.470238e-002 0.000000e+000
    outer loop
      vertex   -3.370021e+002 1.420845e+002 3.520000e+001
      vertex   -3.371447e+002 1.419728e+002 3.330000e+001
      vertex   -3.370021e+002 1.420845e+002 3.330000e+001
    endloop
  endfacet
  facet normal 5.172802e-001 -8.558161e-001 0.000000e+000
    outer loop
      vertex   -3.370021e+002 1.420845e+002 3.520000e+001
      vertex   -3.370021e+002 1.420845e+002 3.330000e+001
      vertex   -3.368471e+002 1.421782e+002 3.520000e+001
    endloop
  endfacet
  facet normal 4.909534e-002 -8.122597e-002 0.000000e+000
    outer loop
      vertex   -3.368471e+002 1.421782e+002 3.520000e+001
      vertex   -3.370021e+002 1.420845e+002 3.330000e+001
      vertex   -3.368471e+002 1.421782e+002 3.330000e+001
    endloop
  endfacet
  facet normal 4.104488e-001 -9.118837e-001 0.000000e+000
    outer loop
      vertex   -3.368471e+002 1.421782e+002 3.520000e+001
      vertex   -3.368471e+002 1.421782e+002 3.330000e+001
      vertex   -3.366819e+002 1.422525e+002 3.520000e+001
    endloop
  endfacet
  facet normal 3.895014e-002 -8.653455e-002 0.000000e+000
    outer loop
      vertex   -3.366819e+002 1.422525e+002 3.520000e+001
      vertex   -3.368471e+002 1.421782e+002 3.330000e+001
      vertex   -3.366819e+002 1.422525e+002 3.330000e+001
    endloop
  endfacet
  facet normal 2.975171e-001 -9.547165e-001 0.000000e+000
    outer loop
      vertex   -3.366819e+002 1.422525e+002 3.520000e+001
      vertex   -3.366819e+002 1.422525e+002 3.330000e+001
      vertex   -3.365090e+002 1.423064e+002 3.520000e+001
    endloop
  endfacet
  facet normal 2.823722e-002 -9.061173e-002 0.000000e+000
    outer loop
      vertex   -3.365090e+002 1.423064e+002 3.520000e+001
      vertex   -3.366819e+002 1.422525e+002 3.330000e+001
      vertex   -3.365090e+002 1.423064e+002 3.330000e+001
    endloop
  endfacet
  facet normal 1.802790e-001 -9.836155e-001 0.000000e+000
    outer loop
      vertex   -3.365090e+002 1.423064e+002 3.520000e+001
      vertex   -3.365090e+002 1.423064e+002 3.330000e+001
      vertex   -3.363308e+002 1.423391e+002 3.520000e+001
    endloop
  endfacet
  facet normal 1.710864e-002 -9.334599e-002 0.000000e+000
    outer loop
      vertex   -3.363308e+002 1.423391e+002 3.520000e+001
      vertex   -3.365090e+002 1.423064e+002 3.330000e+001
      vertex   -3.363308e+002 1.423391e+002 3.330000e+001
    endloop
  endfacet
  facet normal 6.032209e-002 9.981790e-001 -0.000000e+000
    outer loop
      vertex   -3.640308e+002 1.393609e+002 3.100000e+001
      vertex   -3.640308e+002 1.393609e+002 3.405000e+001
      vertex   -3.638500e+002 1.393500e+002 3.100000e+001
    endloop
  endfacet
  facet normal 3.575765e-003 5.916993e-002 -0.000000e+000
    outer loop
      vertex   -3.638500e+002 1.393500e+002 3.100000e+001
      vertex   -3.640308e+002 1.393609e+002 3.405000e+001
      vertex   -3.638500e+002 1.393500e+002 3.405000e+001
    endloop
  endfacet
  facet normal -6.031195e-002 9.981796e-001 0.000000e+000
    outer loop
      vertex   -3.638500e+002 1.393500e+002 3.100000e+001
      vertex   -3.638500e+002 1.393500e+002 3.405000e+001
      vertex   -3.636692e+002 1.393609e+002 3.100000e+001
    endloop
  endfacet
  facet normal -3.575763e-003 5.917988e-002 0.000000e+000
    outer loop
      vertex   -3.636692e+002 1.393609e+002 3.100000e+001
      vertex   -3.638500e+002 1.393500e+002 3.405000e+001
      vertex   -3.636692e+002 1.393609e+002 3.405000e+001
    endloop
  endfacet
  facet normal -1.802790e-001 9.836155e-001 0.000000e+000
    outer loop
      vertex   -3.636692e+002 1.393609e+002 3.100000e+001
      vertex   -3.636692e+002 1.393609e+002 3.405000e+001
      vertex   -3.634910e+002 1.393936e+002 3.100000e+001
    endloop
  endfacet
  facet normal -1.068734e-002 5.831093e-002 0.000000e+000
    outer loop
      vertex   -3.634910e+002 1.393936e+002 3.100000e+001
      vertex   -3.636692e+002 1.393609e+002 3.405000e+001
      vertex   -3.634910e+002 1.393936e+002 3.405000e+001
    endloop
  endfacet
  facet normal -2.975171e-001 9.547165e-001 0.000000e+000
    outer loop
      vertex   -3.634910e+002 1.393936e+002 3.100000e+001
      vertex   -3.634910e+002 1.393936e+002 3.405000e+001
      vertex   -3.633181e+002 1.394475e+002 3.100000e+001
    endloop
  endfacet
  facet normal -1.763910e-002 5.660293e-002 0.000000e+000
    outer loop
      vertex   -3.633181e+002 1.394475e+002 3.100000e+001
      vertex   -3.634910e+002 1.393936e+002 3.405000e+001
      vertex   -3.633181e+002 1.394475e+002 3.405000e+001
    endloop
  endfacet
  facet normal -4.104488e-001 9.118837e-001 0.000000e+000
    outer loop
      vertex   -3.633181e+002 1.394475e+002 3.100000e+001
      vertex   -3.633181e+002 1.394475e+002 3.405000e+001
      vertex   -3.631529e+002 1.395218e+002 3.100000e+001
    endloop
  endfacet
  facet normal -2.433118e-002 5.405597e-002 0.000000e+000
    outer loop
      vertex   -3.631529e+002 1.395218e+002 3.100000e+001
      vertex   -3.633181e+002 1.394475e+002 3.405000e+001
      vertex   -3.631529e+002 1.395218e+002 3.405000e+001
    endloop
  endfacet
  facet normal -5.172802e-001 8.558161e-001 0.000000e+000
    outer loop
      vertex   -3.631529e+002 1.395218e+002 3.100000e+001
      vertex   -3.631529e+002 1.395218e+002 3.405000e+001
      vertex   -3.629979e+002 1.396155e+002 3.100000e+001
    endloop
  endfacet
  facet normal -3.066866e-002 5.073988e-002 0.000000e+000
    outer loop
      vertex   -3.629979e+002 1.396155e+002 3.100000e+001
      vertex   -3.631529e+002 1.395218e+002 3.405000e+001
      vertex   -3.629979e+002 1.396155e+002 3.405000e+001
    endloop
  endfacet
  facet normal -6.167420e-001 7.871653e-001 0.000000e+000
    outer loop
      vertex   -3.629979e+002 1.396155e+002 3.100000e+001
      vertex   -3.629979e+002 1.396155e+002 3.405000e+001
      vertex   -3.628553e+002 1.397272e+002 3.100000e+001
    endloop
  endfacet
  facet normal -3.656169e-002 4.666472e-002 0.000000e+000
    outer loop
      vertex   -3.628553e+002 1.397272e+002 3.100000e+001
      vertex   -3.629979e+002 1.396155e+002 3.405000e+001
      vertex   -3.628553e+002 1.397272e+002 3.405000e+001
    endloop
  endfacet
  facet normal -7.071068e-001 7.071068e-001 0.000000e+000
    outer loop
      vertex   -3.628553e+002 1.397272e+002 3.100000e+001
      vertex   -3.628553e+002 1.397272e+002 3.405000e+001
      vertex   -3.627272e+002 1.398553e+002 3.100000e+001
    endloop
  endfacet
  facet normal -4.192034e-002 4.192034e-002 0.000000e+000
    outer loop
      vertex   -3.627272e+002 1.398553e+002 3.100000e+001
      vertex   -3.628553e+002 1.397272e+002 3.405000e+001
      vertex   -3.627272e+002 1.398553e+002 3.405000e+001
    endloop
  endfacet
  facet normal -7.871565e-001 6.167533e-001 0.000000e+000
    outer loop
      vertex   -3.627272e+002 1.398553e+002 3.100000e+001
      vertex   -3.627272e+002 1.398553e+002 3.405000e+001
      vertex   -3.626155e+002 1.399979e+002 3.100000e+001
    endloop
  endfacet
  facet normal -4.666970e-002 3.656667e-002 0.000000e+000
    outer loop
      vertex   -3.626155e+002 1.399979e+002 3.100000e+001
      vertex   -3.627272e+002 1.398553e+002 3.405000e+001
      vertex   -3.626155e+002 1.399979e+002 3.405000e+001
    endloop
  endfacet
  facet normal -8.558083e-001 5.172931e-001 0.000000e+000
    outer loop
      vertex   -3.626155e+002 1.399979e+002 3.100000e+001
      vertex   -3.626155e+002 1.399979e+002 3.405000e+001
      vertex   -3.625218e+002 1.401529e+002 3.100000e+001
    endloop
  endfacet
  facet normal -5.072992e-002 3.066369e-002 0.000000e+000
    outer loop
      vertex   -3.625218e+002 1.401529e+002 3.100000e+001
      vertex   -3.626155e+002 1.399979e+002 3.405000e+001
      vertex   -3.625218e+002 1.401529e+002 3.405000e+001
    endloop
  endfacet
  facet normal -9.119120e-001 4.103857e-001 0.000000e+000
    outer loop
      vertex   -3.625218e+002 1.401529e+002 3.100000e+001
      vertex   -3.625218e+002 1.401529e+002 3.405000e+001
      vertex   -3.624475e+002 1.403181e+002 3.100000e+001
    endloop
  endfacet
  facet normal -5.406594e-002 2.433117e-002 0.000000e+000
    outer loop
      vertex   -3.624475e+002 1.403181e+002 3.100000e+001
      vertex   -3.625218e+002 1.401529e+002 3.405000e+001
      vertex   -3.624475e+002 1.403181e+002 3.405000e+001
    endloop
  endfacet
  facet normal -9.547091e-001 2.975410e-001 0.000000e+000
    outer loop
      vertex   -3.624475e+002 1.403181e+002 3.100000e+001
      vertex   -3.624475e+002 1.403181e+002 3.405000e+001
      vertex   -3.623936e+002 1.404910e+002 3.100000e+001
    endloop
  endfacet
  facet normal -5.659795e-002 1.763910e-002 0.000000e+000
    outer loop
      vertex   -3.623936e+002 1.404910e+002 3.100000e+001
      vertex   -3.624475e+002 1.403181e+002 3.405000e+001
      vertex   -3.623936e+002 1.404910e+002 3.405000e+001
    endloop
  endfacet
  facet normal -9.836155e-001 1.802790e-001 0.000000e+000
    outer loop
      vertex   -3.623936e+002 1.404910e+002 3.100000e+001
      vertex   -3.623936e+002 1.404910e+002 3.405000e+001
      vertex   -3.623609e+002 1.406692e+002 3.100000e+001
    endloop
  endfacet
  facet normal -5.831093e-002 1.068734e-002 0.000000e+000
    outer loop
      vertex   -3.623609e+002 1.406692e+002 3.100000e+001
      vertex   -3.623936e+002 1.404910e+002 3.405000e+001
      vertex   -3.623609e+002 1.406692e+002 3.405000e+001
    endloop
  endfacet
  facet normal -9.981796e-001 6.031195e-002 0.000000e+000
    outer loop
      vertex   -3.623609e+002 1.406692e+002 3.100000e+001
      vertex   -3.623609e+002 1.406692e+002 3.405000e+001
      vertex   -3.623500e+002 1.408500e+002 3.100000e+001
    endloop
  endfacet
  facet normal -5.917988e-002 3.575763e-003 0.000000e+000
    outer loop
      vertex   -3.623500e+002 1.408500e+002 3.100000e+001
      vertex   -3.623609e+002 1.406692e+002 3.405000e+001
      vertex   -3.623500e+002 1.408500e+002 3.405000e+001
    endloop
  endfacet
  facet normal -9.981793e-001 -6.031702e-002 0.000000e+000
    outer loop
      vertex   -3.623500e+002 1.408500e+002 3.100000e+001
      vertex   -3.623500e+002 1.408500e+002 3.405000e+001
      vertex   -3.623609e+002 1.410308e+002 3.100000e+001
    endloop
  endfacet
  facet normal -5.917490e-002 -3.575764e-003 0.000000e+000
    outer loop
      vertex   -3.623609e+002 1.410308e+002 3.100000e+001
      vertex   -3.623500e+002 1.408500e+002 3.405000e+001
      vertex   -3.623609e+002 1.410308e+002 3.405000e+001
    endloop
  endfacet
  facet normal -9.836155e-001 -1.802790e-001 0.000000e+000
    outer loop
      vertex   -3.623609e+002 1.410308e+002 3.100000e+001
      vertex   -3.623609e+002 1.410308e+002 3.405000e+001
      vertex   -3.623936e+002 1.412090e+002 3.100000e+001
    endloop
  endfacet
  facet normal -5.831093e-002 -1.068734e-002 0.000000e+000
    outer loop
      vertex   -3.623936e+002 1.412090e+002 3.100000e+001
      vertex   -3.623609e+002 1.410308e+002 3.405000e+001
      vertex   -3.623936e+002 1.412090e+002 3.405000e+001
    endloop
  endfacet
  facet normal -9.547165e-001 -2.975171e-001 0.000000e+000
    outer loop
      vertex   -3.623936e+002 1.412090e+002 3.100000e+001
      vertex   -3.623936e+002 1.412090e+002 3.405000e+001
      vertex   -3.624475e+002 1.413819e+002 3.100000e+001
    endloop
  endfacet
  facet normal -5.660293e-002 -1.763910e-002 0.000000e+000
    outer loop
      vertex   -3.624475e+002 1.413819e+002 3.100000e+001
      vertex   -3.623936e+002 1.412090e+002 3.405000e+001
      vertex   -3.624475e+002 1.413819e+002 3.405000e+001
    endloop
  endfacet
  facet normal -9.118978e-001 -4.104172e-001 0.000000e+000
    outer loop
      vertex   -3.624475e+002 1.413819e+002 3.100000e+001
      vertex   -3.624475e+002 1.413819e+002 3.405000e+001
      vertex   -3.625218e+002 1.415471e+002 3.100000e+001
    endloop
  endfacet
  facet normal -5.406095e-002 -2.433117e-002 0.000000e+000
    outer loop
      vertex   -3.625218e+002 1.415471e+002 3.100000e+001
      vertex   -3.624475e+002 1.413819e+002 3.405000e+001
      vertex   -3.625218e+002 1.415471e+002 3.405000e+001
    endloop
  endfacet
  facet normal -8.558308e-001 -5.172558e-001 0.000000e+000
    outer loop
      vertex   -3.625218e+002 1.415471e+002 3.100000e+001
      vertex   -3.625218e+002 1.415471e+002 3.405000e+001
      vertex   -3.626155e+002 1.417021e+002 3.100000e+001
    endloop
  endfacet
  facet normal -5.073490e-002 -3.066368e-002 0.000000e+000
    outer loop
      vertex   -3.626155e+002 1.417021e+002 3.100000e+001
      vertex   -3.625218e+002 1.415471e+002 3.405000e+001
      vertex   -3.626155e+002 1.417021e+002 3.405000e+001
    endloop
  endfacet
  facet normal -7.871245e-001 -6.167942e-001 0.000000e+000
    outer loop
      vertex   -3.626155e+002 1.417021e+002 3.100000e+001
      vertex   -3.626155e+002 1.417021e+002 3.405000e+001
      vertex   -3.627272e+002 1.418447e+002 3.100000e+001
    endloop
  endfacet
  facet normal -4.666471e-002 -3.656668e-002 0.000000e+000
    outer loop
      vertex   -3.627272e+002 1.418447e+002 3.100000e+001
      vertex   -3.626155e+002 1.417021e+002 3.405000e+001
      vertex   -3.627272e+002 1.418447e+002 3.405000e+001
    endloop
  endfacet
  facet normal -7.071068e-001 -7.071068e-001 0.000000e+000
    outer loop
      vertex   -3.627272e+002 1.418447e+002 3.100000e+001
      vertex   -3.627272e+002 1.418447e+002 3.405000e+001
      vertex   -3.628553e+002 1.419728e+002 3.100000e+001
    endloop
  endfacet
  facet normal -4.192034e-002 -4.192034e-002 0.000000e+000
    outer loop
      vertex   -3.628553e+002 1.419728e+002 3.100000e+001
      vertex   -3.627272e+002 1.418447e+002 3.405000e+001
      vertex   -3.628553e+002 1.419728e+002 3.405000e+001
    endloop
  endfacet
  facet normal -6.167420e-001 -7.871653e-001 0.000000e+000
    outer loop
      vertex   -3.628553e+002 1.419728e+002 3.100000e+001
      vertex   -3.628553e+002 1.419728e+002 3.405000e+001
      vertex   -3.629979e+002 1.420845e+002 3.100000e+001
    endloop
  endfacet
  facet normal -3.656169e-002 -4.666472e-002 0.000000e+000
    outer loop
      vertex   -3.629979e+002 1.420845e+002 3.100000e+001
      vertex   -3.628553e+002 1.419728e+002 3.405000e+001
      vertex   -3.629979e+002 1.420845e+002 3.405000e+001
    endloop
  endfacet
  facet normal -5.172802e-001 -8.558161e-001 0.000000e+000
    outer loop
      vertex   -3.629979e+002 1.420845e+002 3.100000e+001
      vertex   -3.629979e+002 1.420845e+002 3.405000e+001
      vertex   -3.631529e+002 1.421782e+002 3.100000e+001
    endloop
  endfacet
  facet normal -3.066866e-002 -5.073988e-002 0.000000e+000
    outer loop
      vertex   -3.631529e+002 1.421782e+002 3.100000e+001
      vertex   -3.629979e+002 1.420845e+002 3.405000e+001
      vertex   -3.631529e+002 1.421782e+002 3.405000e+001
    endloop
  endfacet
  facet normal -4.104488e-001 -9.118837e-001 0.000000e+000
    outer loop
      vertex   -3.631529e+002 1.421782e+002 3.100000e+001
      vertex   -3.631529e+002 1.421782e+002 3.405000e+001
      vertex   -3.633181e+002 1.422525e+002 3.100000e+001
    endloop
  endfacet
  facet normal -2.433118e-002 -5.405597e-002 0.000000e+000
    outer loop
      vertex   -3.633181e+002 1.422525e+002 3.100000e+001
      vertex   -3.631529e+002 1.421782e+002 3.405000e+001
      vertex   -3.633181e+002 1.422525e+002 3.405000e+001
    endloop
  endfacet
  facet normal -2.975171e-001 -9.547165e-001 0.000000e+000
    outer loop
      vertex   -3.633181e+002 1.422525e+002 3.100000e+001
      vertex   -3.633181e+002 1.422525e+002 3.405000e+001
      vertex   -3.634910e+002 1.423064e+002 3.100000e+001
    endloop
  endfacet
  facet normal -1.763910e-002 -5.660293e-002 0.000000e+000
    outer loop
      vertex   -3.634910e+002 1.423064e+002 3.100000e+001
      vertex   -3.633181e+002 1.422525e+002 3.405000e+001
      vertex   -3.634910e+002 1.423064e+002 3.405000e+001
    endloop
  endfacet
  facet normal -1.802790e-001 -9.836155e-001 0.000000e+000
    outer loop
      vertex   -3.634910e+002 1.423064e+002 3.100000e+001
      vertex   -3.634910e+002 1.423064e+002 3.405000e+001
      vertex   -3.636692e+002 1.423391e+002 3.100000e+001
    endloop
  endfacet
  facet normal -1.068734e-002 -5.831093e-002 0.000000e+000
    outer loop
      vertex   -3.636692e+002 1.423391e+002 3.100000e+001
      vertex   -3.634910e+002 1.423064e+002 3.405000e+001
      vertex   -3.636692e+002 1.423391e+002 3.405000e+001
    endloop
  endfacet
  facet normal -6.039587e-002 -9.981745e-001 0.000000e+000
    outer loop
      vertex   -3.636692e+002 1.423391e+002 3.100000e+001
      vertex   -3.636692e+002 1.423391e+002 3.405000e+001
      vertex   -3.638500e+002 1.423500e+002 3.100000e+001
    endloop
  endfacet
  facet normal -3.580757e-003 -5.917988e-002 0.000000e+000
    outer loop
      vertex   -3.638500e+002 1.423500e+002 3.100000e+001
      vertex   -3.636692e+002 1.423391e+002 3.405000e+001
      vertex   -3.638500e+002 1.423500e+002 3.405000e+001
    endloop
  endfacet
  facet normal 6.040603e-002 -9.981739e-001 0.000000e+000
    outer loop
      vertex   -3.638500e+002 1.423500e+002 3.100000e+001
      vertex   -3.638500e+002 1.423500e+002 3.405000e+001
      vertex   -3.640308e+002 1.423391e+002 3.100000e+001
    endloop
  endfacet
  facet normal 3.580759e-003 -5.916992e-002 0.000000e+000
    outer loop
      vertex   -3.640308e+002 1.423391e+002 3.100000e+001
      vertex   -3.638500e+002 1.423500e+002 3.405000e+001
      vertex   -3.640308e+002 1.423391e+002 3.405000e+001
    endloop
  endfacet
  facet normal 1.802491e-001 -9.836210e-001 0.000000e+000
    outer loop
      vertex   -3.640308e+002 1.423391e+002 3.100000e+001
      vertex   -3.640308e+002 1.423391e+002 3.405000e+001
      vertex   -3.642090e+002 1.423064e+002 3.100000e+001
    endloop
  endfacet
  facet normal 1.068733e-002 -5.832088e-002 0.000000e+000
    outer loop
      vertex   -3.642090e+002 1.423064e+002 3.100000e+001
      vertex   -3.640308e+002 1.423391e+002 3.405000e+001
      vertex   -3.642090e+002 1.423064e+002 3.405000e+001
    endloop
  endfacet
  facet normal 2.975650e-001 -9.547016e-001 0.000000e+000
    outer loop
      vertex   -3.642090e+002 1.423064e+002 3.100000e+001
      vertex   -3.642090e+002 1.423064e+002 3.405000e+001
      vertex   -3.643819e+002 1.422525e+002 3.100000e+001
    endloop
  endfacet
  facet normal 1.763911e-002 -5.659297e-002 0.000000e+000
    outer loop
      vertex   -3.643819e+002 1.422525e+002 3.100000e+001
      vertex   -3.642090e+002 1.423064e+002 3.405000e+001
      vertex   -3.643819e+002 1.422525e+002 3.405000e+001
    endloop
  endfacet
  facet normal 4.103857e-001 -9.119120e-001 0.000000e+000
    outer loop
      vertex   -3.643819e+002 1.422525e+002 3.100000e+001
      vertex   -3.643819e+002 1.422525e+002 3.405000e+001
      vertex   -3.645471e+002 1.421782e+002 3.100000e+001
    endloop
  endfacet
  facet normal 2.433117e-002 -5.406594e-002 0.000000e+000
    outer loop
      vertex   -3.645471e+002 1.421782e+002 3.100000e+001
      vertex   -3.643819e+002 1.422525e+002 3.405000e+001
      vertex   -3.645471e+002 1.421782e+002 3.405000e+001
    endloop
  endfacet
  facet normal 5.173548e-001 -8.557710e-001 0.000000e+000
    outer loop
      vertex   -3.645471e+002 1.421782e+002 3.100000e+001
      vertex   -3.645471e+002 1.421782e+002 3.405000e+001
      vertex   -3.647021e+002 1.420845e+002 3.100000e+001
    endloop
  endfacet
  facet normal 3.066868e-002 -5.072992e-002 0.000000e+000
    outer loop
      vertex   -3.647021e+002 1.420845e+002 3.100000e+001
      vertex   -3.645471e+002 1.421782e+002 3.405000e+001
      vertex   -3.647021e+002 1.420845e+002 3.405000e+001
    endloop
  endfacet
  facet normal 6.166602e-001 -7.872294e-001 0.000000e+000
    outer loop
      vertex   -3.647021e+002 1.420845e+002 3.100000e+001
      vertex   -3.647021e+002 1.420845e+002 3.405000e+001
      vertex   -3.648447e+002 1.419728e+002 3.100000e+001
    endloop
  endfacet
  facet normal 3.656168e-002 -4.667469e-002 0.000000e+000
    outer loop
      vertex   -3.648447e+002 1.419728e+002 3.100000e+001
      vertex   -3.647021e+002 1.420845e+002 3.405000e+001
      vertex   -3.648447e+002 1.419728e+002 3.405000e+001
    endloop
  endfacet
  facet normal 7.071068e-001 -7.071068e-001 0.000000e+000
    outer loop
      vertex   -3.648447e+002 1.419728e+002 3.100000e+001
      vertex   -3.648447e+002 1.419728e+002 3.405000e+001
      vertex   -3.649728e+002 1.418447e+002 3.100000e+001
    endloop
  endfacet
  facet normal 4.192034e-002 -4.192034e-002 0.000000e+000
    outer loop
      vertex   -3.649728e+002 1.418447e+002 3.100000e+001
      vertex   -3.648447e+002 1.419728e+002 3.405000e+001
      vertex   -3.649728e+002 1.418447e+002 3.405000e+001
    endloop
  endfacet
  facet normal 7.872062e-001 -6.166898e-001 0.000000e+000
    outer loop
      vertex   -3.649728e+002 1.418447e+002 3.100000e+001
      vertex   -3.649728e+002 1.418447e+002 3.405000e+001
      vertex   -3.650845e+002 1.417021e+002 3.100000e+001
    endloop
  endfacet
  facet normal 4.666473e-002 -3.655670e-002 0.000000e+000
    outer loop
      vertex   -3.650845e+002 1.417021e+002 3.100000e+001
      vertex   -3.649728e+002 1.418447e+002 3.405000e+001
      vertex   -3.650845e+002 1.417021e+002 3.405000e+001
    endloop
  endfacet
  facet normal 8.557563e-001 -5.173792e-001 0.000000e+000
    outer loop
      vertex   -3.650845e+002 1.417021e+002 3.100000e+001
      vertex   -3.650845e+002 1.417021e+002 3.405000e+001
      vertex   -3.651782e+002 1.415471e+002 3.100000e+001
    endloop
  endfacet
  facet normal 5.073489e-002 -3.067366e-002 0.000000e+000
    outer loop
      vertex   -3.651782e+002 1.415471e+002 3.100000e+001
      vertex   -3.650845e+002 1.417021e+002 3.405000e+001
      vertex   -3.651782e+002 1.415471e+002 3.405000e+001
    endloop
  endfacet
  facet normal 9.118978e-001 -4.104172e-001 0.000000e+000
    outer loop
      vertex   -3.651782e+002 1.415471e+002 3.100000e+001
      vertex   -3.651782e+002 1.415471e+002 3.405000e+001
      vertex   -3.652525e+002 1.413819e+002 3.100000e+001
    endloop
  endfacet
  facet normal 5.406095e-002 -2.433117e-002 0.000000e+000
    outer loop
      vertex   -3.652525e+002 1.413819e+002 3.100000e+001
      vertex   -3.651782e+002 1.415471e+002 3.405000e+001
      vertex   -3.652525e+002 1.413819e+002 3.405000e+001
    endloop
  endfacet
  facet normal 9.547165e-001 -2.975171e-001 0.000000e+000
    outer loop
      vertex   -3.652525e+002 1.413819e+002 3.100000e+001
      vertex   -3.652525e+002 1.413819e+002 3.405000e+001
      vertex   -3.653064e+002 1.412090e+002 3.100000e+001
    endloop
  endfacet
  facet normal 5.660293e-002 -1.763910e-002 0.000000e+000
    outer loop
      vertex   -3.653064e+002 1.412090e+002 3.100000e+001
      vertex   -3.652525e+002 1.413819e+002 3.405000e+001
      vertex   -3.653064e+002 1.412090e+002 3.405000e+001
    endloop
  endfacet
  facet normal 9.836454e-001 -1.801160e-001 0.000000e+000
    outer loop
      vertex   -3.653064e+002 1.412090e+002 3.100000e+001
      vertex   -3.653064e+002 1.412090e+002 3.405000e+001
      vertex   -3.653391e+002 1.410308e+002 3.100000e+001
    endloop
  endfacet
  facet normal 5.831093e-002 -1.067735e-002 0.000000e+000
    outer loop
      vertex   -3.653391e+002 1.410308e+002 3.100000e+001
      vertex   -3.653064e+002 1.412090e+002 3.405000e+001
      vertex   -3.653391e+002 1.410308e+002 3.405000e+001
    endloop
  endfacet
  facet normal 9.981691e-001 -6.048489e-002 0.000000e+000
    outer loop
      vertex   -3.653391e+002 1.410308e+002 3.100000e+001
      vertex   -3.653391e+002 1.410308e+002 3.405000e+001
      vertex   -3.653500e+002 1.408500e+002 3.100000e+001
    endloop
  endfacet
  facet normal 5.917490e-002 -3.585752e-003 0.000000e+000
    outer loop
      vertex   -3.653500e+002 1.408500e+002 3.100000e+001
      vertex   -3.653391e+002 1.410308e+002 3.405000e+001
      vertex   -3.653500e+002 1.408500e+002 3.405000e+001
    endloop
  endfacet
  facet normal 9.981694e-001 6.047980e-002 -0.000000e+000
    outer loop
      vertex   -3.653500e+002 1.408500e+002 3.100000e+001
      vertex   -3.653500e+002 1.408500e+002 3.405000e+001
      vertex   -3.653391e+002 1.406692e+002 3.100000e+001
    endloop
  endfacet
  facet normal 5.917988e-002 3.585751e-003 -0.000000e+000
    outer loop
      vertex   -3.653391e+002 1.406692e+002 3.100000e+001
      vertex   -3.653500e+002 1.408500e+002 3.405000e+001
      vertex   -3.653391e+002 1.406692e+002 3.405000e+001
    endloop
  endfacet
  facet normal 9.836454e-001 1.801160e-001 -0.000000e+000
    outer loop
      vertex   -3.653391e+002 1.406692e+002 3.100000e+001
      vertex   -3.653391e+002 1.406692e+002 3.405000e+001
      vertex   -3.653064e+002 1.404910e+002 3.100000e+001
    endloop
  endfacet
  facet normal 5.831093e-002 1.067735e-002 -0.000000e+000
    outer loop
      vertex   -3.653064e+002 1.404910e+002 3.100000e+001
      vertex   -3.653391e+002 1.406692e+002 3.405000e+001
      vertex   -3.653064e+002 1.404910e+002 3.405000e+001
    endloop
  endfacet
  facet normal 9.547091e-001 2.975410e-001 -0.000000e+000
    outer loop
      vertex   -3.653064e+002 1.404910e+002 3.100000e+001
      vertex   -3.653064e+002 1.404910e+002 3.405000e+001
      vertex   -3.652525e+002 1.403181e+002 3.100000e+001
    endloop
  endfacet
  facet normal 5.659795e-002 1.763910e-002 -0.000000e+000
    outer loop
      vertex   -3.652525e+002 1.403181e+002 3.100000e+001
      vertex   -3.653064e+002 1.404910e+002 3.405000e+001
      vertex   -3.652525e+002 1.403181e+002 3.405000e+001
    endloop
  endfacet
  facet normal 9.119120e-001 4.103857e-001 -0.000000e+000
    outer loop
      vertex   -3.652525e+002 1.403181e+002 3.100000e+001
      vertex   -3.652525e+002 1.403181e+002 3.405000e+001
      vertex   -3.651782e+002 1.401529e+002 3.100000e+001
    endloop
  endfacet
  facet normal 5.406594e-002 2.433117e-002 -0.000000e+000
    outer loop
      vertex   -3.651782e+002 1.401529e+002 3.100000e+001
      vertex   -3.652525e+002 1.403181e+002 3.405000e+001
      vertex   -3.651782e+002 1.401529e+002 3.405000e+001
    endloop
  endfacet
  facet normal 8.557337e-001 5.174165e-001 -0.000000e+000
    outer loop
      vertex   -3.651782e+002 1.401529e+002 3.100000e+001
      vertex   -3.651782e+002 1.401529e+002 3.405000e+001
      vertex   -3.650845e+002 1.399979e+002 3.100000e+001
    endloop
  endfacet
  facet normal 5.072991e-002 3.067366e-002 -0.000000e+000
    outer loop
      vertex   -3.650845e+002 1.399979e+002 3.100000e+001
      vertex   -3.651782e+002 1.401529e+002 3.405000e+001
      vertex   -3.650845e+002 1.399979e+002 3.405000e+001
    endloop
  endfacet
  facet normal 7.872383e-001 6.166489e-001 -0.000000e+000
    outer loop
      vertex   -3.650845e+002 1.399979e+002 3.100000e+001
      vertex   -3.650845e+002 1.399979e+002 3.405000e+001
      vertex   -3.649728e+002 1.398553e+002 3.100000e+001
    endloop
  endfacet
  facet normal 4.666971e-002 3.655669e-002 -0.000000e+000
    outer loop
      vertex   -3.649728e+002 1.398553e+002 3.100000e+001
      vertex   -3.650845e+002 1.399979e+002 3.405000e+001
      vertex   -3.649728e+002 1.398553e+002 3.405000e+001
    endloop
  endfacet
  facet normal 7.071068e-001 7.071068e-001 -0.000000e+000
    outer loop
      vertex   -3.649728e+002 1.398553e+002 3.100000e+001
      vertex   -3.649728e+002 1.398553e+002 3.405000e+001
      vertex   -3.648447e+002 1.397272e+002 3.100000e+001
    endloop
  endfacet
  facet normal 4.192034e-002 4.192034e-002 -0.000000e+000
    outer loop
      vertex   -3.648447e+002 1.397272e+002 3.100000e+001
      vertex   -3.649728e+002 1.398553e+002 3.405000e+001
      vertex   -3.648447e+002 1.397272e+002 3.405000e+001
    endloop
  endfacet
  facet normal 6.166602e-001 7.872294e-001 -0.000000e+000
    outer loop
      vertex   -3.648447e+002 1.397272e+002 3.100000e+001
      vertex   -3.648447e+002 1.397272e+002 3.405000e+001
      vertex   -3.647021e+002 1.396155e+002 3.100000e+001
    endloop
  endfacet
  facet normal 3.656168e-002 4.667469e-002 -0.000000e+000
    outer loop
      vertex   -3.647021e+002 1.396155e+002 3.100000e+001
      vertex   -3.648447e+002 1.397272e+002 3.405000e+001
      vertex   -3.647021e+002 1.396155e+002 3.405000e+001
    endloop
  endfacet
  facet normal 5.173548e-001 8.557710e-001 -0.000000e+000
    outer loop
      vertex   -3.647021e+002 1.396155e+002 3.100000e+001
      vertex   -3.647021e+002 1.396155e+002 3.405000e+001
      vertex   -3.645471e+002 1.395218e+002 3.100000e+001
    endloop
  endfacet
  facet normal 3.066868e-002 5.072992e-002 -0.000000e+000
    outer loop
      vertex   -3.645471e+002 1.395218e+002 3.100000e+001
      vertex   -3.647021e+002 1.396155e+002 3.405000e+001
      vertex   -3.645471e+002 1.395218e+002 3.405000e+001
    endloop
  endfacet
  facet normal 4.103857e-001 9.119120e-001 -0.000000e+000
    outer loop
      vertex   -3.645471e+002 1.395218e+002 3.100000e+001
      vertex   -3.645471e+002 1.395218e+002 3.405000e+001
      vertex   -3.643819e+002 1.394475e+002 3.100000e+001
    endloop
  endfacet
  facet normal 2.433117e-002 5.406594e-002 -0.000000e+000
    outer loop
      vertex   -3.643819e+002 1.394475e+002 3.100000e+001
      vertex   -3.645471e+002 1.395218e+002 3.405000e+001
      vertex   -3.643819e+002 1.394475e+002 3.405000e+001
    endloop
  endfacet
  facet normal 2.975650e-001 9.547016e-001 -0.000000e+000
    outer loop
      vertex   -3.643819e+002 1.394475e+002 3.100000e+001
      vertex   -3.643819e+002 1.394475e+002 3.405000e+001
      vertex   -3.642090e+002 1.393936e+002 3.100000e+001
    endloop
  endfacet
  facet normal 1.763911e-002 5.659297e-002 -0.000000e+000
    outer loop
      vertex   -3.642090e+002 1.393936e+002 3.100000e+001
      vertex   -3.643819e+002 1.394475e+002 3.405000e+001
      vertex   -3.642090e+002 1.393936e+002 3.405000e+001
    endloop
  endfacet
  facet normal 1.802491e-001 9.836210e-001 -0.000000e+000
    outer loop
      vertex   -3.642090e+002 1.393936e+002 3.100000e+001
      vertex   -3.642090e+002 1.393936e+002 3.405000e+001
      vertex   -3.640308e+002 1.393609e+002 3.100000e+001
    endloop
  endfacet
  facet normal 1.068733e-002 5.832088e-002 -0.000000e+000
    outer loop
      vertex   -3.640308e+002 1.393609e+002 3.100000e+001
      vertex   -3.642090e+002 1.393936e+002 3.405000e+001
      vertex   -3.640308e+002 1.393609e+002 3.405000e+001
    endloop
  endfacet
  facet normal -6.031195e-002 9.981796e-001 0.000000e+000
    outer loop
      vertex   -3.636692e+002 1.393609e+002 3.520000e+001
      vertex   -3.636692e+002 1.393609e+002 3.405000e+001
      vertex   -3.638500e+002 1.393500e+002 3.520000e+001
    endloop
  endfacet
  facet normal -9.384531e-003 1.553166e-001 0.000000e+000
    outer loop
      vertex   -3.638500e+002 1.393500e+002 3.520000e+001
      vertex   -3.636692e+002 1.393609e+002 3.405000e+001
      vertex   -3.638500e+002 1.393500e+002 3.405000e+001
    endloop
  endfacet
  facet normal 6.032209e-002 9.981790e-001 0.000000e+000
    outer loop
      vertex   -3.638500e+002 1.393500e+002 3.520000e+001
      vertex   -3.638500e+002 1.393500e+002 3.405000e+001
      vertex   -3.640308e+002 1.393609e+002 3.520000e+001
    endloop
  endfacet
  facet normal 9.384569e-003 1.552910e-001 0.000000e+000
    outer loop
      vertex   -3.640308e+002 1.393609e+002 3.520000e+001
      vertex   -3.638500e+002 1.393500e+002 3.405000e+001
      vertex   -3.640308e+002 1.393609e+002 3.405000e+001
    endloop
  endfacet
  facet normal 1.802491e-001 9.836210e-001 0.000000e+000
    outer loop
      vertex   -3.640308e+002 1.393609e+002 3.520000e+001
      vertex   -3.640308e+002 1.393609e+002 3.405000e+001
      vertex   -3.642090e+002 1.393936e+002 3.520000e+001
    endloop
  endfacet
  facet normal 2.804869e-002 1.530620e-001 0.000000e+000
    outer loop
      vertex   -3.642090e+002 1.393936e+002 3.520000e+001
      vertex   -3.640308e+002 1.393609e+002 3.405000e+001
      vertex   -3.642090e+002 1.393936e+002 3.405000e+001
    endloop
  endfacet
  facet normal 2.975650e-001 9.547016e-001 0.000000e+000
    outer loop
      vertex   -3.642090e+002 1.393936e+002 3.520000e+001
      vertex   -3.642090e+002 1.393936e+002 3.405000e+001
      vertex   -3.643819e+002 1.394475e+002 3.520000e+001
    endloop
  endfacet
  facet normal 4.629371e-002 1.485278e-001 0.000000e+000
    outer loop
      vertex   -3.643819e+002 1.394475e+002 3.520000e+001
      vertex   -3.642090e+002 1.393936e+002 3.405000e+001
      vertex   -3.643819e+002 1.394475e+002 3.405000e+001
    endloop
  endfacet
  facet normal 4.103857e-001 9.119120e-001 0.000000e+000
    outer loop
      vertex   -3.643819e+002 1.394475e+002 3.520000e+001
      vertex   -3.643819e+002 1.394475e+002 3.405000e+001
      vertex   -3.645471e+002 1.395218e+002 3.520000e+001
    endloop
  endfacet
  facet normal 6.385674e-002 1.418951e-001 0.000000e+000
    outer loop
      vertex   -3.645471e+002 1.395218e+002 3.520000e+001
      vertex   -3.643819e+002 1.394475e+002 3.405000e+001
      vertex   -3.645471e+002 1.395218e+002 3.405000e+001
    endloop
  endfacet
  facet normal 5.173548e-001 8.557710e-001 0.000000e+000
    outer loop
      vertex   -3.645471e+002 1.395218e+002 3.520000e+001
      vertex   -3.645471e+002 1.395218e+002 3.405000e+001
      vertex   -3.647021e+002 1.396155e+002 3.520000e+001
    endloop
  endfacet
  facet normal 8.048966e-002 1.331402e-001 0.000000e+000
    outer loop
      vertex   -3.647021e+002 1.396155e+002 3.520000e+001
      vertex   -3.645471e+002 1.395218e+002 3.405000e+001
      vertex   -3.647021e+002 1.396155e+002 3.405000e+001
    endloop
  endfacet
  facet normal 6.166602e-001 7.872294e-001 0.000000e+000
    outer loop
      vertex   -3.647021e+002 1.396155e+002 3.520000e+001
      vertex   -3.647021e+002 1.396155e+002 3.405000e+001
      vertex   -3.648447e+002 1.397272e+002 3.520000e+001
    endloop
  endfacet
  facet normal 9.595544e-002 1.224969e-001 0.000000e+000
    outer loop
      vertex   -3.648447e+002 1.397272e+002 3.520000e+001
      vertex   -3.647021e+002 1.396155e+002 3.405000e+001
      vertex   -3.648447e+002 1.397272e+002 3.405000e+001
    endloop
  endfacet
  facet normal 7.071068e-001 7.071068e-001 0.000000e+000
    outer loop
      vertex   -3.648447e+002 1.397272e+002 3.520000e+001
      vertex   -3.648447e+002 1.397272e+002 3.405000e+001
      vertex   -3.649728e+002 1.398553e+002 3.520000e+001
    endloop
  endfacet
  facet normal 1.100194e-001 1.100194e-001 0.000000e+000
    outer loop
      vertex   -3.649728e+002 1.398553e+002 3.520000e+001
      vertex   -3.648447e+002 1.397272e+002 3.405000e+001
      vertex   -3.649728e+002 1.398553e+002 3.405000e+001
    endloop
  endfacet
  facet normal 7.872383e-001 6.166489e-001 0.000000e+000
    outer loop
      vertex   -3.649728e+002 1.398553e+002 3.520000e+001
      vertex   -3.649728e+002 1.398553e+002 3.405000e+001
      vertex   -3.650845e+002 1.399979e+002 3.520000e+001
    endloop
  endfacet
  facet normal 1.224841e-001 9.594261e-002 0.000000e+000
    outer loop
      vertex   -3.650845e+002 1.399979e+002 3.520000e+001
      vertex   -3.649728e+002 1.398553e+002 3.405000e+001
      vertex   -3.650845e+002 1.399979e+002 3.405000e+001
    endloop
  endfacet
  facet normal 8.557337e-001 5.174165e-001 0.000000e+000
    outer loop
      vertex   -3.650845e+002 1.399979e+002 3.520000e+001
      vertex   -3.650845e+002 1.399979e+002 3.405000e+001
      vertex   -3.651782e+002 1.401529e+002 3.520000e+001
    endloop
  endfacet
  facet normal 1.331401e-001 8.050267e-002 0.000000e+000
    outer loop
      vertex   -3.651782e+002 1.401529e+002 3.520000e+001
      vertex   -3.650845e+002 1.399979e+002 3.405000e+001
      vertex   -3.651782e+002 1.401529e+002 3.405000e+001
    endloop
  endfacet
  facet normal 9.119120e-001 4.103857e-001 0.000000e+000
    outer loop
      vertex   -3.651782e+002 1.401529e+002 3.520000e+001
      vertex   -3.651782e+002 1.401529e+002 3.405000e+001
      vertex   -3.652525e+002 1.403181e+002 3.520000e+001
    endloop
  endfacet
  facet normal 1.418951e-001 6.385674e-002 0.000000e+000
    outer loop
      vertex   -3.652525e+002 1.403181e+002 3.520000e+001
      vertex   -3.651782e+002 1.401529e+002 3.405000e+001
      vertex   -3.652525e+002 1.403181e+002 3.405000e+001
    endloop
  endfacet
  facet normal 9.547091e-001 2.975410e-001 0.000000e+000
    outer loop
      vertex   -3.652525e+002 1.403181e+002 3.520000e+001
      vertex   -3.652525e+002 1.403181e+002 3.405000e+001
      vertex   -3.653064e+002 1.404910e+002 3.520000e+001
    endloop
  endfacet
  facet normal 1.485406e-001 4.629362e-002 0.000000e+000
    outer loop
      vertex   -3.653064e+002 1.404910e+002 3.520000e+001
      vertex   -3.652525e+002 1.403181e+002 3.405000e+001
      vertex   -3.653064e+002 1.404910e+002 3.405000e+001
    endloop
  endfacet
  facet normal 9.836454e-001 1.801160e-001 0.000000e+000
    outer loop
      vertex   -3.653064e+002 1.404910e+002 3.520000e+001
      vertex   -3.653064e+002 1.404910e+002 3.405000e+001
      vertex   -3.653391e+002 1.406692e+002 3.520000e+001
    endloop
  endfacet
  facet normal 1.530365e-001 2.802261e-002 0.000000e+000
    outer loop
      vertex   -3.653391e+002 1.406692e+002 3.520000e+001
      vertex   -3.653064e+002 1.404910e+002 3.405000e+001
      vertex   -3.653391e+002 1.406692e+002 3.405000e+001
    endloop
  endfacet
  facet normal 9.981694e-001 6.047980e-002 0.000000e+000
    outer loop
      vertex   -3.653391e+002 1.406692e+002 3.520000e+001
      vertex   -3.653391e+002 1.406692e+002 3.405000e+001
      vertex   -3.653500e+002 1.408500e+002 3.520000e+001
    endloop
  endfacet
  facet normal 1.553166e-001 9.410743e-003 0.000000e+000
    outer loop
      vertex   -3.653500e+002 1.408500e+002 3.520000e+001
      vertex   -3.653391e+002 1.406692e+002 3.405000e+001
      vertex   -3.653500e+002 1.408500e+002 3.405000e+001
    endloop
  endfacet
  facet normal 9.981691e-001 -6.048489e-002 0.000000e+000
    outer loop
      vertex   -3.653500e+002 1.408500e+002 3.520000e+001
      vertex   -3.653500e+002 1.408500e+002 3.405000e+001
      vertex   -3.653391e+002 1.410308e+002 3.520000e+001
    endloop
  endfacet
  facet normal 1.553038e-001 -9.410761e-003 0.000000e+000
    outer loop
      vertex   -3.653391e+002 1.410308e+002 3.520000e+001
      vertex   -3.653500e+002 1.408500e+002 3.405000e+001
      vertex   -3.653391e+002 1.410308e+002 3.405000e+001
    endloop
  endfacet
  facet normal 9.836454e-001 -1.801160e-001 0.000000e+000
    outer loop
      vertex   -3.653391e+002 1.410308e+002 3.520000e+001
      vertex   -3.653391e+002 1.410308e+002 3.405000e+001
      vertex   -3.653064e+002 1.412090e+002 3.520000e+001
    endloop
  endfacet
  facet normal 1.530365e-001 -2.802261e-002 0.000000e+000
    outer loop
      vertex   -3.653064e+002 1.412090e+002 3.520000e+001
      vertex   -3.653391e+002 1.410308e+002 3.405000e+001
      vertex   -3.653064e+002 1.412090e+002 3.405000e+001
    endloop
  endfacet
  facet normal 9.547165e-001 -2.975171e-001 0.000000e+000
    outer loop
      vertex   -3.653064e+002 1.412090e+002 3.520000e+001
      vertex   -3.653064e+002 1.412090e+002 3.405000e+001
      vertex   -3.652525e+002 1.413819e+002 3.520000e+001
    endloop
  endfacet
  facet normal 1.485535e-001 -4.629353e-002 0.000000e+000
    outer loop
      vertex   -3.652525e+002 1.413819e+002 3.520000e+001
      vertex   -3.653064e+002 1.412090e+002 3.405000e+001
      vertex   -3.652525e+002 1.413819e+002 3.405000e+001
    endloop
  endfacet
  facet normal 9.118978e-001 -4.104172e-001 0.000000e+000
    outer loop
      vertex   -3.652525e+002 1.413819e+002 3.520000e+001
      vertex   -3.652525e+002 1.413819e+002 3.405000e+001
      vertex   -3.651782e+002 1.415471e+002 3.520000e+001
    endloop
  endfacet
  facet normal 1.418823e-001 -6.385685e-002 0.000000e+000
    outer loop
      vertex   -3.651782e+002 1.415471e+002 3.520000e+001
      vertex   -3.652525e+002 1.413819e+002 3.405000e+001
      vertex   -3.651782e+002 1.415471e+002 3.405000e+001
    endloop
  endfacet
  facet normal 8.557563e-001 -5.173792e-001 0.000000e+000
    outer loop
      vertex   -3.651782e+002 1.415471e+002 3.520000e+001
      vertex   -3.651782e+002 1.415471e+002 3.405000e+001
      vertex   -3.650845e+002 1.417021e+002 3.520000e+001
    endloop
  endfacet
  facet normal 1.331529e-001 -8.050254e-002 0.000000e+000
    outer loop
      vertex   -3.650845e+002 1.417021e+002 3.520000e+001
      vertex   -3.651782e+002 1.415471e+002 3.405000e+001
      vertex   -3.650845e+002 1.417021e+002 3.405000e+001
    endloop
  endfacet
  facet normal 7.872062e-001 -6.166898e-001 0.000000e+000
    outer loop
      vertex   -3.650845e+002 1.417021e+002 3.520000e+001
      vertex   -3.650845e+002 1.417021e+002 3.405000e+001
      vertex   -3.649728e+002 1.418447e+002 3.520000e+001
    endloop
  endfacet
  facet normal 1.224712e-001 -9.594276e-002 0.000000e+000
    outer loop
      vertex   -3.649728e+002 1.418447e+002 3.520000e+001
      vertex   -3.650845e+002 1.417021e+002 3.405000e+001
      vertex   -3.649728e+002 1.418447e+002 3.405000e+001
    endloop
  endfacet
  facet normal 7.071068e-001 -7.071068e-001 0.000000e+000
    outer loop
      vertex   -3.649728e+002 1.418447e+002 3.520000e+001
      vertex   -3.649728e+002 1.418447e+002 3.405000e+001
      vertex   -3.648447e+002 1.419728e+002 3.520000e+001
    endloop
  endfacet
  facet normal 1.100194e-001 -1.100194e-001 0.000000e+000
    outer loop
      vertex   -3.648447e+002 1.419728e+002 3.520000e+001
      vertex   -3.649728e+002 1.418447e+002 3.405000e+001
      vertex   -3.648447e+002 1.419728e+002 3.405000e+001
    endloop
  endfacet
  facet normal 6.166602e-001 -7.872294e-001 0.000000e+000
    outer loop
      vertex   -3.648447e+002 1.419728e+002 3.520000e+001
      vertex   -3.648447e+002 1.419728e+002 3.405000e+001
      vertex   -3.647021e+002 1.420845e+002 3.520000e+001
    endloop
  endfacet
  facet normal 9.595544e-002 -1.224969e-001 0.000000e+000
    outer loop
      vertex   -3.647021e+002 1.420845e+002 3.520000e+001
      vertex   -3.648447e+002 1.419728e+002 3.405000e+001
      vertex   -3.647021e+002 1.420845e+002 3.405000e+001
    endloop
  endfacet
  facet normal 5.173548e-001 -8.557710e-001 0.000000e+000
    outer loop
      vertex   -3.647021e+002 1.420845e+002 3.520000e+001
      vertex   -3.647021e+002 1.420845e+002 3.405000e+001
      vertex   -3.645471e+002 1.421782e+002 3.520000e+001
    endloop
  endfacet
  facet normal 8.048966e-002 -1.331402e-001 0.000000e+000
    outer loop
      vertex   -3.645471e+002 1.421782e+002 3.520000e+001
      vertex   -3.647021e+002 1.420845e+002 3.405000e+001
      vertex   -3.645471e+002 1.421782e+002 3.405000e+001
    endloop
  endfacet
  facet normal 4.103857e-001 -9.119120e-001 0.000000e+000
    outer loop
      vertex   -3.645471e+002 1.421782e+002 3.520000e+001
      vertex   -3.645471e+002 1.421782e+002 3.405000e+001
      vertex   -3.643819e+002 1.422525e+002 3.520000e+001
    endloop
  endfacet
  facet normal 6.385674e-002 -1.418951e-001 0.000000e+000
    outer loop
      vertex   -3.643819e+002 1.422525e+002 3.520000e+001
      vertex   -3.645471e+002 1.421782e+002 3.405000e+001
      vertex   -3.643819e+002 1.422525e+002 3.405000e+001
    endloop
  endfacet
  facet normal 2.975650e-001 -9.547016e-001 0.000000e+000
    outer loop
      vertex   -3.643819e+002 1.422525e+002 3.520000e+001
      vertex   -3.643819e+002 1.422525e+002 3.405000e+001
      vertex   -3.642090e+002 1.423064e+002 3.520000e+001
    endloop
  endfacet
  facet normal 4.629371e-002 -1.485278e-001 0.000000e+000
    outer loop
      vertex   -3.642090e+002 1.423064e+002 3.520000e+001
      vertex   -3.643819e+002 1.422525e+002 3.405000e+001
      vertex   -3.642090e+002 1.423064e+002 3.405000e+001
    endloop
  endfacet
  facet normal 1.802491e-001 -9.836210e-001 0.000000e+000
    outer loop
      vertex   -3.642090e+002 1.423064e+002 3.520000e+001
      vertex   -3.642090e+002 1.423064e+002 3.405000e+001
      vertex   -3.640308e+002 1.423391e+002 3.520000e+001
    endloop
  endfacet
  facet normal 2.804869e-002 -1.530620e-001 0.000000e+000
    outer loop
      vertex   -3.640308e+002 1.423391e+002 3.520000e+001
      vertex   -3.642090e+002 1.423064e+002 3.405000e+001
      vertex   -3.640308e+002 1.423391e+002 3.405000e+001
    endloop
  endfacet
  facet normal 6.040603e-002 -9.981739e-001 0.000000e+000
    outer loop
      vertex   -3.640308e+002 1.423391e+002 3.520000e+001
      vertex   -3.640308e+002 1.423391e+002 3.405000e+001
      vertex   -3.638500e+002 1.423500e+002 3.520000e+001
    endloop
  endfacet
  facet normal 9.397674e-003 -1.552910e-001 0.000000e+000
    outer loop
      vertex   -3.638500e+002 1.423500e+002 3.520000e+001
      vertex   -3.640308e+002 1.423391e+002 3.405000e+001
      vertex   -3.638500e+002 1.423500e+002 3.405000e+001
    endloop
  endfacet
  facet normal -6.039587e-002 -9.981745e-001 -0.000000e+000
    outer loop
      vertex   -3.638500e+002 1.423500e+002 3.520000e+001
      vertex   -3.638500e+002 1.423500e+002 3.405000e+001
      vertex   -3.636692e+002 1.423391e+002 3.520000e+001
    endloop
  endfacet
  facet normal -9.397636e-003 -1.553166e-001 -0.000000e+000
    outer loop
      vertex   -3.636692e+002 1.423391e+002 3.520000e+001
      vertex   -3.638500e+002 1.423500e+002 3.405000e+001
      vertex   -3.636692e+002 1.423391e+002 3.405000e+001
    endloop
  endfacet
  facet normal -1.802790e-001 -9.836155e-001 -0.000000e+000
    outer loop
      vertex   -3.636692e+002 1.423391e+002 3.520000e+001
      vertex   -3.636692e+002 1.423391e+002 3.405000e+001
      vertex   -3.634910e+002 1.423064e+002 3.520000e+001
    endloop
  endfacet
  facet normal -2.804880e-002 -1.530364e-001 -0.000000e+000
    outer loop
      vertex   -3.634910e+002 1.423064e+002 3.520000e+001
      vertex   -3.636692e+002 1.423391e+002 3.405000e+001
      vertex   -3.634910e+002 1.423064e+002 3.405000e+001
    endloop
  endfacet
  facet normal -2.975171e-001 -9.547165e-001 -0.000000e+000
    outer loop
      vertex   -3.634910e+002 1.423064e+002 3.520000e+001
      vertex   -3.634910e+002 1.423064e+002 3.405000e+001
      vertex   -3.633181e+002 1.422525e+002 3.520000e+001
    endloop
  endfacet
  facet normal -4.629353e-002 -1.485535e-001 -0.000000e+000
    outer loop
      vertex   -3.633181e+002 1.422525e+002 3.520000e+001
      vertex   -3.634910e+002 1.423064e+002 3.405000e+001
      vertex   -3.633181e+002 1.422525e+002 3.405000e+001
    endloop
  endfacet
  facet normal -4.104488e-001 -9.118837e-001 -0.000000e+000
    outer loop
      vertex   -3.633181e+002 1.422525e+002 3.520000e+001
      vertex   -3.633181e+002 1.422525e+002 3.405000e+001
      vertex   -3.631529e+002 1.421782e+002 3.520000e+001
    endloop
  endfacet
  facet normal -6.385697e-002 -1.418694e-001 -0.000000e+000
    outer loop
      vertex   -3.631529e+002 1.421782e+002 3.520000e+001
      vertex   -3.633181e+002 1.422525e+002 3.405000e+001
      vertex   -3.631529e+002 1.421782e+002 3.405000e+001
    endloop
  endfacet
  facet normal -5.172802e-001 -8.558161e-001 -0.000000e+000
    outer loop
      vertex   -3.631529e+002 1.421782e+002 3.520000e+001
      vertex   -3.631529e+002 1.421782e+002 3.405000e+001
      vertex   -3.629979e+002 1.420845e+002 3.520000e+001
    endloop
  endfacet
  facet normal -8.048937e-002 -1.331659e-001 -0.000000e+000
    outer loop
      vertex   -3.629979e+002 1.420845e+002 3.520000e+001
      vertex   -3.631529e+002 1.421782e+002 3.405000e+001
      vertex   -3.629979e+002 1.420845e+002 3.405000e+001
    endloop
  endfacet
  facet normal -6.167420e-001 -7.871653e-001 -0.000000e+000
    outer loop
      vertex   -3.629979e+002 1.420845e+002 3.520000e+001
      vertex   -3.629979e+002 1.420845e+002 3.405000e+001
      vertex   -3.628553e+002 1.419728e+002 3.520000e+001
    endloop
  endfacet
  facet normal -9.595574e-002 -1.224710e-001 -0.000000e+000
    outer loop
      vertex   -3.628553e+002 1.419728e+002 3.520000e+001
      vertex   -3.629979e+002 1.420845e+002 3.405000e+001
      vertex   -3.628553e+002 1.419728e+002 3.405000e+001
    endloop
  endfacet
  facet normal -7.071068e-001 -7.071068e-001 -0.000000e+000
    outer loop
      vertex   -3.628553e+002 1.419728e+002 3.520000e+001
      vertex   -3.628553e+002 1.419728e+002 3.405000e+001
      vertex   -3.627272e+002 1.418447e+002 3.520000e+001
    endloop
  endfacet
  facet normal -1.100194e-001 -1.100194e-001 -0.000000e+000
    outer loop
      vertex   -3.627272e+002 1.418447e+002 3.520000e+001
      vertex   -3.628553e+002 1.419728e+002 3.405000e+001
      vertex   -3.627272e+002 1.418447e+002 3.405000e+001
    endloop
  endfacet
  facet normal -7.871245e-001 -6.167942e-001 -0.000000e+000
    outer loop
      vertex   -3.627272e+002 1.418447e+002 3.520000e+001
      vertex   -3.627272e+002 1.418447e+002 3.405000e+001
      vertex   -3.626155e+002 1.417021e+002 3.520000e+001
    endloop
  endfacet
  facet normal -1.224709e-001 -9.596873e-002 -0.000000e+000
    outer loop
      vertex   -3.626155e+002 1.417021e+002 3.520000e+001
      vertex   -3.627272e+002 1.418447e+002 3.405000e+001
      vertex   -3.626155e+002 1.417021e+002 3.405000e+001
    endloop
  endfacet
  facet normal -8.558308e-001 -5.172558e-001 -0.000000e+000
    outer loop
      vertex   -3.626155e+002 1.417021e+002 3.520000e+001
      vertex   -3.626155e+002 1.417021e+002 3.405000e+001
      vertex   -3.625218e+002 1.415471e+002 3.520000e+001
    endloop
  endfacet
  facet normal -1.331532e-001 -8.047649e-002 -0.000000e+000
    outer loop
      vertex   -3.625218e+002 1.415471e+002 3.520000e+001
      vertex   -3.626155e+002 1.417021e+002 3.405000e+001
      vertex   -3.625218e+002 1.415471e+002 3.405000e+001
    endloop
  endfacet
  facet normal -9.118978e-001 -4.104172e-001 -0.000000e+000
    outer loop
      vertex   -3.625218e+002 1.415471e+002 3.520000e+001
      vertex   -3.625218e+002 1.415471e+002 3.405000e+001
      vertex   -3.624475e+002 1.413819e+002 3.520000e+001
    endloop
  endfacet
  facet normal -1.418823e-001 -6.385685e-002 -0.000000e+000
    outer loop
      vertex   -3.624475e+002 1.413819e+002 3.520000e+001
      vertex   -3.625218e+002 1.415471e+002 3.405000e+001
      vertex   -3.624475e+002 1.413819e+002 3.405000e+001
    endloop
  endfacet
  facet normal -9.547165e-001 -2.975171e-001 -0.000000e+000
    outer loop
      vertex   -3.624475e+002 1.413819e+002 3.520000e+001
      vertex   -3.624475e+002 1.413819e+002 3.405000e+001
      vertex   -3.623936e+002 1.412090e+002 3.520000e+001
    endloop
  endfacet
  facet normal -1.485535e-001 -4.629353e-002 -0.000000e+000
    outer loop
      vertex   -3.623936e+002 1.412090e+002 3.520000e+001
      vertex   -3.624475e+002 1.413819e+002 3.405000e+001
      vertex   -3.623936e+002 1.412090e+002 3.405000e+001
    endloop
  endfacet
  facet normal -9.836155e-001 -1.802790e-001 -0.000000e+000
    outer loop
      vertex   -3.623936e+002 1.412090e+002 3.520000e+001
      vertex   -3.623936e+002 1.412090e+002 3.405000e+001
      vertex   -3.623609e+002 1.410308e+002 3.520000e+001
    endloop
  endfacet
  facet normal -1.530364e-001 -2.804880e-002 -0.000000e+000
    outer loop
      vertex   -3.623609e+002 1.410308e+002 3.520000e+001
      vertex   -3.623936e+002 1.412090e+002 3.405000e+001
      vertex   -3.623609e+002 1.410308e+002 3.405000e+001
    endloop
  endfacet
  facet normal -9.981793e-001 -6.031702e-002 -0.000000e+000
    outer loop
      vertex   -3.623609e+002 1.410308e+002 3.520000e+001
      vertex   -3.623609e+002 1.410308e+002 3.405000e+001
      vertex   -3.623500e+002 1.408500e+002 3.520000e+001
    endloop
  endfacet
  facet normal -1.553038e-001 -9.384550e-003 -0.000000e+000
    outer loop
      vertex   -3.623500e+002 1.408500e+002 3.520000e+001
      vertex   -3.623609e+002 1.410308e+002 3.405000e+001
      vertex   -3.623500e+002 1.408500e+002 3.405000e+001
    endloop
  endfacet
  facet normal -9.981796e-001 6.031195e-002 0.000000e+000
    outer loop
      vertex   -3.623500e+002 1.408500e+002 3.520000e+001
      vertex   -3.623500e+002 1.408500e+002 3.405000e+001
      vertex   -3.623609e+002 1.406692e+002 3.520000e+001
    endloop
  endfacet
  facet normal -1.553166e-001 9.384531e-003 0.000000e+000
    outer loop
      vertex   -3.623609e+002 1.406692e+002 3.520000e+001
      vertex   -3.623500e+002 1.408500e+002 3.405000e+001
      vertex   -3.623609e+002 1.406692e+002 3.405000e+001
    endloop
  endfacet
  facet normal -9.836155e-001 1.802790e-001 0.000000e+000
    outer loop
      vertex   -3.623609e+002 1.406692e+002 3.520000e+001
      vertex   -3.623609e+002 1.406692e+002 3.405000e+001
      vertex   -3.623936e+002 1.404910e+002 3.520000e+001
    endloop
  endfacet
  facet normal -1.530364e-001 2.804880e-002 0.000000e+000
    outer loop
      vertex   -3.623936e+002 1.404910e+002 3.520000e+001
      vertex   -3.623609e+002 1.406692e+002 3.405000e+001
      vertex   -3.623936e+002 1.404910e+002 3.405000e+001
    endloop
  endfacet
  facet normal -9.547091e-001 2.975410e-001 0.000000e+000
    outer loop
      vertex   -3.623936e+002 1.404910e+002 3.520000e+001
      vertex   -3.623936e+002 1.404910e+002 3.405000e+001
      vertex   -3.624475e+002 1.403181e+002 3.520000e+001
    endloop
  endfacet
  facet normal -1.485406e-001 4.629362e-002 0.000000e+000
    outer loop
      vertex   -3.624475e+002 1.403181e+002 3.520000e+001
      vertex   -3.623936e+002 1.404910e+002 3.405000e+001
      vertex   -3.624475e+002 1.403181e+002 3.405000e+001
    endloop
  endfacet
  facet normal -9.119120e-001 4.103857e-001 0.000000e+000
    outer loop
      vertex   -3.624475e+002 1.403181e+002 3.520000e+001
      vertex   -3.624475e+002 1.403181e+002 3.405000e+001
      vertex   -3.625218e+002 1.401529e+002 3.520000e+001
    endloop
  endfacet
  facet normal -1.418951e-001 6.385674e-002 0.000000e+000
    outer loop
      vertex   -3.625218e+002 1.401529e+002 3.520000e+001
      vertex   -3.624475e+002 1.403181e+002 3.405000e+001
      vertex   -3.625218e+002 1.401529e+002 3.405000e+001
    endloop
  endfacet
  facet normal -8.558083e-001 5.172931e-001 0.000000e+000
    outer loop
      vertex   -3.625218e+002 1.401529e+002 3.520000e+001
      vertex   -3.625218e+002 1.401529e+002 3.405000e+001
      vertex   -3.626155e+002 1.399979e+002 3.520000e+001
    endloop
  endfacet
  facet normal -1.331403e-001 8.047663e-002 0.000000e+000
    outer loop
      vertex   -3.626155e+002 1.399979e+002 3.520000e+001
      vertex   -3.625218e+002 1.401529e+002 3.405000e+001
      vertex   -3.626155e+002 1.399979e+002 3.405000e+001
    endloop
  endfacet
  facet normal -7.871565e-001 6.167533e-001 0.000000e+000
    outer loop
      vertex   -3.626155e+002 1.399979e+002 3.520000e+001
      vertex   -3.626155e+002 1.399979e+002 3.405000e+001
      vertex   -3.627272e+002 1.398553e+002 3.520000e+001
    endloop
  endfacet
  facet normal -1.224838e-001 9.596857e-002 0.000000e+000
    outer loop
      vertex   -3.627272e+002 1.398553e+002 3.520000e+001
      vertex   -3.626155e+002 1.399979e+002 3.405000e+001
      vertex   -3.627272e+002 1.398553e+002 3.405000e+001
    endloop
  endfacet
  facet normal -7.071068e-001 7.071068e-001 0.000000e+000
    outer loop
      vertex   -3.627272e+002 1.398553e+002 3.520000e+001
      vertex   -3.627272e+002 1.398553e+002 3.405000e+001
      vertex   -3.628553e+002 1.397272e+002 3.520000e+001
    endloop
  endfacet
  facet normal -1.100194e-001 1.100194e-001 0.000000e+000
    outer loop
      vertex   -3.628553e+002 1.397272e+002 3.520000e+001
      vertex   -3.627272e+002 1.398553e+002 3.405000e+001
      vertex   -3.628553e+002 1.397272e+002 3.405000e+001
    endloop
  endfacet
  facet normal -6.167420e-001 7.871653e-001 0.000000e+000
    outer loop
      vertex   -3.628553e+002 1.397272e+002 3.520000e+001
      vertex   -3.628553e+002 1.397272e+002 3.405000e+001
      vertex   -3.629979e+002 1.396155e+002 3.520000e+001
    endloop
  endfacet
  facet normal -9.595574e-002 1.224710e-001 0.000000e+000
    outer loop
      vertex   -3.629979e+002 1.396155e+002 3.520000e+001
      vertex   -3.628553e+002 1.397272e+002 3.405000e+001
      vertex   -3.629979e+002 1.396155e+002 3.405000e+001
    endloop
  endfacet
  facet normal -5.172802e-001 8.558161e-001 0.000000e+000
    outer loop
      vertex   -3.629979e+002 1.396155e+002 3.520000e+001
      vertex   -3.629979e+002 1.396155e+002 3.405000e+001
      vertex   -3.631529e+002 1.395218e+002 3.520000e+001
    endloop
  endfacet
  facet normal -8.048937e-002 1.331659e-001 0.000000e+000
    outer loop
      vertex   -3.631529e+002 1.395218e+002 3.520000e+001
      vertex   -3.629979e+002 1.396155e+002 3.405000e+001
      vertex   -3.631529e+002 1.395218e+002 3.405000e+001
    endloop
  endfacet
  facet normal -4.104488e-001 9.118837e-001 0.000000e+000
    outer loop
      vertex   -3.631529e+002 1.395218e+002 3.520000e+001
      vertex   -3.631529e+002 1.395218e+002 3.405000e+001
      vertex   -3.633181e+002 1.394475e+002 3.520000e+001
    endloop
  endfacet
  facet normal -6.385697e-002 1.418694e-001 0.000000e+000
    outer loop
      vertex   -3.633181e+002 1.394475e+002 3.520000e+001
      vertex   -3.631529e+002 1.395218e+002 3.405000e+001
      vertex   -3.633181e+002 1.394475e+002 3.405000e+001
    endloop
  endfacet
  facet normal -2.975171e-001 9.547165e-001 0.000000e+000
    outer loop
      vertex   -3.633181e+002 1.394475e+002 3.520000e+001
      vertex   -3.633181e+002 1.394475e+002 3.405000e+001
      vertex   -3.634910e+002 1.393936e+002 3.520000e+001
    endloop
  endfacet
  facet normal -4.629353e-002 1.485535e-001 0.000000e+000
    outer loop
      vertex   -3.634910e+002 1.393936e+002 3.520000e+001
      vertex   -3.633181e+002 1.394475e+002 3.405000e+001
      vertex   -3.634910e+002 1.393936e+002 3.405000e+001
    endloop
  endfacet
  facet normal -1.802790e-001 9.836155e-001 0.000000e+000
    outer loop
      vertex   -3.634910e+002 1.393936e+002 3.520000e+001
      vertex   -3.634910e+002 1.393936e+002 3.405000e+001
      vertex   -3.636692e+002 1.393609e+002 3.520000e+001
    endloop
  endfacet
  facet normal -2.804880e-002 1.530364e-001 0.000000e+000
    outer loop
      vertex   -3.636692e+002 1.393609e+002 3.520000e+001
      vertex   -3.634910e+002 1.393936e+002 3.405000e+001
      vertex   -3.636692e+002 1.393609e+002 3.405000e+001
    endloop
  endfacet
  facet normal 6.039587e-002 9.981745e-001 -0.000000e+000
    outer loop
      vertex   -3.363308e+002 2.336609e+002 3.100000e+001
      vertex   -3.363308e+002 2.336609e+002 3.330000e+001
      vertex   -3.361500e+002 2.336500e+002 3.100000e+001
    endloop
  endfacet
  facet normal 4.742078e-003 7.837326e-002 -0.000000e+000
    outer loop
      vertex   -3.361500e+002 2.336500e+002 3.100000e+001
      vertex   -3.363308e+002 2.336609e+002 3.330000e+001
      vertex   -3.361500e+002 2.336500e+002 3.330000e+001
    endloop
  endfacet
  facet normal -6.040603e-002 9.981739e-001 0.000000e+000
    outer loop
      vertex   -3.361500e+002 2.336500e+002 3.100000e+001
      vertex   -3.361500e+002 2.336500e+002 3.330000e+001
      vertex   -3.359692e+002 2.336609e+002 3.100000e+001
    endloop
  endfacet
  facet normal -4.742083e-003 7.836011e-002 0.000000e+000
    outer loop
      vertex   -3.359692e+002 2.336609e+002 3.100000e+001
      vertex   -3.361500e+002 2.336500e+002 3.330000e+001
      vertex   -3.359692e+002 2.336609e+002 3.330000e+001
    endloop
  endfacet
  facet normal -1.802491e-001 9.836210e-001 0.000000e+000
    outer loop
      vertex   -3.359692e+002 2.336609e+002 3.100000e+001
      vertex   -3.359692e+002 2.336609e+002 3.330000e+001
      vertex   -3.357910e+002 2.336936e+002 3.100000e+001
    endloop
  endfacet
  facet normal -1.415348e-002 7.723565e-002 0.000000e+000
    outer loop
      vertex   -3.357910e+002 2.336936e+002 3.100000e+001
      vertex   -3.359692e+002 2.336609e+002 3.330000e+001
      vertex   -3.357910e+002 2.336936e+002 3.330000e+001
    endloop
  endfacet
  facet normal -2.975650e-001 9.547016e-001 0.000000e+000
    outer loop
      vertex   -3.357910e+002 2.336936e+002 3.100000e+001
      vertex   -3.357910e+002 2.336936e+002 3.330000e+001
      vertex   -3.356181e+002 2.337475e+002 3.100000e+001
    endloop
  endfacet
  facet normal -2.335989e-002 7.494740e-002 0.000000e+000
    outer loop
      vertex   -3.356181e+002 2.337475e+002 3.100000e+001
      vertex   -3.357910e+002 2.336936e+002 3.330000e+001
      vertex   -3.356181e+002 2.337475e+002 3.330000e+001
    endloop
  endfacet
  facet normal -4.103857e-001 9.119120e-001 0.000000e+000
    outer loop
      vertex   -3.356181e+002 2.337475e+002 3.100000e+001
      vertex   -3.356181e+002 2.337475e+002 3.330000e+001
      vertex   -3.354529e+002 2.338218e+002 3.100000e+001
    endloop
  endfacet
  facet normal -3.222232e-002 7.160075e-002 0.000000e+000
    outer loop
      vertex   -3.354529e+002 2.338218e+002 3.100000e+001
      vertex   -3.356181e+002 2.337475e+002 3.330000e+001
      vertex   -3.354529e+002 2.338218e+002 3.330000e+001
    endloop
  endfacet
  facet normal -5.173548e-001 8.557710e-001 0.000000e+000
    outer loop
      vertex   -3.354529e+002 2.338218e+002 3.100000e+001
      vertex   -3.354529e+002 2.338218e+002 3.330000e+001
      vertex   -3.352979e+002 2.339155e+002 3.100000e+001
    endloop
  endfacet
  facet normal -4.061524e-002 6.718281e-002 0.000000e+000
    outer loop
      vertex   -3.352979e+002 2.339155e+002 3.100000e+001
      vertex   -3.354529e+002 2.338218e+002 3.330000e+001
      vertex   -3.352979e+002 2.339155e+002 3.330000e+001
    endloop
  endfacet
  facet normal -6.166602e-001 7.872294e-001 0.000000e+000
    outer loop
      vertex   -3.352979e+002 2.339155e+002 3.100000e+001
      vertex   -3.352979e+002 2.339155e+002 3.330000e+001
      vertex   -3.351553e+002 2.340272e+002 3.100000e+001
    endloop
  endfacet
  facet normal -4.841945e-002 6.181235e-002 0.000000e+000
    outer loop
      vertex   -3.351553e+002 2.340272e+002 3.100000e+001
      vertex   -3.352979e+002 2.339155e+002 3.330000e+001
      vertex   -3.351553e+002 2.340272e+002 3.330000e+001
    endloop
  endfacet
  facet normal -7.071068e-001 7.071068e-001 0.000000e+000
    outer loop
      vertex   -3.351553e+002 2.340272e+002 3.100000e+001
      vertex   -3.351553e+002 2.340272e+002 3.330000e+001
      vertex   -3.350272e+002 2.341553e+002 3.100000e+001
    endloop
  endfacet
  facet normal -5.551607e-002 5.551607e-002 0.000000e+000
    outer loop
      vertex   -3.350272e+002 2.341553e+002 3.100000e+001
      vertex   -3.351553e+002 2.340272e+002 3.330000e+001
      vertex   -3.350272e+002 2.341553e+002 3.330000e+001
    endloop
  endfacet
  facet normal -7.872062e-001 6.166898e-001 0.000000e+000
    outer loop
      vertex   -3.350272e+002 2.341553e+002 3.100000e+001
      vertex   -3.350272e+002 2.341553e+002 3.330000e+001
      vertex   -3.349155e+002 2.342979e+002 3.100000e+001
    endloop
  endfacet
  facet normal -6.179919e-002 4.841289e-002 0.000000e+000
    outer loop
      vertex   -3.349155e+002 2.342979e+002 3.100000e+001
      vertex   -3.350272e+002 2.341553e+002 3.330000e+001
      vertex   -3.349155e+002 2.342979e+002 3.330000e+001
    endloop
  endfacet
  facet normal -8.557563e-001 5.173792e-001 0.000000e+000
    outer loop
      vertex   -3.349155e+002 2.342979e+002 3.100000e+001
      vertex   -3.349155e+002 2.342979e+002 3.330000e+001
      vertex   -3.348218e+002 2.344529e+002 3.100000e+001
    endloop
  endfacet
  facet normal -6.718937e-002 4.062182e-002 0.000000e+000
    outer loop
      vertex   -3.348218e+002 2.344529e+002 3.100000e+001
      vertex   -3.349155e+002 2.342979e+002 3.330000e+001
      vertex   -3.348218e+002 2.344529e+002 3.330000e+001
    endloop
  endfacet
  facet normal -9.118978e-001 4.104172e-001 0.000000e+000
    outer loop
      vertex   -3.348218e+002 2.344529e+002 3.100000e+001
      vertex   -3.348218e+002 2.344529e+002 3.330000e+001
      vertex   -3.347475e+002 2.346181e+002 3.100000e+001
    endloop
  endfacet
  facet normal -7.159417e-002 3.222233e-002 0.000000e+000
    outer loop
      vertex   -3.347475e+002 2.346181e+002 3.100000e+001
      vertex   -3.348218e+002 2.344529e+002 3.330000e+001
      vertex   -3.347475e+002 2.346181e+002 3.330000e+001
    endloop
  endfacet
  facet normal -9.547165e-001 2.975171e-001 0.000000e+000
    outer loop
      vertex   -3.347475e+002 2.346181e+002 3.100000e+001
      vertex   -3.347475e+002 2.346181e+002 3.330000e+001
      vertex   -3.346936e+002 2.347910e+002 3.100000e+001
    endloop
  endfacet
  facet normal -7.496055e-002 2.335986e-002 0.000000e+000
    outer loop
      vertex   -3.346936e+002 2.347910e+002 3.100000e+001
      vertex   -3.347475e+002 2.346181e+002 3.330000e+001
      vertex   -3.346936e+002 2.347910e+002 3.330000e+001
    endloop
  endfacet
  facet normal -9.836454e-001 1.801160e-001 0.000000e+000
    outer loop
      vertex   -3.346936e+002 2.347910e+002 3.100000e+001
      vertex   -3.346936e+002 2.347910e+002 3.330000e+001
      vertex   -3.346609e+002 2.349692e+002 3.100000e+001
    endloop
  endfacet
  facet normal -7.722253e-002 1.414027e-002 0.000000e+000
    outer loop
      vertex   -3.346609e+002 2.349692e+002 3.100000e+001
      vertex   -3.346936e+002 2.347910e+002 3.330000e+001
      vertex   -3.346609e+002 2.349692e+002 3.330000e+001
    endloop
  endfacet
  facet normal -9.981691e-001 6.048489e-002 0.000000e+000
    outer loop
      vertex   -3.346609e+002 2.349692e+002 3.100000e+001
      vertex   -3.346609e+002 2.349692e+002 3.330000e+001
      vertex   -3.346500e+002 2.351500e+002 3.100000e+001
    endloop
  endfacet
  facet normal -7.836668e-002 4.748694e-003 0.000000e+000
    outer loop
      vertex   -3.346500e+002 2.351500e+002 3.100000e+001
      vertex   -3.346609e+002 2.349692e+002 3.330000e+001
      vertex   -3.346500e+002 2.351500e+002 3.330000e+001
    endloop
  endfacet
  facet normal -9.981694e-001 -6.047980e-002 0.000000e+000
    outer loop
      vertex   -3.346500e+002 2.351500e+002 3.100000e+001
      vertex   -3.346500e+002 2.351500e+002 3.330000e+001
      vertex   -3.346609e+002 2.353308e+002 3.100000e+001
    endloop
  endfacet
  facet normal -7.837325e-002 -4.748692e-003 0.000000e+000
    outer loop
      vertex   -3.346609e+002 2.353308e+002 3.100000e+001
      vertex   -3.346500e+002 2.351500e+002 3.330000e+001
      vertex   -3.346609e+002 2.353308e+002 3.330000e+001
    endloop
  endfacet
  facet normal -9.836454e-001 -1.801160e-001 0.000000e+000
    outer loop
      vertex   -3.346609e+002 2.353308e+002 3.100000e+001
      vertex   -3.346609e+002 2.353308e+002 3.330000e+001
      vertex   -3.346936e+002 2.355090e+002 3.100000e+001
    endloop
  endfacet
  facet normal -7.722253e-002 -1.414027e-002 0.000000e+000
    outer loop
      vertex   -3.346936e+002 2.355090e+002 3.100000e+001
      vertex   -3.346609e+002 2.353308e+002 3.330000e+001
      vertex   -3.346936e+002 2.355090e+002 3.330000e+001
    endloop
  endfacet
  facet normal -9.547091e-001 -2.975410e-001 0.000000e+000
    outer loop
      vertex   -3.346936e+002 2.355090e+002 3.100000e+001
      vertex   -3.346936e+002 2.355090e+002 3.330000e+001
      vertex   -3.347475e+002 2.356819e+002 3.100000e+001
    endloop
  endfacet
  facet normal -7.495397e-002 -2.335987e-002 0.000000e+000
    outer loop
      vertex   -3.347475e+002 2.356819e+002 3.100000e+001
      vertex   -3.346936e+002 2.355090e+002 3.330000e+001
      vertex   -3.347475e+002 2.356819e+002 3.330000e+001
    endloop
  endfacet
  facet normal -9.119120e-001 -4.103857e-001 0.000000e+000
    outer loop
      vertex   -3.347475e+002 2.356819e+002 3.100000e+001
      vertex   -3.347475e+002 2.356819e+002 3.330000e+001
      vertex   -3.348218e+002 2.358471e+002 3.100000e+001
    endloop
  endfacet
  facet normal -7.160075e-002 -3.222232e-002 0.000000e+000
    outer loop
      vertex   -3.348218e+002 2.358471e+002 3.100000e+001
      vertex   -3.347475e+002 2.356819e+002 3.330000e+001
      vertex   -3.348218e+002 2.358471e+002 3.330000e+001
    endloop
  endfacet
  facet normal -8.557337e-001 -5.174165e-001 0.000000e+000
    outer loop
      vertex   -3.348218e+002 2.358471e+002 3.100000e+001
      vertex   -3.348218e+002 2.358471e+002 3.330000e+001
      vertex   -3.349155e+002 2.360021e+002 3.100000e+001
    endloop
  endfacet
  facet normal -6.718279e-002 -4.062184e-002 0.000000e+000
    outer loop
      vertex   -3.349155e+002 2.360021e+002 3.100000e+001
      vertex   -3.348218e+002 2.358471e+002 3.330000e+001
      vertex   -3.349155e+002 2.360021e+002 3.330000e+001
    endloop
  endfacet
  facet normal -7.872383e-001 -6.166489e-001 0.000000e+000
    outer loop
      vertex   -3.349155e+002 2.360021e+002 3.100000e+001
      vertex   -3.349155e+002 2.360021e+002 3.330000e+001
      vertex   -3.350272e+002 2.361447e+002 3.100000e+001
    endloop
  endfacet
  facet normal -6.180578e-002 -4.841287e-002 0.000000e+000
    outer loop
      vertex   -3.350272e+002 2.361447e+002 3.100000e+001
      vertex   -3.349155e+002 2.360021e+002 3.330000e+001
      vertex   -3.350272e+002 2.361447e+002 3.330000e+001
    endloop
  endfacet
  facet normal -7.071068e-001 -7.071068e-001 0.000000e+000
    outer loop
      vertex   -3.350272e+002 2.361447e+002 3.100000e+001
      vertex   -3.350272e+002 2.361447e+002 3.330000e+001
      vertex   -3.351553e+002 2.362728e+002 3.100000e+001
    endloop
  endfacet
  facet normal -5.551607e-002 -5.551607e-002 0.000000e+000
    outer loop
      vertex   -3.351553e+002 2.362728e+002 3.100000e+001
      vertex   -3.350272e+002 2.361447e+002 3.330000e+001
      vertex   -3.351553e+002 2.362728e+002 3.330000e+001
    endloop
  endfacet
  facet normal -6.166602e-001 -7.872294e-001 0.000000e+000
    outer loop
      vertex   -3.351553e+002 2.362728e+002 3.100000e+001
      vertex   -3.351553e+002 2.362728e+002 3.330000e+001
      vertex   -3.352979e+002 2.363845e+002 3.100000e+001
    endloop
  endfacet
  facet normal -4.841945e-002 -6.181235e-002 0.000000e+000
    outer loop
      vertex   -3.352979e+002 2.363845e+002 3.100000e+001
      vertex   -3.351553e+002 2.362728e+002 3.330000e+001
      vertex   -3.352979e+002 2.363845e+002 3.330000e+001
    endloop
  endfacet
  facet normal -5.173548e-001 -8.557710e-001 0.000000e+000
    outer loop
      vertex   -3.352979e+002 2.363845e+002 3.100000e+001
      vertex   -3.352979e+002 2.363845e+002 3.330000e+001
      vertex   -3.354529e+002 2.364782e+002 3.100000e+001
    endloop
  endfacet
  facet normal -4.061524e-002 -6.718281e-002 0.000000e+000
    outer loop
      vertex   -3.354529e+002 2.364782e+002 3.100000e+001
      vertex   -3.352979e+002 2.363845e+002 3.330000e+001
      vertex   -3.354529e+002 2.364782e+002 3.330000e+001
    endloop
  endfacet
  facet normal -4.103857e-001 -9.119120e-001 0.000000e+000
    outer loop
      vertex   -3.354529e+002 2.364782e+002 3.100000e+001
      vertex   -3.354529e+002 2.364782e+002 3.330000e+001
      vertex   -3.356181e+002 2.365525e+002 3.100000e+001
    endloop
  endfacet
  facet normal -3.222232e-002 -7.160075e-002 0.000000e+000
    outer loop
      vertex   -3.356181e+002 2.365525e+002 3.100000e+001
      vertex   -3.354529e+002 2.364782e+002 3.330000e+001
      vertex   -3.356181e+002 2.365525e+002 3.330000e+001
    endloop
  endfacet
  facet normal -2.975650e-001 -9.547016e-001 0.000000e+000
    outer loop
      vertex   -3.356181e+002 2.365525e+002 3.100000e+001
      vertex   -3.356181e+002 2.365525e+002 3.330000e+001
      vertex   -3.357910e+002 2.366064e+002 3.100000e+001
    endloop
  endfacet
  facet normal -2.335989e-002 -7.494740e-002 0.000000e+000
    outer loop
      vertex   -3.357910e+002 2.366064e+002 3.100000e+001
      vertex   -3.356181e+002 2.365525e+002 3.330000e+001
      vertex   -3.357910e+002 2.366064e+002 3.330000e+001
    endloop
  endfacet
  facet normal -1.802491e-001 -9.836210e-001 0.000000e+000
    outer loop
      vertex   -3.357910e+002 2.366064e+002 3.100000e+001
      vertex   -3.357910e+002 2.366064e+002 3.330000e+001
      vertex   -3.359692e+002 2.366391e+002 3.100000e+001
    endloop
  endfacet
  facet normal -1.415348e-002 -7.723565e-002 0.000000e+000
    outer loop
      vertex   -3.359692e+002 2.366391e+002 3.100000e+001
      vertex   -3.357910e+002 2.366064e+002 3.330000e+001
      vertex   -3.359692e+002 2.366391e+002 3.330000e+001
    endloop
  endfacet
  facet normal -6.032209e-002 -9.981790e-001 0.000000e+000
    outer loop
      vertex   -3.359692e+002 2.366391e+002 3.100000e+001
      vertex   -3.359692e+002 2.366391e+002 3.330000e+001
      vertex   -3.361500e+002 2.366500e+002 3.100000e+001
    endloop
  endfacet
  facet normal -4.735469e-003 -7.836012e-002 0.000000e+000
    outer loop
      vertex   -3.361500e+002 2.366500e+002 3.100000e+001
      vertex   -3.359692e+002 2.366391e+002 3.330000e+001
      vertex   -3.361500e+002 2.366500e+002 3.330000e+001
    endloop
  endfacet
  facet normal 6.031195e-002 -9.981796e-001 0.000000e+000
    outer loop
      vertex   -3.361500e+002 2.366500e+002 3.100000e+001
      vertex   -3.361500e+002 2.366500e+002 3.330000e+001
      vertex   -3.363308e+002 2.366391e+002 3.100000e+001
    endloop
  endfacet
  facet normal 4.735465e-003 -7.837326e-002 0.000000e+000
    outer loop
      vertex   -3.363308e+002 2.366391e+002 3.100000e+001
      vertex   -3.361500e+002 2.366500e+002 3.330000e+001
      vertex   -3.363308e+002 2.366391e+002 3.330000e+001
    endloop
  endfacet
  facet normal 1.802790e-001 -9.836155e-001 0.000000e+000
    outer loop
      vertex   -3.363308e+002 2.366391e+002 3.100000e+001
      vertex   -3.363308e+002 2.366391e+002 3.330000e+001
      vertex   -3.365090e+002 2.366064e+002 3.100000e+001
    endloop
  endfacet
  facet normal 1.415349e-002 -7.722251e-002 0.000000e+000
    outer loop
      vertex   -3.365090e+002 2.366064e+002 3.100000e+001
      vertex   -3.363308e+002 2.366391e+002 3.330000e+001
      vertex   -3.365090e+002 2.366064e+002 3.330000e+001
    endloop
  endfacet
  facet normal 2.975171e-001 -9.547165e-001 0.000000e+000
    outer loop
      vertex   -3.365090e+002 2.366064e+002 3.100000e+001
      vertex   -3.365090e+002 2.366064e+002 3.330000e+001
      vertex   -3.366819e+002 2.365525e+002 3.100000e+001
    endloop
  endfacet
  facet normal 2.335986e-002 -7.496055e-002 0.000000e+000
    outer loop
      vertex   -3.366819e+002 2.365525e+002 3.100000e+001
      vertex   -3.365090e+002 2.366064e+002 3.330000e+001
      vertex   -3.366819e+002 2.365525e+002 3.330000e+001
    endloop
  endfacet
  facet normal 4.104488e-001 -9.118837e-001 0.000000e+000
    outer loop
      vertex   -3.366819e+002 2.365525e+002 3.100000e+001
      vertex   -3.366819e+002 2.365525e+002 3.330000e+001
      vertex   -3.368471e+002 2.364782e+002 3.100000e+001
    endloop
  endfacet
  facet normal 3.222235e-002 -7.158758e-002 0.000000e+000
    outer loop
      vertex   -3.368471e+002 2.364782e+002 3.100000e+001
      vertex   -3.366819e+002 2.365525e+002 3.330000e+001
      vertex   -3.368471e+002 2.364782e+002 3.330000e+001
    endloop
  endfacet
  facet normal 5.172802e-001 -8.558161e-001 0.000000e+000
    outer loop
      vertex   -3.368471e+002 2.364782e+002 3.100000e+001
      vertex   -3.368471e+002 2.364782e+002 3.330000e+001
      vertex   -3.370021e+002 2.363845e+002 3.100000e+001
    endloop
  endfacet
  facet normal 4.061520e-002 -6.719597e-002 0.000000e+000
    outer loop
      vertex   -3.370021e+002 2.363845e+002 3.100000e+001
      vertex   -3.368471e+002 2.364782e+002 3.330000e+001
      vertex   -3.370021e+002 2.363845e+002 3.330000e+001
    endloop
  endfacet
  facet normal 6.167420e-001 -7.871653e-001 0.000000e+000
    outer loop
      vertex   -3.370021e+002 2.363845e+002 3.100000e+001
      vertex   -3.370021e+002 2.363845e+002 3.330000e+001
      vertex   -3.371447e+002 2.362728e+002 3.100000e+001
    endloop
  endfacet
  facet normal 4.841949e-002 -6.179917e-002 0.000000e+000
    outer loop
      vertex   -3.371447e+002 2.362728e+002 3.100000e+001
      vertex   -3.370021e+002 2.363845e+002 3.330000e+001
      vertex   -3.371447e+002 2.362728e+002 3.330000e+001
    endloop
  endfacet
  facet normal 7.071068e-001 -7.071068e-001 0.000000e+000
    outer loop
      vertex   -3.371447e+002 2.362728e+002 3.100000e+001
      vertex   -3.371447e+002 2.362728e+002 3.330000e+001
      vertex   -3.372728e+002 2.361447e+002 3.100000e+001
    endloop
  endfacet
  facet normal 5.551607e-002 -5.551607e-002 0.000000e+000
    outer loop
      vertex   -3.372728e+002 2.361447e+002 3.100000e+001
      vertex   -3.371447e+002 2.362728e+002 3.330000e+001
      vertex   -3.372728e+002 2.361447e+002 3.330000e+001
    endloop
  endfacet
  facet normal 7.871565e-001 -6.167533e-001 0.000000e+000
    outer loop
      vertex   -3.372728e+002 2.361447e+002 3.100000e+001
      vertex   -3.372728e+002 2.361447e+002 3.330000e+001
      vertex   -3.373845e+002 2.360021e+002 3.100000e+001
    endloop
  endfacet
  facet normal 6.180574e-002 -4.842607e-002 0.000000e+000
    outer loop
      vertex   -3.373845e+002 2.360021e+002 3.100000e+001
      vertex   -3.372728e+002 2.361447e+002 3.330000e+001
      vertex   -3.373845e+002 2.360021e+002 3.330000e+001
    endloop
  endfacet
  facet normal 8.558083e-001 -5.172931e-001 0.000000e+000
    outer loop
      vertex   -3.373845e+002 2.360021e+002 3.100000e+001
      vertex   -3.373845e+002 2.360021e+002 3.330000e+001
      vertex   -3.374782e+002 2.358471e+002 3.100000e+001
    endloop
  endfacet
  facet normal 6.718282e-002 -4.060864e-002 0.000000e+000
    outer loop
      vertex   -3.374782e+002 2.358471e+002 3.100000e+001
      vertex   -3.373845e+002 2.360021e+002 3.330000e+001
      vertex   -3.374782e+002 2.358471e+002 3.330000e+001
    endloop
  endfacet
  facet normal 9.119120e-001 -4.103857e-001 0.000000e+000
    outer loop
      vertex   -3.374782e+002 2.358471e+002 3.100000e+001
      vertex   -3.374782e+002 2.358471e+002 3.330000e+001
      vertex   -3.375525e+002 2.356819e+002 3.100000e+001
    endloop
  endfacet
  facet normal 7.160075e-002 -3.222232e-002 0.000000e+000
    outer loop
      vertex   -3.375525e+002 2.356819e+002 3.100000e+001
      vertex   -3.374782e+002 2.358471e+002 3.330000e+001
      vertex   -3.375525e+002 2.356819e+002 3.330000e+001
    endloop
  endfacet
  facet normal 9.547091e-001 -2.975410e-001 0.000000e+000
    outer loop
      vertex   -3.375525e+002 2.356819e+002 3.100000e+001
      vertex   -3.375525e+002 2.356819e+002 3.330000e+001
      vertex   -3.376064e+002 2.355090e+002 3.100000e+001
    endloop
  endfacet
  facet normal 7.495397e-002 -2.335987e-002 0.000000e+000
    outer loop
      vertex   -3.376064e+002 2.355090e+002 3.100000e+001
      vertex   -3.375525e+002 2.356819e+002 3.330000e+001
      vertex   -3.376064e+002 2.355090e+002 3.330000e+001
    endloop
  endfacet
  facet normal 9.836155e-001 -1.802790e-001 0.000000e+000
    outer loop
      vertex   -3.376064e+002 2.355090e+002 3.100000e+001
      vertex   -3.376064e+002 2.355090e+002 3.330000e+001
      vertex   -3.376391e+002 2.353308e+002 3.100000e+001
    endloop
  endfacet
  facet normal 7.722251e-002 -1.415349e-002 0.000000e+000
    outer loop
      vertex   -3.376391e+002 2.353308e+002 3.100000e+001
      vertex   -3.376064e+002 2.355090e+002 3.330000e+001
      vertex   -3.376391e+002 2.353308e+002 3.330000e+001
    endloop
  endfacet
  facet normal 9.981796e-001 -6.031195e-002 0.000000e+000
    outer loop
      vertex   -3.376391e+002 2.353308e+002 3.100000e+001
      vertex   -3.376391e+002 2.353308e+002 3.330000e+001
      vertex   -3.376500e+002 2.351500e+002 3.100000e+001
    endloop
  endfacet
  facet normal 7.837326e-002 -4.735465e-003 0.000000e+000
    outer loop
      vertex   -3.376500e+002 2.351500e+002 3.100000e+001
      vertex   -3.376391e+002 2.353308e+002 3.330000e+001
      vertex   -3.376500e+002 2.351500e+002 3.330000e+001
    endloop
  endfacet
  facet normal 9.981793e-001 6.031702e-002 -0.000000e+000
    outer loop
      vertex   -3.376500e+002 2.351500e+002 3.100000e+001
      vertex   -3.376500e+002 2.351500e+002 3.330000e+001
      vertex   -3.376391e+002 2.349692e+002 3.100000e+001
    endloop
  endfacet
  facet normal 7.836669e-002 4.735467e-003 -0.000000e+000
    outer loop
      vertex   -3.376391e+002 2.349692e+002 3.100000e+001
      vertex   -3.376500e+002 2.351500e+002 3.330000e+001
      vertex   -3.376391e+002 2.349692e+002 3.330000e+001
    endloop
  endfacet
  facet normal 9.836155e-001 1.802790e-001 -0.000000e+000
    outer loop
      vertex   -3.376391e+002 2.349692e+002 3.100000e+001
      vertex   -3.376391e+002 2.349692e+002 3.330000e+001
      vertex   -3.376064e+002 2.347910e+002 3.100000e+001
    endloop
  endfacet
  facet normal 7.722251e-002 1.415349e-002 -0.000000e+000
    outer loop
      vertex   -3.376064e+002 2.347910e+002 3.100000e+001
      vertex   -3.376391e+002 2.349692e+002 3.330000e+001
      vertex   -3.376064e+002 2.347910e+002 3.330000e+001
    endloop
  endfacet
  facet normal 9.547165e-001 2.975171e-001 -0.000000e+000
    outer loop
      vertex   -3.376064e+002 2.347910e+002 3.100000e+001
      vertex   -3.376064e+002 2.347910e+002 3.330000e+001
      vertex   -3.375525e+002 2.346181e+002 3.100000e+001
    endloop
  endfacet
  facet normal 7.496055e-002 2.335986e-002 -0.000000e+000
    outer loop
      vertex   -3.375525e+002 2.346181e+002 3.100000e+001
      vertex   -3.376064e+002 2.347910e+002 3.330000e+001
      vertex   -3.375525e+002 2.346181e+002 3.330000e+001
    endloop
  endfacet
  facet normal 9.118978e-001 4.104172e-001 -0.000000e+000
    outer loop
      vertex   -3.375525e+002 2.346181e+002 3.100000e+001
      vertex   -3.375525e+002 2.346181e+002 3.330000e+001
      vertex   -3.374782e+002 2.344529e+002 3.100000e+001
    endloop
  endfacet
  facet normal 7.159417e-002 3.222233e-002 -0.000000e+000
    outer loop
      vertex   -3.374782e+002 2.344529e+002 3.100000e+001
      vertex   -3.375525e+002 2.346181e+002 3.330000e+001
      vertex   -3.374782e+002 2.344529e+002 3.330000e+001
    endloop
  endfacet
  facet normal 8.558308e-001 5.172558e-001 -0.000000e+000
    outer loop
      vertex   -3.374782e+002 2.344529e+002 3.100000e+001
      vertex   -3.374782e+002 2.344529e+002 3.330000e+001
      vertex   -3.373845e+002 2.342979e+002 3.100000e+001
    endloop
  endfacet
  facet normal 6.718941e-002 4.060862e-002 -0.000000e+000
    outer loop
      vertex   -3.373845e+002 2.342979e+002 3.100000e+001
      vertex   -3.374782e+002 2.344529e+002 3.330000e+001
      vertex   -3.373845e+002 2.342979e+002 3.330000e+001
    endloop
  endfacet
  facet normal 7.871245e-001 6.167942e-001 -0.000000e+000
    outer loop
      vertex   -3.373845e+002 2.342979e+002 3.100000e+001
      vertex   -3.373845e+002 2.342979e+002 3.330000e+001
      vertex   -3.372728e+002 2.341553e+002 3.100000e+001
    endloop
  endfacet
  facet normal 6.179915e-002 4.842609e-002 -0.000000e+000
    outer loop
      vertex   -3.372728e+002 2.341553e+002 3.100000e+001
      vertex   -3.373845e+002 2.342979e+002 3.330000e+001
      vertex   -3.372728e+002 2.341553e+002 3.330000e+001
    endloop
  endfacet
  facet normal 7.071068e-001 7.071068e-001 -0.000000e+000
    outer loop
      vertex   -3.372728e+002 2.341553e+002 3.100000e+001
      vertex   -3.372728e+002 2.341553e+002 3.330000e+001
      vertex   -3.371447e+002 2.340272e+002 3.100000e+001
    endloop
  endfacet
  facet normal 5.551607e-002 5.551607e-002 -0.000000e+000
    outer loop
      vertex   -3.371447e+002 2.340272e+002 3.100000e+001
      vertex   -3.372728e+002 2.341553e+002 3.330000e+001
      vertex   -3.371447e+002 2.340272e+002 3.330000e+001
    endloop
  endfacet
  facet normal 6.167420e-001 7.871653e-001 -0.000000e+000
    outer loop
      vertex   -3.371447e+002 2.340272e+002 3.100000e+001
      vertex   -3.371447e+002 2.340272e+002 3.330000e+001
      vertex   -3.370021e+002 2.339155e+002 3.100000e+001
    endloop
  endfacet
  facet normal 4.841949e-002 6.179917e-002 -0.000000e+000
    outer loop
      vertex   -3.370021e+002 2.339155e+002 3.100000e+001
      vertex   -3.371447e+002 2.340272e+002 3.330000e+001
      vertex   -3.370021e+002 2.339155e+002 3.330000e+001
    endloop
  endfacet
  facet normal 5.172802e-001 8.558161e-001 -0.000000e+000
    outer loop
      vertex   -3.370021e+002 2.339155e+002 3.100000e+001
      vertex   -3.370021e+002 2.339155e+002 3.330000e+001
      vertex   -3.368471e+002 2.338218e+002 3.100000e+001
    endloop
  endfacet
  facet normal 4.061520e-002 6.719597e-002 -0.000000e+000
    outer loop
      vertex   -3.368471e+002 2.338218e+002 3.100000e+001
      vertex   -3.370021e+002 2.339155e+002 3.330000e+001
      vertex   -3.368471e+002 2.338218e+002 3.330000e+001
    endloop
  endfacet
  facet normal 4.104488e-001 9.118837e-001 -0.000000e+000
    outer loop
      vertex   -3.368471e+002 2.338218e+002 3.100000e+001
      vertex   -3.368471e+002 2.338218e+002 3.330000e+001
      vertex   -3.366819e+002 2.337475e+002 3.100000e+001
    endloop
  endfacet
  facet normal 3.222235e-002 7.158758e-002 -0.000000e+000
    outer loop
      vertex   -3.366819e+002 2.337475e+002 3.100000e+001
      vertex   -3.368471e+002 2.338218e+002 3.330000e+001
      vertex   -3.366819e+002 2.337475e+002 3.330000e+001
    endloop
  endfacet
  facet normal 2.975171e-001 9.547165e-001 -0.000000e+000
    outer loop
      vertex   -3.366819e+002 2.337475e+002 3.100000e+001
      vertex   -3.366819e+002 2.337475e+002 3.330000e+001
      vertex   -3.365090e+002 2.336936e+002 3.100000e+001
    endloop
  endfacet
  facet normal 2.335986e-002 7.496055e-002 -0.000000e+000
    outer loop
      vertex   -3.365090e+002 2.336936e+002 3.100000e+001
      vertex   -3.366819e+002 2.337475e+002 3.330000e+001
      vertex   -3.365090e+002 2.336936e+002 3.330000e+001
    endloop
  endfacet
  facet normal 1.802790e-001 9.836155e-001 -0.000000e+000
    outer loop
      vertex   -3.365090e+002 2.336936e+002 3.100000e+001
      vertex   -3.365090e+002 2.336936e+002 3.330000e+001
      vertex   -3.363308e+002 2.336609e+002 3.100000e+001
    endloop
  endfacet
  facet normal 1.415349e-002 7.722251e-002 -0.000000e+000
    outer loop
      vertex   -3.363308e+002 2.336609e+002 3.100000e+001
      vertex   -3.365090e+002 2.336936e+002 3.330000e+001
      vertex   -3.363308e+002 2.336609e+002 3.330000e+001
    endloop
  endfacet
  facet normal -6.040603e-002 9.981739e-001 0.000000e+000
    outer loop
      vertex   -3.359692e+002 2.336609e+002 3.520000e+001
      vertex   -3.359692e+002 2.336609e+002 3.330000e+001
      vertex   -3.361500e+002 2.336500e+002 3.520000e+001
    endloop
  endfacet
  facet normal -5.732196e-003 9.472114e-002 0.000000e+000
    outer loop
      vertex   -3.361500e+002 2.336500e+002 3.520000e+001
      vertex   -3.359692e+002 2.336609e+002 3.330000e+001
      vertex   -3.361500e+002 2.336500e+002 3.330000e+001
    endloop
  endfacet
  facet normal 6.039587e-002 9.981745e-001 0.000000e+000
    outer loop
      vertex   -3.361500e+002 2.336500e+002 3.520000e+001
      vertex   -3.361500e+002 2.336500e+002 3.330000e+001
      vertex   -3.363308e+002 2.336609e+002 3.520000e+001
    endloop
  endfacet
  facet normal 5.732187e-003 9.473699e-002 0.000000e+000
    outer loop
      vertex   -3.363308e+002 2.336609e+002 3.520000e+001
      vertex   -3.361500e+002 2.336500e+002 3.330000e+001
      vertex   -3.363308e+002 2.336609e+002 3.330000e+001
    endloop
  endfacet
  facet normal 1.802790e-001 9.836155e-001 0.000000e+000
    outer loop
      vertex   -3.363308e+002 2.336609e+002 3.520000e+001
      vertex   -3.363308e+002 2.336609e+002 3.330000e+001
      vertex   -3.365090e+002 2.336936e+002 3.520000e+001
    endloop
  endfacet
  facet normal 1.710864e-002 9.334599e-002 0.000000e+000
    outer loop
      vertex   -3.365090e+002 2.336936e+002 3.520000e+001
      vertex   -3.363308e+002 2.336609e+002 3.330000e+001
      vertex   -3.365090e+002 2.336936e+002 3.330000e+001
    endloop
  endfacet
  facet normal 2.975171e-001 9.547165e-001 0.000000e+000
    outer loop
      vertex   -3.365090e+002 2.336936e+002 3.520000e+001
      vertex   -3.365090e+002 2.336936e+002 3.330000e+001
      vertex   -3.366819e+002 2.337475e+002 3.520000e+001
    endloop
  endfacet
  facet normal 2.823722e-002 9.061173e-002 0.000000e+000
    outer loop
      vertex   -3.366819e+002 2.337475e+002 3.520000e+001
      vertex   -3.365090e+002 2.336936e+002 3.330000e+001
      vertex   -3.366819e+002 2.337475e+002 3.330000e+001
    endloop
  endfacet
  facet normal 4.104488e-001 9.118837e-001 0.000000e+000
    outer loop
      vertex   -3.366819e+002 2.337475e+002 3.520000e+001
      vertex   -3.366819e+002 2.337475e+002 3.330000e+001
      vertex   -3.368471e+002 2.338218e+002 3.520000e+001
    endloop
  endfacet
  facet normal 3.895014e-002 8.653455e-002 0.000000e+000
    outer loop
      vertex   -3.368471e+002 2.338218e+002 3.520000e+001
      vertex   -3.366819e+002 2.337475e+002 3.330000e+001
      vertex   -3.368471e+002 2.338218e+002 3.330000e+001
    endloop
  endfacet
  facet normal 5.172802e-001 8.558161e-001 0.000000e+000
    outer loop
      vertex   -3.368471e+002 2.338218e+002 3.520000e+001
      vertex   -3.368471e+002 2.338218e+002 3.330000e+001
      vertex   -3.370021e+002 2.339155e+002 3.520000e+001
    endloop
  endfacet
  facet normal 4.909534e-002 8.122597e-002 0.000000e+000
    outer loop
      vertex   -3.370021e+002 2.339155e+002 3.520000e+001
      vertex   -3.368471e+002 2.338218e+002 3.330000e+001
      vertex   -3.370021e+002 2.339155e+002 3.330000e+001
    endloop
  endfacet
  facet normal 6.167420e-001 7.871653e-001 0.000000e+000
    outer loop
      vertex   -3.370021e+002 2.339155e+002 3.520000e+001
      vertex   -3.370021e+002 2.339155e+002 3.330000e+001
      vertex   -3.371447e+002 2.340272e+002 3.520000e+001
    endloop
  endfacet
  facet normal 5.852912e-002 7.470238e-002 0.000000e+000
    outer loop
      vertex   -3.371447e+002 2.340272e+002 3.520000e+001
      vertex   -3.370021e+002 2.339155e+002 3.330000e+001
      vertex   -3.371447e+002 2.340272e+002 3.330000e+001
    endloop
  endfacet
  facet normal 7.071068e-001 7.071068e-001 0.000000e+000
    outer loop
      vertex   -3.371447e+002 2.340272e+002 3.520000e+001
      vertex   -3.371447e+002 2.340272e+002 3.330000e+001
      vertex   -3.372728e+002 2.341553e+002 3.520000e+001
    endloop
  endfacet
  facet normal 6.710740e-002 6.710740e-002 0.000000e+000
    outer loop
      vertex   -3.372728e+002 2.341553e+002 3.520000e+001
      vertex   -3.371447e+002 2.340272e+002 3.330000e+001
      vertex   -3.372728e+002 2.341553e+002 3.330000e+001
    endloop
  endfacet
  facet normal 7.871245e-001 6.167942e-001 0.000000e+000
    outer loop
      vertex   -3.372728e+002 2.341553e+002 3.520000e+001
      vertex   -3.372728e+002 2.341553e+002 3.330000e+001
      vertex   -3.373845e+002 2.342979e+002 3.520000e+001
    endloop
  endfacet
  facet normal 7.470234e-002 5.853709e-002 0.000000e+000
    outer loop
      vertex   -3.373845e+002 2.342979e+002 3.520000e+001
      vertex   -3.372728e+002 2.341553e+002 3.330000e+001
      vertex   -3.373845e+002 2.342979e+002 3.330000e+001
    endloop
  endfacet
  facet normal 8.558308e-001 5.172558e-001 0.000000e+000
    outer loop
      vertex   -3.373845e+002 2.342979e+002 3.520000e+001
      vertex   -3.373845e+002 2.342979e+002 3.330000e+001
      vertex   -3.374782e+002 2.344529e+002 3.520000e+001
    endloop
  endfacet
  facet normal 8.121806e-002 4.908740e-002 0.000000e+000
    outer loop
      vertex   -3.374782e+002 2.344529e+002 3.520000e+001
      vertex   -3.373845e+002 2.342979e+002 3.330000e+001
      vertex   -3.374782e+002 2.344529e+002 3.330000e+001
    endloop
  endfacet
  facet normal 9.118978e-001 4.104172e-001 0.000000e+000
    outer loop
      vertex   -3.374782e+002 2.344529e+002 3.520000e+001
      vertex   -3.374782e+002 2.344529e+002 3.330000e+001
      vertex   -3.375525e+002 2.346181e+002 3.520000e+001
    endloop
  endfacet
  facet normal 8.654249e-002 3.895012e-002 0.000000e+000
    outer loop
      vertex   -3.375525e+002 2.346181e+002 3.520000e+001
      vertex   -3.374782e+002 2.344529e+002 3.330000e+001
      vertex   -3.375525e+002 2.346181e+002 3.330000e+001
    endloop
  endfacet
  facet normal 9.547165e-001 2.975171e-001 0.000000e+000
    outer loop
      vertex   -3.375525e+002 2.346181e+002 3.520000e+001
      vertex   -3.375525e+002 2.346181e+002 3.330000e+001
      vertex   -3.376064e+002 2.347910e+002 3.520000e+001
    endloop
  endfacet
  facet normal 9.061173e-002 2.823722e-002 0.000000e+000
    outer loop
      vertex   -3.376064e+002 2.347910e+002 3.520000e+001
      vertex   -3.375525e+002 2.346181e+002 3.330000e+001
      vertex   -3.376064e+002 2.347910e+002 3.330000e+001
    endloop
  endfacet
  facet normal 9.836155e-001 1.802790e-001 0.000000e+000
    outer loop
      vertex   -3.376064e+002 2.347910e+002 3.520000e+001
      vertex   -3.376064e+002 2.347910e+002 3.330000e+001
      vertex   -3.376391e+002 2.349692e+002 3.520000e+001
    endloop
  endfacet
  facet normal 9.334599e-002 1.710864e-002 0.000000e+000
    outer loop
      vertex   -3.376391e+002 2.349692e+002 3.520000e+001
      vertex   -3.376064e+002 2.347910e+002 3.330000e+001
      vertex   -3.376391e+002 2.349692e+002 3.330000e+001
    endloop
  endfacet
  facet normal 9.981793e-001 6.031702e-002 0.000000e+000
    outer loop
      vertex   -3.376391e+002 2.349692e+002 3.520000e+001
      vertex   -3.376391e+002 2.349692e+002 3.330000e+001
      vertex   -3.376500e+002 2.351500e+002 3.520000e+001
    endloop
  endfacet
  facet normal 9.472907e-002 5.724197e-003 0.000000e+000
    outer loop
      vertex   -3.376500e+002 2.351500e+002 3.520000e+001
      vertex   -3.376391e+002 2.349692e+002 3.330000e+001
      vertex   -3.376500e+002 2.351500e+002 3.330000e+001
    endloop
  endfacet
  facet normal 9.981796e-001 -6.031195e-002 0.000000e+000
    outer loop
      vertex   -3.376500e+002 2.351500e+002 3.520000e+001
      vertex   -3.376500e+002 2.351500e+002 3.330000e+001
      vertex   -3.376391e+002 2.353308e+002 3.520000e+001
    endloop
  endfacet
  facet normal 9.473699e-002 -5.724193e-003 0.000000e+000
    outer loop
      vertex   -3.376391e+002 2.353308e+002 3.520000e+001
      vertex   -3.376500e+002 2.351500e+002 3.330000e+001
      vertex   -3.376391e+002 2.353308e+002 3.330000e+001
    endloop
  endfacet
  facet normal 9.836155e-001 -1.802790e-001 0.000000e+000
    outer loop
      vertex   -3.376391e+002 2.353308e+002 3.520000e+001
      vertex   -3.376391e+002 2.353308e+002 3.330000e+001
      vertex   -3.376064e+002 2.355090e+002 3.520000e+001
    endloop
  endfacet
  facet normal 9.334599e-002 -1.710864e-002 0.000000e+000
    outer loop
      vertex   -3.376064e+002 2.355090e+002 3.520000e+001
      vertex   -3.376391e+002 2.353308e+002 3.330000e+001
      vertex   -3.376064e+002 2.355090e+002 3.330000e+001
    endloop
  endfacet
  facet normal 9.547091e-001 -2.975410e-001 0.000000e+000
    outer loop
      vertex   -3.376064e+002 2.355090e+002 3.520000e+001
      vertex   -3.376064e+002 2.355090e+002 3.330000e+001
      vertex   -3.375525e+002 2.356819e+002 3.520000e+001
    endloop
  endfacet
  facet normal 9.060381e-002 -2.823724e-002 0.000000e+000
    outer loop
      vertex   -3.375525e+002 2.356819e+002 3.520000e+001
      vertex   -3.376064e+002 2.355090e+002 3.330000e+001
      vertex   -3.375525e+002 2.356819e+002 3.330000e+001
    endloop
  endfacet
  facet normal 9.119120e-001 -4.103857e-001 0.000000e+000
    outer loop
      vertex   -3.375525e+002 2.356819e+002 3.520000e+001
      vertex   -3.375525e+002 2.356819e+002 3.330000e+001
      vertex   -3.374782e+002 2.358471e+002 3.520000e+001
    endloop
  endfacet
  facet normal 8.655042e-002 -3.895009e-002 0.000000e+000
    outer loop
      vertex   -3.374782e+002 2.358471e+002 3.520000e+001
      vertex   -3.375525e+002 2.356819e+002 3.330000e+001
      vertex   -3.374782e+002 2.358471e+002 3.330000e+001
    endloop
  endfacet
  facet normal 8.558083e-001 -5.172931e-001 0.000000e+000
    outer loop
      vertex   -3.374782e+002 2.358471e+002 3.520000e+001
      vertex   -3.374782e+002 2.358471e+002 3.330000e+001
      vertex   -3.373845e+002 2.360021e+002 3.520000e+001
    endloop
  endfacet
  facet normal 8.121011e-002 -4.908743e-002 0.000000e+000
    outer loop
      vertex   -3.373845e+002 2.360021e+002 3.520000e+001
      vertex   -3.374782e+002 2.358471e+002 3.330000e+001
      vertex   -3.373845e+002 2.360021e+002 3.330000e+001
    endloop
  endfacet
  facet normal 7.871565e-001 -6.167533e-001 0.000000e+000
    outer loop
      vertex   -3.373845e+002 2.360021e+002 3.520000e+001
      vertex   -3.373845e+002 2.360021e+002 3.330000e+001
      vertex   -3.372728e+002 2.361447e+002 3.520000e+001
    endloop
  endfacet
  facet normal 7.471029e-002 -5.853705e-002 0.000000e+000
    outer loop
      vertex   -3.372728e+002 2.361447e+002 3.520000e+001
      vertex   -3.373845e+002 2.360021e+002 3.330000e+001
      vertex   -3.372728e+002 2.361447e+002 3.330000e+001
    endloop
  endfacet
  facet normal 7.071068e-001 -7.071068e-001 0.000000e+000
    outer loop
      vertex   -3.372728e+002 2.361447e+002 3.520000e+001
      vertex   -3.372728e+002 2.361447e+002 3.330000e+001
      vertex   -3.371447e+002 2.362728e+002 3.520000e+001
    endloop
  endfacet
  facet normal 6.710740e-002 -6.710740e-002 0.000000e+000
    outer loop
      vertex   -3.371447e+002 2.362728e+002 3.520000e+001
      vertex   -3.372728e+002 2.361447e+002 3.330000e+001
      vertex   -3.371447e+002 2.362728e+002 3.330000e+001
    endloop
  endfacet
  facet normal 6.167420e-001 -7.871653e-001 0.000000e+000
    outer loop
      vertex   -3.371447e+002 2.362728e+002 3.520000e+001
      vertex   -3.371447e+002 2.362728e+002 3.330000e+001
      vertex   -3.370021e+002 2.363845e+002 3.520000e+001
    endloop
  endfacet
  facet normal 5.852912e-002 -7.470238e-002 0.000000e+000
    outer loop
      vertex   -3.370021e+002 2.363845e+002 3.520000e+001
      vertex   -3.371447e+002 2.362728e+002 3.330000e+001
      vertex   -3.370021e+002 2.363845e+002 3.330000e+001
    endloop
  endfacet
  facet normal 5.172802e-001 -8.558161e-001 0.000000e+000
    outer loop
      vertex   -3.370021e+002 2.363845e+002 3.520000e+001
      vertex   -3.370021e+002 2.363845e+002 3.330000e+001
      vertex   -3.368471e+002 2.364782e+002 3.520000e+001
    endloop
  endfacet
  facet normal 4.909534e-002 -8.122597e-002 0.000000e+000
    outer loop
      vertex   -3.368471e+002 2.364782e+002 3.520000e+001
      vertex   -3.370021e+002 2.363845e+002 3.330000e+001
      vertex   -3.368471e+002 2.364782e+002 3.330000e+001
    endloop
  endfacet
  facet normal 4.104488e-001 -9.118837e-001 0.000000e+000
    outer loop
      vertex   -3.368471e+002 2.364782e+002 3.520000e+001
      vertex   -3.368471e+002 2.364782e+002 3.330000e+001
      vertex   -3.366819e+002 2.365525e+002 3.520000e+001
    endloop
  endfacet
  facet normal 3.895014e-002 -8.653455e-002 0.000000e+000
    outer loop
      vertex   -3.366819e+002 2.365525e+002 3.520000e+001
      vertex   -3.368471e+002 2.364782e+002 3.330000e+001
      vertex   -3.366819e+002 2.365525e+002 3.330000e+001
    endloop
  endfacet
  facet normal 2.975171e-001 -9.547165e-001 0.000000e+000
    outer loop
      vertex   -3.366819e+002 2.365525e+002 3.520000e+001
      vertex   -3.366819e+002 2.365525e+002 3.330000e+001
      vertex   -3.365090e+002 2.366064e+002 3.520000e+001
    endloop
  endfacet
  facet normal 2.823722e-002 -9.061173e-002 0.000000e+000
    outer loop
      vertex   -3.365090e+002 2.366064e+002 3.520000e+001
      vertex   -3.366819e+002 2.365525e+002 3.330000e+001
      vertex   -3.365090e+002 2.366064e+002 3.330000e+001
    endloop
  endfacet
  facet normal 1.802790e-001 -9.836155e-001 0.000000e+000
    outer loop
      vertex   -3.365090e+002 2.366064e+002 3.520000e+001
      vertex   -3.365090e+002 2.366064e+002 3.330000e+001
      vertex   -3.363308e+002 2.366391e+002 3.520000e+001
    endloop
  endfacet
  facet normal 1.710864e-002 -9.334599e-002 0.000000e+000
    outer loop
      vertex   -3.363308e+002 2.366391e+002 3.520000e+001
      vertex   -3.365090e+002 2.366064e+002 3.330000e+001
      vertex   -3.363308e+002 2.366391e+002 3.330000e+001
    endloop
  endfacet
  facet normal 6.031195e-002 -9.981796e-001 0.000000e+000
    outer loop
      vertex   -3.363308e+002 2.366391e+002 3.520000e+001
      vertex   -3.363308e+002 2.366391e+002 3.330000e+001
      vertex   -3.361500e+002 2.366500e+002 3.520000e+001
    endloop
  endfacet
  facet normal 5.724193e-003 -9.473699e-002 0.000000e+000
    outer loop
      vertex   -3.361500e+002 2.366500e+002 3.520000e+001
      vertex   -3.363308e+002 2.366391e+002 3.330000e+001
      vertex   -3.361500e+002 2.366500e+002 3.330000e+001
    endloop
  endfacet
  facet normal -6.032209e-002 -9.981790e-001 -0.000000e+000
    outer loop
      vertex   -3.361500e+002 2.366500e+002 3.520000e+001
      vertex   -3.361500e+002 2.366500e+002 3.330000e+001
      vertex   -3.359692e+002 2.366391e+002 3.520000e+001
    endloop
  endfacet
  facet normal -5.724201e-003 -9.472115e-002 -0.000000e+000
    outer loop
      vertex   -3.359692e+002 2.366391e+002 3.520000e+001
      vertex   -3.361500e+002 2.366500e+002 3.330000e+001
      vertex   -3.359692e+002 2.366391e+002 3.330000e+001
    endloop
  endfacet
  facet normal -1.802491e-001 -9.836210e-001 -0.000000e+000
    outer loop
      vertex   -3.359692e+002 2.366391e+002 3.520000e+001
      vertex   -3.359692e+002 2.366391e+002 3.330000e+001
      vertex   -3.357910e+002 2.366064e+002 3.520000e+001
    endloop
  endfacet
  facet normal -1.710861e-002 -9.336184e-002 -0.000000e+000
    outer loop
      vertex   -3.357910e+002 2.366064e+002 3.520000e+001
      vertex   -3.359692e+002 2.366391e+002 3.330000e+001
      vertex   -3.357910e+002 2.366064e+002 3.330000e+001
    endloop
  endfacet
  facet normal -2.975650e-001 -9.547016e-001 -0.000000e+000
    outer loop
      vertex   -3.357910e+002 2.366064e+002 3.520000e+001
      vertex   -3.357910e+002 2.366064e+002 3.330000e+001
      vertex   -3.356181e+002 2.365525e+002 3.520000e+001
    endloop
  endfacet
  facet normal -2.823726e-002 -9.059588e-002 -0.000000e+000
    outer loop
      vertex   -3.356181e+002 2.365525e+002 3.520000e+001
      vertex   -3.357910e+002 2.366064e+002 3.330000e+001
      vertex   -3.356181e+002 2.365525e+002 3.330000e+001
    endloop
  endfacet
  facet normal -4.103857e-001 -9.119120e-001 -0.000000e+000
    outer loop
      vertex   -3.356181e+002 2.365525e+002 3.520000e+001
      vertex   -3.356181e+002 2.365525e+002 3.330000e+001
      vertex   -3.354529e+002 2.364782e+002 3.520000e+001
    endloop
  endfacet
  facet normal -3.895009e-002 -8.655042e-002 -0.000000e+000
    outer loop
      vertex   -3.354529e+002 2.364782e+002 3.520000e+001
      vertex   -3.356181e+002 2.365525e+002 3.330000e+001
      vertex   -3.354529e+002 2.364782e+002 3.330000e+001
    endloop
  endfacet
  facet normal -5.173548e-001 -8.557710e-001 -0.000000e+000
    outer loop
      vertex   -3.354529e+002 2.364782e+002 3.520000e+001
      vertex   -3.354529e+002 2.364782e+002 3.330000e+001
      vertex   -3.352979e+002 2.363845e+002 3.520000e+001
    endloop
  endfacet
  facet normal -4.909541e-002 -8.121008e-002 -0.000000e+000
    outer loop
      vertex   -3.352979e+002 2.363845e+002 3.520000e+001
      vertex   -3.354529e+002 2.364782e+002 3.330000e+001
      vertex   -3.352979e+002 2.363845e+002 3.330000e+001
    endloop
  endfacet
  facet normal -6.166602e-001 -7.872294e-001 -0.000000e+000
    outer loop
      vertex   -3.352979e+002 2.363845e+002 3.520000e+001
      vertex   -3.352979e+002 2.363845e+002 3.330000e+001
      vertex   -3.351553e+002 2.362728e+002 3.520000e+001
    endloop
  endfacet
  facet normal -5.852905e-002 -7.471828e-002 -0.000000e+000
    outer loop
      vertex   -3.351553e+002 2.362728e+002 3.520000e+001
      vertex   -3.352979e+002 2.363845e+002 3.330000e+001
      vertex   -3.351553e+002 2.362728e+002 3.330000e+001
    endloop
  endfacet
  facet normal -7.071068e-001 -7.071068e-001 -0.000000e+000
    outer loop
      vertex   -3.351553e+002 2.362728e+002 3.520000e+001
      vertex   -3.351553e+002 2.362728e+002 3.330000e+001
      vertex   -3.350272e+002 2.361447e+002 3.520000e+001
    endloop
  endfacet
  facet normal -6.710740e-002 -6.710740e-002 -0.000000e+000
    outer loop
      vertex   -3.350272e+002 2.361447e+002 3.520000e+001
      vertex   -3.351553e+002 2.362728e+002 3.330000e+001
      vertex   -3.350272e+002 2.361447e+002 3.330000e+001
    endloop
  endfacet
  facet normal -7.872383e-001 -6.166489e-001 -0.000000e+000
    outer loop
      vertex   -3.350272e+002 2.361447e+002 3.520000e+001
      vertex   -3.350272e+002 2.361447e+002 3.330000e+001
      vertex   -3.349155e+002 2.360021e+002 3.520000e+001
    endloop
  endfacet
  facet normal -7.471036e-002 -5.852112e-002 -0.000000e+000
    outer loop
      vertex   -3.349155e+002 2.360021e+002 3.520000e+001
      vertex   -3.350272e+002 2.361447e+002 3.330000e+001
      vertex   -3.349155e+002 2.360021e+002 3.330000e+001
    endloop
  endfacet
  facet normal -8.557337e-001 -5.174165e-001 -0.000000e+000
    outer loop
      vertex   -3.349155e+002 2.360021e+002 3.520000e+001
      vertex   -3.349155e+002 2.360021e+002 3.330000e+001
      vertex   -3.348218e+002 2.358471e+002 3.520000e+001
    endloop
  endfacet
  facet normal -8.121005e-002 -4.910338e-002 -0.000000e+000
    outer loop
      vertex   -3.348218e+002 2.358471e+002 3.520000e+001
      vertex   -3.349155e+002 2.360021e+002 3.330000e+001
      vertex   -3.348218e+002 2.358471e+002 3.330000e+001
    endloop
  endfacet
  facet normal -9.119120e-001 -4.103857e-001 -0.000000e+000
    outer loop
      vertex   -3.348218e+002 2.358471e+002 3.520000e+001
      vertex   -3.348218e+002 2.358471e+002 3.330000e+001
      vertex   -3.347475e+002 2.356819e+002 3.520000e+001
    endloop
  endfacet
  facet normal -8.655042e-002 -3.895009e-002 -0.000000e+000
    outer loop
      vertex   -3.347475e+002 2.356819e+002 3.520000e+001
      vertex   -3.348218e+002 2.358471e+002 3.330000e+001
      vertex   -3.347475e+002 2.356819e+002 3.330000e+001
    endloop
  endfacet
  facet normal -9.547091e-001 -2.975410e-001 -0.000000e+000
    outer loop
      vertex   -3.347475e+002 2.356819e+002 3.520000e+001
      vertex   -3.347475e+002 2.356819e+002 3.330000e+001
      vertex   -3.346936e+002 2.355090e+002 3.520000e+001
    endloop
  endfacet
  facet normal -9.060381e-002 -2.823724e-002 -0.000000e+000
    outer loop
      vertex   -3.346936e+002 2.355090e+002 3.520000e+001
      vertex   -3.347475e+002 2.356819e+002 3.330000e+001
      vertex   -3.346936e+002 2.355090e+002 3.330000e+001
    endloop
  endfacet
  facet normal -9.836454e-001 -1.801160e-001 -0.000000e+000
    outer loop
      vertex   -3.346936e+002 2.355090e+002 3.520000e+001
      vertex   -3.346936e+002 2.355090e+002 3.330000e+001
      vertex   -3.346609e+002 2.353308e+002 3.520000e+001
    endloop
  endfacet
  facet normal -9.334601e-002 -1.709265e-002 -0.000000e+000
    outer loop
      vertex   -3.346609e+002 2.353308e+002 3.520000e+001
      vertex   -3.346936e+002 2.355090e+002 3.330000e+001
      vertex   -3.346609e+002 2.353308e+002 3.330000e+001
    endloop
  endfacet
  facet normal -9.981694e-001 -6.047980e-002 -0.000000e+000
    outer loop
      vertex   -3.346609e+002 2.353308e+002 3.520000e+001
      vertex   -3.346609e+002 2.353308e+002 3.330000e+001
      vertex   -3.346500e+002 2.351500e+002 3.520000e+001
    endloop
  endfacet
  facet normal -9.473698e-002 -5.740182e-003 -0.000000e+000
    outer loop
      vertex   -3.346500e+002 2.351500e+002 3.520000e+001
      vertex   -3.346609e+002 2.353308e+002 3.330000e+001
      vertex   -3.346500e+002 2.351500e+002 3.330000e+001
    endloop
  endfacet
  facet normal -9.981691e-001 6.048489e-002 0.000000e+000
    outer loop
      vertex   -3.346500e+002 2.351500e+002 3.520000e+001
      vertex   -3.346500e+002 2.351500e+002 3.330000e+001
      vertex   -3.346609e+002 2.349692e+002 3.520000e+001
    endloop
  endfacet
  facet normal -9.472906e-002 5.740186e-003 0.000000e+000
    outer loop
      vertex   -3.346609e+002 2.349692e+002 3.520000e+001
      vertex   -3.346500e+002 2.351500e+002 3.330000e+001
      vertex   -3.346609e+002 2.349692e+002 3.330000e+001
    endloop
  endfacet
  facet normal -9.836454e-001 1.801160e-001 0.000000e+000
    outer loop
      vertex   -3.346609e+002 2.349692e+002 3.520000e+001
      vertex   -3.346609e+002 2.349692e+002 3.330000e+001
      vertex   -3.346936e+002 2.347910e+002 3.520000e+001
    endloop
  endfacet
  facet normal -9.334601e-002 1.709265e-002 0.000000e+000
    outer loop
      vertex   -3.346936e+002 2.347910e+002 3.520000e+001
      vertex   -3.346609e+002 2.349692e+002 3.330000e+001
      vertex   -3.346936e+002 2.347910e+002 3.330000e+001
    endloop
  endfacet
  facet normal -9.547165e-001 2.975171e-001 0.000000e+000
    outer loop
      vertex   -3.346936e+002 2.347910e+002 3.520000e+001
      vertex   -3.346936e+002 2.347910e+002 3.330000e+001
      vertex   -3.347475e+002 2.346181e+002 3.520000e+001
    endloop
  endfacet
  facet normal -9.061173e-002 2.823722e-002 0.000000e+000
    outer loop
      vertex   -3.347475e+002 2.346181e+002 3.520000e+001
      vertex   -3.346936e+002 2.347910e+002 3.330000e+001
      vertex   -3.347475e+002 2.346181e+002 3.330000e+001
    endloop
  endfacet
  facet normal -9.118978e-001 4.104172e-001 0.000000e+000
    outer loop
      vertex   -3.347475e+002 2.346181e+002 3.520000e+001
      vertex   -3.347475e+002 2.346181e+002 3.330000e+001
      vertex   -3.348218e+002 2.344529e+002 3.520000e+001
    endloop
  endfacet
  facet normal -8.654249e-002 3.895012e-002 0.000000e+000
    outer loop
      vertex   -3.348218e+002 2.344529e+002 3.520000e+001
      vertex   -3.347475e+002 2.346181e+002 3.330000e+001
      vertex   -3.348218e+002 2.344529e+002 3.330000e+001
    endloop
  endfacet
  facet normal -8.557563e-001 5.173792e-001 0.000000e+000
    outer loop
      vertex   -3.348218e+002 2.344529e+002 3.520000e+001
      vertex   -3.348218e+002 2.344529e+002 3.330000e+001
      vertex   -3.349155e+002 2.342979e+002 3.520000e+001
    endloop
  endfacet
  facet normal -8.121800e-002 4.910335e-002 0.000000e+000
    outer loop
      vertex   -3.349155e+002 2.342979e+002 3.520000e+001
      vertex   -3.348218e+002 2.344529e+002 3.330000e+001
      vertex   -3.349155e+002 2.342979e+002 3.330000e+001
    endloop
  endfacet
  facet normal -7.872062e-001 6.166898e-001 0.000000e+000
    outer loop
      vertex   -3.349155e+002 2.342979e+002 3.520000e+001
      vertex   -3.349155e+002 2.342979e+002 3.330000e+001
      vertex   -3.350272e+002 2.341553e+002 3.520000e+001
    endloop
  endfacet
  facet normal -7.470241e-002 5.852116e-002 0.000000e+000
    outer loop
      vertex   -3.350272e+002 2.341553e+002 3.520000e+001
      vertex   -3.349155e+002 2.342979e+002 3.330000e+001
      vertex   -3.350272e+002 2.341553e+002 3.330000e+001
    endloop
  endfacet
  facet normal -7.071068e-001 7.071068e-001 0.000000e+000
    outer loop
      vertex   -3.350272e+002 2.341553e+002 3.520000e+001
      vertex   -3.350272e+002 2.341553e+002 3.330000e+001
      vertex   -3.351553e+002 2.340272e+002 3.520000e+001
    endloop
  endfacet
  facet normal -6.710740e-002 6.710740e-002 0.000000e+000
    outer loop
      vertex   -3.351553e+002 2.340272e+002 3.520000e+001
      vertex   -3.350272e+002 2.341553e+002 3.330000e+001
      vertex   -3.351553e+002 2.340272e+002 3.330000e+001
    endloop
  endfacet
  facet normal -6.166602e-001 7.872294e-001 0.000000e+000
    outer loop
      vertex   -3.351553e+002 2.340272e+002 3.520000e+001
      vertex   -3.351553e+002 2.340272e+002 3.330000e+001
      vertex   -3.352979e+002 2.339155e+002 3.520000e+001
    endloop
  endfacet
  facet normal -5.852905e-002 7.471828e-002 0.000000e+000
    outer loop
      vertex   -3.352979e+002 2.339155e+002 3.520000e+001
      vertex   -3.351553e+002 2.340272e+002 3.330000e+001
      vertex   -3.352979e+002 2.339155e+002 3.330000e+001
    endloop
  endfacet
  facet normal -5.173548e-001 8.557710e-001 0.000000e+000
    outer loop
      vertex   -3.352979e+002 2.339155e+002 3.520000e+001
      vertex   -3.352979e+002 2.339155e+002 3.330000e+001
      vertex   -3.354529e+002 2.338218e+002 3.520000e+001
    endloop
  endfacet
  facet normal -4.909541e-002 8.121008e-002 0.000000e+000
    outer loop
      vertex   -3.354529e+002 2.338218e+002 3.520000e+001
      vertex   -3.352979e+002 2.339155e+002 3.330000e+001
      vertex   -3.354529e+002 2.338218e+002 3.330000e+001
    endloop
  endfacet
  facet normal -4.103857e-001 9.119120e-001 0.000000e+000
    outer loop
      vertex   -3.354529e+002 2.338218e+002 3.520000e+001
      vertex   -3.354529e+002 2.338218e+002 3.330000e+001
      vertex   -3.356181e+002 2.337475e+002 3.520000e+001
    endloop
  endfacet
  facet normal -3.895009e-002 8.655042e-002 0.000000e+000
    outer loop
      vertex   -3.356181e+002 2.337475e+002 3.520000e+001
      vertex   -3.354529e+002 2.338218e+002 3.330000e+001
      vertex   -3.356181e+002 2.337475e+002 3.330000e+001
    endloop
  endfacet
  facet normal -2.975650e-001 9.547016e-001 0.000000e+000
    outer loop
      vertex   -3.356181e+002 2.337475e+002 3.520000e+001
      vertex   -3.356181e+002 2.337475e+002 3.330000e+001
      vertex   -3.357910e+002 2.336936e+002 3.520000e+001
    endloop
  endfacet
  facet normal -2.823726e-002 9.059588e-002 0.000000e+000
    outer loop
      vertex   -3.357910e+002 2.336936e+002 3.520000e+001
      vertex   -3.356181e+002 2.337475e+002 3.330000e+001
      vertex   -3.357910e+002 2.336936e+002 3.330000e+001
    endloop
  endfacet
  facet normal -1.802491e-001 9.836210e-001 0.000000e+000
    outer loop
      vertex   -3.357910e+002 2.336936e+002 3.520000e+001
      vertex   -3.357910e+002 2.336936e+002 3.330000e+001
      vertex   -3.359692e+002 2.336609e+002 3.520000e+001
    endloop
  endfacet
  facet normal -1.710861e-002 9.336184e-002 0.000000e+000
    outer loop
      vertex   -3.359692e+002 2.336609e+002 3.520000e+001
      vertex   -3.357910e+002 2.336936e+002 3.330000e+001
      vertex   -3.359692e+002 2.336609e+002 3.330000e+001
    endloop
  endfacet
  facet normal -6.031195e-002 -9.981796e-001 0.000000e+000
    outer loop
      vertex   -3.636692e+002 2.366391e+002 3.100000e+001
      vertex   -3.636692e+002 2.366391e+002 3.405000e+001
      vertex   -3.638500e+002 2.366500e+002 3.100000e+001
    endloop
  endfacet
  facet normal -3.575763e-003 -5.917988e-002 0.000000e+000
    outer loop
      vertex   -3.638500e+002 2.366500e+002 3.100000e+001
      vertex   -3.636692e+002 2.366391e+002 3.405000e+001
      vertex   -3.638500e+002 2.366500e+002 3.405000e+001
    endloop
  endfacet
  facet normal 6.032209e-002 -9.981790e-001 0.000000e+000
    outer loop
      vertex   -3.638500e+002 2.366500e+002 3.100000e+001
      vertex   -3.638500e+002 2.366500e+002 3.405000e+001
      vertex   -3.640308e+002 2.366391e+002 3.100000e+001
    endloop
  endfacet
  facet normal 3.575765e-003 -5.916993e-002 0.000000e+000
    outer loop
      vertex   -3.640308e+002 2.366391e+002 3.100000e+001
      vertex   -3.638500e+002 2.366500e+002 3.405000e+001
      vertex   -3.640308e+002 2.366391e+002 3.405000e+001
    endloop
  endfacet
  facet normal 1.802491e-001 -9.836210e-001 0.000000e+000
    outer loop
      vertex   -3.640308e+002 2.366391e+002 3.100000e+001
      vertex   -3.640308e+002 2.366391e+002 3.405000e+001
      vertex   -3.642090e+002 2.366064e+002 3.100000e+001
    endloop
  endfacet
  facet normal 1.068733e-002 -5.832088e-002 0.000000e+000
    outer loop
      vertex   -3.642090e+002 2.366064e+002 3.100000e+001
      vertex   -3.640308e+002 2.366391e+002 3.405000e+001
      vertex   -3.642090e+002 2.366064e+002 3.405000e+001
    endloop
  endfacet
  facet normal 2.975650e-001 -9.547016e-001 0.000000e+000
    outer loop
      vertex   -3.642090e+002 2.366064e+002 3.100000e+001
      vertex   -3.642090e+002 2.366064e+002 3.405000e+001
      vertex   -3.643819e+002 2.365525e+002 3.100000e+001
    endloop
  endfacet
  facet normal 1.763911e-002 -5.659297e-002 0.000000e+000
    outer loop
      vertex   -3.643819e+002 2.365525e+002 3.100000e+001
      vertex   -3.642090e+002 2.366064e+002 3.405000e+001
      vertex   -3.643819e+002 2.365525e+002 3.405000e+001
    endloop
  endfacet
  facet normal 4.103857e-001 -9.119120e-001 0.000000e+000
    outer loop
      vertex   -3.643819e+002 2.365525e+002 3.100000e+001
      vertex   -3.643819e+002 2.365525e+002 3.405000e+001
      vertex   -3.645471e+002 2.364782e+002 3.100000e+001
    endloop
  endfacet
  facet normal 2.433117e-002 -5.406594e-002 0.000000e+000
    outer loop
      vertex   -3.645471e+002 2.364782e+002 3.100000e+001
      vertex   -3.643819e+002 2.365525e+002 3.405000e+001
      vertex   -3.645471e+002 2.364782e+002 3.405000e+001
    endloop
  endfacet
  facet normal 5.173548e-001 -8.557710e-001 0.000000e+000
    outer loop
      vertex   -3.645471e+002 2.364782e+002 3.100000e+001
      vertex   -3.645471e+002 2.364782e+002 3.405000e+001
      vertex   -3.647021e+002 2.363845e+002 3.100000e+001
    endloop
  endfacet
  facet normal 3.066868e-002 -5.072992e-002 0.000000e+000
    outer loop
      vertex   -3.647021e+002 2.363845e+002 3.100000e+001
      vertex   -3.645471e+002 2.364782e+002 3.405000e+001
      vertex   -3.647021e+002 2.363845e+002 3.405000e+001
    endloop
  endfacet
  facet normal 6.166602e-001 -7.872294e-001 0.000000e+000
    outer loop
      vertex   -3.647021e+002 2.363845e+002 3.100000e+001
      vertex   -3.647021e+002 2.363845e+002 3.405000e+001
      vertex   -3.648447e+002 2.362728e+002 3.100000e+001
    endloop
  endfacet
  facet normal 3.656168e-002 -4.667469e-002 0.000000e+000
    outer loop
      vertex   -3.648447e+002 2.362728e+002 3.100000e+001
      vertex   -3.647021e+002 2.363845e+002 3.405000e+001
      vertex   -3.648447e+002 2.362728e+002 3.405000e+001
    endloop
  endfacet
  facet normal 7.071068e-001 -7.071068e-001 0.000000e+000
    outer loop
      vertex   -3.648447e+002 2.362728e+002 3.100000e+001
      vertex   -3.648447e+002 2.362728e+002 3.405000e+001
      vertex   -3.649728e+002 2.361447e+002 3.100000e+001
    endloop
  endfacet
  facet normal 4.192034e-002 -4.192034e-002 0.000000e+000
    outer loop
      vertex   -3.649728e+002 2.361447e+002 3.100000e+001
      vertex   -3.648447e+002 2.362728e+002 3.405000e+001
      vertex   -3.649728e+002 2.361447e+002 3.405000e+001
    endloop
  endfacet
  facet normal 7.872383e-001 -6.166489e-001 0.000000e+000
    outer loop
      vertex   -3.649728e+002 2.361447e+002 3.100000e+001
      vertex   -3.649728e+002 2.361447e+002 3.405000e+001
      vertex   -3.650845e+002 2.360021e+002 3.100000e+001
    endloop
  endfacet
  facet normal 4.666971e-002 -3.655669e-002 0.000000e+000
    outer loop
      vertex   -3.650845e+002 2.360021e+002 3.100000e+001
      vertex   -3.649728e+002 2.361447e+002 3.405000e+001
      vertex   -3.650845e+002 2.360021e+002 3.405000e+001
    endloop
  endfacet
  facet normal 8.557337e-001 -5.174165e-001 0.000000e+000
    outer loop
      vertex   -3.650845e+002 2.360021e+002 3.100000e+001
      vertex   -3.650845e+002 2.360021e+002 3.405000e+001
      vertex   -3.651782e+002 2.358471e+002 3.100000e+001
    endloop
  endfacet
  facet normal 5.072991e-002 -3.067366e-002 0.000000e+000
    outer loop
      vertex   -3.651782e+002 2.358471e+002 3.100000e+001
      vertex   -3.650845e+002 2.360021e+002 3.405000e+001
      vertex   -3.651782e+002 2.358471e+002 3.405000e+001
    endloop
  endfacet
  facet normal 9.119120e-001 -4.103857e-001 0.000000e+000
    outer loop
      vertex   -3.651782e+002 2.358471e+002 3.100000e+001
      vertex   -3.651782e+002 2.358471e+002 3.405000e+001
      vertex   -3.652525e+002 2.356819e+002 3.100000e+001
    endloop
  endfacet
  facet normal 5.406594e-002 -2.433117e-002 0.000000e+000
    outer loop
      vertex   -3.652525e+002 2.356819e+002 3.100000e+001
      vertex   -3.651782e+002 2.358471e+002 3.405000e+001
      vertex   -3.652525e+002 2.356819e+002 3.405000e+001
    endloop
  endfacet
  facet normal 9.547091e-001 -2.975410e-001 0.000000e+000
    outer loop
      vertex   -3.652525e+002 2.356819e+002 3.100000e+001
      vertex   -3.652525e+002 2.356819e+002 3.405000e+001
      vertex   -3.653064e+002 2.355090e+002 3.100000e+001
    endloop
  endfacet
  facet normal 5.659795e-002 -1.763910e-002 0.000000e+000
    outer loop
      vertex   -3.653064e+002 2.355090e+002 3.100000e+001
      vertex   -3.652525e+002 2.356819e+002 3.405000e+001
      vertex   -3.653064e+002 2.355090e+002 3.405000e+001
    endloop
  endfacet
  facet normal 9.836454e-001 -1.801160e-001 0.000000e+000
    outer loop
      vertex   -3.653064e+002 2.355090e+002 3.100000e+001
      vertex   -3.653064e+002 2.355090e+002 3.405000e+001
      vertex   -3.653391e+002 2.353308e+002 3.100000e+001
    endloop
  endfacet
  facet normal 5.831093e-002 -1.067735e-002 0.000000e+000
    outer loop
      vertex   -3.653391e+002 2.353308e+002 3.100000e+001
      vertex   -3.653064e+002 2.355090e+002 3.405000e+001
      vertex   -3.653391e+002 2.353308e+002 3.405000e+001
    endloop
  endfacet
  facet normal 9.981694e-001 -6.047980e-002 0.000000e+000
    outer loop
      vertex   -3.653391e+002 2.353308e+002 3.100000e+001
      vertex   -3.653391e+002 2.353308e+002 3.405000e+001
      vertex   -3.653500e+002 2.351500e+002 3.100000e+001
    endloop
  endfacet
  facet normal 5.917988e-002 -3.585751e-003 0.000000e+000
    outer loop
      vertex   -3.653500e+002 2.351500e+002 3.100000e+001
      vertex   -3.653391e+002 2.353308e+002 3.405000e+001
      vertex   -3.653500e+002 2.351500e+002 3.405000e+001
    endloop
  endfacet
  facet normal 9.981691e-001 6.048489e-002 -0.000000e+000
    outer loop
      vertex   -3.653500e+002 2.351500e+002 3.100000e+001
      vertex   -3.653500e+002 2.351500e+002 3.405000e+001
      vertex   -3.653391e+002 2.349692e+002 3.100000e+001
    endloop
  endfacet
  facet normal 5.917490e-002 3.585752e-003 -0.000000e+000
    outer loop
      vertex   -3.653391e+002 2.349692e+002 3.100000e+001
      vertex   -3.653500e+002 2.351500e+002 3.405000e+001
      vertex   -3.653391e+002 2.349692e+002 3.405000e+001
    endloop
  endfacet
  facet normal 9.836454e-001 1.801160e-001 -0.000000e+000
    outer loop
      vertex   -3.653391e+002 2.349692e+002 3.100000e+001
      vertex   -3.653391e+002 2.349692e+002 3.405000e+001
      vertex   -3.653064e+002 2.347910e+002 3.100000e+001
    endloop
  endfacet
  facet normal 5.831093e-002 1.067735e-002 -0.000000e+000
    outer loop
      vertex   -3.653064e+002 2.347910e+002 3.100000e+001
      vertex   -3.653391e+002 2.349692e+002 3.405000e+001
      vertex   -3.653064e+002 2.347910e+002 3.405000e+001
    endloop
  endfacet
  facet normal 9.547165e-001 2.975171e-001 -0.000000e+000
    outer loop
      vertex   -3.653064e+002 2.347910e+002 3.100000e+001
      vertex   -3.653064e+002 2.347910e+002 3.405000e+001
      vertex   -3.652525e+002 2.346181e+002 3.100000e+001
    endloop
  endfacet
  facet normal 5.660293e-002 1.763910e-002 -0.000000e+000
    outer loop
      vertex   -3.652525e+002 2.346181e+002 3.100000e+001
      vertex   -3.653064e+002 2.347910e+002 3.405000e+001
      vertex   -3.652525e+002 2.346181e+002 3.405000e+001
    endloop
  endfacet
  facet normal 9.118978e-001 4.104172e-001 -0.000000e+000
    outer loop
      vertex   -3.652525e+002 2.346181e+002 3.100000e+001
      vertex   -3.652525e+002 2.346181e+002 3.405000e+001
      vertex   -3.651782e+002 2.344529e+002 3.100000e+001
    endloop
  endfacet
  facet normal 5.406095e-002 2.433117e-002 -0.000000e+000
    outer loop
      vertex   -3.651782e+002 2.344529e+002 3.100000e+001
      vertex   -3.652525e+002 2.346181e+002 3.405000e+001
      vertex   -3.651782e+002 2.344529e+002 3.405000e+001
    endloop
  endfacet
  facet normal 8.557563e-001 5.173792e-001 -0.000000e+000
    outer loop
      vertex   -3.651782e+002 2.344529e+002 3.100000e+001
      vertex   -3.651782e+002 2.344529e+002 3.405000e+001
      vertex   -3.650845e+002 2.342979e+002 3.100000e+001
    endloop
  endfacet
  facet normal 5.073489e-002 3.067366e-002 -0.000000e+000
    outer loop
      vertex   -3.650845e+002 2.342979e+002 3.100000e+001
      vertex   -3.651782e+002 2.344529e+002 3.405000e+001
      vertex   -3.650845e+002 2.342979e+002 3.405000e+001
    endloop
  endfacet
  facet normal 7.872062e-001 6.166898e-001 -0.000000e+000
    outer loop
      vertex   -3.650845e+002 2.342979e+002 3.100000e+001
      vertex   -3.650845e+002 2.342979e+002 3.405000e+001
      vertex   -3.649728e+002 2.341553e+002 3.100000e+001
    endloop
  endfacet
  facet normal 4.666473e-002 3.655670e-002 -0.000000e+000
    outer loop
      vertex   -3.649728e+002 2.341553e+002 3.100000e+001
      vertex   -3.650845e+002 2.342979e+002 3.405000e+001
      vertex   -3.649728e+002 2.341553e+002 3.405000e+001
    endloop
  endfacet
  facet normal 7.071068e-001 7.071068e-001 -0.000000e+000
    outer loop
      vertex   -3.649728e+002 2.341553e+002 3.100000e+001
      vertex   -3.649728e+002 2.341553e+002 3.405000e+001
      vertex   -3.648447e+002 2.340272e+002 3.100000e+001
    endloop
  endfacet
  facet normal 4.192034e-002 4.192034e-002 -0.000000e+000
    outer loop
      vertex   -3.648447e+002 2.340272e+002 3.100000e+001
      vertex   -3.649728e+002 2.341553e+002 3.405000e+001
      vertex   -3.648447e+002 2.340272e+002 3.405000e+001
    endloop
  endfacet
  facet normal 6.166602e-001 7.872294e-001 -0.000000e+000
    outer loop
      vertex   -3.648447e+002 2.340272e+002 3.100000e+001
      vertex   -3.648447e+002 2.340272e+002 3.405000e+001
      vertex   -3.647021e+002 2.339155e+002 3.100000e+001
    endloop
  endfacet
  facet normal 3.656168e-002 4.667469e-002 -0.000000e+000
    outer loop
      vertex   -3.647021e+002 2.339155e+002 3.100000e+001
      vertex   -3.648447e+002 2.340272e+002 3.405000e+001
      vertex   -3.647021e+002 2.339155e+002 3.405000e+001
    endloop
  endfacet
  facet normal 5.173548e-001 8.557710e-001 -0.000000e+000
    outer loop
      vertex   -3.647021e+002 2.339155e+002 3.100000e+001
      vertex   -3.647021e+002 2.339155e+002 3.405000e+001
      vertex   -3.645471e+002 2.338218e+002 3.100000e+001
    endloop
  endfacet
  facet normal 3.066868e-002 5.072992e-002 -0.000000e+000
    outer loop
      vertex   -3.645471e+002 2.338218e+002 3.100000e+001
      vertex   -3.647021e+002 2.339155e+002 3.405000e+001
      vertex   -3.645471e+002 2.338218e+002 3.405000e+001
    endloop
  endfacet
  facet normal 4.103857e-001 9.119120e-001 -0.000000e+000
    outer loop
      vertex   -3.645471e+002 2.338218e+002 3.100000e+001
      vertex   -3.645471e+002 2.338218e+002 3.405000e+001
      vertex   -3.643819e+002 2.337475e+002 3.100000e+001
    endloop
  endfacet
  facet normal 2.433117e-002 5.406594e-002 -0.000000e+000
    outer loop
      vertex   -3.643819e+002 2.337475e+002 3.100000e+001
      vertex   -3.645471e+002 2.338218e+002 3.405000e+001
      vertex   -3.643819e+002 2.337475e+002 3.405000e+001
    endloop
  endfacet
  facet normal 2.975650e-001 9.547016e-001 -0.000000e+000
    outer loop
      vertex   -3.643819e+002 2.337475e+002 3.100000e+001
      vertex   -3.643819e+002 2.337475e+002 3.405000e+001
      vertex   -3.642090e+002 2.336936e+002 3.100000e+001
    endloop
  endfacet
  facet normal 1.763911e-002 5.659297e-002 -0.000000e+000
    outer loop
      vertex   -3.642090e+002 2.336936e+002 3.100000e+001
      vertex   -3.643819e+002 2.337475e+002 3.405000e+001
      vertex   -3.642090e+002 2.336936e+002 3.405000e+001
    endloop
  endfacet
  facet normal 1.802491e-001 9.836210e-001 -0.000000e+000
    outer loop
      vertex   -3.642090e+002 2.336936e+002 3.100000e+001
      vertex   -3.642090e+002 2.336936e+002 3.405000e+001
      vertex   -3.640308e+002 2.336609e+002 3.100000e+001
    endloop
  endfacet
  facet normal 1.068733e-002 5.832088e-002 -0.000000e+000
    outer loop
      vertex   -3.640308e+002 2.336609e+002 3.100000e+001
      vertex   -3.642090e+002 2.336936e+002 3.405000e+001
      vertex   -3.640308e+002 2.336609e+002 3.405000e+001
    endloop
  endfacet
  facet normal 6.040603e-002 9.981739e-001 -0.000000e+000
    outer loop
      vertex   -3.640308e+002 2.336609e+002 3.100000e+001
      vertex   -3.640308e+002 2.336609e+002 3.405000e+001
      vertex   -3.638500e+002 2.336500e+002 3.100000e+001
    endloop
  endfacet
  facet normal 3.580759e-003 5.916992e-002 -0.000000e+000
    outer loop
      vertex   -3.638500e+002 2.336500e+002 3.100000e+001
      vertex   -3.640308e+002 2.336609e+002 3.405000e+001
      vertex   -3.638500e+002 2.336500e+002 3.405000e+001
    endloop
  endfacet
  facet normal -6.039587e-002 9.981745e-001 0.000000e+000
    outer loop
      vertex   -3.638500e+002 2.336500e+002 3.100000e+001
      vertex   -3.638500e+002 2.336500e+002 3.405000e+001
      vertex   -3.636692e+002 2.336609e+002 3.100000e+001
    endloop
  endfacet
  facet normal -3.580757e-003 5.917988e-002 0.000000e+000
    outer loop
      vertex   -3.636692e+002 2.336609e+002 3.100000e+001
      vertex   -3.638500e+002 2.336500e+002 3.405000e+001
      vertex   -3.636692e+002 2.336609e+002 3.405000e+001
    endloop
  endfacet
  facet normal -1.802790e-001 9.836155e-001 0.000000e+000
    outer loop
      vertex   -3.636692e+002 2.336609e+002 3.100000e+001
      vertex   -3.636692e+002 2.336609e+002 3.405000e+001
      vertex   -3.634910e+002 2.336936e+002 3.100000e+001
    endloop
  endfacet
  facet normal -1.068734e-002 5.831093e-002 0.000000e+000
    outer loop
      vertex   -3.634910e+002 2.336936e+002 3.100000e+001
      vertex   -3.636692e+002 2.336609e+002 3.405000e+001
      vertex   -3.634910e+002 2.336936e+002 3.405000e+001
    endloop
  endfacet
  facet normal -2.975171e-001 9.547165e-001 0.000000e+000
    outer loop
      vertex   -3.634910e+002 2.336936e+002 3.100000e+001
      vertex   -3.634910e+002 2.336936e+002 3.405000e+001
      vertex   -3.633181e+002 2.337475e+002 3.100000e+001
    endloop
  endfacet
  facet normal -1.763910e-002 5.660293e-002 0.000000e+000
    outer loop
      vertex   -3.633181e+002 2.337475e+002 3.100000e+001
      vertex   -3.634910e+002 2.336936e+002 3.405000e+001
      vertex   -3.633181e+002 2.337475e+002 3.405000e+001
    endloop
  endfacet
  facet normal -4.104488e-001 9.118837e-001 0.000000e+000
    outer loop
      vertex   -3.633181e+002 2.337475e+002 3.100000e+001
      vertex   -3.633181e+002 2.337475e+002 3.405000e+001
      vertex   -3.631529e+002 2.338218e+002 3.100000e+001
    endloop
  endfacet
  facet normal -2.433118e-002 5.405597e-002 0.000000e+000
    outer loop
      vertex   -3.631529e+002 2.338218e+002 3.100000e+001
      vertex   -3.633181e+002 2.337475e+002 3.405000e+001
      vertex   -3.631529e+002 2.338218e+002 3.405000e+001
    endloop
  endfacet
  facet normal -5.172802e-001 8.558161e-001 0.000000e+000
    outer loop
      vertex   -3.631529e+002 2.338218e+002 3.100000e+001
      vertex   -3.631529e+002 2.338218e+002 3.405000e+001
      vertex   -3.629979e+002 2.339155e+002 3.100000e+001
    endloop
  endfacet
  facet normal -3.066866e-002 5.073988e-002 0.000000e+000
    outer loop
      vertex   -3.629979e+002 2.339155e+002 3.100000e+001
      vertex   -3.631529e+002 2.338218e+002 3.405000e+001
      vertex   -3.629979e+002 2.339155e+002 3.405000e+001
    endloop
  endfacet
  facet normal -6.167420e-001 7.871653e-001 0.000000e+000
    outer loop
      vertex   -3.629979e+002 2.339155e+002 3.100000e+001
      vertex   -3.629979e+002 2.339155e+002 3.405000e+001
      vertex   -3.628553e+002 2.340272e+002 3.100000e+001
    endloop
  endfacet
  facet normal -3.656169e-002 4.666472e-002 0.000000e+000
    outer loop
      vertex   -3.628553e+002 2.340272e+002 3.100000e+001
      vertex   -3.629979e+002 2.339155e+002 3.405000e+001
      vertex   -3.628553e+002 2.340272e+002 3.405000e+001
    endloop
  endfacet
  facet normal -7.071068e-001 7.071068e-001 0.000000e+000
    outer loop
      vertex   -3.628553e+002 2.340272e+002 3.100000e+001
      vertex   -3.628553e+002 2.340272e+002 3.405000e+001
      vertex   -3.627272e+002 2.341553e+002 3.100000e+001
    endloop
  endfacet
  facet normal -4.192034e-002 4.192034e-002 0.000000e+000
    outer loop
      vertex   -3.627272e+002 2.341553e+002 3.100000e+001
      vertex   -3.628553e+002 2.340272e+002 3.405000e+001
      vertex   -3.627272e+002 2.341553e+002 3.405000e+001
    endloop
  endfacet
  facet normal -7.871245e-001 6.167942e-001 0.000000e+000
    outer loop
      vertex   -3.627272e+002 2.341553e+002 3.100000e+001
      vertex   -3.627272e+002 2.341553e+002 3.405000e+001
      vertex   -3.626155e+002 2.342979e+002 3.100000e+001
    endloop
  endfacet
  facet normal -4.666471e-002 3.656668e-002 0.000000e+000
    outer loop
      vertex   -3.626155e+002 2.342979e+002 3.100000e+001
      vertex   -3.627272e+002 2.341553e+002 3.405000e+001
      vertex   -3.626155e+002 2.342979e+002 3.405000e+001
    endloop
  endfacet
  facet normal -8.558308e-001 5.172558e-001 0.000000e+000
    outer loop
      vertex   -3.626155e+002 2.342979e+002 3.100000e+001
      vertex   -3.626155e+002 2.342979e+002 3.405000e+001
      vertex   -3.625218e+002 2.344529e+002 3.100000e+001
    endloop
  endfacet
  facet normal -5.073490e-002 3.066368e-002 0.000000e+000
    outer loop
      vertex   -3.625218e+002 2.344529e+002 3.100000e+001
      vertex   -3.626155e+002 2.342979e+002 3.405000e+001
      vertex   -3.625218e+002 2.344529e+002 3.405000e+001
    endloop
  endfacet
  facet normal -9.118978e-001 4.104172e-001 0.000000e+000
    outer loop
      vertex   -3.625218e+002 2.344529e+002 3.100000e+001
      vertex   -3.625218e+002 2.344529e+002 3.405000e+001
      vertex   -3.624475e+002 2.346181e+002 3.100000e+001
    endloop
  endfacet
  facet normal -5.406095e-002 2.433117e-002 0.000000e+000
    outer loop
      vertex   -3.624475e+002 2.346181e+002 3.100000e+001
      vertex   -3.625218e+002 2.344529e+002 3.405000e+001
      vertex   -3.624475e+002 2.346181e+002 3.405000e+001
    endloop
  endfacet
  facet normal -9.547165e-001 2.975171e-001 0.000000e+000
    outer loop
      vertex   -3.624475e+002 2.346181e+002 3.100000e+001
      vertex   -3.624475e+002 2.346181e+002 3.405000e+001
      vertex   -3.623936e+002 2.347910e+002 3.100000e+001
    endloop
  endfacet
  facet normal -5.660293e-002 1.763910e-002 0.000000e+000
    outer loop
      vertex   -3.623936e+002 2.347910e+002 3.100000e+001
      vertex   -3.624475e+002 2.346181e+002 3.405000e+001
      vertex   -3.623936e+002 2.347910e+002 3.405000e+001
    endloop
  endfacet
  facet normal -9.836155e-001 1.802790e-001 0.000000e+000
    outer loop
      vertex   -3.623936e+002 2.347910e+002 3.100000e+001
      vertex   -3.623936e+002 2.347910e+002 3.405000e+001
      vertex   -3.623609e+002 2.349692e+002 3.100000e+001
    endloop
  endfacet
  facet normal -5.831093e-002 1.068734e-002 0.000000e+000
    outer loop
      vertex   -3.623609e+002 2.349692e+002 3.100000e+001
      vertex   -3.623936e+002 2.347910e+002 3.405000e+001
      vertex   -3.623609e+002 2.349692e+002 3.405000e+001
    endloop
  endfacet
  facet normal -9.981793e-001 6.031702e-002 0.000000e+000
    outer loop
      vertex   -3.623609e+002 2.349692e+002 3.100000e+001
      vertex   -3.623609e+002 2.349692e+002 3.405000e+001
      vertex   -3.623500e+002 2.351500e+002 3.100000e+001
    endloop
  endfacet
  facet normal -5.917490e-002 3.575764e-003 0.000000e+000
    outer loop
      vertex   -3.623500e+002 2.351500e+002 3.100000e+001
      vertex   -3.623609e+002 2.349692e+002 3.405000e+001
      vertex   -3.623500e+002 2.351500e+002 3.405000e+001
    endloop
  endfacet
  facet normal -9.981796e-001 -6.031195e-002 0.000000e+000
    outer loop
      vertex   -3.623500e+002 2.351500e+002 3.100000e+001
      vertex   -3.623500e+002 2.351500e+002 3.405000e+001
      vertex   -3.623609e+002 2.353308e+002 3.100000e+001
    endloop
  endfacet
  facet normal -5.917988e-002 -3.575763e-003 0.000000e+000
    outer loop
      vertex   -3.623609e+002 2.353308e+002 3.100000e+001
      vertex   -3.623500e+002 2.351500e+002 3.405000e+001
      vertex   -3.623609e+002 2.353308e+002 3.405000e+001
    endloop
  endfacet
  facet normal -9.836155e-001 -1.802790e-001 0.000000e+000
    outer loop
      vertex   -3.623609e+002 2.353308e+002 3.100000e+001
      vertex   -3.623609e+002 2.353308e+002 3.405000e+001
      vertex   -3.623936e+002 2.355090e+002 3.100000e+001
    endloop
  endfacet
  facet normal -5.831093e-002 -1.068734e-002 0.000000e+000
    outer loop
      vertex   -3.623936e+002 2.355090e+002 3.100000e+001
      vertex   -3.623609e+002 2.353308e+002 3.405000e+001
      vertex   -3.623936e+002 2.355090e+002 3.405000e+001
    endloop
  endfacet
  facet normal -9.547091e-001 -2.975410e-001 0.000000e+000
    outer loop
      vertex   -3.623936e+002 2.355090e+002 3.100000e+001
      vertex   -3.623936e+002 2.355090e+002 3.405000e+001
      vertex   -3.624475e+002 2.356819e+002 3.100000e+001
    endloop
  endfacet
  facet normal -5.659795e-002 -1.763910e-002 0.000000e+000
    outer loop
      vertex   -3.624475e+002 2.356819e+002 3.100000e+001
      vertex   -3.623936e+002 2.355090e+002 3.405000e+001
      vertex   -3.624475e+002 2.356819e+002 3.405000e+001
    endloop
  endfacet
  facet normal -9.119120e-001 -4.103857e-001 0.000000e+000
    outer loop
      vertex   -3.624475e+002 2.356819e+002 3.100000e+001
      vertex   -3.624475e+002 2.356819e+002 3.405000e+001
      vertex   -3.625218e+002 2.358471e+002 3.100000e+001
    endloop
  endfacet
  facet normal -5.406594e-002 -2.433117e-002 0.000000e+000
    outer loop
      vertex   -3.625218e+002 2.358471e+002 3.100000e+001
      vertex   -3.624475e+002 2.356819e+002 3.405000e+001
      vertex   -3.625218e+002 2.358471e+002 3.405000e+001
    endloop
  endfacet
  facet normal -8.558083e-001 -5.172931e-001 0.000000e+000
    outer loop
      vertex   -3.625218e+002 2.358471e+002 3.100000e+001
      vertex   -3.625218e+002 2.358471e+002 3.405000e+001
      vertex   -3.626155e+002 2.360021e+002 3.100000e+001
    endloop
  endfacet
  facet normal -5.072992e-002 -3.066369e-002 0.000000e+000
    outer loop
      vertex   -3.626155e+002 2.360021e+002 3.100000e+001
      vertex   -3.625218e+002 2.358471e+002 3.405000e+001
      vertex   -3.626155e+002 2.360021e+002 3.405000e+001
    endloop
  endfacet
  facet normal -7.871565e-001 -6.167533e-001 0.000000e+000
    outer loop
      vertex   -3.626155e+002 2.360021e+002 3.100000e+001
      vertex   -3.626155e+002 2.360021e+002 3.405000e+001
      vertex   -3.627272e+002 2.361447e+002 3.100000e+001
    endloop
  endfacet
  facet normal -4.666970e-002 -3.656667e-002 0.000000e+000
    outer loop
      vertex   -3.627272e+002 2.361447e+002 3.100000e+001
      vertex   -3.626155e+002 2.360021e+002 3.405000e+001
      vertex   -3.627272e+002 2.361447e+002 3.405000e+001
    endloop
  endfacet
  facet normal -7.071068e-001 -7.071068e-001 0.000000e+000
    outer loop
      vertex   -3.627272e+002 2.361447e+002 3.100000e+001
      vertex   -3.627272e+002 2.361447e+002 3.405000e+001
      vertex   -3.628553e+002 2.362728e+002 3.100000e+001
    endloop
  endfacet
  facet normal -4.192034e-002 -4.192034e-002 0.000000e+000
    outer loop
      vertex   -3.628553e+002 2.362728e+002 3.100000e+001
      vertex   -3.627272e+002 2.361447e+002 3.405000e+001
      vertex   -3.628553e+002 2.362728e+002 3.405000e+001
    endloop
  endfacet
  facet normal -6.167420e-001 -7.871653e-001 0.000000e+000
    outer loop
      vertex   -3.628553e+002 2.362728e+002 3.100000e+001
      vertex   -3.628553e+002 2.362728e+002 3.405000e+001
      vertex   -3.629979e+002 2.363845e+002 3.100000e+001
    endloop
  endfacet
  facet normal -3.656169e-002 -4.666472e-002 0.000000e+000
    outer loop
      vertex   -3.629979e+002 2.363845e+002 3.100000e+001
      vertex   -3.628553e+002 2.362728e+002 3.405000e+001
      vertex   -3.629979e+002 2.363845e+002 3.405000e+001
    endloop
  endfacet
  facet normal -5.172802e-001 -8.558161e-001 0.000000e+000
    outer loop
      vertex   -3.629979e+002 2.363845e+002 3.100000e+001
      vertex   -3.629979e+002 2.363845e+002 3.405000e+001
      vertex   -3.631529e+002 2.364782e+002 3.100000e+001
    endloop
  endfacet
  facet normal -3.066866e-002 -5.073988e-002 0.000000e+000
    outer loop
      vertex   -3.631529e+002 2.364782e+002 3.100000e+001
      vertex   -3.629979e+002 2.363845e+002 3.405000e+001
      vertex   -3.631529e+002 2.364782e+002 3.405000e+001
    endloop
  endfacet
  facet normal -4.104488e-001 -9.118837e-001 0.000000e+000
    outer loop
      vertex   -3.631529e+002 2.364782e+002 3.100000e+001
      vertex   -3.631529e+002 2.364782e+002 3.405000e+001
      vertex   -3.633181e+002 2.365525e+002 3.100000e+001
    endloop
  endfacet
  facet normal -2.433118e-002 -5.405597e-002 0.000000e+000
    outer loop
      vertex   -3.633181e+002 2.365525e+002 3.100000e+001
      vertex   -3.631529e+002 2.364782e+002 3.405000e+001
      vertex   -3.633181e+002 2.365525e+002 3.405000e+001
    endloop
  endfacet
  facet normal -2.975171e-001 -9.547165e-001 0.000000e+000
    outer loop
      vertex   -3.633181e+002 2.365525e+002 3.100000e+001
      vertex   -3.633181e+002 2.365525e+002 3.405000e+001
      vertex   -3.634910e+002 2.366064e+002 3.100000e+001
    endloop
  endfacet
  facet normal -1.763910e-002 -5.660293e-002 0.000000e+000
    outer loop
      vertex   -3.634910e+002 2.366064e+002 3.100000e+001
      vertex   -3.633181e+002 2.365525e+002 3.405000e+001
      vertex   -3.634910e+002 2.366064e+002 3.405000e+001
    endloop
  endfacet
  facet normal -1.802790e-001 -9.836155e-001 0.000000e+000
    outer loop
      vertex   -3.634910e+002 2.366064e+002 3.100000e+001
      vertex   -3.634910e+002 2.366064e+002 3.405000e+001
      vertex   -3.636692e+002 2.366391e+002 3.100000e+001
    endloop
  endfacet
  facet normal -1.068734e-002 -5.831093e-002 0.000000e+000
    outer loop
      vertex   -3.636692e+002 2.366391e+002 3.100000e+001
      vertex   -3.634910e+002 2.366064e+002 3.405000e+001
      vertex   -3.636692e+002 2.366391e+002 3.405000e+001
    endloop
  endfacet
  facet normal 6.032209e-002 -9.981790e-001 0.000000e+000
    outer loop
      vertex   -3.640308e+002 2.366391e+002 3.520000e+001
      vertex   -3.640308e+002 2.366391e+002 3.405000e+001
      vertex   -3.638500e+002 2.366500e+002 3.520000e+001
    endloop
  endfacet
  facet normal 9.384569e-003 -1.552910e-001 0.000000e+000
    outer loop
      vertex   -3.638500e+002 2.366500e+002 3.520000e+001
      vertex   -3.640308e+002 2.366391e+002 3.405000e+001
      vertex   -3.638500e+002 2.366500e+002 3.405000e+001
    endloop
  endfacet
  facet normal -6.031195e-002 -9.981796e-001 -0.000000e+000
    outer loop
      vertex   -3.638500e+002 2.366500e+002 3.520000e+001
      vertex   -3.638500e+002 2.366500e+002 3.405000e+001
      vertex   -3.636692e+002 2.366391e+002 3.520000e+001
    endloop
  endfacet
  facet normal -9.384531e-003 -1.553166e-001 -0.000000e+000
    outer loop
      vertex   -3.636692e+002 2.366391e+002 3.520000e+001
      vertex   -3.638500e+002 2.366500e+002 3.405000e+001
      vertex   -3.636692e+002 2.366391e+002 3.405000e+001
    endloop
  endfacet
  facet normal -1.802790e-001 -9.836155e-001 -0.000000e+000
    outer loop
      vertex   -3.636692e+002 2.366391e+002 3.520000e+001
      vertex   -3.636692e+002 2.366391e+002 3.405000e+001
      vertex   -3.634910e+002 2.366064e+002 3.520000e+001
    endloop
  endfacet
  facet normal -2.804880e-002 -1.530364e-001 -0.000000e+000
    outer loop
      vertex   -3.634910e+002 2.366064e+002 3.520000e+001
      vertex   -3.636692e+002 2.366391e+002 3.405000e+001
      vertex   -3.634910e+002 2.366064e+002 3.405000e+001
    endloop
  endfacet
  facet normal -2.975171e-001 -9.547165e-001 -0.000000e+000
    outer loop
      vertex   -3.634910e+002 2.366064e+002 3.520000e+001
      vertex   -3.634910e+002 2.366064e+002 3.405000e+001
      vertex   -3.633181e+002 2.365525e+002 3.520000e+001
    endloop
  endfacet
  facet normal -4.629353e-002 -1.485535e-001 -0.000000e+000
    outer loop
      vertex   -3.633181e+002 2.365525e+002 3.520000e+001
      vertex   -3.634910e+002 2.366064e+002 3.405000e+001
      vertex   -3.633181e+002 2.365525e+002 3.405000e+001
    endloop
  endfacet
  facet normal -4.104488e-001 -9.118837e-001 -0.000000e+000
    outer loop
      vertex   -3.633181e+002 2.365525e+002 3.520000e+001
      vertex   -3.633181e+002 2.365525e+002 3.405000e+001
      vertex   -3.631529e+002 2.364782e+002 3.520000e+001
    endloop
  endfacet
  facet normal -6.385697e-002 -1.418694e-001 -0.000000e+000
    outer loop
      vertex   -3.631529e+002 2.364782e+002 3.520000e+001
      vertex   -3.633181e+002 2.365525e+002 3.405000e+001
      vertex   -3.631529e+002 2.364782e+002 3.405000e+001
    endloop
  endfacet
  facet normal -5.172802e-001 -8.558161e-001 -0.000000e+000
    outer loop
      vertex   -3.631529e+002 2.364782e+002 3.520000e+001
      vertex   -3.631529e+002 2.364782e+002 3.405000e+001
      vertex   -3.629979e+002 2.363845e+002 3.520000e+001
    endloop
  endfacet
  facet normal -8.048937e-002 -1.331659e-001 -0.000000e+000
    outer loop
      vertex   -3.629979e+002 2.363845e+002 3.520000e+001
      vertex   -3.631529e+002 2.364782e+002 3.405000e+001
      vertex   -3.629979e+002 2.363845e+002 3.405000e+001
    endloop
  endfacet
  facet normal -6.167420e-001 -7.871653e-001 -0.000000e+000
    outer loop
      vertex   -3.629979e+002 2.363845e+002 3.520000e+001
      vertex   -3.629979e+002 2.363845e+002 3.405000e+001
      vertex   -3.628553e+002 2.362728e+002 3.520000e+001
    endloop
  endfacet
  facet normal -9.595574e-002 -1.224710e-001 -0.000000e+000
    outer loop
      vertex   -3.628553e+002 2.362728e+002 3.520000e+001
      vertex   -3.629979e+002 2.363845e+002 3.405000e+001
      vertex   -3.628553e+002 2.362728e+002 3.405000e+001
    endloop
  endfacet
  facet normal -7.071068e-001 -7.071068e-001 -0.000000e+000
    outer loop
      vertex   -3.628553e+002 2.362728e+002 3.520000e+001
      vertex   -3.628553e+002 2.362728e+002 3.405000e+001
      vertex   -3.627272e+002 2.361447e+002 3.520000e+001
    endloop
  endfacet
  facet normal -1.100194e-001 -1.100194e-001 -0.000000e+000
    outer loop
      vertex   -3.627272e+002 2.361447e+002 3.520000e+001
      vertex   -3.628553e+002 2.362728e+002 3.405000e+001
      vertex   -3.627272e+002 2.361447e+002 3.405000e+001
    endloop
  endfacet
  facet normal -7.871565e-001 -6.167533e-001 -0.000000e+000
    outer loop
      vertex   -3.627272e+002 2.361447e+002 3.520000e+001
      vertex   -3.627272e+002 2.361447e+002 3.405000e+001
      vertex   -3.626155e+002 2.360021e+002 3.520000e+001
    endloop
  endfacet
  facet normal -1.224838e-001 -9.596857e-002 -0.000000e+000
    outer loop
      vertex   -3.626155e+002 2.360021e+002 3.520000e+001
      vertex   -3.627272e+002 2.361447e+002 3.405000e+001
      vertex   -3.626155e+002 2.360021e+002 3.405000e+001
    endloop
  endfacet
  facet normal -8.558083e-001 -5.172931e-001 -0.000000e+000
    outer loop
      vertex   -3.626155e+002 2.360021e+002 3.520000e+001
      vertex   -3.626155e+002 2.360021e+002 3.405000e+001
      vertex   -3.625218e+002 2.358471e+002 3.520000e+001
    endloop
  endfacet
  facet normal -1.331403e-001 -8.047663e-002 -0.000000e+000
    outer loop
      vertex   -3.625218e+002 2.358471e+002 3.520000e+001
      vertex   -3.626155e+002 2.360021e+002 3.405000e+001
      vertex   -3.625218e+002 2.358471e+002 3.405000e+001
    endloop
  endfacet
  facet normal -9.119120e-001 -4.103857e-001 -0.000000e+000
    outer loop
      vertex   -3.625218e+002 2.358471e+002 3.520000e+001
      vertex   -3.625218e+002 2.358471e+002 3.405000e+001
      vertex   -3.624475e+002 2.356819e+002 3.520000e+001
    endloop
  endfacet
  facet normal -1.418951e-001 -6.385674e-002 -0.000000e+000
    outer loop
      vertex   -3.624475e+002 2.356819e+002 3.520000e+001
      vertex   -3.625218e+002 2.358471e+002 3.405000e+001
      vertex   -3.624475e+002 2.356819e+002 3.405000e+001
    endloop
  endfacet
  facet normal -9.547091e-001 -2.975410e-001 -0.000000e+000
    outer loop
      vertex   -3.624475e+002 2.356819e+002 3.520000e+001
      vertex   -3.624475e+002 2.356819e+002 3.405000e+001
      vertex   -3.623936e+002 2.355090e+002 3.520000e+001
    endloop
  endfacet
  facet normal -1.485406e-001 -4.629362e-002 -0.000000e+000
    outer loop
      vertex   -3.623936e+002 2.355090e+002 3.520000e+001
      vertex   -3.624475e+002 2.356819e+002 3.405000e+001
      vertex   -3.623936e+002 2.355090e+002 3.405000e+001
    endloop
  endfacet
  facet normal -9.836155e-001 -1.802790e-001 -0.000000e+000
    outer loop
      vertex   -3.623936e+002 2.355090e+002 3.520000e+001
      vertex   -3.623936e+002 2.355090e+002 3.405000e+001
      vertex   -3.623609e+002 2.353308e+002 3.520000e+001
    endloop
  endfacet
  facet normal -1.530364e-001 -2.804880e-002 -0.000000e+000
    outer loop
      vertex   -3.623609e+002 2.353308e+002 3.520000e+001
      vertex   -3.623936e+002 2.355090e+002 3.405000e+001
      vertex   -3.623609e+002 2.353308e+002 3.405000e+001
    endloop
  endfacet
  facet normal -9.981796e-001 -6.031195e-002 -0.000000e+000
    outer loop
      vertex   -3.623609e+002 2.353308e+002 3.520000e+001
      vertex   -3.623609e+002 2.353308e+002 3.405000e+001
      vertex   -3.623500e+002 2.351500e+002 3.520000e+001
    endloop
  endfacet
  facet normal -1.553166e-001 -9.384531e-003 -0.000000e+000
    outer loop
      vertex   -3.623500e+002 2.351500e+002 3.520000e+001
      vertex   -3.623609e+002 2.353308e+002 3.405000e+001
      vertex   -3.623500e+002 2.351500e+002 3.405000e+001
    endloop
  endfacet
  facet normal -9.981793e-001 6.031702e-002 0.000000e+000
    outer loop
      vertex   -3.623500e+002 2.351500e+002 3.520000e+001
      vertex   -3.623500e+002 2.351500e+002 3.405000e+001
      vertex   -3.623609e+002 2.349692e+002 3.520000e+001
    endloop
  endfacet
  facet normal -1.553038e-001 9.384550e-003 0.000000e+000
    outer loop
      vertex   -3.623609e+002 2.349692e+002 3.520000e+001
      vertex   -3.623500e+002 2.351500e+002 3.405000e+001
      vertex   -3.623609e+002 2.349692e+002 3.405000e+001
    endloop
  endfacet
  facet normal -9.836155e-001 1.802790e-001 0.000000e+000
    outer loop
      vertex   -3.623609e+002 2.349692e+002 3.520000e+001
      vertex   -3.623609e+002 2.349692e+002 3.405000e+001
      vertex   -3.623936e+002 2.347910e+002 3.520000e+001
    endloop
  endfacet
  facet normal -1.530364e-001 2.804880e-002 0.000000e+000
    outer loop
      vertex   -3.623936e+002 2.347910e+002 3.520000e+001
      vertex   -3.623609e+002 2.349692e+002 3.405000e+001
      vertex   -3.623936e+002 2.347910e+002 3.405000e+001
    endloop
  endfacet
  facet normal -9.547165e-001 2.975171e-001 0.000000e+000
    outer loop
      vertex   -3.623936e+002 2.347910e+002 3.520000e+001
      vertex   -3.623936e+002 2.347910e+002 3.405000e+001
      vertex   -3.624475e+002 2.346181e+002 3.520000e+001
    endloop
  endfacet
  facet normal -1.485535e-001 4.629353e-002 0.000000e+000
    outer loop
      vertex   -3.624475e+002 2.346181e+002 3.520000e+001
      vertex   -3.623936e+002 2.347910e+002 3.405000e+001
      vertex   -3.624475e+002 2.346181e+002 3.405000e+001
    endloop
  endfacet
  facet normal -9.118978e-001 4.104172e-001 0.000000e+000
    outer loop
      vertex   -3.624475e+002 2.346181e+002 3.520000e+001
      vertex   -3.624475e+002 2.346181e+002 3.405000e+001
      vertex   -3.625218e+002 2.344529e+002 3.520000e+001
    endloop
  endfacet
  facet normal -1.418823e-001 6.385685e-002 0.000000e+000
    outer loop
      vertex   -3.625218e+002 2.344529e+002 3.520000e+001
      vertex   -3.624475e+002 2.346181e+002 3.405000e+001
      vertex   -3.625218e+002 2.344529e+002 3.405000e+001
    endloop
  endfacet
  facet normal -8.558308e-001 5.172558e-001 0.000000e+000
    outer loop
      vertex   -3.625218e+002 2.344529e+002 3.520000e+001
      vertex   -3.625218e+002 2.344529e+002 3.405000e+001
      vertex   -3.626155e+002 2.342979e+002 3.520000e+001
    endloop
  endfacet
  facet normal -1.331532e-001 8.047649e-002 0.000000e+000
    outer loop
      vertex   -3.626155e+002 2.342979e+002 3.520000e+001
      vertex   -3.625218e+002 2.344529e+002 3.405000e+001
      vertex   -3.626155e+002 2.342979e+002 3.405000e+001
    endloop
  endfacet
  facet normal -7.871245e-001 6.167942e-001 0.000000e+000
    outer loop
      vertex   -3.626155e+002 2.342979e+002 3.520000e+001
      vertex   -3.626155e+002 2.342979e+002 3.405000e+001
      vertex   -3.627272e+002 2.341553e+002 3.520000e+001
    endloop
  endfacet
  facet normal -1.224709e-001 9.596873e-002 0.000000e+000
    outer loop
      vertex   -3.627272e+002 2.341553e+002 3.520000e+001
      vertex   -3.626155e+002 2.342979e+002 3.405000e+001
      vertex   -3.627272e+002 2.341553e+002 3.405000e+001
    endloop
  endfacet
  facet normal -7.071068e-001 7.071068e-001 0.000000e+000
    outer loop
      vertex   -3.627272e+002 2.341553e+002 3.520000e+001
      vertex   -3.627272e+002 2.341553e+002 3.405000e+001
      vertex   -3.628553e+002 2.340272e+002 3.520000e+001
    endloop
  endfacet
  facet normal -1.100194e-001 1.100194e-001 0.000000e+000
    outer loop
      vertex   -3.628553e+002 2.340272e+002 3.520000e+001
      vertex   -3.627272e+002 2.341553e+002 3.405000e+001
      vertex   -3.628553e+002 2.340272e+002 3.405000e+001
    endloop
  endfacet
  facet normal -6.167420e-001 7.871653e-001 0.000000e+000
    outer loop
      vertex   -3.628553e+002 2.340272e+002 3.520000e+001
      vertex   -3.628553e+002 2.340272e+002 3.405000e+001
      vertex   -3.629979e+002 2.339155e+002 3.520000e+001
    endloop
  endfacet
  facet normal -9.595574e-002 1.224710e-001 0.000000e+000
    outer loop
      vertex   -3.629979e+002 2.339155e+002 3.520000e+001
      vertex   -3.628553e+002 2.340272e+002 3.405000e+001
      vertex   -3.629979e+002 2.339155e+002 3.405000e+001
    endloop
  endfacet
  facet normal -5.172802e-001 8.558161e-001 0.000000e+000
    outer loop
      vertex   -3.629979e+002 2.339155e+002 3.520000e+001
      vertex   -3.629979e+002 2.339155e+002 3.405000e+001
      vertex   -3.631529e+002 2.338218e+002 3.520000e+001
    endloop
  endfacet
  facet normal -8.048937e-002 1.331659e-001 0.000000e+000
    outer loop
      vertex   -3.631529e+002 2.338218e+002 3.520000e+001
      vertex   -3.629979e+002 2.339155e+002 3.405000e+001
      vertex   -3.631529e+002 2.338218e+002 3.405000e+001
    endloop
  endfacet
  facet normal -4.104488e-001 9.118837e-001 0.000000e+000
    outer loop
      vertex   -3.631529e+002 2.338218e+002 3.520000e+001
      vertex   -3.631529e+002 2.338218e+002 3.405000e+001
      vertex   -3.633181e+002 2.337475e+002 3.520000e+001
    endloop
  endfacet
  facet normal -6.385697e-002 1.418694e-001 0.000000e+000
    outer loop
      vertex   -3.633181e+002 2.337475e+002 3.520000e+001
      vertex   -3.631529e+002 2.338218e+002 3.405000e+001
      vertex   -3.633181e+002 2.337475e+002 3.405000e+001
    endloop
  endfacet
  facet normal -2.975171e-001 9.547165e-001 0.000000e+000
    outer loop
      vertex   -3.633181e+002 2.337475e+002 3.520000e+001
      vertex   -3.633181e+002 2.337475e+002 3.405000e+001
      vertex   -3.634910e+002 2.336936e+002 3.520000e+001
    endloop
  endfacet
  facet normal -4.629353e-002 1.485535e-001 0.000000e+000
    outer loop
      vertex   -3.634910e+002 2.336936e+002 3.520000e+001
      vertex   -3.633181e+002 2.337475e+002 3.405000e+001
      vertex   -3.634910e+002 2.336936e+002 3.405000e+001
    endloop
  endfacet
  facet normal -1.802790e-001 9.836155e-001 0.000000e+000
    outer loop
      vertex   -3.634910e+002 2.336936e+002 3.520000e+001
      vertex   -3.634910e+002 2.336936e+002 3.405000e+001
      vertex   -3.636692e+002 2.336609e+002 3.520000e+001
    endloop
  endfacet
  facet normal -2.804880e-002 1.530364e-001 0.000000e+000
    outer loop
      vertex   -3.636692e+002 2.336609e+002 3.520000e+001
      vertex   -3.634910e+002 2.336936e+002 3.405000e+001
      vertex   -3.636692e+002 2.336609e+002 3.405000e+001
    endloop
  endfacet
  facet normal -6.039587e-002 9.981745e-001 0.000000e+000
    outer loop
      vertex   -3.636692e+002 2.336609e+002 3.520000e+001
      vertex   -3.636692e+002 2.336609e+002 3.405000e+001
      vertex   -3.638500e+002 2.336500e+002 3.520000e+001
    endloop
  endfacet
  facet normal -9.397636e-003 1.553166e-001 0.000000e+000
    outer loop
      vertex   -3.638500e+002 2.336500e+002 3.520000e+001
      vertex   -3.636692e+002 2.336609e+002 3.405000e+001
      vertex   -3.638500e+002 2.336500e+002 3.405000e+001
    endloop
  endfacet
  facet normal 6.040603e-002 9.981739e-001 0.000000e+000
    outer loop
      vertex   -3.638500e+002 2.336500e+002 3.520000e+001
      vertex   -3.638500e+002 2.336500e+002 3.405000e+001
      vertex   -3.640308e+002 2.336609e+002 3.520000e+001
    endloop
  endfacet
  facet normal 9.397674e-003 1.552910e-001 0.000000e+000
    outer loop
      vertex   -3.640308e+002 2.336609e+002 3.520000e+001
      vertex   -3.638500e+002 2.336500e+002 3.405000e+001
      vertex   -3.640308e+002 2.336609e+002 3.405000e+001
    endloop
  endfacet
  facet normal 1.802491e-001 9.836210e-001 0.000000e+000
    outer loop
      vertex   -3.640308e+002 2.336609e+002 3.520000e+001
      vertex   -3.640308e+002 2.336609e+002 3.405000e+001
      vertex   -3.642090e+002 2.336936e+002 3.520000e+001
    endloop
  endfacet
  facet normal 2.804869e-002 1.530620e-001 0.000000e+000
    outer loop
      vertex   -3.642090e+002 2.336936e+002 3.520000e+001
      vertex   -3.640308e+002 2.336609e+002 3.405000e+001
      vertex   -3.642090e+002 2.336936e+002 3.405000e+001
    endloop
  endfacet
  facet normal 2.975650e-001 9.547016e-001 0.000000e+000
    outer loop
      vertex   -3.642090e+002 2.336936e+002 3.520000e+001
      vertex   -3.642090e+002 2.336936e+002 3.405000e+001
      vertex   -3.643819e+002 2.337475e+002 3.520000e+001
    endloop
  endfacet
  facet normal 4.629371e-002 1.485278e-001 0.000000e+000
    outer loop
      vertex   -3.643819e+002 2.337475e+002 3.520000e+001
      vertex   -3.642090e+002 2.336936e+002 3.405000e+001
      vertex   -3.643819e+002 2.337475e+002 3.405000e+001
    endloop
  endfacet
  facet normal 4.103857e-001 9.119120e-001 0.000000e+000
    outer loop
      vertex   -3.643819e+002 2.337475e+002 3.520000e+001
      vertex   -3.643819e+002 2.337475e+002 3.405000e+001
      vertex   -3.645471e+002 2.338218e+002 3.520000e+001
    endloop
  endfacet
  facet normal 6.385674e-002 1.418951e-001 0.000000e+000
    outer loop
      vertex   -3.645471e+002 2.338218e+002 3.520000e+001
      vertex   -3.643819e+002 2.337475e+002 3.405000e+001
      vertex   -3.645471e+002 2.338218e+002 3.405000e+001
    endloop
  endfacet
  facet normal 5.173548e-001 8.557710e-001 0.000000e+000
    outer loop
      vertex   -3.645471e+002 2.338218e+002 3.520000e+001
      vertex   -3.645471e+002 2.338218e+002 3.405000e+001
      vertex   -3.647021e+002 2.339155e+002 3.520000e+001
    endloop
  endfacet
  facet normal 8.048966e-002 1.331402e-001 0.000000e+000
    outer loop
      vertex   -3.647021e+002 2.339155e+002 3.520000e+001
      vertex   -3.645471e+002 2.338218e+002 3.405000e+001
      vertex   -3.647021e+002 2.339155e+002 3.405000e+001
    endloop
  endfacet
  facet normal 6.166602e-001 7.872294e-001 0.000000e+000
    outer loop
      vertex   -3.647021e+002 2.339155e+002 3.520000e+001
      vertex   -3.647021e+002 2.339155e+002 3.405000e+001
      vertex   -3.648447e+002 2.340272e+002 3.520000e+001
    endloop
  endfacet
  facet normal 9.595544e-002 1.224969e-001 0.000000e+000
    outer loop
      vertex   -3.648447e+002 2.340272e+002 3.520000e+001
      vertex   -3.647021e+002 2.339155e+002 3.405000e+001
      vertex   -3.648447e+002 2.340272e+002 3.405000e+001
    endloop
  endfacet
  facet normal 7.071068e-001 7.071068e-001 0.000000e+000
    outer loop
      vertex   -3.648447e+002 2.340272e+002 3.520000e+001
      vertex   -3.648447e+002 2.340272e+002 3.405000e+001
      vertex   -3.649728e+002 2.341553e+002 3.520000e+001
    endloop
  endfacet
  facet normal 1.100194e-001 1.100194e-001 0.000000e+000
    outer loop
      vertex   -3.649728e+002 2.341553e+002 3.520000e+001
      vertex   -3.648447e+002 2.340272e+002 3.405000e+001
      vertex   -3.649728e+002 2.341553e+002 3.405000e+001
    endloop
  endfacet
  facet normal 7.872062e-001 6.166898e-001 0.000000e+000
    outer loop
      vertex   -3.649728e+002 2.341553e+002 3.520000e+001
      vertex   -3.649728e+002 2.341553e+002 3.405000e+001
      vertex   -3.650845e+002 2.342979e+002 3.520000e+001
    endloop
  endfacet
  facet normal 1.224712e-001 9.594276e-002 0.000000e+000
    outer loop
      vertex   -3.650845e+002 2.342979e+002 3.520000e+001
      vertex   -3.649728e+002 2.341553e+002 3.405000e+001
      vertex   -3.650845e+002 2.342979e+002 3.405000e+001
    endloop
  endfacet
  facet normal 8.557563e-001 5.173792e-001 0.000000e+000
    outer loop
      vertex   -3.650845e+002 2.342979e+002 3.520000e+001
      vertex   -3.650845e+002 2.342979e+002 3.405000e+001
      vertex   -3.651782e+002 2.344529e+002 3.520000e+001
    endloop
  endfacet
  facet normal 1.331529e-001 8.050254e-002 0.000000e+000
    outer loop
      vertex   -3.651782e+002 2.344529e+002 3.520000e+001
      vertex   -3.650845e+002 2.342979e+002 3.405000e+001
      vertex   -3.651782e+002 2.344529e+002 3.405000e+001
    endloop
  endfacet
  facet normal 9.118978e-001 4.104172e-001 0.000000e+000
    outer loop
      vertex   -3.651782e+002 2.344529e+002 3.520000e+001
      vertex   -3.651782e+002 2.344529e+002 3.405000e+001
      vertex   -3.652525e+002 2.346181e+002 3.520000e+001
    endloop
  endfacet
  facet normal 1.418823e-001 6.385685e-002 0.000000e+000
    outer loop
      vertex   -3.652525e+002 2.346181e+002 3.520000e+001
      vertex   -3.651782e+002 2.344529e+002 3.405000e+001
      vertex   -3.652525e+002 2.346181e+002 3.405000e+001
    endloop
  endfacet
  facet normal 9.547165e-001 2.975171e-001 0.000000e+000
    outer loop
      vertex   -3.652525e+002 2.346181e+002 3.520000e+001
      vertex   -3.652525e+002 2.346181e+002 3.405000e+001
      vertex   -3.653064e+002 2.347910e+002 3.520000e+001
    endloop
  endfacet
  facet normal 1.485535e-001 4.629353e-002 0.000000e+000
    outer loop
      vertex   -3.653064e+002 2.347910e+002 3.520000e+001
      vertex   -3.652525e+002 2.346181e+002 3.405000e+001
      vertex   -3.653064e+002 2.347910e+002 3.405000e+001
    endloop
  endfacet
  facet normal 9.836454e-001 1.801160e-001 0.000000e+000
    outer loop
      vertex   -3.653064e+002 2.347910e+002 3.520000e+001
      vertex   -3.653064e+002 2.347910e+002 3.405000e+001
      vertex   -3.653391e+002 2.349692e+002 3.520000e+001
    endloop
  endfacet
  facet normal 1.530365e-001 2.802261e-002 0.000000e+000
    outer loop
      vertex   -3.653391e+002 2.349692e+002 3.520000e+001
      vertex   -3.653064e+002 2.347910e+002 3.405000e+001
      vertex   -3.653391e+002 2.349692e+002 3.405000e+001
    endloop
  endfacet
  facet normal 9.981691e-001 6.048489e-002 0.000000e+000
    outer loop
      vertex   -3.653391e+002 2.349692e+002 3.520000e+001
      vertex   -3.653391e+002 2.349692e+002 3.405000e+001
      vertex   -3.653500e+002 2.351500e+002 3.520000e+001
    endloop
  endfacet
  facet normal 1.553038e-001 9.410761e-003 0.000000e+000
    outer loop
      vertex   -3.653500e+002 2.351500e+002 3.520000e+001
      vertex   -3.653391e+002 2.349692e+002 3.405000e+001
      vertex   -3.653500e+002 2.351500e+002 3.405000e+001
    endloop
  endfacet
  facet normal 9.981694e-001 -6.047980e-002 0.000000e+000
    outer loop
      vertex   -3.653500e+002 2.351500e+002 3.520000e+001
      vertex   -3.653500e+002 2.351500e+002 3.405000e+001
      vertex   -3.653391e+002 2.353308e+002 3.520000e+001
    endloop
  endfacet
  facet normal 1.553166e-001 -9.410743e-003 0.000000e+000
    outer loop
      vertex   -3.653391e+002 2.353308e+002 3.520000e+001
      vertex   -3.653500e+002 2.351500e+002 3.405000e+001
      vertex   -3.653391e+002 2.353308e+002 3.405000e+001
    endloop
  endfacet
  facet normal 9.836454e-001 -1.801160e-001 0.000000e+000
    outer loop
      vertex   -3.653391e+002 2.353308e+002 3.520000e+001
      vertex   -3.653391e+002 2.353308e+002 3.405000e+001
      vertex   -3.653064e+002 2.355090e+002 3.520000e+001
    endloop
  endfacet
  facet normal 1.530365e-001 -2.802261e-002 0.000000e+000
    outer loop
      vertex   -3.653064e+002 2.355090e+002 3.520000e+001
      vertex   -3.653391e+002 2.353308e+002 3.405000e+001
      vertex   -3.653064e+002 2.355090e+002 3.405000e+001
    endloop
  endfacet
  facet normal 9.547091e-001 -2.975410e-001 0.000000e+000
    outer loop
      vertex   -3.653064e+002 2.355090e+002 3.520000e+001
      vertex   -3.653064e+002 2.355090e+002 3.405000e+001
      vertex   -3.652525e+002 2.356819e+002 3.520000e+001
    endloop
  endfacet
  facet normal 1.485406e-001 -4.629362e-002 0.000000e+000
    outer loop
      vertex   -3.652525e+002 2.356819e+002 3.520000e+001
      vertex   -3.653064e+002 2.355090e+002 3.405000e+001
      vertex   -3.652525e+002 2.356819e+002 3.405000e+001
    endloop
  endfacet
  facet normal 9.119120e-001 -4.103857e-001 0.000000e+000
    outer loop
      vertex   -3.652525e+002 2.356819e+002 3.520000e+001
      vertex   -3.652525e+002 2.356819e+002 3.405000e+001
      vertex   -3.651782e+002 2.358471e+002 3.520000e+001
    endloop
  endfacet
  facet normal 1.418951e-001 -6.385674e-002 0.000000e+000
    outer loop
      vertex   -3.651782e+002 2.358471e+002 3.520000e+001
      vertex   -3.652525e+002 2.356819e+002 3.405000e+001
      vertex   -3.651782e+002 2.358471e+002 3.405000e+001
    endloop
  endfacet
  facet normal 8.557337e-001 -5.174165e-001 0.000000e+000
    outer loop
      vertex   -3.651782e+002 2.358471e+002 3.520000e+001
      vertex   -3.651782e+002 2.358471e+002 3.405000e+001
      vertex   -3.650845e+002 2.360021e+002 3.520000e+001
    endloop
  endfacet
  facet normal 1.331401e-001 -8.050267e-002 0.000000e+000
    outer loop
      vertex   -3.650845e+002 2.360021e+002 3.520000e+001
      vertex   -3.651782e+002 2.358471e+002 3.405000e+001
      vertex   -3.650845e+002 2.360021e+002 3.405000e+001
    endloop
  endfacet
  facet normal 7.872383e-001 -6.166489e-001 0.000000e+000
    outer loop
      vertex   -3.650845e+002 2.360021e+002 3.520000e+001
      vertex   -3.650845e+002 2.360021e+002 3.405000e+001
      vertex   -3.649728e+002 2.361447e+002 3.520000e+001
    endloop
  endfacet
  facet normal 1.224841e-001 -9.594261e-002 0.000000e+000
    outer loop
      vertex   -3.649728e+002 2.361447e+002 3.520000e+001
      vertex   -3.650845e+002 2.360021e+002 3.405000e+001
      vertex   -3.649728e+002 2.361447e+002 3.405000e+001
    endloop
  endfacet
  facet normal 7.071068e-001 -7.071068e-001 0.000000e+000
    outer loop
      vertex   -3.649728e+002 2.361447e+002 3.520000e+001
      vertex   -3.649728e+002 2.361447e+002 3.405000e+001
      vertex   -3.648447e+002 2.362728e+002 3.520000e+001
    endloop
  endfacet
  facet normal 1.100194e-001 -1.100194e-001 0.000000e+000
    outer loop
      vertex   -3.648447e+002 2.362728e+002 3.520000e+001
      vertex   -3.649728e+002 2.361447e+002 3.405000e+001
      vertex   -3.648447e+002 2.362728e+002 3.405000e+001
    endloop
  endfacet
  facet normal 6.166602e-001 -7.872294e-001 0.000000e+000
    outer loop
      vertex   -3.648447e+002 2.362728e+002 3.520000e+001
      vertex   -3.648447e+002 2.362728e+002 3.405000e+001
      vertex   -3.647021e+002 2.363845e+002 3.520000e+001
    endloop
  endfacet
  facet normal 9.595544e-002 -1.224969e-001 0.000000e+000
    outer loop
      vertex   -3.647021e+002 2.363845e+002 3.520000e+001
      vertex   -3.648447e+002 2.362728e+002 3.405000e+001
      vertex   -3.647021e+002 2.363845e+002 3.405000e+001
    endloop
  endfacet
  facet normal 5.173548e-001 -8.557710e-001 0.000000e+000
    outer loop
      vertex   -3.647021e+002 2.363845e+002 3.520000e+001
      vertex   -3.647021e+002 2.363845e+002 3.405000e+001
      vertex   -3.645471e+002 2.364782e+002 3.520000e+001
    endloop
  endfacet
  facet normal 8.048966e-002 -1.331402e-001 0.000000e+000
    outer loop
      vertex   -3.645471e+002 2.364782e+002 3.520000e+001
      vertex   -3.647021e+002 2.363845e+002 3.405000e+001
      vertex   -3.645471e+002 2.364782e+002 3.405000e+001
    endloop
  endfacet
  facet normal 4.103857e-001 -9.119120e-001 0.000000e+000
    outer loop
      vertex   -3.645471e+002 2.364782e+002 3.520000e+001
      vertex   -3.645471e+002 2.364782e+002 3.405000e+001
      vertex   -3.643819e+002 2.365525e+002 3.520000e+001
    endloop
  endfacet
  facet normal 6.385674e-002 -1.418951e-001 0.000000e+000
    outer loop
      vertex   -3.643819e+002 2.365525e+002 3.520000e+001
      vertex   -3.645471e+002 2.364782e+002 3.405000e+001
      vertex   -3.643819e+002 2.365525e+002 3.405000e+001
    endloop
  endfacet
  facet normal 2.975650e-001 -9.547016e-001 0.000000e+000
    outer loop
      vertex   -3.643819e+002 2.365525e+002 3.520000e+001
      vertex   -3.643819e+002 2.365525e+002 3.405000e+001
      vertex   -3.642090e+002 2.366064e+002 3.520000e+001
    endloop
  endfacet
  facet normal 4.629371e-002 -1.485278e-001 0.000000e+000
    outer loop
      vertex   -3.642090e+002 2.366064e+002 3.520000e+001
      vertex   -3.643819e+002 2.365525e+002 3.405000e+001
      vertex   -3.642090e+002 2.366064e+002 3.405000e+001
    endloop
  endfacet
  facet normal 1.802491e-001 -9.836210e-001 0.000000e+000
    outer loop
      vertex   -3.642090e+002 2.366064e+002 3.520000e+001
      vertex   -3.642090e+002 2.366064e+002 3.405000e+001
      vertex   -3.640308e+002 2.366391e+002 3.520000e+001
    endloop
  endfacet
  facet normal 2.804869e-002 -1.530620e-001 0.000000e+000
    outer loop
      vertex   -3.640308e+002 2.366391e+002 3.520000e+001
      vertex   -3.642090e+002 2.366064e+002 3.405000e+001
      vertex   -3.640308e+002 2.366391e+002 3.405000e+001
    endloop
  endfacet
  facet normal 0.000000e+000 0.000000e+000 1.000000e+000
    outer loop
      vertex   -3.604500e+002 1.460000e+002 2.095000e+001
      vertex   -3.634500e+002 1.460000e+002 2.095000e+001
      vertex   -3.604500e+002 1.350000e+002 2.095000e+001
    endloop
  endfacet
  facet normal 0.000000e+000 0.000000e+000 9.647638e-001
    outer loop
      vertex   -3.604500e+002 1.350000e+002 2.095000e+001
      vertex   -3.634500e+002 1.460000e+002 2.095000e+001
      vertex   -3.634500e+002 1.350000e+002 2.095000e+001
    endloop
  endfacet
  facet normal 1.000000e+000 0.000000e+000 0.000000e+000
    outer loop
      vertex   -3.604500e+002 1.530000e+002 2.095000e+001
      vertex   -3.604500e+002 1.460000e+002 2.095000e+001
      vertex   -3.604500e+002 1.530000e+002 1.465000e+001
    endloop
  endfacet
  facet normal 6.689648e-001 0.000000e+000 0.000000e+000
    outer loop
      vertex   -3.604500e+002 1.530000e+002 1.465000e+001
      vertex   -3.604500e+002 1.460000e+002 2.095000e+001
      vertex   -3.604500e+002 1.350000e+002 1.465000e+001
    endloop
  endfacet
  facet normal 8.677572e-001 0.000000e+000 0.000000e+000
    outer loop
      vertex   -3.604500e+002 1.350000e+002 1.465000e+001
      vertex   -3.604500e+002 1.460000e+002 2.095000e+001
      vertex   -3.604500e+002 1.350000e+002 2.095000e+001
    endloop
  endfacet
  facet normal 0.000000e+000 0.000000e+000 -1.000000e+000
    outer loop
      vertex   -3.604500e+002 1.530000e+002 2.095000e+001
      vertex   -3.339500e+002 1.530000e+002 2.095000e+001
      vertex   -3.604500e+002 1.460000e+002 2.095000e+001
    endloop
  endfacet
  facet normal 0.000000e+000 0.000000e+000 -2.553911e-001
    outer loop
      vertex   -3.604500e+002 1.460000e+002 2.095000e+001
      vertex   -3.339500e+002 1.530000e+002 2.095000e+001
      vertex   -3.339500e+002 1.460000e+002 2.095000e+001
    endloop
  endfacet
  facet normal 0.000000e+000 -9.833108e-001 0.000000e+000
    outer loop
      vertex   -3.613500e+002 1.470000e+002 3.100000e+001
      vertex   -3.386500e+002 1.470000e+002 3.520000e+001
      vertex   -3.613500e+002 1.470000e+002 3.520000e+001
    endloop
  endfacet
  facet normal 0.000000e+000 -3.110406e-001 0.000000e+000
    outer loop
      vertex   -3.613500e+002 1.470000e+002 3.520000e+001
      vertex   -3.386500e+002 1.470000e+002 3.520000e+001
      vertex   -3.696000e+002 1.470000e+002 3.790001e+001
    endloop
  endfacet
  facet normal 0.000000e+000 -3.110406e-001 0.000000e+000
    outer loop
      vertex   -3.613500e+002 1.470000e+002 3.520000e+001
      vertex   -3.696000e+002 1.470000e+002 3.790001e+001
      vertex   -3.663500e+002 1.470000e+002 3.520000e+001
    endloop
  endfacet
  facet normal -0.000000e+000 -7.691869e-001 -0.000000e+000
    outer loop
      vertex   -3.663500e+002 1.470000e+002 3.520000e+001
      vertex   -3.696000e+002 1.470000e+002 3.790001e+001
      vertex   -3.663500e+002 1.470000e+002 3.100000e+001
    endloop
  endfacet
  facet normal -0.000000e+000 -5.588626e-001 0.000000e+000
    outer loop
      vertex   -3.663500e+002 1.470000e+002 3.100000e+001
      vertex   -3.696000e+002 1.470000e+002 3.790001e+001
      vertex   -3.696000e+002 1.470000e+002 9.900005e+000
    endloop
  endfacet
  facet normal 0.000000e+000 -5.167715e-001 -0.000000e+000
    outer loop
      vertex   -3.663500e+002 1.470000e+002 3.100000e+001
      vertex   -3.696000e+002 1.470000e+002 9.900005e+000
      vertex   -3.634500e+002 1.470000e+002 2.395000e+001
    endloop
  endfacet
  facet normal 0.000000e+000 -4.009880e-001 -0.000000e+000
    outer loop
      vertex   -3.634500e+002 1.470000e+002 2.395000e+001
      vertex   -3.696000e+002 1.470000e+002 9.900005e+000
      vertex   -3.634500e+002 1.470000e+002 1.165000e+001
    endloop
  endfacet
  facet normal 0.000000e+000 -3.229820e-001 -0.000000e+000
    outer loop
      vertex   -3.634500e+002 1.470000e+002 1.165000e+001
      vertex   -3.696000e+002 1.470000e+002 9.900005e+000
      vertex   -3.296000e+002 1.470000e+002 9.900005e+000
    endloop
  endfacet
  facet normal 0.000000e+000 -5.162949e-002 0.000000e+000
    outer loop
      vertex   -3.634500e+002 1.470000e+002 1.165000e+001
      vertex   -3.296000e+002 1.470000e+002 9.900005e+000
      vertex   -3.309500e+002 1.470000e+002 1.165000e+001
    endloop
  endfacet
  facet normal 0.000000e+000 -6.108151e-001 0.000000e+000
    outer loop
      vertex   -3.309500e+002 1.470000e+002 1.165000e+001
      vertex   -3.296000e+002 1.470000e+002 9.900005e+000
      vertex   -3.309500e+002 1.470000e+002 2.395000e+001
    endloop
  endfacet
  facet normal 0.000000e+000 -1.910878e-001 0.000000e+000
    outer loop
      vertex   -3.309500e+002 1.470000e+002 2.395000e+001
      vertex   -3.296000e+002 1.470000e+002 9.900005e+000
      vertex   -3.296000e+002 1.470000e+002 3.790001e+001
    endloop
  endfacet
  facet normal 0.000000e+000 -4.459375e-001 0.000000e+000
    outer loop
      vertex   -3.309500e+002 1.470000e+002 2.395000e+001
      vertex   -3.296000e+002 1.470000e+002 3.790001e+001
      vertex   -3.336500e+002 1.470000e+002 3.100000e+001
    endloop
  endfacet
  facet normal 0.000000e+000 -5.062020e-001 0.000000e+000
    outer loop
      vertex   -3.336500e+002 1.470000e+002 3.100000e+001
      vertex   -3.296000e+002 1.470000e+002 3.790001e+001
      vertex   -3.336500e+002 1.470000e+002 3.520000e+001
    endloop
  endfacet
  facet normal 0.000000e+000 -5.546991e-001 0.000000e+000
    outer loop
      vertex   -3.336500e+002 1.470000e+002 3.520000e+001
      vertex   -3.296000e+002 1.470000e+002 3.790001e+001
      vertex   -3.386500e+002 1.470000e+002 3.520000e+001
    endloop
  endfacet
  facet normal 0.000000e+000 -3.680889e-001 0.000000e+000
    outer loop
      vertex   -3.386500e+002 1.470000e+002 3.520000e+001
      vertex   -3.296000e+002 1.470000e+002 3.790001e+001
      vertex   -3.696000e+002 1.470000e+002 3.790001e+001
    endloop
  endfacet
  facet normal 0.000000e+000 -9.248142e-001 0.000000e+000
    outer loop
      vertex   -3.663500e+002 1.470000e+002 3.100000e+001
      vertex   -3.634500e+002 1.470000e+002 2.395000e+001
      vertex   -3.613500e+002 1.470000e+002 3.100000e+001
    endloop
  endfacet
  facet normal 0.000000e+000 -9.583855e-001 -0.000000e+000
    outer loop
      vertex   -3.613500e+002 1.470000e+002 3.100000e+001
      vertex   -3.634500e+002 1.470000e+002 2.395000e+001
      vertex   -3.386500e+002 1.470000e+002 3.100000e+001
    endloop
  endfacet
  facet normal 0.000000e+000 -1.819341e-001 0.000000e+000
    outer loop
      vertex   -3.613500e+002 1.470000e+002 3.100000e+001
      vertex   -3.386500e+002 1.470000e+002 3.100000e+001
      vertex   -3.386500e+002 1.470000e+002 3.520000e+001
    endloop
  endfacet
  facet normal -0.000000e+000 -9.338576e-001 -0.000000e+000
    outer loop
      vertex   -3.336500e+002 1.470000e+002 3.100000e+001
      vertex   -3.386500e+002 1.470000e+002 3.100000e+001
      vertex   -3.309500e+002 1.470000e+002 2.395000e+001
    endloop
  endfacet
  facet normal 0.000000e+000 -6.752916e-001 0.000000e+000
    outer loop
      vertex   -3.309500e+002 1.470000e+002 2.395000e+001
      vertex   -3.386500e+002 1.470000e+002 3.100000e+001
      vertex   -3.634500e+002 1.470000e+002 2.395000e+001
    endloop
  endfacet
  facet normal 0.000000e+000 0.000000e+000 1.000000e+000
    outer loop
      vertex   -3.604500e+002 1.350000e+002 1.465000e+001
      vertex   -3.339500e+002 1.350000e+002 1.465000e+001
      vertex   -3.604500e+002 1.530000e+002 1.465000e+001
    endloop
  endfacet
  facet normal -0.000000e+000 0.000000e+000 5.618830e-001
    outer loop
      vertex   -3.604500e+002 1.530000e+002 1.465000e+001
      vertex   -3.339500e+002 1.350000e+002 1.465000e+001
      vertex   -3.339500e+002 1.530000e+002 1.465000e+001
    endloop
  endfacet
  facet normal -3.162278e-001 0.000000e+000 -0.000000e+000
    outer loop
      vertex   -3.634500e+002 1.470000e+002 2.395000e+001
      vertex   -3.634500e+002 1.470000e+002 1.165000e+001
      vertex   -3.634500e+002 1.460000e+002 2.095000e+001
    endloop
  endfacet
  facet normal -8.282976e-001 0.000000e+000 -0.000000e+000
    outer loop
      vertex   -3.634500e+002 1.460000e+002 2.095000e+001
      vertex   -3.634500e+002 1.470000e+002 1.165000e+001
      vertex   -3.634500e+002 1.350000e+002 1.165000e+001
    endloop
  endfacet
  facet normal -6.456310e-001 -0.000000e+000 0.000000e+000
    outer loop
      vertex   -3.634500e+002 1.460000e+002 2.095000e+001
      vertex   -3.634500e+002 1.350000e+002 1.165000e+001
      vertex   -3.634500e+002 1.350000e+002 2.095000e+001
    endloop
  endfacet
  facet normal -3.162278e-001 0.000000e+000 0.000000e+000
    outer loop
      vertex   -3.634500e+002 1.460000e+002 2.095000e+001
      vertex   -3.634500e+002 1.460000e+002 2.395000e+001
      vertex   -3.634500e+002 1.470000e+002 2.395000e+001
    endloop
  endfacet
  facet normal 0.000000e+000 0.000000e+000 -1.000000e+000
    outer loop
      vertex   -3.309500e+002 1.350000e+002 1.165000e+001
      vertex   -3.634500e+002 1.350000e+002 1.165000e+001
      vertex   -3.309500e+002 1.470000e+002 1.165000e+001
    endloop
  endfacet
  facet normal -0.000000e+000 0.000000e+000 -3.463741e-001
    outer loop
      vertex   -3.309500e+002 1.470000e+002 1.165000e+001
      vertex   -3.634500e+002 1.350000e+002 1.165000e+001
      vertex   -3.634500e+002 1.470000e+002 1.165000e+001
    endloop
  endfacet
  facet normal 0.000000e+000 0.000000e+000 1.000000e+000
    outer loop
      vertex   -3.634500e+002 2.300000e+002 2.095000e+001
      vertex   -3.604500e+002 2.300000e+002 2.095000e+001
      vertex   -3.634500e+002 2.410000e+002 2.095000e+001
    endloop
  endfacet
  facet normal -0.000000e+000 0.000000e+000 9.647638e-001
    outer loop
      vertex   -3.634500e+002 2.410000e+002 2.095000e+001
      vertex   -3.604500e+002 2.300000e+002 2.095000e+001
      vertex   -3.604500e+002 2.410000e+002 2.095000e+001
    endloop
  endfacet
  facet normal 1.000000e+000 -0.000000e+000 0.000000e+000
    outer loop
      vertex   -3.604500e+002 2.230000e+002 2.095000e+001
      vertex   -3.604500e+002 2.230000e+002 1.465000e+001
      vertex   -3.604500e+002 2.300000e+002 2.095000e+001
    endloop
  endfacet
  facet normal 9.499075e-001 0.000000e+000 0.000000e+000
    outer loop
      vertex   -3.604500e+002 2.300000e+002 2.095000e+001
      vertex   -3.604500e+002 2.230000e+002 1.465000e+001
      vertex   -3.604500e+002 2.410000e+002 1.465000e+001
    endloop
  endfacet
  facet normal 4.969883e-001 -0.000000e+000 0.000000e+000
    outer loop
      vertex   -3.604500e+002 2.300000e+002 2.095000e+001
      vertex   -3.604500e+002 2.410000e+002 1.465000e+001
      vertex   -3.604500e+002 2.410000e+002 2.095000e+001
    endloop
  endfacet
  facet normal 0.000000e+000 0.000000e+000 1.000000e+000
    outer loop
      vertex   -3.604500e+002 2.230000e+002 1.465000e+001
      vertex   -3.339500e+002 2.230000e+002 1.465000e+001
      vertex   -3.604500e+002 2.410000e+002 1.465000e+001
    endloop
  endfacet
  facet normal -0.000000e+000 0.000000e+000 5.618830e-001
    outer loop
      vertex   -3.604500e+002 2.410000e+002 1.465000e+001
      vertex   -3.339500e+002 2.230000e+002 1.465000e+001
      vertex   -3.339500e+002 2.410000e+002 1.465000e+001
    endloop
  endfacet
  facet normal 0.000000e+000 9.618183e-001 -0.000000e+000
    outer loop
      vertex   -3.634500e+002 2.290000e+002 1.165000e+001
      vertex   -3.696000e+002 2.290000e+002 9.900005e+000
      vertex   -3.634500e+002 2.290000e+002 2.395000e+001
    endloop
  endfacet
  facet normal 0.000000e+000 7.193351e-001 0.000000e+000
    outer loop
      vertex   -3.634500e+002 2.290000e+002 2.395000e+001
      vertex   -3.696000e+002 2.290000e+002 9.900005e+000
      vertex   -3.663500e+002 2.290000e+002 3.100000e+001
    endloop
  endfacet
  facet normal 0.000000e+000 6.286018e-001 -0.000000e+000
    outer loop
      vertex   -3.634500e+002 2.290000e+002 2.395000e+001
      vertex   -3.663500e+002 2.290000e+002 3.100000e+001
      vertex   -3.613500e+002 2.290000e+002 3.100000e+001
    endloop
  endfacet
  facet normal 0.000000e+000 2.736889e-001 0.000000e+000
    outer loop
      vertex   -3.696000e+002 2.290000e+002 9.900005e+000
      vertex   -3.634500e+002 2.290000e+002 1.165000e+001
      vertex   -3.296000e+002 2.290000e+002 9.900005e+000
    endloop
  endfacet
  facet normal 0.000000e+000 7.591812e-001 0.000000e+000
    outer loop
      vertex   -3.296000e+002 2.290000e+002 9.900005e+000
      vertex   -3.634500e+002 2.290000e+002 1.165000e+001
      vertex   -3.309500e+002 2.290000e+002 1.165000e+001
    endloop
  endfacet
  facet normal 0.000000e+000 5.322835e-001 0.000000e+000
    outer loop
      vertex   -3.296000e+002 2.290000e+002 9.900005e+000
      vertex   -3.309500e+002 2.290000e+002 1.165000e+001
      vertex   -3.309500e+002 2.290000e+002 2.395000e+001
    endloop
  endfacet
  facet normal 0.000000e+000 2.734400e-001 0.000000e+000
    outer loop
      vertex   -3.634500e+002 2.290000e+002 2.395000e+001
      vertex   -3.386500e+002 2.290000e+002 3.100000e+001
      vertex   -3.309500e+002 2.290000e+002 2.395000e+001
    endloop
  endfacet
  facet normal 0.000000e+000 4.472526e-001 0.000000e+000
    outer loop
      vertex   -3.309500e+002 2.290000e+002 2.395000e+001
      vertex   -3.386500e+002 2.290000e+002 3.100000e+001
      vertex   -3.336500e+002 2.290000e+002 3.100000e+001
    endloop
  endfacet
  facet normal 0.000000e+000 4.459375e-001 -0.000000e+000
    outer loop
      vertex   -3.309500e+002 2.290000e+002 2.395000e+001
      vertex   -3.336500e+002 2.290000e+002 3.100000e+001
      vertex   -3.296000e+002 2.290000e+002 3.790001e+001
    endloop
  endfacet
  facet normal 0.000000e+000 4.367835e-001 0.000000e+000
    outer loop
      vertex   -3.296000e+002 2.290000e+002 3.790001e+001
      vertex   -3.336500e+002 2.290000e+002 3.100000e+001
      vertex   -3.336500e+002 2.290000e+002 3.520000e+001
    endloop
  endfacet
  facet normal 0.000000e+000 2.936719e-001 0.000000e+000
    outer loop
      vertex   -3.296000e+002 2.290000e+002 3.790001e+001
      vertex   -3.336500e+002 2.290000e+002 3.520000e+001
      vertex   -3.386500e+002 2.290000e+002 3.520000e+001
    endloop
  endfacet
  facet normal 0.000000e+000 8.437995e-001 0.000000e+000
    outer loop
      vertex   -3.634500e+002 2.290000e+002 2.395000e+001
      vertex   -3.613500e+002 2.290000e+002 3.100000e+001
      vertex   -3.386500e+002 2.290000e+002 3.100000e+001
    endloop
  endfacet
  facet normal 0.000000e+000 1.819341e-001 0.000000e+000
    outer loop
      vertex   -3.386500e+002 2.290000e+002 3.100000e+001
      vertex   -3.613500e+002 2.290000e+002 3.100000e+001
      vertex   -3.613500e+002 2.290000e+002 3.520000e+001
    endloop
  endfacet
  facet normal 0.000000e+000 9.833108e-001 -0.000000e+000
    outer loop
      vertex   -3.386500e+002 2.290000e+002 3.100000e+001
      vertex   -3.613500e+002 2.290000e+002 3.520000e+001
      vertex   -3.386500e+002 2.290000e+002 3.520000e+001
    endloop
  endfacet
  facet normal 0.000000e+000 8.690760e-002 0.000000e+000
    outer loop
      vertex   -3.386500e+002 2.290000e+002 3.520000e+001
      vertex   -3.613500e+002 2.290000e+002 3.520000e+001
      vertex   -3.696000e+002 2.290000e+002 3.790001e+001
    endloop
  endfacet
  facet normal 0.000000e+000 3.680889e-001 -0.000000e+000
    outer loop
      vertex   -3.386500e+002 2.290000e+002 3.520000e+001
      vertex   -3.696000e+002 2.290000e+002 3.790001e+001
      vertex   -3.296000e+002 2.290000e+002 3.790001e+001
    endloop
  endfacet
  facet normal 0.000000e+000 3.110406e-001 0.000000e+000
    outer loop
      vertex   -3.613500e+002 2.290000e+002 3.520000e+001
      vertex   -3.663500e+002 2.290000e+002 3.520000e+001
      vertex   -3.696000e+002 2.290000e+002 3.790001e+001
    endloop
  endfacet
  facet normal 0.000000e+000 4.235677e-001 0.000000e+000
    outer loop
      vertex   -3.696000e+002 2.290000e+002 3.790001e+001
      vertex   -3.663500e+002 2.290000e+002 3.520000e+001
      vertex   -3.663500e+002 2.290000e+002 3.100000e+001
    endloop
  endfacet
  facet normal 0.000000e+000 4.261092e-001 0.000000e+000
    outer loop
      vertex   -3.696000e+002 2.290000e+002 3.790001e+001
      vertex   -3.663500e+002 2.290000e+002 3.100000e+001
      vertex   -3.696000e+002 2.290000e+002 9.900005e+000
    endloop
  endfacet
  facet normal 0.000000e+000 9.632675e-002 0.000000e+000
    outer loop
      vertex   -3.296000e+002 2.290000e+002 3.790001e+001
      vertex   -3.296000e+002 2.290000e+002 9.900005e+000
      vertex   -3.309500e+002 2.290000e+002 2.395000e+001
    endloop
  endfacet
  facet normal 0.000000e+000 -1.000000e+000 0.000000e+000
    outer loop
      vertex   -3.309500e+002 1.460000e+002 2.095000e+001
      vertex   -3.309500e+002 1.460000e+002 2.395000e+001
      vertex   -3.339500e+002 1.460000e+002 2.095000e+001
    endloop
  endfacet
  facet normal 0.000000e+000 -7.750187e-001 0.000000e+000
    outer loop
      vertex   -3.339500e+002 1.460000e+002 2.095000e+001
      vertex   -3.309500e+002 1.460000e+002 2.395000e+001
      vertex   -3.634500e+002 1.460000e+002 2.395000e+001
    endloop
  endfacet
  facet normal 0.000000e+000 -1.011731e-001 0.000000e+000
    outer loop
      vertex   -3.339500e+002 1.460000e+002 2.095000e+001
      vertex   -3.634500e+002 1.460000e+002 2.395000e+001
      vertex   -3.604500e+002 1.460000e+002 2.095000e+001
    endloop
  endfacet
  facet normal 0.000000e+000 -7.071068e-001 0.000000e+000
    outer loop
      vertex   -3.604500e+002 1.460000e+002 2.095000e+001
      vertex   -3.634500e+002 1.460000e+002 2.395000e+001
      vertex   -3.634500e+002 1.460000e+002 2.095000e+001
    endloop
  endfacet
  facet normal 0.000000e+000 0.000000e+000 1.000000e+000
    outer loop
      vertex   -3.309500e+002 1.470000e+002 2.395000e+001
      vertex   -3.634500e+002 1.470000e+002 2.395000e+001
      vertex   -3.309500e+002 1.460000e+002 2.395000e+001
    endloop
  endfacet
  facet normal 0.000000e+000 0.000000e+000 3.075468e-002
    outer loop
      vertex   -3.309500e+002 1.460000e+002 2.395000e+001
      vertex   -3.634500e+002 1.470000e+002 2.395000e+001
      vertex   -3.634500e+002 1.460000e+002 2.395000e+001
    endloop
  endfacet
  facet normal 0.000000e+000 0.000000e+000 1.000000e+000
    outer loop
      vertex   -3.309500e+002 1.460000e+002 2.095000e+001
      vertex   -3.339500e+002 1.460000e+002 2.095000e+001
      vertex   -3.309500e+002 1.350000e+002 2.095000e+001
    endloop
  endfacet
  facet normal 0.000000e+000 0.000000e+000 9.647638e-001
    outer loop
      vertex   -3.309500e+002 1.350000e+002 2.095000e+001
      vertex   -3.339500e+002 1.460000e+002 2.095000e+001
      vertex   -3.339500e+002 1.350000e+002 2.095000e+001
    endloop
  endfacet
  facet normal -1.000000e+000 -0.000000e+000 -0.000000e+000
    outer loop
      vertex   -3.663500e+002 1.470000e+002 3.520000e+001
      vertex   -3.663500e+002 1.470000e+002 3.100000e+001
      vertex   -3.663500e+002 1.347000e+002 3.520000e+001
    endloop
  endfacet
  facet normal -9.463499e-001 0.000000e+000 0.000000e+000
    outer loop
      vertex   -3.663500e+002 1.347000e+002 3.520000e+001
      vertex   -3.663500e+002 1.470000e+002 3.100000e+001
      vertex   -3.663500e+002 1.347000e+002 3.100000e+001
    endloop
  endfacet
  facet normal 1.000000e+000 -0.000000e+000 0.000000e+000
    outer loop
      vertex   -3.613500e+002 1.347000e+002 3.520000e+001
      vertex   -3.613500e+002 1.347000e+002 3.100000e+001
      vertex   -3.613500e+002 1.470000e+002 3.520000e+001
    endloop
  endfacet
  facet normal 9.463499e-001 0.000000e+000 0.000000e+000
    outer loop
      vertex   -3.613500e+002 1.470000e+002 3.520000e+001
      vertex   -3.613500e+002 1.347000e+002 3.100000e+001
      vertex   -3.613500e+002 1.470000e+002 3.100000e+001
    endloop
  endfacet
  facet normal 0.000000e+000 -1.000000e+000 0.000000e+000
    outer loop
      vertex   -3.613500e+002 1.347000e+002 3.100000e+001
      vertex   -3.613500e+002 1.347000e+002 3.520000e+001
      vertex   -3.663500e+002 1.347000e+002 3.100000e+001
    endloop
  endfacet
  facet normal 0.000000e+000 -7.657048e-001 0.000000e+000
    outer loop
      vertex   -3.663500e+002 1.347000e+002 3.100000e+001
      vertex   -3.613500e+002 1.347000e+002 3.520000e+001
      vertex   -3.663500e+002 1.347000e+002 3.520000e+001
    endloop
  endfacet
  facet normal 0.000000e+000 -0.000000e+000 -9.205304e-001
    outer loop
      vertex   -3.636692e+002 1.393609e+002 3.100000e+001
      vertex   -3.613500e+002 1.347000e+002 3.100000e+001
      vertex   -3.638500e+002 1.393500e+002 3.100000e+001
    endloop
  endfacet
  facet normal 0.000000e+000 -0.000000e+000 -8.341546e-001
    outer loop
      vertex   -3.638500e+002 1.393500e+002 3.100000e+001
      vertex   -3.613500e+002 1.347000e+002 3.100000e+001
      vertex   -3.663500e+002 1.347000e+002 3.100000e+001
    endloop
  endfacet
  facet normal -0.000000e+000 0.000000e+000 -9.077361e-001
    outer loop
      vertex   -3.638500e+002 1.393500e+002 3.100000e+001
      vertex   -3.663500e+002 1.347000e+002 3.100000e+001
      vertex   -3.640308e+002 1.393609e+002 3.100000e+001
    endloop
  endfacet
  facet normal -0.000000e+000 0.000000e+000 -9.609242e-001
    outer loop
      vertex   -3.640308e+002 1.393609e+002 3.100000e+001
      vertex   -3.663500e+002 1.347000e+002 3.100000e+001
      vertex   -3.642090e+002 1.393936e+002 3.100000e+001
    endloop
  endfacet
  facet normal -0.000000e+000 0.000000e+000 -9.920948e-001
    outer loop
      vertex   -3.642090e+002 1.393936e+002 3.100000e+001
      vertex   -3.663500e+002 1.347000e+002 3.100000e+001
      vertex   -3.643819e+002 1.394475e+002 3.100000e+001
    endloop
  endfacet
  facet normal -0.000000e+000 0.000000e+000 -9.995535e-001
    outer loop
      vertex   -3.643819e+002 1.394475e+002 3.100000e+001
      vertex   -3.663500e+002 1.347000e+002 3.100000e+001
      vertex   -3.645471e+002 1.395218e+002 3.100000e+001
    endloop
  endfacet
  facet normal -0.000000e+000 0.000000e+000 -9.827622e-001
    outer loop
      vertex   -3.645471e+002 1.395218e+002 3.100000e+001
      vertex   -3.663500e+002 1.347000e+002 3.100000e+001
      vertex   -3.647021e+002 1.396155e+002 3.100000e+001
    endloop
  endfacet
  facet normal -0.000000e+000 0.000000e+000 -9.424137e-001
    outer loop
      vertex   -3.647021e+002 1.396155e+002 3.100000e+001
      vertex   -3.663500e+002 1.347000e+002 3.100000e+001
      vertex   -3.648447e+002 1.397272e+002 3.100000e+001
    endloop
  endfacet
  facet normal -0.000000e+000 0.000000e+000 -8.802234e-001
    outer loop
      vertex   -3.648447e+002 1.397272e+002 3.100000e+001
      vertex   -3.663500e+002 1.347000e+002 3.100000e+001
      vertex   -3.649728e+002 1.398553e+002 3.100000e+001
    endloop
  endfacet
  facet normal -0.000000e+000 0.000000e+000 -7.989393e-001
    outer loop
      vertex   -3.649728e+002 1.398553e+002 3.100000e+001
      vertex   -3.663500e+002 1.347000e+002 3.100000e+001
      vertex   -3.650845e+002 1.399979e+002 3.100000e+001
    endloop
  endfacet
  facet normal -0.000000e+000 0.000000e+000 -7.020763e-001
    outer loop
      vertex   -3.650845e+002 1.399979e+002 3.100000e+001
      vertex   -3.663500e+002 1.347000e+002 3.100000e+001
      vertex   -3.651782e+002 1.401529e+002 3.100000e+001
    endloop
  endfacet
  facet normal -0.000000e+000 0.000000e+000 -5.928189e-001
    outer loop
      vertex   -3.651782e+002 1.401529e+002 3.100000e+001
      vertex   -3.663500e+002 1.347000e+002 3.100000e+001
      vertex   -3.652525e+002 1.403181e+002 3.100000e+001
    endloop
  endfacet
  facet normal -0.000000e+000 0.000000e+000 -4.750602e-001
    outer loop
      vertex   -3.652525e+002 1.403181e+002 3.100000e+001
      vertex   -3.663500e+002 1.347000e+002 3.100000e+001
      vertex   -3.653064e+002 1.404910e+002 3.100000e+001
    endloop
  endfacet
  facet normal -0.000000e+000 0.000000e+000 -3.517097e-001
    outer loop
      vertex   -3.653064e+002 1.404910e+002 3.100000e+001
      vertex   -3.663500e+002 1.347000e+002 3.100000e+001
      vertex   -3.653391e+002 1.406692e+002 3.100000e+001
    endloop
  endfacet
  facet normal -0.000000e+000 0.000000e+000 -2.263093e-001
    outer loop
      vertex   -3.653391e+002 1.406692e+002 3.100000e+001
      vertex   -3.663500e+002 1.347000e+002 3.100000e+001
      vertex   -3.653500e+002 1.408500e+002 3.100000e+001
    endloop
  endfacet
  facet normal -0.000000e+000 0.000000e+000 -3.168265e-001
    outer loop
      vertex   -3.653500e+002 1.408500e+002 3.100000e+001
      vertex   -3.663500e+002 1.347000e+002 3.100000e+001
      vertex   -3.663500e+002 1.470000e+002 3.100000e+001
    endloop
  endfacet
  facet normal 0.000000e+000 0.000000e+000 -2.199009e-001
    outer loop
      vertex   -3.653500e+002 1.408500e+002 3.100000e+001
      vertex   -3.663500e+002 1.470000e+002 3.100000e+001
      vertex   -3.653391e+002 1.410308e+002 3.100000e+001
    endloop
  endfacet
  facet normal 0.000000e+000 0.000000e+000 -3.418404e-001
    outer loop
      vertex   -3.653391e+002 1.410308e+002 3.100000e+001
      vertex   -3.663500e+002 1.470000e+002 3.100000e+001
      vertex   -3.653064e+002 1.412090e+002 3.100000e+001
    endloop
  endfacet
  facet normal 0.000000e+000 0.000000e+000 -4.621193e-001
    outer loop
      vertex   -3.653064e+002 1.412090e+002 3.100000e+001
      vertex   -3.663500e+002 1.470000e+002 3.100000e+001
      vertex   -3.652525e+002 1.413819e+002 3.100000e+001
    endloop
  endfacet
  facet normal 0.000000e+000 0.000000e+000 -5.776350e-001
    outer loop
      vertex   -3.652525e+002 1.413819e+002 3.100000e+001
      vertex   -3.663500e+002 1.470000e+002 3.100000e+001
      vertex   -3.651782e+002 1.415471e+002 3.100000e+001
    endloop
  endfacet
  facet normal 0.000000e+000 0.000000e+000 -6.856259e-001
    outer loop
      vertex   -3.651782e+002 1.415471e+002 3.100000e+001
      vertex   -3.663500e+002 1.470000e+002 3.100000e+001
      vertex   -3.650845e+002 1.417021e+002 3.100000e+001
    endloop
  endfacet
  facet normal 0.000000e+000 0.000000e+000 -7.827120e-001
    outer loop
      vertex   -3.650845e+002 1.417021e+002 3.100000e+001
      vertex   -3.663500e+002 1.470000e+002 3.100000e+001
      vertex   -3.649728e+002 1.418447e+002 3.100000e+001
    endloop
  endfacet
  facet normal 0.000000e+000 0.000000e+000 -8.656508e-001
    outer loop
      vertex   -3.649728e+002 1.418447e+002 3.100000e+001
      vertex   -3.663500e+002 1.470000e+002 3.100000e+001
      vertex   -3.648447e+002 1.419728e+002 3.100000e+001
    endloop
  endfacet
  facet normal 0.000000e+000 0.000000e+000 -9.310346e-001
    outer loop
      vertex   -3.648447e+002 1.419728e+002 3.100000e+001
      vertex   -3.663500e+002 1.470000e+002 3.100000e+001
      vertex   -3.647021e+002 1.420845e+002 3.100000e+001
    endloop
  endfacet
  facet normal 0.000000e+000 0.000000e+000 -9.758353e-001
    outer loop
      vertex   -3.647021e+002 1.420845e+002 3.100000e+001
      vertex   -3.663500e+002 1.470000e+002 3.100000e+001
      vertex   -3.645471e+002 1.421782e+002 3.100000e+001
    endloop
  endfacet
  facet normal 0.000000e+000 0.000000e+000 -9.978841e-001
    outer loop
      vertex   -3.645471e+002 1.421782e+002 3.100000e+001
      vertex   -3.663500e+002 1.470000e+002 3.100000e+001
      vertex   -3.643819e+002 1.422525e+002 3.100000e+001
    endloop
  endfacet
  facet normal 0.000000e+000 0.000000e+000 -9.958758e-001
    outer loop
      vertex   -3.643819e+002 1.422525e+002 3.100000e+001
      vertex   -3.663500e+002 1.470000e+002 3.100000e+001
      vertex   -3.642090e+002 1.423064e+002 3.100000e+001
    endloop
  endfacet
  facet normal 0.000000e+000 0.000000e+000 -9.697177e-001
    outer loop
      vertex   -3.642090e+002 1.423064e+002 3.100000e+001
      vertex   -3.663500e+002 1.470000e+002 3.100000e+001
      vertex   -3.640308e+002 1.423391e+002 3.100000e+001
    endloop
  endfacet
  facet normal 0.000000e+000 0.000000e+000 -9.205651e-001
    outer loop
      vertex   -3.640308e+002 1.423391e+002 3.100000e+001
      vertex   -3.663500e+002 1.470000e+002 3.100000e+001
      vertex   -3.638500e+002 1.423500e+002 3.100000e+001
    endloop
  endfacet
  facet normal 0.000000e+000 0.000000e+000 -8.341562e-001
    outer loop
      vertex   -3.638500e+002 1.423500e+002 3.100000e+001
      vertex   -3.663500e+002 1.470000e+002 3.100000e+001
      vertex   -3.613500e+002 1.470000e+002 3.100000e+001
    endloop
  endfacet
  facet normal 0.000000e+000 0.000000e+000 -9.077665e-001
    outer loop
      vertex   -3.638500e+002 1.423500e+002 3.100000e+001
      vertex   -3.613500e+002 1.470000e+002 3.100000e+001
      vertex   -3.636692e+002 1.423391e+002 3.100000e+001
    endloop
  endfacet
  facet normal 0.000000e+000 0.000000e+000 -9.609340e-001
    outer loop
      vertex   -3.636692e+002 1.423391e+002 3.100000e+001
      vertex   -3.613500e+002 1.470000e+002 3.100000e+001
      vertex   -3.634910e+002 1.423064e+002 3.100000e+001
    endloop
  endfacet
  facet normal 0.000000e+000 0.000000e+000 -9.920884e-001
    outer loop
      vertex   -3.634910e+002 1.423064e+002 3.100000e+001
      vertex   -3.613500e+002 1.470000e+002 3.100000e+001
      vertex   -3.633181e+002 1.422525e+002 3.100000e+001
    endloop
  endfacet
  facet normal 0.000000e+000 0.000000e+000 -9.995513e-001
    outer loop
      vertex   -3.633181e+002 1.422525e+002 3.100000e+001
      vertex   -3.613500e+002 1.470000e+002 3.100000e+001
      vertex   -3.631529e+002 1.421782e+002 3.100000e+001
    endloop
  endfacet
  facet normal 0.000000e+000 0.000000e+000 -9.827783e-001
    outer loop
      vertex   -3.631529e+002 1.421782e+002 3.100000e+001
      vertex   -3.613500e+002 1.470000e+002 3.100000e+001
      vertex   -3.629979e+002 1.420845e+002 3.100000e+001
    endloop
  endfacet
  facet normal 0.000000e+000 0.000000e+000 -9.423772e-001
    outer loop
      vertex   -3.629979e+002 1.420845e+002 3.100000e+001
      vertex   -3.613500e+002 1.470000e+002 3.100000e+001
      vertex   -3.628553e+002 1.419728e+002 3.100000e+001
    endloop
  endfacet
  facet normal 0.000000e+000 0.000000e+000 -8.802234e-001
    outer loop
      vertex   -3.628553e+002 1.419728e+002 3.100000e+001
      vertex   -3.613500e+002 1.470000e+002 3.100000e+001
      vertex   -3.627272e+002 1.418447e+002 3.100000e+001
    endloop
  endfacet
  facet normal 0.000000e+000 0.000000e+000 -7.990503e-001
    outer loop
      vertex   -3.627272e+002 1.418447e+002 3.100000e+001
      vertex   -3.613500e+002 1.470000e+002 3.100000e+001
      vertex   -3.626155e+002 1.417021e+002 3.100000e+001
    endloop
  endfacet
  facet normal 0.000000e+000 0.000000e+000 -7.019392e-001
    outer loop
      vertex   -3.626155e+002 1.417021e+002 3.100000e+001
      vertex   -3.613500e+002 1.470000e+002 3.100000e+001
      vertex   -3.625218e+002 1.415471e+002 3.100000e+001
    endloop
  endfacet
  facet normal 0.000000e+000 0.000000e+000 -5.928468e-001
    outer loop
      vertex   -3.625218e+002 1.415471e+002 3.100000e+001
      vertex   -3.613500e+002 1.470000e+002 3.100000e+001
      vertex   -3.624475e+002 1.413819e+002 3.100000e+001
    endloop
  endfacet
  facet normal 0.000000e+000 0.000000e+000 -4.750386e-001
    outer loop
      vertex   -3.624475e+002 1.413819e+002 3.100000e+001
      vertex   -3.613500e+002 1.470000e+002 3.100000e+001
      vertex   -3.623936e+002 1.412090e+002 3.100000e+001
    endloop
  endfacet
  facet normal 0.000000e+000 0.000000e+000 -3.518648e-001
    outer loop
      vertex   -3.623936e+002 1.412090e+002 3.100000e+001
      vertex   -3.613500e+002 1.470000e+002 3.100000e+001
      vertex   -3.623609e+002 1.410308e+002 3.100000e+001
    endloop
  endfacet
  facet normal 0.000000e+000 0.000000e+000 -2.261456e-001
    outer loop
      vertex   -3.623609e+002 1.410308e+002 3.100000e+001
      vertex   -3.613500e+002 1.470000e+002 3.100000e+001
      vertex   -3.623500e+002 1.408500e+002 3.100000e+001
    endloop
  endfacet
  facet normal 0.000000e+000 0.000000e+000 -3.168265e-001
    outer loop
      vertex   -3.623500e+002 1.408500e+002 3.100000e+001
      vertex   -3.613500e+002 1.470000e+002 3.100000e+001
      vertex   -3.613500e+002 1.347000e+002 3.100000e+001
    endloop
  endfacet
  facet normal 0.000000e+000 -0.000000e+000 -2.197315e-001
    outer loop
      vertex   -3.623500e+002 1.408500e+002 3.100000e+001
      vertex   -3.613500e+002 1.347000e+002 3.100000e+001
      vertex   -3.623609e+002 1.406692e+002 3.100000e+001
    endloop
  endfacet
  facet normal 0.000000e+000 -0.000000e+000 -3.419915e-001
    outer loop
      vertex   -3.623609e+002 1.406692e+002 3.100000e+001
      vertex   -3.613500e+002 1.347000e+002 3.100000e+001
      vertex   -3.623936e+002 1.404910e+002 3.100000e+001
    endloop
  endfacet
  facet normal 0.000000e+000 -0.000000e+000 -4.621415e-001
    outer loop
      vertex   -3.623936e+002 1.404910e+002 3.100000e+001
      vertex   -3.613500e+002 1.347000e+002 3.100000e+001
      vertex   -3.624475e+002 1.403181e+002 3.100000e+001
    endloop
  endfacet
  facet normal 0.000000e+000 -0.000000e+000 -5.776064e-001
    outer loop
      vertex   -3.624475e+002 1.403181e+002 3.100000e+001
      vertex   -3.613500e+002 1.347000e+002 3.100000e+001
      vertex   -3.625218e+002 1.401529e+002 3.100000e+001
    endloop
  endfacet
  facet normal 0.000000e+000 -0.000000e+000 -6.855527e-001
    outer loop
      vertex   -3.625218e+002 1.401529e+002 3.100000e+001
      vertex   -3.613500e+002 1.347000e+002 3.100000e+001
      vertex   -3.626155e+002 1.399979e+002 3.100000e+001
    endloop
  endfacet
  facet normal 0.000000e+000 -0.000000e+000 -7.827584e-001
    outer loop
      vertex   -3.626155e+002 1.399979e+002 3.100000e+001
      vertex   -3.613500e+002 1.347000e+002 3.100000e+001
      vertex   -3.627272e+002 1.398553e+002 3.100000e+001
    endloop
  endfacet
  facet normal 0.000000e+000 -0.000000e+000 -8.656508e-001
    outer loop
      vertex   -3.627272e+002 1.398553e+002 3.100000e+001
      vertex   -3.613500e+002 1.347000e+002 3.100000e+001
      vertex   -3.628553e+002 1.397272e+002 3.100000e+001
    endloop
  endfacet
  facet normal 0.000000e+000 -0.000000e+000 -9.309967e-001
    outer loop
      vertex   -3.628553e+002 1.397272e+002 3.100000e+001
      vertex   -3.613500e+002 1.347000e+002 3.100000e+001
      vertex   -3.629979e+002 1.396155e+002 3.100000e+001
    endloop
  endfacet
  facet normal 0.000000e+000 -0.000000e+000 -9.758531e-001
    outer loop
      vertex   -3.629979e+002 1.396155e+002 3.100000e+001
      vertex   -3.613500e+002 1.347000e+002 3.100000e+001
      vertex   -3.631529e+002 1.395218e+002 3.100000e+001
    endloop
  endfacet
  facet normal 0.000000e+000 -0.000000e+000 -9.978796e-001
    outer loop
      vertex   -3.631529e+002 1.395218e+002 3.100000e+001
      vertex   -3.613500e+002 1.347000e+002 3.100000e+001
      vertex   -3.633181e+002 1.394475e+002 3.100000e+001
    endloop
  endfacet
  facet normal 0.000000e+000 -0.000000e+000 -9.958717e-001
    outer loop
      vertex   -3.633181e+002 1.394475e+002 3.100000e+001
      vertex   -3.613500e+002 1.347000e+002 3.100000e+001
      vertex   -3.634910e+002 1.393936e+002 3.100000e+001
    endloop
  endfacet
  facet normal 0.000000e+000 -0.000000e+000 -9.697251e-001
    outer loop
      vertex   -3.634910e+002 1.393936e+002 3.100000e+001
      vertex   -3.613500e+002 1.347000e+002 3.100000e+001
      vertex   -3.636692e+002 1.393609e+002 3.100000e+001
    endloop
  endfacet
  facet normal 0.000000e+000 0.000000e+000 9.205323e-001
    outer loop
      vertex   -3.640308e+002 1.393609e+002 3.520000e+001
      vertex   -3.663500e+002 1.347000e+002 3.520000e+001
      vertex   -3.638500e+002 1.393500e+002 3.520000e+001
    endloop
  endfacet
  facet normal 0.000000e+000 0.000000e+000 8.341546e-001
    outer loop
      vertex   -3.638500e+002 1.393500e+002 3.520000e+001
      vertex   -3.663500e+002 1.347000e+002 3.520000e+001
      vertex   -3.613500e+002 1.347000e+002 3.520000e+001
    endloop
  endfacet
  facet normal -0.000000e+000 0.000000e+000 9.077318e-001
    outer loop
      vertex   -3.638500e+002 1.393500e+002 3.520000e+001
      vertex   -3.613500e+002 1.347000e+002 3.520000e+001
      vertex   -3.636692e+002 1.393609e+002 3.520000e+001
    endloop
  endfacet
  facet normal -0.000000e+000 0.000000e+000 9.609340e-001
    outer loop
      vertex   -3.636692e+002 1.393609e+002 3.520000e+001
      vertex   -3.613500e+002 1.347000e+002 3.520000e+001
      vertex   -3.634910e+002 1.393936e+002 3.520000e+001
    endloop
  endfacet
  facet normal -0.000000e+000 0.000000e+000 9.920884e-001
    outer loop
      vertex   -3.634910e+002 1.393936e+002 3.520000e+001
      vertex   -3.613500e+002 1.347000e+002 3.520000e+001
      vertex   -3.633181e+002 1.394475e+002 3.520000e+001
    endloop
  endfacet
  facet normal -0.000000e+000 0.000000e+000 9.995513e-001
    outer loop
      vertex   -3.633181e+002 1.394475e+002 3.520000e+001
      vertex   -3.613500e+002 1.347000e+002 3.520000e+001
      vertex   -3.631529e+002 1.395218e+002 3.520000e+001
    endloop
  endfacet
  facet normal -0.000000e+000 0.000000e+000 9.827783e-001
    outer loop
      vertex   -3.631529e+002 1.395218e+002 3.520000e+001
      vertex   -3.613500e+002 1.347000e+002 3.520000e+001
      vertex   -3.629979e+002 1.396155e+002 3.520000e+001
    endloop
  endfacet
  facet normal -0.000000e+000 0.000000e+000 9.423772e-001
    outer loop
      vertex   -3.629979e+002 1.396155e+002 3.520000e+001
      vertex   -3.613500e+002 1.347000e+002 3.520000e+001
      vertex   -3.628553e+002 1.397272e+002 3.520000e+001
    endloop
  endfacet
  facet normal -0.000000e+000 0.000000e+000 8.802234e-001
    outer loop
      vertex   -3.628553e+002 1.397272e+002 3.520000e+001
      vertex   -3.613500e+002 1.347000e+002 3.520000e+001
      vertex   -3.627272e+002 1.398553e+002 3.520000e+001
    endloop
  endfacet
  facet normal -0.000000e+000 0.000000e+000 7.990191e-001
    outer loop
      vertex   -3.627272e+002 1.398553e+002 3.520000e+001
      vertex   -3.613500e+002 1.347000e+002 3.520000e+001
      vertex   -3.626155e+002 1.399979e+002 3.520000e+001
    endloop
  endfacet
  facet normal -0.000000e+000 0.000000e+000 7.019698e-001
    outer loop
      vertex   -3.626155e+002 1.399979e+002 3.520000e+001
      vertex   -3.613500e+002 1.347000e+002 3.520000e+001
      vertex   -3.625218e+002 1.401529e+002 3.520000e+001
    endloop
  endfacet
  facet normal -0.000000e+000 0.000000e+000 5.928189e-001
    outer loop
      vertex   -3.625218e+002 1.401529e+002 3.520000e+001
      vertex   -3.613500e+002 1.347000e+002 3.520000e+001
      vertex   -3.624475e+002 1.403181e+002 3.520000e+001
    endloop
  endfacet
  facet normal -0.000000e+000 0.000000e+000 4.750602e-001
    outer loop
      vertex   -3.624475e+002 1.403181e+002 3.520000e+001
      vertex   -3.613500e+002 1.347000e+002 3.520000e+001
      vertex   -3.623936e+002 1.404910e+002 3.520000e+001
    endloop
  endfacet
  facet normal -0.000000e+000 0.000000e+000 3.518648e-001
    outer loop
      vertex   -3.623936e+002 1.404910e+002 3.520000e+001
      vertex   -3.613500e+002 1.347000e+002 3.520000e+001
      vertex   -3.623609e+002 1.406692e+002 3.520000e+001
    endloop
  endfacet
  facet normal -0.000000e+000 0.000000e+000 2.261406e-001
    outer loop
      vertex   -3.623609e+002 1.406692e+002 3.520000e+001
      vertex   -3.613500e+002 1.347000e+002 3.520000e+001
      vertex   -3.623500e+002 1.408500e+002 3.520000e+001
    endloop
  endfacet
  facet normal -0.000000e+000 0.000000e+000 3.168265e-001
    outer loop
      vertex   -3.623500e+002 1.408500e+002 3.520000e+001
      vertex   -3.613500e+002 1.347000e+002 3.520000e+001
      vertex   -3.613500e+002 1.470000e+002 3.520000e+001
    endloop
  endfacet
  facet normal 0.000000e+000 -0.000000e+000 2.197369e-001
    outer loop
      vertex   -3.623500e+002 1.408500e+002 3.520000e+001
      vertex   -3.613500e+002 1.470000e+002 3.520000e+001
      vertex   -3.623609e+002 1.410308e+002 3.520000e+001
    endloop
  endfacet
  facet normal 0.000000e+000 -0.000000e+000 3.419915e-001
    outer loop
      vertex   -3.623609e+002 1.410308e+002 3.520000e+001
      vertex   -3.613500e+002 1.470000e+002 3.520000e+001
      vertex   -3.623936e+002 1.412090e+002 3.520000e+001
    endloop
  endfacet
  facet normal 0.000000e+000 -0.000000e+000 4.621193e-001
    outer loop
      vertex   -3.623936e+002 1.412090e+002 3.520000e+001
      vertex   -3.613500e+002 1.470000e+002 3.520000e+001
      vertex   -3.624475e+002 1.413819e+002 3.520000e+001
    endloop
  endfacet
  facet normal 0.000000e+000 -0.000000e+000 5.776350e-001
    outer loop
      vertex   -3.624475e+002 1.413819e+002 3.520000e+001
      vertex   -3.613500e+002 1.470000e+002 3.520000e+001
      vertex   -3.625218e+002 1.415471e+002 3.520000e+001
    endloop
  endfacet
  facet normal 0.000000e+000 -0.000000e+000 6.855209e-001
    outer loop
      vertex   -3.625218e+002 1.415471e+002 3.520000e+001
      vertex   -3.613500e+002 1.470000e+002 3.520000e+001
      vertex   -3.626155e+002 1.417021e+002 3.520000e+001
    endloop
  endfacet
  facet normal 0.000000e+000 -0.000000e+000 7.827912e-001
    outer loop
      vertex   -3.626155e+002 1.417021e+002 3.520000e+001
      vertex   -3.613500e+002 1.470000e+002 3.520000e+001
      vertex   -3.627272e+002 1.418447e+002 3.520000e+001
    endloop
  endfacet
  facet normal 0.000000e+000 -0.000000e+000 8.656508e-001
    outer loop
      vertex   -3.627272e+002 1.418447e+002 3.520000e+001
      vertex   -3.613500e+002 1.470000e+002 3.520000e+001
      vertex   -3.628553e+002 1.419728e+002 3.520000e+001
    endloop
  endfacet
  facet normal 0.000000e+000 -0.000000e+000 9.309967e-001
    outer loop
      vertex   -3.628553e+002 1.419728e+002 3.520000e+001
      vertex   -3.613500e+002 1.470000e+002 3.520000e+001
      vertex   -3.629979e+002 1.420845e+002 3.520000e+001
    endloop
  endfacet
  facet normal 0.000000e+000 -0.000000e+000 9.758531e-001
    outer loop
      vertex   -3.629979e+002 1.420845e+002 3.520000e+001
      vertex   -3.613500e+002 1.470000e+002 3.520000e+001
      vertex   -3.631529e+002 1.421782e+002 3.520000e+001
    endloop
  endfacet
  facet normal 0.000000e+000 -0.000000e+000 9.978796e-001
    outer loop
      vertex   -3.631529e+002 1.421782e+002 3.520000e+001
      vertex   -3.613500e+002 1.470000e+002 3.520000e+001
      vertex   -3.633181e+002 1.422525e+002 3.520000e+001
    endloop
  endfacet
  facet normal 0.000000e+000 -0.000000e+000 9.958717e-001
    outer loop
      vertex   -3.633181e+002 1.422525e+002 3.520000e+001
      vertex   -3.613500e+002 1.470000e+002 3.520000e+001
      vertex   -3.634910e+002 1.423064e+002 3.520000e+001
    endloop
  endfacet
  facet normal 0.000000e+000 -0.000000e+000 9.697251e-001
    outer loop
      vertex   -3.634910e+002 1.423064e+002 3.520000e+001
      vertex   -3.613500e+002 1.470000e+002 3.520000e+001
      vertex   -3.636692e+002 1.423391e+002 3.520000e+001
    endloop
  endfacet
  facet normal 0.000000e+000 -0.000000e+000 9.205632e-001
    outer loop
      vertex   -3.636692e+002 1.423391e+002 3.520000e+001
      vertex   -3.613500e+002 1.470000e+002 3.520000e+001
      vertex   -3.638500e+002 1.423500e+002 3.520000e+001
    endloop
  endfacet
  facet normal 0.000000e+000 -0.000000e+000 8.341562e-001
    outer loop
      vertex   -3.638500e+002 1.423500e+002 3.520000e+001
      vertex   -3.613500e+002 1.470000e+002 3.520000e+001
      vertex   -3.663500e+002 1.470000e+002 3.520000e+001
    endloop
  endfacet
  facet normal 0.000000e+000 0.000000e+000 9.077708e-001
    outer loop
      vertex   -3.638500e+002 1.423500e+002 3.520000e+001
      vertex   -3.663500e+002 1.470000e+002 3.520000e+001
      vertex   -3.640308e+002 1.423391e+002 3.520000e+001
    endloop
  endfacet
  facet normal 0.000000e+000 0.000000e+000 9.609242e-001
    outer loop
      vertex   -3.640308e+002 1.423391e+002 3.520000e+001
      vertex   -3.663500e+002 1.470000e+002 3.520000e+001
      vertex   -3.642090e+002 1.423064e+002 3.520000e+001
    endloop
  endfacet
  facet normal 0.000000e+000 0.000000e+000 9.920948e-001
    outer loop
      vertex   -3.642090e+002 1.423064e+002 3.520000e+001
      vertex   -3.663500e+002 1.470000e+002 3.520000e+001
      vertex   -3.643819e+002 1.422525e+002 3.520000e+001
    endloop
  endfacet
  facet normal 0.000000e+000 0.000000e+000 9.995535e-001
    outer loop
      vertex   -3.643819e+002 1.422525e+002 3.520000e+001
      vertex   -3.663500e+002 1.470000e+002 3.520000e+001
      vertex   -3.645471e+002 1.421782e+002 3.520000e+001
    endloop
  endfacet
  facet normal 0.000000e+000 0.000000e+000 9.827622e-001
    outer loop
      vertex   -3.645471e+002 1.421782e+002 3.520000e+001
      vertex   -3.663500e+002 1.470000e+002 3.520000e+001
      vertex   -3.647021e+002 1.420845e+002 3.520000e+001
    endloop
  endfacet
  facet normal 0.000000e+000 0.000000e+000 9.424137e-001
    outer loop
      vertex   -3.647021e+002 1.420845e+002 3.520000e+001
      vertex   -3.663500e+002 1.470000e+002 3.520000e+001
      vertex   -3.648447e+002 1.419728e+002 3.520000e+001
    endloop
  endfacet
  facet normal 0.000000e+000 0.000000e+000 8.802234e-001
    outer loop
      vertex   -3.648447e+002 1.419728e+002 3.520000e+001
      vertex   -3.663500e+002 1.470000e+002 3.520000e+001
      vertex   -3.649728e+002 1.418447e+002 3.520000e+001
    endloop
  endfacet
  facet normal 0.000000e+000 0.000000e+000 7.989706e-001
    outer loop
      vertex   -3.649728e+002 1.418447e+002 3.520000e+001
      vertex   -3.663500e+002 1.470000e+002 3.520000e+001
      vertex   -3.650845e+002 1.417021e+002 3.520000e+001
    endloop
  endfacet
  facet normal 0.000000e+000 0.000000e+000 7.020457e-001
    outer loop
      vertex   -3.650845e+002 1.417021e+002 3.520000e+001
      vertex   -3.663500e+002 1.470000e+002 3.520000e+001
      vertex   -3.651782e+002 1.415471e+002 3.520000e+001
    endloop
  endfacet
  facet normal 0.000000e+000 0.000000e+000 5.928468e-001
    outer loop
      vertex   -3.651782e+002 1.415471e+002 3.520000e+001
      vertex   -3.663500e+002 1.470000e+002 3.520000e+001
      vertex   -3.652525e+002 1.413819e+002 3.520000e+001
    endloop
  endfacet
  facet normal 0.000000e+000 0.000000e+000 4.750386e-001
    outer loop
      vertex   -3.652525e+002 1.413819e+002 3.520000e+001
      vertex   -3.663500e+002 1.470000e+002 3.520000e+001
      vertex   -3.653064e+002 1.412090e+002 3.520000e+001
    endloop
  endfacet
  facet normal 0.000000e+000 0.000000e+000 3.517097e-001
    outer loop
      vertex   -3.653064e+002 1.412090e+002 3.520000e+001
      vertex   -3.663500e+002 1.470000e+002 3.520000e+001
      vertex   -3.653391e+002 1.410308e+002 3.520000e+001
    endloop
  endfacet
  facet normal 0.000000e+000 0.000000e+000 2.263142e-001
    outer loop
      vertex   -3.653391e+002 1.410308e+002 3.520000e+001
      vertex   -3.663500e+002 1.470000e+002 3.520000e+001
      vertex   -3.653500e+002 1.408500e+002 3.520000e+001
    endloop
  endfacet
  facet normal 0.000000e+000 0.000000e+000 3.168265e-001
    outer loop
      vertex   -3.653500e+002 1.408500e+002 3.520000e+001
      vertex   -3.663500e+002 1.470000e+002 3.520000e+001
      vertex   -3.663500e+002 1.347000e+002 3.520000e+001
    endloop
  endfacet
  facet normal 0.000000e+000 0.000000e+000 2.198956e-001
    outer loop
      vertex   -3.653500e+002 1.408500e+002 3.520000e+001
      vertex   -3.663500e+002 1.347000e+002 3.520000e+001
      vertex   -3.653391e+002 1.406692e+002 3.520000e+001
    endloop
  endfacet
  facet normal 0.000000e+000 0.000000e+000 3.418404e-001
    outer loop
      vertex   -3.653391e+002 1.406692e+002 3.520000e+001
      vertex   -3.663500e+002 1.347000e+002 3.520000e+001
      vertex   -3.653064e+002 1.404910e+002 3.520000e+001
    endloop
  endfacet
  facet normal 0.000000e+000 0.000000e+000 4.621415e-001
    outer loop
      vertex   -3.653064e+002 1.404910e+002 3.520000e+001
      vertex   -3.663500e+002 1.347000e+002 3.520000e+001
      vertex   -3.652525e+002 1.403181e+002 3.520000e+001
    endloop
  endfacet
  facet normal 0.000000e+000 0.000000e+000 5.776064e-001
    outer loop
      vertex   -3.652525e+002 1.403181e+002 3.520000e+001
      vertex   -3.663500e+002 1.347000e+002 3.520000e+001
      vertex   -3.651782e+002 1.401529e+002 3.520000e+001
    endloop
  endfacet
  facet normal 0.000000e+000 0.000000e+000 6.856576e-001
    outer loop
      vertex   -3.651782e+002 1.401529e+002 3.520000e+001
      vertex   -3.663500e+002 1.347000e+002 3.520000e+001
      vertex   -3.650845e+002 1.399979e+002 3.520000e+001
    endloop
  endfacet
  facet normal 0.000000e+000 0.000000e+000 7.826793e-001
    outer loop
      vertex   -3.650845e+002 1.399979e+002 3.520000e+001
      vertex   -3.663500e+002 1.347000e+002 3.520000e+001
      vertex   -3.649728e+002 1.398553e+002 3.520000e+001
    endloop
  endfacet
  facet normal 0.000000e+000 0.000000e+000 8.656508e-001
    outer loop
      vertex   -3.649728e+002 1.398553e+002 3.520000e+001
      vertex   -3.663500e+002 1.347000e+002 3.520000e+001
      vertex   -3.648447e+002 1.397272e+002 3.520000e+001
    endloop
  endfacet
  facet normal 0.000000e+000 0.000000e+000 9.310346e-001
    outer loop
      vertex   -3.648447e+002 1.397272e+002 3.520000e+001
      vertex   -3.663500e+002 1.347000e+002 3.520000e+001
      vertex   -3.647021e+002 1.396155e+002 3.520000e+001
    endloop
  endfacet
  facet normal 0.000000e+000 0.000000e+000 9.758353e-001
    outer loop
      vertex   -3.647021e+002 1.396155e+002 3.520000e+001
      vertex   -3.663500e+002 1.347000e+002 3.520000e+001
      vertex   -3.645471e+002 1.395218e+002 3.520000e+001
    endloop
  endfacet
  facet normal 0.000000e+000 0.000000e+000 9.978841e-001
    outer loop
      vertex   -3.645471e+002 1.395218e+002 3.520000e+001
      vertex   -3.663500e+002 1.347000e+002 3.520000e+001
      vertex   -3.643819e+002 1.394475e+002 3.520000e+001
    endloop
  endfacet
  facet normal 0.000000e+000 0.000000e+000 9.958758e-001
    outer loop
      vertex   -3.643819e+002 1.394475e+002 3.520000e+001
      vertex   -3.663500e+002 1.347000e+002 3.520000e+001
      vertex   -3.642090e+002 1.393936e+002 3.520000e+001
    endloop
  endfacet
  facet normal 0.000000e+000 0.000000e+000 9.697177e-001
    outer loop
      vertex   -3.642090e+002 1.393936e+002 3.520000e+001
      vertex   -3.663500e+002 1.347000e+002 3.520000e+001
      vertex   -3.640308e+002 1.393609e+002 3.520000e+001
    endloop
  endfacet
  facet normal -1.000000e+000 -0.000000e+000 -0.000000e+000
    outer loop
      vertex   -3.386500e+002 1.470000e+002 3.520000e+001
      vertex   -3.386500e+002 1.470000e+002 3.100000e+001
      vertex   -3.386500e+002 1.347000e+002 3.520000e+001
    endloop
  endfacet
  facet normal -9.463499e-001 0.000000e+000 0.000000e+000
    outer loop
      vertex   -3.386500e+002 1.347000e+002 3.520000e+001
      vertex   -3.386500e+002 1.470000e+002 3.100000e+001
      vertex   -3.386500e+002 1.347000e+002 3.100000e+001
    endloop
  endfacet
  facet normal 1.000000e+000 -0.000000e+000 0.000000e+000
    outer loop
      vertex   -3.336500e+002 1.347000e+002 3.520000e+001
      vertex   -3.336500e+002 1.347000e+002 3.100000e+001
      vertex   -3.336500e+002 1.470000e+002 3.520000e+001
    endloop
  endfacet
  facet normal 9.463499e-001 0.000000e+000 0.000000e+000
    outer loop
      vertex   -3.336500e+002 1.470000e+002 3.520000e+001
      vertex   -3.336500e+002 1.347000e+002 3.100000e+001
      vertex   -3.336500e+002 1.470000e+002 3.100000e+001
    endloop
  endfacet
  facet normal 0.000000e+000 -1.000000e+000 0.000000e+000
    outer loop
      vertex   -3.336500e+002 1.347000e+002 3.100000e+001
      vertex   -3.336500e+002 1.347000e+002 3.520000e+001
      vertex   -3.386500e+002 1.347000e+002 3.100000e+001
    endloop
  endfacet
  facet normal 0.000000e+000 -7.657048e-001 0.000000e+000
    outer loop
      vertex   -3.386500e+002 1.347000e+002 3.100000e+001
      vertex   -3.336500e+002 1.347000e+002 3.520000e+001
      vertex   -3.386500e+002 1.347000e+002 3.520000e+001
    endloop
  endfacet
  facet normal 0.000000e+000 0.000000e+000 -9.205632e-001
    outer loop
      vertex   -3.363308e+002 1.423391e+002 3.100000e+001
      vertex   -3.386500e+002 1.470000e+002 3.100000e+001
      vertex   -3.361500e+002 1.423500e+002 3.100000e+001
    endloop
  endfacet
  facet normal 0.000000e+000 0.000000e+000 -8.341562e-001
    outer loop
      vertex   -3.361500e+002 1.423500e+002 3.100000e+001
      vertex   -3.386500e+002 1.470000e+002 3.100000e+001
      vertex   -3.336500e+002 1.470000e+002 3.100000e+001
    endloop
  endfacet
  facet normal 0.000000e+000 0.000000e+000 -9.077708e-001
    outer loop
      vertex   -3.361500e+002 1.423500e+002 3.100000e+001
      vertex   -3.336500e+002 1.470000e+002 3.100000e+001
      vertex   -3.359692e+002 1.423391e+002 3.100000e+001
    endloop
  endfacet
  facet normal 0.000000e+000 0.000000e+000 -9.609242e-001
    outer loop
      vertex   -3.359692e+002 1.423391e+002 3.100000e+001
      vertex   -3.336500e+002 1.470000e+002 3.100000e+001
      vertex   -3.357910e+002 1.423064e+002 3.100000e+001
    endloop
  endfacet
  facet normal 0.000000e+000 0.000000e+000 -9.920948e-001
    outer loop
      vertex   -3.357910e+002 1.423064e+002 3.100000e+001
      vertex   -3.336500e+002 1.470000e+002 3.100000e+001
      vertex   -3.356181e+002 1.422525e+002 3.100000e+001
    endloop
  endfacet
  facet normal 0.000000e+000 0.000000e+000 -9.995535e-001
    outer loop
      vertex   -3.356181e+002 1.422525e+002 3.100000e+001
      vertex   -3.336500e+002 1.470000e+002 3.100000e+001
      vertex   -3.354529e+002 1.421782e+002 3.100000e+001
    endloop
  endfacet
  facet normal 0.000000e+000 0.000000e+000 -9.827622e-001
    outer loop
      vertex   -3.354529e+002 1.421782e+002 3.100000e+001
      vertex   -3.336500e+002 1.470000e+002 3.100000e+001
      vertex   -3.352979e+002 1.420845e+002 3.100000e+001
    endloop
  endfacet
  facet normal 0.000000e+000 0.000000e+000 -9.424137e-001
    outer loop
      vertex   -3.352979e+002 1.420845e+002 3.100000e+001
      vertex   -3.336500e+002 1.470000e+002 3.100000e+001
      vertex   -3.351553e+002 1.419728e+002 3.100000e+001
    endloop
  endfacet
  facet normal 0.000000e+000 0.000000e+000 -8.802234e-001
    outer loop
      vertex   -3.351553e+002 1.419728e+002 3.100000e+001
      vertex   -3.336500e+002 1.470000e+002 3.100000e+001
      vertex   -3.350272e+002 1.418447e+002 3.100000e+001
    endloop
  endfacet
  facet normal 0.000000e+000 0.000000e+000 -7.989706e-001
    outer loop
      vertex   -3.350272e+002 1.418447e+002 3.100000e+001
      vertex   -3.336500e+002 1.470000e+002 3.100000e+001
      vertex   -3.349155e+002 1.417021e+002 3.100000e+001
    endloop
  endfacet
  facet normal 0.000000e+000 0.000000e+000 -7.020457e-001
    outer loop
      vertex   -3.349155e+002 1.417021e+002 3.100000e+001
      vertex   -3.336500e+002 1.470000e+002 3.100000e+001
      vertex   -3.348218e+002 1.415471e+002 3.100000e+001
    endloop
  endfacet
  facet normal 0.000000e+000 0.000000e+000 -5.928468e-001
    outer loop
      vertex   -3.348218e+002 1.415471e+002 3.100000e+001
      vertex   -3.336500e+002 1.470000e+002 3.100000e+001
      vertex   -3.347475e+002 1.413819e+002 3.100000e+001
    endloop
  endfacet
  facet normal 0.000000e+000 0.000000e+000 -4.750386e-001
    outer loop
      vertex   -3.347475e+002 1.413819e+002 3.100000e+001
      vertex   -3.336500e+002 1.470000e+002 3.100000e+001
      vertex   -3.346936e+002 1.412090e+002 3.100000e+001
    endloop
  endfacet
  facet normal 0.000000e+000 0.000000e+000 -3.517097e-001
    outer loop
      vertex   -3.346936e+002 1.412090e+002 3.100000e+001
      vertex   -3.336500e+002 1.470000e+002 3.100000e+001
      vertex   -3.346609e+002 1.410308e+002 3.100000e+001
    endloop
  endfacet
  facet normal 0.000000e+000 0.000000e+000 -2.263142e-001
    outer loop
      vertex   -3.346609e+002 1.410308e+002 3.100000e+001
      vertex   -3.336500e+002 1.470000e+002 3.100000e+001
      vertex   -3.346500e+002 1.408500e+002 3.100000e+001
    endloop
  endfacet
  facet normal 0.000000e+000 0.000000e+000 -3.168265e-001
    outer loop
      vertex   -3.346500e+002 1.408500e+002 3.100000e+001
      vertex   -3.336500e+002 1.470000e+002 3.100000e+001
      vertex   -3.336500e+002 1.347000e+002 3.100000e+001
    endloop
  endfacet
  facet normal 0.000000e+000 -0.000000e+000 -2.198956e-001
    outer loop
      vertex   -3.346500e+002 1.408500e+002 3.100000e+001
      vertex   -3.336500e+002 1.347000e+002 3.100000e+001
      vertex   -3.346609e+002 1.406692e+002 3.100000e+001
    endloop
  endfacet
  facet normal 0.000000e+000 -0.000000e+000 -3.418404e-001
    outer loop
      vertex   -3.346609e+002 1.406692e+002 3.100000e+001
      vertex   -3.336500e+002 1.347000e+002 3.100000e+001
      vertex   -3.346936e+002 1.404910e+002 3.100000e+001
    endloop
  endfacet
  facet normal 0.000000e+000 -0.000000e+000 -4.621415e-001
    outer loop
      vertex   -3.346936e+002 1.404910e+002 3.100000e+001
      vertex   -3.336500e+002 1.347000e+002 3.100000e+001
      vertex   -3.347475e+002 1.403181e+002 3.100000e+001
    endloop
  endfacet
  facet normal 0.000000e+000 -0.000000e+000 -5.776064e-001
    outer loop
      vertex   -3.347475e+002 1.403181e+002 3.100000e+001
      vertex   -3.336500e+002 1.347000e+002 3.100000e+001
      vertex   -3.348218e+002 1.401529e+002 3.100000e+001
    endloop
  endfacet
  facet normal 0.000000e+000 -0.000000e+000 -6.856576e-001
    outer loop
      vertex   -3.348218e+002 1.401529e+002 3.100000e+001
      vertex   -3.336500e+002 1.347000e+002 3.100000e+001
      vertex   -3.349155e+002 1.399979e+002 3.100000e+001
    endloop
  endfacet
  facet normal 0.000000e+000 -0.000000e+000 -7.826793e-001
    outer loop
      vertex   -3.349155e+002 1.399979e+002 3.100000e+001
      vertex   -3.336500e+002 1.347000e+002 3.100000e+001
      vertex   -3.350272e+002 1.398553e+002 3.100000e+001
    endloop
  endfacet
  facet normal 0.000000e+000 -0.000000e+000 -8.656508e-001
    outer loop
      vertex   -3.350272e+002 1.398553e+002 3.100000e+001
      vertex   -3.336500e+002 1.347000e+002 3.100000e+001
      vertex   -3.351553e+002 1.397272e+002 3.100000e+001
    endloop
  endfacet
  facet normal 0.000000e+000 -0.000000e+000 -9.310346e-001
    outer loop
      vertex   -3.351553e+002 1.397272e+002 3.100000e+001
      vertex   -3.336500e+002 1.347000e+002 3.100000e+001
      vertex   -3.352979e+002 1.396155e+002 3.100000e+001
    endloop
  endfacet
  facet normal 0.000000e+000 -0.000000e+000 -9.758353e-001
    outer loop
      vertex   -3.352979e+002 1.396155e+002 3.100000e+001
      vertex   -3.336500e+002 1.347000e+002 3.100000e+001
      vertex   -3.354529e+002 1.395218e+002 3.100000e+001
    endloop
  endfacet
  facet normal 0.000000e+000 -0.000000e+000 -9.978841e-001
    outer loop
      vertex   -3.354529e+002 1.395218e+002 3.100000e+001
      vertex   -3.336500e+002 1.347000e+002 3.100000e+001
      vertex   -3.356181e+002 1.394475e+002 3.100000e+001
    endloop
  endfacet
  facet normal 0.000000e+000 -0.000000e+000 -9.958758e-001
    outer loop
      vertex   -3.356181e+002 1.394475e+002 3.100000e+001
      vertex   -3.336500e+002 1.347000e+002 3.100000e+001
      vertex   -3.357910e+002 1.393936e+002 3.100000e+001
    endloop
  endfacet
  facet normal 0.000000e+000 -0.000000e+000 -9.697177e-001
    outer loop
      vertex   -3.357910e+002 1.393936e+002 3.100000e+001
      vertex   -3.336500e+002 1.347000e+002 3.100000e+001
      vertex   -3.359692e+002 1.393609e+002 3.100000e+001
    endloop
  endfacet
  facet normal 0.000000e+000 -0.000000e+000 -9.205323e-001
    outer loop
      vertex   -3.359692e+002 1.393609e+002 3.100000e+001
      vertex   -3.336500e+002 1.347000e+002 3.100000e+001
      vertex   -3.361500e+002 1.393500e+002 3.100000e+001
    endloop
  endfacet
  facet normal 0.000000e+000 -0.000000e+000 -8.341546e-001
    outer loop
      vertex   -3.361500e+002 1.393500e+002 3.100000e+001
      vertex   -3.336500e+002 1.347000e+002 3.100000e+001
      vertex   -3.386500e+002 1.347000e+002 3.100000e+001
    endloop
  endfacet
  facet normal -0.000000e+000 0.000000e+000 -9.077318e-001
    outer loop
      vertex   -3.361500e+002 1.393500e+002 3.100000e+001
      vertex   -3.386500e+002 1.347000e+002 3.100000e+001
      vertex   -3.363308e+002 1.393609e+002 3.100000e+001
    endloop
  endfacet
  facet normal -0.000000e+000 0.000000e+000 -9.609340e-001
    outer loop
      vertex   -3.363308e+002 1.393609e+002 3.100000e+001
      vertex   -3.386500e+002 1.347000e+002 3.100000e+001
      vertex   -3.365090e+002 1.393936e+002 3.100000e+001
    endloop
  endfacet
  facet normal -0.000000e+000 0.000000e+000 -9.920884e-001
    outer loop
      vertex   -3.365090e+002 1.393936e+002 3.100000e+001
      vertex   -3.386500e+002 1.347000e+002 3.100000e+001
      vertex   -3.366819e+002 1.394475e+002 3.100000e+001
    endloop
  endfacet
  facet normal -0.000000e+000 0.000000e+000 -9.995513e-001
    outer loop
      vertex   -3.366819e+002 1.394475e+002 3.100000e+001
      vertex   -3.386500e+002 1.347000e+002 3.100000e+001
      vertex   -3.368471e+002 1.395218e+002 3.100000e+001
    endloop
  endfacet
  facet normal -0.000000e+000 0.000000e+000 -9.827783e-001
    outer loop
      vertex   -3.368471e+002 1.395218e+002 3.100000e+001
      vertex   -3.386500e+002 1.347000e+002 3.100000e+001
      vertex   -3.370021e+002 1.396155e+002 3.100000e+001
    endloop
  endfacet
  facet normal -0.000000e+000 0.000000e+000 -9.423772e-001
    outer loop
      vertex   -3.370021e+002 1.396155e+002 3.100000e+001
      vertex   -3.386500e+002 1.347000e+002 3.100000e+001
      vertex   -3.371447e+002 1.397272e+002 3.100000e+001
    endloop
  endfacet
  facet normal -0.000000e+000 0.000000e+000 -8.802234e-001
    outer loop
      vertex   -3.371447e+002 1.397272e+002 3.100000e+001
      vertex   -3.386500e+002 1.347000e+002 3.100000e+001
      vertex   -3.372728e+002 1.398553e+002 3.100000e+001
    endloop
  endfacet
  facet normal -0.000000e+000 0.000000e+000 -7.990191e-001
    outer loop
      vertex   -3.372728e+002 1.398553e+002 3.100000e+001
      vertex   -3.386500e+002 1.347000e+002 3.100000e+001
      vertex   -3.373845e+002 1.399979e+002 3.100000e+001
    endloop
  endfacet
  facet normal -0.000000e+000 0.000000e+000 -7.019698e-001
    outer loop
      vertex   -3.373845e+002 1.399979e+002 3.100000e+001
      vertex   -3.386500e+002 1.347000e+002 3.100000e+001
      vertex   -3.374782e+002 1.401529e+002 3.100000e+001
    endloop
  endfacet
  facet normal -0.000000e+000 0.000000e+000 -5.928189e-001
    outer loop
      vertex   -3.374782e+002 1.401529e+002 3.100000e+001
      vertex   -3.386500e+002 1.347000e+002 3.100000e+001
      vertex   -3.375525e+002 1.403181e+002 3.100000e+001
    endloop
  endfacet
  facet normal -0.000000e+000 0.000000e+000 -4.750602e-001
    outer loop
      vertex   -3.375525e+002 1.403181e+002 3.100000e+001
      vertex   -3.386500e+002 1.347000e+002 3.100000e+001
      vertex   -3.376064e+002 1.404910e+002 3.100000e+001
    endloop
  endfacet
  facet normal -0.000000e+000 0.000000e+000 -3.518648e-001
    outer loop
      vertex   -3.376064e+002 1.404910e+002 3.100000e+001
      vertex   -3.386500e+002 1.347000e+002 3.100000e+001
      vertex   -3.376391e+002 1.406692e+002 3.100000e+001
    endloop
  endfacet
  facet normal -0.000000e+000 0.000000e+000 -2.261406e-001
    outer loop
      vertex   -3.376391e+002 1.406692e+002 3.100000e+001
      vertex   -3.386500e+002 1.347000e+002 3.100000e+001
      vertex   -3.376500e+002 1.408500e+002 3.100000e+001
    endloop
  endfacet
  facet normal -0.000000e+000 0.000000e+000 -3.168265e-001
    outer loop
      vertex   -3.376500e+002 1.408500e+002 3.100000e+001
      vertex   -3.386500e+002 1.347000e+002 3.100000e+001
      vertex   -3.386500e+002 1.470000e+002 3.100000e+001
    endloop
  endfacet
  facet normal 0.000000e+000 0.000000e+000 -2.197369e-001
    outer loop
      vertex   -3.376500e+002 1.408500e+002 3.100000e+001
      vertex   -3.386500e+002 1.470000e+002 3.100000e+001
      vertex   -3.376391e+002 1.410308e+002 3.100000e+001
    endloop
  endfacet
  facet normal 0.000000e+000 0.000000e+000 -3.419915e-001
    outer loop
      vertex   -3.376391e+002 1.410308e+002 3.100000e+001
      vertex   -3.386500e+002 1.470000e+002 3.100000e+001
      vertex   -3.376064e+002 1.412090e+002 3.100000e+001
    endloop
  endfacet
  facet normal 0.000000e+000 0.000000e+000 -4.621193e-001
    outer loop
      vertex   -3.376064e+002 1.412090e+002 3.100000e+001
      vertex   -3.386500e+002 1.470000e+002 3.100000e+001
      vertex   -3.375525e+002 1.413819e+002 3.100000e+001
    endloop
  endfacet
  facet normal 0.000000e+000 0.000000e+000 -5.776350e-001
    outer loop
      vertex   -3.375525e+002 1.413819e+002 3.100000e+001
      vertex   -3.386500e+002 1.470000e+002 3.100000e+001
      vertex   -3.374782e+002 1.415471e+002 3.100000e+001
    endloop
  endfacet
  facet normal 0.000000e+000 0.000000e+000 -6.855209e-001
    outer loop
      vertex   -3.374782e+002 1.415471e+002 3.100000e+001
      vertex   -3.386500e+002 1.470000e+002 3.100000e+001
      vertex   -3.373845e+002 1.417021e+002 3.100000e+001
    endloop
  endfacet
  facet normal 0.000000e+000 0.000000e+000 -7.827912e-001
    outer loop
      vertex   -3.373845e+002 1.417021e+002 3.100000e+001
      vertex   -3.386500e+002 1.470000e+002 3.100000e+001
      vertex   -3.372728e+002 1.418447e+002 3.100000e+001
    endloop
  endfacet
  facet normal 0.000000e+000 0.000000e+000 -8.656508e-001
    outer loop
      vertex   -3.372728e+002 1.418447e+002 3.100000e+001
      vertex   -3.386500e+002 1.470000e+002 3.100000e+001
      vertex   -3.371447e+002 1.419728e+002 3.100000e+001
    endloop
  endfacet
  facet normal 0.000000e+000 0.000000e+000 -9.309967e-001
    outer loop
      vertex   -3.371447e+002 1.419728e+002 3.100000e+001
      vertex   -3.386500e+002 1.470000e+002 3.100000e+001
      vertex   -3.370021e+002 1.420845e+002 3.100000e+001
    endloop
  endfacet
  facet normal 0.000000e+000 0.000000e+000 -9.758531e-001
    outer loop
      vertex   -3.370021e+002 1.420845e+002 3.100000e+001
      vertex   -3.386500e+002 1.470000e+002 3.100000e+001
      vertex   -3.368471e+002 1.421782e+002 3.100000e+001
    endloop
  endfacet
  facet normal 0.000000e+000 0.000000e+000 -9.978796e-001
    outer loop
      vertex   -3.368471e+002 1.421782e+002 3.100000e+001
      vertex   -3.386500e+002 1.470000e+002 3.100000e+001
      vertex   -3.366819e+002 1.422525e+002 3.100000e+001
    endloop
  endfacet
  facet normal 0.000000e+000 0.000000e+000 -9.958717e-001
    outer loop
      vertex   -3.366819e+002 1.422525e+002 3.100000e+001
      vertex   -3.386500e+002 1.470000e+002 3.100000e+001
      vertex   -3.365090e+002 1.423064e+002 3.100000e+001
    endloop
  endfacet
  facet normal 0.000000e+000 0.000000e+000 -9.697251e-001
    outer loop
      vertex   -3.365090e+002 1.423064e+002 3.100000e+001
      vertex   -3.386500e+002 1.470000e+002 3.100000e+001
      vertex   -3.363308e+002 1.423391e+002 3.100000e+001
    endloop
  endfacet
  facet normal 0.000000e+000 -0.000000e+000 9.205651e-001
    outer loop
      vertex   -3.359692e+002 1.423391e+002 3.520000e+001
      vertex   -3.336500e+002 1.470000e+002 3.520000e+001
      vertex   -3.361500e+002 1.423500e+002 3.520000e+001
    endloop
  endfacet
  facet normal 0.000000e+000 -0.000000e+000 8.341562e-001
    outer loop
      vertex   -3.361500e+002 1.423500e+002 3.520000e+001
      vertex   -3.336500e+002 1.470000e+002 3.520000e+001
      vertex   -3.386500e+002 1.470000e+002 3.520000e+001
    endloop
  endfacet
  facet normal 0.000000e+000 0.000000e+000 9.077665e-001
    outer loop
      vertex   -3.361500e+002 1.423500e+002 3.520000e+001
      vertex   -3.386500e+002 1.470000e+002 3.520000e+001
      vertex   -3.363308e+002 1.423391e+002 3.520000e+001
    endloop
  endfacet
  facet normal 0.000000e+000 0.000000e+000 9.609340e-001
    outer loop
      vertex   -3.363308e+002 1.423391e+002 3.520000e+001
      vertex   -3.386500e+002 1.470000e+002 3.520000e+001
      vertex   -3.365090e+002 1.423064e+002 3.520000e+001
    endloop
  endfacet
  facet normal 0.000000e+000 0.000000e+000 9.920884e-001
    outer loop
      vertex   -3.365090e+002 1.423064e+002 3.520000e+001
      vertex   -3.386500e+002 1.470000e+002 3.520000e+001
      vertex   -3.366819e+002 1.422525e+002 3.520000e+001
    endloop
  endfacet
  facet normal 0.000000e+000 0.000000e+000 9.995513e-001
    outer loop
      vertex   -3.366819e+002 1.422525e+002 3.520000e+001
      vertex   -3.386500e+002 1.470000e+002 3.520000e+001
      vertex   -3.368471e+002 1.421782e+002 3.520000e+001
    endloop
  endfacet
  facet normal 0.000000e+000 0.000000e+000 9.827783e-001
    outer loop
      vertex   -3.368471e+002 1.421782e+002 3.520000e+001
      vertex   -3.386500e+002 1.470000e+002 3.520000e+001
      vertex   -3.370021e+002 1.420845e+002 3.520000e+001
    endloop
  endfacet
  facet normal 0.000000e+000 0.000000e+000 9.423772e-001
    outer loop
      vertex   -3.370021e+002 1.420845e+002 3.520000e+001
      vertex   -3.386500e+002 1.470000e+002 3.520000e+001
      vertex   -3.371447e+002 1.419728e+002 3.520000e+001
    endloop
  endfacet
  facet normal 0.000000e+000 0.000000e+000 8.802234e-001
    outer loop
      vertex   -3.371447e+002 1.419728e+002 3.520000e+001
      vertex   -3.386500e+002 1.470000e+002 3.520000e+001
      vertex   -3.372728e+002 1.418447e+002 3.520000e+001
    endloop
  endfacet
  facet normal 0.000000e+000 0.000000e+000 7.990503e-001
    outer loop
      vertex   -3.372728e+002 1.418447e+002 3.520000e+001
      vertex   -3.386500e+002 1.470000e+002 3.520000e+001
      vertex   -3.373845e+002 1.417021e+002 3.520000e+001
    endloop
  endfacet
  facet normal 0.000000e+000 0.000000e+000 7.019392e-001
    outer loop
      vertex   -3.373845e+002 1.417021e+002 3.520000e+001
      vertex   -3.386500e+002 1.470000e+002 3.520000e+001
      vertex   -3.374782e+002 1.415471e+002 3.520000e+001
    endloop
  endfacet
  facet normal 0.000000e+000 0.000000e+000 5.928468e-001
    outer loop
      vertex   -3.374782e+002 1.415471e+002 3.520000e+001
      vertex   -3.386500e+002 1.470000e+002 3.520000e+001
      vertex   -3.375525e+002 1.413819e+002 3.520000e+001
    endloop
  endfacet
  facet normal 0.000000e+000 0.000000e+000 4.750386e-001
    outer loop
      vertex   -3.375525e+002 1.413819e+002 3.520000e+001
      vertex   -3.386500e+002 1.470000e+002 3.520000e+001
      vertex   -3.376064e+002 1.412090e+002 3.520000e+001
    endloop
  endfacet
  facet normal 0.000000e+000 0.000000e+000 3.518648e-001
    outer loop
      vertex   -3.376064e+002 1.412090e+002 3.520000e+001
      vertex   -3.386500e+002 1.470000e+002 3.520000e+001
      vertex   -3.376391e+002 1.410308e+002 3.520000e+001
    endloop
  endfacet
  facet normal 0.000000e+000 0.000000e+000 2.261456e-001
    outer loop
      vertex   -3.376391e+002 1.410308e+002 3.520000e+001
      vertex   -3.386500e+002 1.470000e+002 3.520000e+001
      vertex   -3.376500e+002 1.408500e+002 3.520000e+001
    endloop
  endfacet
  facet normal 0.000000e+000 0.000000e+000 3.168265e-001
    outer loop
      vertex   -3.376500e+002 1.408500e+002 3.520000e+001
      vertex   -3.386500e+002 1.470000e+002 3.520000e+001
      vertex   -3.386500e+002 1.347000e+002 3.520000e+001
    endloop
  endfacet
  facet normal 0.000000e+000 0.000000e+000 2.197315e-001
    outer loop
      vertex   -3.376500e+002 1.408500e+002 3.520000e+001
      vertex   -3.386500e+002 1.347000e+002 3.520000e+001
      vertex   -3.376391e+002 1.406692e+002 3.520000e+001
    endloop
  endfacet
  facet normal 0.000000e+000 0.000000e+000 3.419915e-001
    outer loop
      vertex   -3.376391e+002 1.406692e+002 3.520000e+001
      vertex   -3.386500e+002 1.347000e+002 3.520000e+001
      vertex   -3.376064e+002 1.404910e+002 3.520000e+001
    endloop
  endfacet
  facet normal 0.000000e+000 0.000000e+000 4.621415e-001
    outer loop
      vertex   -3.376064e+002 1.404910e+002 3.520000e+001
      vertex   -3.386500e+002 1.347000e+002 3.520000e+001
      vertex   -3.375525e+002 1.403181e+002 3.520000e+001
    endloop
  endfacet
  facet normal 0.000000e+000 0.000000e+000 5.776064e-001
    outer loop
      vertex   -3.375525e+002 1.403181e+002 3.520000e+001
      vertex   -3.386500e+002 1.347000e+002 3.520000e+001
      vertex   -3.374782e+002 1.401529e+002 3.520000e+001
    endloop
  endfacet
  facet normal 0.000000e+000 0.000000e+000 6.855527e-001
    outer loop
      vertex   -3.374782e+002 1.401529e+002 3.520000e+001
      vertex   -3.386500e+002 1.347000e+002 3.520000e+001
      vertex   -3.373845e+002 1.399979e+002 3.520000e+001
    endloop
  endfacet
  facet normal 0.000000e+000 0.000000e+000 7.827584e-001
    outer loop
      vertex   -3.373845e+002 1.399979e+002 3.520000e+001
      vertex   -3.386500e+002 1.347000e+002 3.520000e+001
      vertex   -3.372728e+002 1.398553e+002 3.520000e+001
    endloop
  endfacet
  facet normal 0.000000e+000 0.000000e+000 8.656508e-001
    outer loop
      vertex   -3.372728e+002 1.398553e+002 3.520000e+001
      vertex   -3.386500e+002 1.347000e+002 3.520000e+001
      vertex   -3.371447e+002 1.397272e+002 3.520000e+001
    endloop
  endfacet
  facet normal 0.000000e+000 0.000000e+000 9.309967e-001
    outer loop
      vertex   -3.371447e+002 1.397272e+002 3.520000e+001
      vertex   -3.386500e+002 1.347000e+002 3.520000e+001
      vertex   -3.370021e+002 1.396155e+002 3.520000e+001
    endloop
  endfacet
  facet normal 0.000000e+000 0.000000e+000 9.758531e-001
    outer loop
      vertex   -3.370021e+002 1.396155e+002 3.520000e+001
      vertex   -3.386500e+002 1.347000e+002 3.520000e+001
      vertex   -3.368471e+002 1.395218e+002 3.520000e+001
    endloop
  endfacet
  facet normal 0.000000e+000 0.000000e+000 9.978796e-001
    outer loop
      vertex   -3.368471e+002 1.395218e+002 3.520000e+001
      vertex   -3.386500e+002 1.347000e+002 3.520000e+001
      vertex   -3.366819e+002 1.394475e+002 3.520000e+001
    endloop
  endfacet
  facet normal 0.000000e+000 0.000000e+000 9.958717e-001
    outer loop
      vertex   -3.366819e+002 1.394475e+002 3.520000e+001
      vertex   -3.386500e+002 1.347000e+002 3.520000e+001
      vertex   -3.365090e+002 1.393936e+002 3.520000e+001
    endloop
  endfacet
  facet normal 0.000000e+000 0.000000e+000 9.697251e-001
    outer loop
      vertex   -3.365090e+002 1.393936e+002 3.520000e+001
      vertex   -3.386500e+002 1.347000e+002 3.520000e+001
      vertex   -3.363308e+002 1.393609e+002 3.520000e+001
    endloop
  endfacet
  facet normal 0.000000e+000 0.000000e+000 9.205304e-001
    outer loop
      vertex   -3.363308e+002 1.393609e+002 3.520000e+001
      vertex   -3.386500e+002 1.347000e+002 3.520000e+001
      vertex   -3.361500e+002 1.393500e+002 3.520000e+001
    endloop
  endfacet
  facet normal 0.000000e+000 0.000000e+000 8.341546e-001
    outer loop
      vertex   -3.361500e+002 1.393500e+002 3.520000e+001
      vertex   -3.386500e+002 1.347000e+002 3.520000e+001
      vertex   -3.336500e+002 1.347000e+002 3.520000e+001
    endloop
  endfacet
  facet normal -0.000000e+000 0.000000e+000 9.077361e-001
    outer loop
      vertex   -3.361500e+002 1.393500e+002 3.520000e+001
      vertex   -3.336500e+002 1.347000e+002 3.520000e+001
      vertex   -3.359692e+002 1.393609e+002 3.520000e+001
    endloop
  endfacet
  facet normal -0.000000e+000 0.000000e+000 9.609242e-001
    outer loop
      vertex   -3.359692e+002 1.393609e+002 3.520000e+001
      vertex   -3.336500e+002 1.347000e+002 3.520000e+001
      vertex   -3.357910e+002 1.393936e+002 3.520000e+001
    endloop
  endfacet
  facet normal -0.000000e+000 0.000000e+000 9.920948e-001
    outer loop
      vertex   -3.357910e+002 1.393936e+002 3.520000e+001
      vertex   -3.336500e+002 1.347000e+002 3.520000e+001
      vertex   -3.356181e+002 1.394475e+002 3.520000e+001
    endloop
  endfacet
  facet normal -0.000000e+000 0.000000e+000 9.995535e-001
    outer loop
      vertex   -3.356181e+002 1.394475e+002 3.520000e+001
      vertex   -3.336500e+002 1.347000e+002 3.520000e+001
      vertex   -3.354529e+002 1.395218e+002 3.520000e+001
    endloop
  endfacet
  facet normal -0.000000e+000 0.000000e+000 9.827622e-001
    outer loop
      vertex   -3.354529e+002 1.395218e+002 3.520000e+001
      vertex   -3.336500e+002 1.347000e+002 3.520000e+001
      vertex   -3.352979e+002 1.396155e+002 3.520000e+001
    endloop
  endfacet
  facet normal -0.000000e+000 0.000000e+000 9.424137e-001
    outer loop
      vertex   -3.352979e+002 1.396155e+002 3.520000e+001
      vertex   -3.336500e+002 1.347000e+002 3.520000e+001
      vertex   -3.351553e+002 1.397272e+002 3.520000e+001
    endloop
  endfacet
  facet normal -0.000000e+000 0.000000e+000 8.802234e-001
    outer loop
      vertex   -3.351553e+002 1.397272e+002 3.520000e+001
      vertex   -3.336500e+002 1.347000e+002 3.520000e+001
      vertex   -3.350272e+002 1.398553e+002 3.520000e+001
    endloop
  endfacet
  facet normal -0.000000e+000 0.000000e+000 7.989393e-001
    outer loop
      vertex   -3.350272e+002 1.398553e+002 3.520000e+001
      vertex   -3.336500e+002 1.347000e+002 3.520000e+001
      vertex   -3.349155e+002 1.399979e+002 3.520000e+001
    endloop
  endfacet
  facet normal -0.000000e+000 0.000000e+000 7.020763e-001
    outer loop
      vertex   -3.349155e+002 1.399979e+002 3.520000e+001
      vertex   -3.336500e+002 1.347000e+002 3.520000e+001
      vertex   -3.348218e+002 1.401529e+002 3.520000e+001
    endloop
  endfacet
  facet normal -0.000000e+000 0.000000e+000 5.928189e-001
    outer loop
      vertex   -3.348218e+002 1.401529e+002 3.520000e+001
      vertex   -3.336500e+002 1.347000e+002 3.520000e+001
      vertex   -3.347475e+002 1.403181e+002 3.520000e+001
    endloop
  endfacet
  facet normal -0.000000e+000 0.000000e+000 4.750602e-001
    outer loop
      vertex   -3.347475e+002 1.403181e+002 3.520000e+001
      vertex   -3.336500e+002 1.347000e+002 3.520000e+001
      vertex   -3.346936e+002 1.404910e+002 3.520000e+001
    endloop
  endfacet
  facet normal -0.000000e+000 0.000000e+000 3.517097e-001
    outer loop
      vertex   -3.346936e+002 1.404910e+002 3.520000e+001
      vertex   -3.336500e+002 1.347000e+002 3.520000e+001
      vertex   -3.346609e+002 1.406692e+002 3.520000e+001
    endloop
  endfacet
  facet normal -0.000000e+000 0.000000e+000 2.263093e-001
    outer loop
      vertex   -3.346609e+002 1.406692e+002 3.520000e+001
      vertex   -3.336500e+002 1.347000e+002 3.520000e+001
      vertex   -3.346500e+002 1.408500e+002 3.520000e+001
    endloop
  endfacet
  facet normal -0.000000e+000 0.000000e+000 3.168265e-001
    outer loop
      vertex   -3.346500e+002 1.408500e+002 3.520000e+001
      vertex   -3.336500e+002 1.347000e+002 3.520000e+001
      vertex   -3.336500e+002 1.470000e+002 3.520000e+001
    endloop
  endfacet
  facet normal 0.000000e+000 -0.000000e+000 2.199009e-001
    outer loop
      vertex   -3.346500e+002 1.408500e+002 3.520000e+001
      vertex   -3.336500e+002 1.470000e+002 3.520000e+001
      vertex   -3.346609e+002 1.410308e+002 3.520000e+001
    endloop
  endfacet
  facet normal 0.000000e+000 -0.000000e+000 3.418404e-001
    outer loop
      vertex   -3.346609e+002 1.410308e+002 3.520000e+001
      vertex   -3.336500e+002 1.470000e+002 3.520000e+001
      vertex   -3.346936e+002 1.412090e+002 3.520000e+001
    endloop
  endfacet
  facet normal 0.000000e+000 -0.000000e+000 4.621193e-001
    outer loop
      vertex   -3.346936e+002 1.412090e+002 3.520000e+001
      vertex   -3.336500e+002 1.470000e+002 3.520000e+001
      vertex   -3.347475e+002 1.413819e+002 3.520000e+001
    endloop
  endfacet
  facet normal 0.000000e+000 -0.000000e+000 5.776350e-001
    outer loop
      vertex   -3.347475e+002 1.413819e+002 3.520000e+001
      vertex   -3.336500e+002 1.470000e+002 3.520000e+001
      vertex   -3.348218e+002 1.415471e+002 3.520000e+001
    endloop
  endfacet
  facet normal 0.000000e+000 -0.000000e+000 6.856259e-001
    outer loop
      vertex   -3.348218e+002 1.415471e+002 3.520000e+001
      vertex   -3.336500e+002 1.470000e+002 3.520000e+001
      vertex   -3.349155e+002 1.417021e+002 3.520000e+001
    endloop
  endfacet
  facet normal 0.000000e+000 -0.000000e+000 7.827120e-001
    outer loop
      vertex   -3.349155e+002 1.417021e+002 3.520000e+001
      vertex   -3.336500e+002 1.470000e+002 3.520000e+001
      vertex   -3.350272e+002 1.418447e+002 3.520000e+001
    endloop
  endfacet
  facet normal 0.000000e+000 -0.000000e+000 8.656508e-001
    outer loop
      vertex   -3.350272e+002 1.418447e+002 3.520000e+001
      vertex   -3.336500e+002 1.470000e+002 3.520000e+001
      vertex   -3.351553e+002 1.419728e+002 3.520000e+001
    endloop
  endfacet
  facet normal 0.000000e+000 -0.000000e+000 9.310346e-001
    outer loop
      vertex   -3.351553e+002 1.419728e+002 3.520000e+001
      vertex   -3.336500e+002 1.470000e+002 3.520000e+001
      vertex   -3.352979e+002 1.420845e+002 3.520000e+001
    endloop
  endfacet
  facet normal 0.000000e+000 -0.000000e+000 9.758353e-001
    outer loop
      vertex   -3.352979e+002 1.420845e+002 3.520000e+001
      vertex   -3.336500e+002 1.470000e+002 3.520000e+001
      vertex   -3.354529e+002 1.421782e+002 3.520000e+001
    endloop
  endfacet
  facet normal 0.000000e+000 -0.000000e+000 9.978841e-001
    outer loop
      vertex   -3.354529e+002 1.421782e+002 3.520000e+001
      vertex   -3.336500e+002 1.470000e+002 3.520000e+001
      vertex   -3.356181e+002 1.422525e+002 3.520000e+001
    endloop
  endfacet
  facet normal 0.000000e+000 -0.000000e+000 9.958758e-001
    outer loop
      vertex   -3.356181e+002 1.422525e+002 3.520000e+001
      vertex   -3.336500e+002 1.470000e+002 3.520000e+001
      vertex   -3.357910e+002 1.423064e+002 3.520000e+001
    endloop
  endfacet
  facet normal 0.000000e+000 -0.000000e+000 9.697177e-001
    outer loop
      vertex   -3.357910e+002 1.423064e+002 3.520000e+001
      vertex   -3.336500e+002 1.470000e+002 3.520000e+001
      vertex   -3.359692e+002 1.423391e+002 3.520000e+001
    endloop
  endfacet
  facet normal 0.000000e+000 -4.299335e-001 -0.000000e+000
    outer loop
      vertex   -3.309500e+002 1.350000e+002 2.095000e+001
      vertex   -3.339500e+002 1.350000e+002 1.465000e+001
      vertex   -3.309500e+002 1.350000e+002 1.165000e+001
    endloop
  endfacet
  facet normal 0.000000e+000 -6.319383e-001 0.000000e+000
    outer loop
      vertex   -3.309500e+002 1.350000e+002 1.165000e+001
      vertex   -3.339500e+002 1.350000e+002 1.465000e+001
      vertex   -3.604500e+002 1.350000e+002 1.465000e+001
    endloop
  endfacet
  facet normal 0.000000e+000 -1.011731e-001 0.000000e+000
    outer loop
      vertex   -3.309500e+002 1.350000e+002 1.165000e+001
      vertex   -3.604500e+002 1.350000e+002 1.465000e+001
      vertex   -3.634500e+002 1.350000e+002 1.165000e+001
    endloop
  endfacet
  facet normal 0.000000e+000 -7.071068e-001 0.000000e+000
    outer loop
      vertex   -3.634500e+002 1.350000e+002 1.165000e+001
      vertex   -3.604500e+002 1.350000e+002 1.465000e+001
      vertex   -3.634500e+002 1.350000e+002 2.095000e+001
    endloop
  endfacet
  facet normal 0.000000e+000 -9.028605e-001 0.000000e+000
    outer loop
      vertex   -3.634500e+002 1.350000e+002 2.095000e+001
      vertex   -3.604500e+002 1.350000e+002 1.465000e+001
      vertex   -3.604500e+002 1.350000e+002 2.095000e+001
    endloop
  endfacet
  facet normal -0.000000e+000 -9.028605e-001 0.000000e+000
    outer loop
      vertex   -3.309500e+002 1.350000e+002 2.095000e+001
      vertex   -3.339500e+002 1.350000e+002 2.095000e+001
      vertex   -3.339500e+002 1.350000e+002 1.465000e+001
    endloop
  endfacet
  facet normal 6.456310e-001 0.000000e+000 0.000000e+000
    outer loop
      vertex   -3.309500e+002 1.350000e+002 1.165000e+001
      vertex   -3.309500e+002 1.470000e+002 1.165000e+001
      vertex   -3.309500e+002 1.460000e+002 2.095000e+001
    endloop
  endfacet
  facet normal 4.158396e-001 -0.000000e+000 0.000000e+000
    outer loop
      vertex   -3.309500e+002 1.460000e+002 2.095000e+001
      vertex   -3.309500e+002 1.470000e+002 1.165000e+001
      vertex   -3.309500e+002 1.470000e+002 2.395000e+001
    endloop
  endfacet
  facet normal 3.162278e-001 0.000000e+000 0.000000e+000
    outer loop
      vertex   -3.309500e+002 1.460000e+002 2.095000e+001
      vertex   -3.309500e+002 1.470000e+002 2.395000e+001
      vertex   -3.309500e+002 1.460000e+002 2.395000e+001
    endloop
  endfacet
  facet normal 6.456310e-001 0.000000e+000 0.000000e+000
    outer loop
      vertex   -3.309500e+002 1.460000e+002 2.095000e+001
      vertex   -3.309500e+002 1.350000e+002 2.095000e+001
      vertex   -3.309500e+002 1.350000e+002 1.165000e+001
    endloop
  endfacet
  facet normal -1.000000e+000 0.000000e+000 0.000000e+000
    outer loop
      vertex   -3.339500e+002 1.350000e+002 2.095000e+001
      vertex   -3.339500e+002 1.460000e+002 2.095000e+001
      vertex   -3.339500e+002 1.350000e+002 1.465000e+001
    endloop
  endfacet
  facet normal -4.969883e-001 0.000000e+000 0.000000e+000
    outer loop
      vertex   -3.339500e+002 1.350000e+002 1.465000e+001
      vertex   -3.339500e+002 1.460000e+002 2.095000e+001
      vertex   -3.339500e+002 1.530000e+002 1.465000e+001
    endloop
  endfacet
  facet normal -7.432941e-001 0.000000e+000 0.000000e+000
    outer loop
      vertex   -3.339500e+002 1.530000e+002 1.465000e+001
      vertex   -3.339500e+002 1.460000e+002 2.095000e+001
      vertex   -3.339500e+002 1.530000e+002 2.095000e+001
    endloop
  endfacet
  facet normal -1.000000e+000 -0.000000e+000 -0.000000e+000
    outer loop
      vertex   -3.663500e+002 2.413000e+002 3.520000e+001
      vertex   -3.663500e+002 2.413000e+002 3.100000e+001
      vertex   -3.663500e+002 2.290000e+002 3.520000e+001
    endloop
  endfacet
  facet normal -9.463499e-001 0.000000e+000 0.000000e+000
    outer loop
      vertex   -3.663500e+002 2.290000e+002 3.520000e+001
      vertex   -3.663500e+002 2.413000e+002 3.100000e+001
      vertex   -3.663500e+002 2.290000e+002 3.100000e+001
    endloop
  endfacet
  facet normal 1.000000e+000 -0.000000e+000 0.000000e+000
    outer loop
      vertex   -3.613500e+002 2.290000e+002 3.520000e+001
      vertex   -3.613500e+002 2.290000e+002 3.100000e+001
      vertex   -3.613500e+002 2.413000e+002 3.520000e+001
    endloop
  endfacet
  facet normal 9.463499e-001 0.000000e+000 0.000000e+000
    outer loop
      vertex   -3.613500e+002 2.413000e+002 3.520000e+001
      vertex   -3.613500e+002 2.290000e+002 3.100000e+001
      vertex   -3.613500e+002 2.413000e+002 3.100000e+001
    endloop
  endfacet
  facet normal 0.000000e+000 1.000000e+000 0.000000e+000
    outer loop
      vertex   -3.663500e+002 2.413000e+002 3.100000e+001
      vertex   -3.663500e+002 2.413000e+002 3.520000e+001
      vertex   -3.613500e+002 2.413000e+002 3.100000e+001
    endloop
  endfacet
  facet normal 0.000000e+000 7.657048e-001 -0.000000e+000
    outer loop
      vertex   -3.613500e+002 2.413000e+002 3.100000e+001
      vertex   -3.663500e+002 2.413000e+002 3.520000e+001
      vertex   -3.613500e+002 2.413000e+002 3.520000e+001
    endloop
  endfacet
  facet normal 0.000000e+000 0.000000e+000 -9.205323e-001
    outer loop
      vertex   -3.640308e+002 2.366391e+002 3.100000e+001
      vertex   -3.663500e+002 2.413000e+002 3.100000e+001
      vertex   -3.638500e+002 2.366500e+002 3.100000e+001
    endloop
  endfacet
  facet normal 0.000000e+000 0.000000e+000 -8.341546e-001
    outer loop
      vertex   -3.638500e+002 2.366500e+002 3.100000e+001
      vertex   -3.663500e+002 2.413000e+002 3.100000e+001
      vertex   -3.613500e+002 2.413000e+002 3.100000e+001
    endloop
  endfacet
  facet normal 0.000000e+000 0.000000e+000 -9.077318e-001
    outer loop
      vertex   -3.638500e+002 2.366500e+002 3.100000e+001
      vertex   -3.613500e+002 2.413000e+002 3.100000e+001
      vertex   -3.636692e+002 2.366391e+002 3.100000e+001
    endloop
  endfacet
  facet normal 0.000000e+000 0.000000e+000 -9.609340e-001
    outer loop
      vertex   -3.636692e+002 2.366391e+002 3.100000e+001
      vertex   -3.613500e+002 2.413000e+002 3.100000e+001
      vertex   -3.634910e+002 2.366064e+002 3.100000e+001
    endloop
  endfacet
  facet normal 0.000000e+000 0.000000e+000 -9.920884e-001
    outer loop
      vertex   -3.634910e+002 2.366064e+002 3.100000e+001
      vertex   -3.613500e+002 2.413000e+002 3.100000e+001
      vertex   -3.633181e+002 2.365525e+002 3.100000e+001
    endloop
  endfacet
  facet normal 0.000000e+000 0.000000e+000 -9.995513e-001
    outer loop
      vertex   -3.633181e+002 2.365525e+002 3.100000e+001
      vertex   -3.613500e+002 2.413000e+002 3.100000e+001
      vertex   -3.631529e+002 2.364782e+002 3.100000e+001
    endloop
  endfacet
  facet normal 0.000000e+000 0.000000e+000 -9.827783e-001
    outer loop
      vertex   -3.631529e+002 2.364782e+002 3.100000e+001
      vertex   -3.613500e+002 2.413000e+002 3.100000e+001
      vertex   -3.629979e+002 2.363845e+002 3.100000e+001
    endloop
  endfacet
  facet normal 0.000000e+000 0.000000e+000 -9.423772e-001
    outer loop
      vertex   -3.629979e+002 2.363845e+002 3.100000e+001
      vertex   -3.613500e+002 2.413000e+002 3.100000e+001
      vertex   -3.628553e+002 2.362728e+002 3.100000e+001
    endloop
  endfacet
  facet normal 0.000000e+000 0.000000e+000 -8.802234e-001
    outer loop
      vertex   -3.628553e+002 2.362728e+002 3.100000e+001
      vertex   -3.613500e+002 2.413000e+002 3.100000e+001
      vertex   -3.627272e+002 2.361447e+002 3.100000e+001
    endloop
  endfacet
  facet normal 0.000000e+000 0.000000e+000 -7.990191e-001
    outer loop
      vertex   -3.627272e+002 2.361447e+002 3.100000e+001
      vertex   -3.613500e+002 2.413000e+002 3.100000e+001
      vertex   -3.626155e+002 2.360021e+002 3.100000e+001
    endloop
  endfacet
  facet normal 0.000000e+000 0.000000e+000 -7.019698e-001
    outer loop
      vertex   -3.626155e+002 2.360021e+002 3.100000e+001
      vertex   -3.613500e+002 2.413000e+002 3.100000e+001
      vertex   -3.625218e+002 2.358471e+002 3.100000e+001
    endloop
  endfacet
  facet normal 0.000000e+000 0.000000e+000 -5.928189e-001
    outer loop
      vertex   -3.625218e+002 2.358471e+002 3.100000e+001
      vertex   -3.613500e+002 2.413000e+002 3.100000e+001
      vertex   -3.624475e+002 2.356819e+002 3.100000e+001
    endloop
  endfacet
  facet normal 0.000000e+000 0.000000e+000 -4.750602e-001
    outer loop
      vertex   -3.624475e+002 2.356819e+002 3.100000e+001
      vertex   -3.613500e+002 2.413000e+002 3.100000e+001
      vertex   -3.623936e+002 2.355090e+002 3.100000e+001
    endloop
  endfacet
  facet normal 0.000000e+000 0.000000e+000 -3.518648e-001
    outer loop
      vertex   -3.623936e+002 2.355090e+002 3.100000e+001
      vertex   -3.613500e+002 2.413000e+002 3.100000e+001
      vertex   -3.623609e+002 2.353308e+002 3.100000e+001
    endloop
  endfacet
  facet normal 0.000000e+000 0.000000e+000 -2.261406e-001
    outer loop
      vertex   -3.623609e+002 2.353308e+002 3.100000e+001
      vertex   -3.613500e+002 2.413000e+002 3.100000e+001
      vertex   -3.623500e+002 2.351500e+002 3.100000e+001
    endloop
  endfacet
  facet normal 0.000000e+000 0.000000e+000 -3.168265e-001
    outer loop
      vertex   -3.623500e+002 2.351500e+002 3.100000e+001
      vertex   -3.613500e+002 2.413000e+002 3.100000e+001
      vertex   -3.613500e+002 2.290000e+002 3.100000e+001
    endloop
  endfacet
  facet normal 0.000000e+000 -0.000000e+000 -2.197369e-001
    outer loop
      vertex   -3.623500e+002 2.351500e+002 3.100000e+001
      vertex   -3.613500e+002 2.290000e+002 3.100000e+001
      vertex   -3.623609e+002 2.349692e+002 3.100000e+001
    endloop
  endfacet
  facet normal 0.000000e+000 -0.000000e+000 -3.419915e-001
    outer loop
      vertex   -3.623609e+002 2.349692e+002 3.100000e+001
      vertex   -3.613500e+002 2.290000e+002 3.100000e+001
      vertex   -3.623936e+002 2.347910e+002 3.100000e+001
    endloop
  endfacet
  facet normal 0.000000e+000 -0.000000e+000 -4.621193e-001
    outer loop
      vertex   -3.623936e+002 2.347910e+002 3.100000e+001
      vertex   -3.613500e+002 2.290000e+002 3.100000e+001
      vertex   -3.624475e+002 2.346181e+002 3.100000e+001
    endloop
  endfacet
  facet normal 0.000000e+000 -0.000000e+000 -5.776350e-001
    outer loop
      vertex   -3.624475e+002 2.346181e+002 3.100000e+001
      vertex   -3.613500e+002 2.290000e+002 3.100000e+001
      vertex   -3.625218e+002 2.344529e+002 3.100000e+001
    endloop
  endfacet
  facet normal 0.000000e+000 -0.000000e+000 -6.855209e-001
    outer loop
      vertex   -3.625218e+002 2.344529e+002 3.100000e+001
      vertex   -3.613500e+002 2.290000e+002 3.100000e+001
      vertex   -3.626155e+002 2.342979e+002 3.100000e+001
    endloop
  endfacet
  facet normal 0.000000e+000 -0.000000e+000 -7.827912e-001
    outer loop
      vertex   -3.626155e+002 2.342979e+002 3.100000e+001
      vertex   -3.613500e+002 2.290000e+002 3.100000e+001
      vertex   -3.627272e+002 2.341553e+002 3.100000e+001
    endloop
  endfacet
  facet normal 0.000000e+000 -0.000000e+000 -8.656508e-001
    outer loop
      vertex   -3.627272e+002 2.341553e+002 3.100000e+001
      vertex   -3.613500e+002 2.290000e+002 3.100000e+001
      vertex   -3.628553e+002 2.340272e+002 3.100000e+001
    endloop
  endfacet
  facet normal 0.000000e+000 -0.000000e+000 -9.309967e-001
    outer loop
      vertex   -3.628553e+002 2.340272e+002 3.100000e+001
      vertex   -3.613500e+002 2.290000e+002 3.100000e+001
      vertex   -3.629979e+002 2.339155e+002 3.100000e+001
    endloop
  endfacet
  facet normal 0.000000e+000 -0.000000e+000 -9.758531e-001
    outer loop
      vertex   -3.629979e+002 2.339155e+002 3.100000e+001
      vertex   -3.613500e+002 2.290000e+002 3.100000e+001
      vertex   -3.631529e+002 2.338218e+002 3.100000e+001
    endloop
  endfacet
  facet normal 0.000000e+000 -0.000000e+000 -9.978796e-001
    outer loop
      vertex   -3.631529e+002 2.338218e+002 3.100000e+001
      vertex   -3.613500e+002 2.290000e+002 3.100000e+001
      vertex   -3.633181e+002 2.337475e+002 3.100000e+001
    endloop
  endfacet
  facet normal 0.000000e+000 -0.000000e+000 -9.958717e-001
    outer loop
      vertex   -3.633181e+002 2.337475e+002 3.100000e+001
      vertex   -3.613500e+002 2.290000e+002 3.100000e+001
      vertex   -3.634910e+002 2.336936e+002 3.100000e+001
    endloop
  endfacet
  facet normal 0.000000e+000 -0.000000e+000 -9.697251e-001
    outer loop
      vertex   -3.634910e+002 2.336936e+002 3.100000e+001
      vertex   -3.613500e+002 2.290000e+002 3.100000e+001
      vertex   -3.636692e+002 2.336609e+002 3.100000e+001
    endloop
  endfacet
  facet normal 0.000000e+000 -0.000000e+000 -9.205632e-001
    outer loop
      vertex   -3.636692e+002 2.336609e+002 3.100000e+001
      vertex   -3.613500e+002 2.290000e+002 3.100000e+001
      vertex   -3.638500e+002 2.336500e+002 3.100000e+001
    endloop
  endfacet
  facet normal 0.000000e+000 -0.000000e+000 -8.341562e-001
    outer loop
      vertex   -3.638500e+002 2.336500e+002 3.100000e+001
      vertex   -3.613500e+002 2.290000e+002 3.100000e+001
      vertex   -3.663500e+002 2.290000e+002 3.100000e+001
    endloop
  endfacet
  facet normal -0.000000e+000 0.000000e+000 -9.077708e-001
    outer loop
      vertex   -3.638500e+002 2.336500e+002 3.100000e+001
      vertex   -3.663500e+002 2.290000e+002 3.100000e+001
      vertex   -3.640308e+002 2.336609e+002 3.100000e+001
    endloop
  endfacet
  facet normal -0.000000e+000 0.000000e+000 -9.609242e-001
    outer loop
      vertex   -3.640308e+002 2.336609e+002 3.100000e+001
      vertex   -3.663500e+002 2.290000e+002 3.100000e+001
      vertex   -3.642090e+002 2.336936e+002 3.100000e+001
    endloop
  endfacet
  facet normal -0.000000e+000 0.000000e+000 -9.920948e-001
    outer loop
      vertex   -3.642090e+002 2.336936e+002 3.100000e+001
      vertex   -3.663500e+002 2.290000e+002 3.100000e+001
      vertex   -3.643819e+002 2.337475e+002 3.100000e+001
    endloop
  endfacet
  facet normal -0.000000e+000 0.000000e+000 -9.995535e-001
    outer loop
      vertex   -3.643819e+002 2.337475e+002 3.100000e+001
      vertex   -3.663500e+002 2.290000e+002 3.100000e+001
      vertex   -3.645471e+002 2.338218e+002 3.100000e+001
    endloop
  endfacet
  facet normal -0.000000e+000 0.000000e+000 -9.827622e-001
    outer loop
      vertex   -3.645471e+002 2.338218e+002 3.100000e+001
      vertex   -3.663500e+002 2.290000e+002 3.100000e+001
      vertex   -3.647021e+002 2.339155e+002 3.100000e+001
    endloop
  endfacet
  facet normal -0.000000e+000 0.000000e+000 -9.424137e-001
    outer loop
      vertex   -3.647021e+002 2.339155e+002 3.100000e+001
      vertex   -3.663500e+002 2.290000e+002 3.100000e+001
      vertex   -3.648447e+002 2.340272e+002 3.100000e+001
    endloop
  endfacet
  facet normal -0.000000e+000 0.000000e+000 -8.802234e-001
    outer loop
      vertex   -3.648447e+002 2.340272e+002 3.100000e+001
      vertex   -3.663500e+002 2.290000e+002 3.100000e+001
      vertex   -3.649728e+002 2.341553e+002 3.100000e+001
    endloop
  endfacet
  facet normal -0.000000e+000 0.000000e+000 -7.989706e-001
    outer loop
      vertex   -3.649728e+002 2.341553e+002 3.100000e+001
      vertex   -3.663500e+002 2.290000e+002 3.100000e+001
      vertex   -3.650845e+002 2.342979e+002 3.100000e+001
    endloop
  endfacet
  facet normal -0.000000e+000 0.000000e+000 -7.020457e-001
    outer loop
      vertex   -3.650845e+002 2.342979e+002 3.100000e+001
      vertex   -3.663500e+002 2.290000e+002 3.100000e+001
      vertex   -3.651782e+002 2.344529e+002 3.100000e+001
    endloop
  endfacet
  facet normal -0.000000e+000 0.000000e+000 -5.928468e-001
    outer loop
      vertex   -3.651782e+002 2.344529e+002 3.100000e+001
      vertex   -3.663500e+002 2.290000e+002 3.100000e+001
      vertex   -3.652525e+002 2.346181e+002 3.100000e+001
    endloop
  endfacet
  facet normal -0.000000e+000 0.000000e+000 -4.750386e-001
    outer loop
      vertex   -3.652525e+002 2.346181e+002 3.100000e+001
      vertex   -3.663500e+002 2.290000e+002 3.100000e+001
      vertex   -3.653064e+002 2.347910e+002 3.100000e+001
    endloop
  endfacet
  facet normal -0.000000e+000 0.000000e+000 -3.517097e-001
    outer loop
      vertex   -3.653064e+002 2.347910e+002 3.100000e+001
      vertex   -3.663500e+002 2.290000e+002 3.100000e+001
      vertex   -3.653391e+002 2.349692e+002 3.100000e+001
    endloop
  endfacet
  facet normal -0.000000e+000 0.000000e+000 -2.263142e-001
    outer loop
      vertex   -3.653391e+002 2.349692e+002 3.100000e+001
      vertex   -3.663500e+002 2.290000e+002 3.100000e+001
      vertex   -3.653500e+002 2.351500e+002 3.100000e+001
    endloop
  endfacet
  facet normal -0.000000e+000 0.000000e+000 -3.168265e-001
    outer loop
      vertex   -3.653500e+002 2.351500e+002 3.100000e+001
      vertex   -3.663500e+002 2.290000e+002 3.100000e+001
      vertex   -3.663500e+002 2.413000e+002 3.100000e+001
    endloop
  endfacet
  facet normal 0.000000e+000 0.000000e+000 -2.198956e-001
    outer loop
      vertex   -3.653500e+002 2.351500e+002 3.100000e+001
      vertex   -3.663500e+002 2.413000e+002 3.100000e+001
      vertex   -3.653391e+002 2.353308e+002 3.100000e+001
    endloop
  endfacet
  facet normal 0.000000e+000 0.000000e+000 -3.418404e-001
    outer loop
      vertex   -3.653391e+002 2.353308e+002 3.100000e+001
      vertex   -3.663500e+002 2.413000e+002 3.100000e+001
      vertex   -3.653064e+002 2.355090e+002 3.100000e+001
    endloop
  endfacet
  facet normal 0.000000e+000 0.000000e+000 -4.621415e-001
    outer loop
      vertex   -3.653064e+002 2.355090e+002 3.100000e+001
      vertex   -3.663500e+002 2.413000e+002 3.100000e+001
      vertex   -3.652525e+002 2.356819e+002 3.100000e+001
    endloop
  endfacet
  facet normal 0.000000e+000 0.000000e+000 -5.776064e-001
    outer loop
      vertex   -3.652525e+002 2.356819e+002 3.100000e+001
      vertex   -3.663500e+002 2.413000e+002 3.100000e+001
      vertex   -3.651782e+002 2.358471e+002 3.100000e+001
    endloop
  endfacet
  facet normal 0.000000e+000 0.000000e+000 -6.856576e-001
    outer loop
      vertex   -3.651782e+002 2.358471e+002 3.100000e+001
      vertex   -3.663500e+002 2.413000e+002 3.100000e+001
      vertex   -3.650845e+002 2.360021e+002 3.100000e+001
    endloop
  endfacet
  facet normal 0.000000e+000 0.000000e+000 -7.826793e-001
    outer loop
      vertex   -3.650845e+002 2.360021e+002 3.100000e+001
      vertex   -3.663500e+002 2.413000e+002 3.100000e+001
      vertex   -3.649728e+002 2.361447e+002 3.100000e+001
    endloop
  endfacet
  facet normal 0.000000e+000 0.000000e+000 -8.656508e-001
    outer loop
      vertex   -3.649728e+002 2.361447e+002 3.100000e+001
      vertex   -3.663500e+002 2.413000e+002 3.100000e+001
      vertex   -3.648447e+002 2.362728e+002 3.100000e+001
    endloop
  endfacet
  facet normal 0.000000e+000 0.000000e+000 -9.310346e-001
    outer loop
      vertex   -3.648447e+002 2.362728e+002 3.100000e+001
      vertex   -3.663500e+002 2.413000e+002 3.100000e+001
      vertex   -3.647021e+002 2.363845e+002 3.100000e+001
    endloop
  endfacet
  facet normal 0.000000e+000 0.000000e+000 -9.758353e-001
    outer loop
      vertex   -3.647021e+002 2.363845e+002 3.100000e+001
      vertex   -3.663500e+002 2.413000e+002 3.100000e+001
      vertex   -3.645471e+002 2.364782e+002 3.100000e+001
    endloop
  endfacet
  facet normal 0.000000e+000 0.000000e+000 -9.978841e-001
    outer loop
      vertex   -3.645471e+002 2.364782e+002 3.100000e+001
      vertex   -3.663500e+002 2.413000e+002 3.100000e+001
      vertex   -3.643819e+002 2.365525e+002 3.100000e+001
    endloop
  endfacet
  facet normal 0.000000e+000 0.000000e+000 -9.958758e-001
    outer loop
      vertex   -3.643819e+002 2.365525e+002 3.100000e+001
      vertex   -3.663500e+002 2.413000e+002 3.100000e+001
      vertex   -3.642090e+002 2.366064e+002 3.100000e+001
    endloop
  endfacet
  facet normal 0.000000e+000 0.000000e+000 -9.697177e-001
    outer loop
      vertex   -3.642090e+002 2.366064e+002 3.100000e+001
      vertex   -3.663500e+002 2.413000e+002 3.100000e+001
      vertex   -3.640308e+002 2.366391e+002 3.100000e+001
    endloop
  endfacet
  facet normal 0.000000e+000 -0.000000e+000 9.205304e-001
    outer loop
      vertex   -3.636692e+002 2.366391e+002 3.520000e+001
      vertex   -3.613500e+002 2.413000e+002 3.520000e+001
      vertex   -3.638500e+002 2.366500e+002 3.520000e+001
    endloop
  endfacet
  facet normal 0.000000e+000 -0.000000e+000 8.341546e-001
    outer loop
      vertex   -3.638500e+002 2.366500e+002 3.520000e+001
      vertex   -3.613500e+002 2.413000e+002 3.520000e+001
      vertex   -3.663500e+002 2.413000e+002 3.520000e+001
    endloop
  endfacet
  facet normal 0.000000e+000 0.000000e+000 9.077361e-001
    outer loop
      vertex   -3.638500e+002 2.366500e+002 3.520000e+001
      vertex   -3.663500e+002 2.413000e+002 3.520000e+001
      vertex   -3.640308e+002 2.366391e+002 3.520000e+001
    endloop
  endfacet
  facet normal 0.000000e+000 0.000000e+000 9.609242e-001
    outer loop
      vertex   -3.640308e+002 2.366391e+002 3.520000e+001
      vertex   -3.663500e+002 2.413000e+002 3.520000e+001
      vertex   -3.642090e+002 2.366064e+002 3.520000e+001
    endloop
  endfacet
  facet normal 0.000000e+000 0.000000e+000 9.920948e-001
    outer loop
      vertex   -3.642090e+002 2.366064e+002 3.520000e+001
      vertex   -3.663500e+002 2.413000e+002 3.520000e+001
      vertex   -3.643819e+002 2.365525e+002 3.520000e+001
    endloop
  endfacet
  facet normal 0.000000e+000 0.000000e+000 9.995535e-001
    outer loop
      vertex   -3.643819e+002 2.365525e+002 3.520000e+001
      vertex   -3.663500e+002 2.413000e+002 3.520000e+001
      vertex   -3.645471e+002 2.364782e+002 3.520000e+001
    endloop
  endfacet
  facet normal 0.000000e+000 0.000000e+000 9.827622e-001
    outer loop
      vertex   -3.645471e+002 2.364782e+002 3.520000e+001
      vertex   -3.663500e+002 2.413000e+002 3.520000e+001
      vertex   -3.647021e+002 2.363845e+002 3.520000e+001
    endloop
  endfacet
  facet normal 0.000000e+000 0.000000e+000 9.424137e-001
    outer loop
      vertex   -3.647021e+002 2.363845e+002 3.520000e+001
      vertex   -3.663500e+002 2.413000e+002 3.520000e+001
      vertex   -3.648447e+002 2.362728e+002 3.520000e+001
    endloop
  endfacet
  facet normal 0.000000e+000 0.000000e+000 8.802234e-001
    outer loop
      vertex   -3.648447e+002 2.362728e+002 3.520000e+001
      vertex   -3.663500e+002 2.413000e+002 3.520000e+001
      vertex   -3.649728e+002 2.361447e+002 3.520000e+001
    endloop
  endfacet
  facet normal 0.000000e+000 0.000000e+000 7.989393e-001
    outer loop
      vertex   -3.649728e+002 2.361447e+002 3.520000e+001
      vertex   -3.663500e+002 2.413000e+002 3.520000e+001
      vertex   -3.650845e+002 2.360021e+002 3.520000e+001
    endloop
  endfacet
  facet normal 0.000000e+000 0.000000e+000 7.020763e-001
    outer loop
      vertex   -3.650845e+002 2.360021e+002 3.520000e+001
      vertex   -3.663500e+002 2.413000e+002 3.520000e+001
      vertex   -3.651782e+002 2.358471e+002 3.520000e+001
    endloop
  endfacet
  facet normal 0.000000e+000 0.000000e+000 5.928189e-001
    outer loop
      vertex   -3.651782e+002 2.358471e+002 3.520000e+001
      vertex   -3.663500e+002 2.413000e+002 3.520000e+001
      vertex   -3.652525e+002 2.356819e+002 3.520000e+001
    endloop
  endfacet
  facet normal 0.000000e+000 0.000000e+000 4.750602e-001
    outer loop
      vertex   -3.652525e+002 2.356819e+002 3.520000e+001
      vertex   -3.663500e+002 2.413000e+002 3.520000e+001
      vertex   -3.653064e+002 2.355090e+002 3.520000e+001
    endloop
  endfacet
  facet normal 0.000000e+000 0.000000e+000 3.517097e-001
    outer loop
      vertex   -3.653064e+002 2.355090e+002 3.520000e+001
      vertex   -3.663500e+002 2.413000e+002 3.520000e+001
      vertex   -3.653391e+002 2.353308e+002 3.520000e+001
    endloop
  endfacet
  facet normal 0.000000e+000 0.000000e+000 2.263093e-001
    outer loop
      vertex   -3.653391e+002 2.353308e+002 3.520000e+001
      vertex   -3.663500e+002 2.413000e+002 3.520000e+001
      vertex   -3.653500e+002 2.351500e+002 3.520000e+001
    endloop
  endfacet
  facet normal 0.000000e+000 0.000000e+000 3.168265e-001
    outer loop
      vertex   -3.653500e+002 2.351500e+002 3.520000e+001
      vertex   -3.663500e+002 2.413000e+002 3.520000e+001
      vertex   -3.663500e+002 2.290000e+002 3.520000e+001
    endloop
  endfacet
  facet normal 0.000000e+000 0.000000e+000 2.199009e-001
    outer loop
      vertex   -3.653500e+002 2.351500e+002 3.520000e+001
      vertex   -3.663500e+002 2.290000e+002 3.520000e+001
      vertex   -3.653391e+002 2.349692e+002 3.520000e+001
    endloop
  endfacet
  facet normal 0.000000e+000 0.000000e+000 3.418404e-001
    outer loop
      vertex   -3.653391e+002 2.349692e+002 3.520000e+001
      vertex   -3.663500e+002 2.290000e+002 3.520000e+001
      vertex   -3.653064e+002 2.347910e+002 3.520000e+001
    endloop
  endfacet
  facet normal 0.000000e+000 0.000000e+000 4.621193e-001
    outer loop
      vertex   -3.653064e+002 2.347910e+002 3.520000e+001
      vertex   -3.663500e+002 2.290000e+002 3.520000e+001
      vertex   -3.652525e+002 2.346181e+002 3.520000e+001
    endloop
  endfacet
  facet normal 0.000000e+000 0.000000e+000 5.776350e-001
    outer loop
      vertex   -3.652525e+002 2.346181e+002 3.520000e+001
      vertex   -3.663500e+002 2.290000e+002 3.520000e+001
      vertex   -3.651782e+002 2.344529e+002 3.520000e+001
    endloop
  endfacet
  facet normal 0.000000e+000 0.000000e+000 6.856259e-001
    outer loop
      vertex   -3.651782e+002 2.344529e+002 3.520000e+001
      vertex   -3.663500e+002 2.290000e+002 3.520000e+001
      vertex   -3.650845e+002 2.342979e+002 3.520000e+001
    endloop
  endfacet
  facet normal 0.000000e+000 0.000000e+000 7.827120e-001
    outer loop
      vertex   -3.650845e+002 2.342979e+002 3.520000e+001
      vertex   -3.663500e+002 2.290000e+002 3.520000e+001
      vertex   -3.649728e+002 2.341553e+002 3.520000e+001
    endloop
  endfacet
  facet normal 0.000000e+000 0.000000e+000 8.656508e-001
    outer loop
      vertex   -3.649728e+002 2.341553e+002 3.520000e+001
      vertex   -3.663500e+002 2.290000e+002 3.520000e+001
      vertex   -3.648447e+002 2.340272e+002 3.520000e+001
    endloop
  endfacet
  facet normal 0.000000e+000 0.000000e+000 9.310346e-001
    outer loop
      vertex   -3.648447e+002 2.340272e+002 3.520000e+001
      vertex   -3.663500e+002 2.290000e+002 3.520000e+001
      vertex   -3.647021e+002 2.339155e+002 3.520000e+001
    endloop
  endfacet
  facet normal 0.000000e+000 0.000000e+000 9.758353e-001
    outer loop
      vertex   -3.647021e+002 2.339155e+002 3.520000e+001
      vertex   -3.663500e+002 2.290000e+002 3.520000e+001
      vertex   -3.645471e+002 2.338218e+002 3.520000e+001
    endloop
  endfacet
  facet normal 0.000000e+000 0.000000e+000 9.978841e-001
    outer loop
      vertex   -3.645471e+002 2.338218e+002 3.520000e+001
      vertex   -3.663500e+002 2.290000e+002 3.520000e+001
      vertex   -3.643819e+002 2.337475e+002 3.520000e+001
    endloop
  endfacet
  facet normal 0.000000e+000 0.000000e+000 9.958758e-001
    outer loop
      vertex   -3.643819e+002 2.337475e+002 3.520000e+001
      vertex   -3.663500e+002 2.290000e+002 3.520000e+001
      vertex   -3.642090e+002 2.336936e+002 3.520000e+001
    endloop
  endfacet
  facet normal 0.000000e+000 0.000000e+000 9.697177e-001
    outer loop
      vertex   -3.642090e+002 2.336936e+002 3.520000e+001
      vertex   -3.663500e+002 2.290000e+002 3.520000e+001
      vertex   -3.640308e+002 2.336609e+002 3.520000e+001
    endloop
  endfacet
  facet normal 0.000000e+000 0.000000e+000 9.205651e-001
    outer loop
      vertex   -3.640308e+002 2.336609e+002 3.520000e+001
      vertex   -3.663500e+002 2.290000e+002 3.520000e+001
      vertex   -3.638500e+002 2.336500e+002 3.520000e+001
    endloop
  endfacet
  facet normal 0.000000e+000 0.000000e+000 8.341562e-001
    outer loop
      vertex   -3.638500e+002 2.336500e+002 3.520000e+001
      vertex   -3.663500e+002 2.290000e+002 3.520000e+001
      vertex   -3.613500e+002 2.290000e+002 3.520000e+001
    endloop
  endfacet
  facet normal -0.000000e+000 0.000000e+000 9.077665e-001
    outer loop
      vertex   -3.638500e+002 2.336500e+002 3.520000e+001
      vertex   -3.613500e+002 2.290000e+002 3.520000e+001
      vertex   -3.636692e+002 2.336609e+002 3.520000e+001
    endloop
  endfacet
  facet normal -0.000000e+000 0.000000e+000 9.609340e-001
    outer loop
      vertex   -3.636692e+002 2.336609e+002 3.520000e+001
      vertex   -3.613500e+002 2.290000e+002 3.520000e+001
      vertex   -3.634910e+002 2.336936e+002 3.520000e+001
    endloop
  endfacet
  facet normal -0.000000e+000 0.000000e+000 9.920884e-001
    outer loop
      vertex   -3.634910e+002 2.336936e+002 3.520000e+001
      vertex   -3.613500e+002 2.290000e+002 3.520000e+001
      vertex   -3.633181e+002 2.337475e+002 3.520000e+001
    endloop
  endfacet
  facet normal -0.000000e+000 0.000000e+000 9.995513e-001
    outer loop
      vertex   -3.633181e+002 2.337475e+002 3.520000e+001
      vertex   -3.613500e+002 2.290000e+002 3.520000e+001
      vertex   -3.631529e+002 2.338218e+002 3.520000e+001
    endloop
  endfacet
  facet normal -0.000000e+000 0.000000e+000 9.827783e-001
    outer loop
      vertex   -3.631529e+002 2.338218e+002 3.520000e+001
      vertex   -3.613500e+002 2.290000e+002 3.520000e+001
      vertex   -3.629979e+002 2.339155e+002 3.520000e+001
    endloop
  endfacet
  facet normal -0.000000e+000 0.000000e+000 9.423772e-001
    outer loop
      vertex   -3.629979e+002 2.339155e+002 3.520000e+001
      vertex   -3.613500e+002 2.290000e+002 3.520000e+001
      vertex   -3.628553e+002 2.340272e+002 3.520000e+001
    endloop
  endfacet
  facet normal -0.000000e+000 0.000000e+000 8.802234e-001
    outer loop
      vertex   -3.628553e+002 2.340272e+002 3.520000e+001
      vertex   -3.613500e+002 2.290000e+002 3.520000e+001
      vertex   -3.627272e+002 2.341553e+002 3.520000e+001
    endloop
  endfacet
  facet normal -0.000000e+000 0.000000e+000 7.990503e-001
    outer loop
      vertex   -3.627272e+002 2.341553e+002 3.520000e+001
      vertex   -3.613500e+002 2.290000e+002 3.520000e+001
      vertex   -3.626155e+002 2.342979e+002 3.520000e+001
    endloop
  endfacet
  facet normal -0.000000e+000 0.000000e+000 7.019392e-001
    outer loop
      vertex   -3.626155e+002 2.342979e+002 3.520000e+001
      vertex   -3.613500e+002 2.290000e+002 3.520000e+001
      vertex   -3.625218e+002 2.344529e+002 3.520000e+001
    endloop
  endfacet
  facet normal -0.000000e+000 0.000000e+000 5.928468e-001
    outer loop
      vertex   -3.625218e+002 2.344529e+002 3.520000e+001
      vertex   -3.613500e+002 2.290000e+002 3.520000e+001
      vertex   -3.624475e+002 2.346181e+002 3.520000e+001
    endloop
  endfacet
  facet normal -0.000000e+000 0.000000e+000 4.750386e-001
    outer loop
      vertex   -3.624475e+002 2.346181e+002 3.520000e+001
      vertex   -3.613500e+002 2.290000e+002 3.520000e+001
      vertex   -3.623936e+002 2.347910e+002 3.520000e+001
    endloop
  endfacet
  facet normal -0.000000e+000 0.000000e+000 3.518648e-001
    outer loop
      vertex   -3.623936e+002 2.347910e+002 3.520000e+001
      vertex   -3.613500e+002 2.290000e+002 3.520000e+001
      vertex   -3.623609e+002 2.349692e+002 3.520000e+001
    endloop
  endfacet
  facet normal -0.000000e+000 0.000000e+000 2.261456e-001
    outer loop
      vertex   -3.623609e+002 2.349692e+002 3.520000e+001
      vertex   -3.613500e+002 2.290000e+002 3.520000e+001
      vertex   -3.623500e+002 2.351500e+002 3.520000e+001
    endloop
  endfacet
  facet normal -0.000000e+000 0.000000e+000 3.168265e-001
    outer loop
      vertex   -3.623500e+002 2.351500e+002 3.520000e+001
      vertex   -3.613500e+002 2.290000e+002 3.520000e+001
      vertex   -3.613500e+002 2.413000e+002 3.520000e+001
    endloop
  endfacet
  facet normal 0.000000e+000 -0.000000e+000 2.197315e-001
    outer loop
      vertex   -3.623500e+002 2.351500e+002 3.520000e+001
      vertex   -3.613500e+002 2.413000e+002 3.520000e+001
      vertex   -3.623609e+002 2.353308e+002 3.520000e+001
    endloop
  endfacet
  facet normal 0.000000e+000 -0.000000e+000 3.419915e-001
    outer loop
      vertex   -3.623609e+002 2.353308e+002 3.520000e+001
      vertex   -3.613500e+002 2.413000e+002 3.520000e+001
      vertex   -3.623936e+002 2.355090e+002 3.520000e+001
    endloop
  endfacet
  facet normal 0.000000e+000 -0.000000e+000 4.621415e-001
    outer loop
      vertex   -3.623936e+002 2.355090e+002 3.520000e+001
      vertex   -3.613500e+002 2.413000e+002 3.520000e+001
      vertex   -3.624475e+002 2.356819e+002 3.520000e+001
    endloop
  endfacet
  facet normal 0.000000e+000 -0.000000e+000 5.776064e-001
    outer loop
      vertex   -3.624475e+002 2.356819e+002 3.520000e+001
      vertex   -3.613500e+002 2.413000e+002 3.520000e+001
      vertex   -3.625218e+002 2.358471e+002 3.520000e+001
    endloop
  endfacet
  facet normal 0.000000e+000 -0.000000e+000 6.855527e-001
    outer loop
      vertex   -3.625218e+002 2.358471e+002 3.520000e+001
      vertex   -3.613500e+002 2.413000e+002 3.520000e+001
      vertex   -3.626155e+002 2.360021e+002 3.520000e+001
    endloop
  endfacet
  facet normal 0.000000e+000 -0.000000e+000 7.827584e-001
    outer loop
      vertex   -3.626155e+002 2.360021e+002 3.520000e+001
      vertex   -3.613500e+002 2.413000e+002 3.520000e+001
      vertex   -3.627272e+002 2.361447e+002 3.520000e+001
    endloop
  endfacet
  facet normal 0.000000e+000 -0.000000e+000 8.656508e-001
    outer loop
      vertex   -3.627272e+002 2.361447e+002 3.520000e+001
      vertex   -3.613500e+002 2.413000e+002 3.520000e+001
      vertex   -3.628553e+002 2.362728e+002 3.520000e+001
    endloop
  endfacet
  facet normal 0.000000e+000 -0.000000e+000 9.309967e-001
    outer loop
      vertex   -3.628553e+002 2.362728e+002 3.520000e+001
      vertex   -3.613500e+002 2.413000e+002 3.520000e+001
      vertex   -3.629979e+002 2.363845e+002 3.520000e+001
    endloop
  endfacet
  facet normal 0.000000e+000 -0.000000e+000 9.758531e-001
    outer loop
      vertex   -3.629979e+002 2.363845e+002 3.520000e+001
      vertex   -3.613500e+002 2.413000e+002 3.520000e+001
      vertex   -3.631529e+002 2.364782e+002 3.520000e+001
    endloop
  endfacet
  facet normal 0.000000e+000 -0.000000e+000 9.978796e-001
    outer loop
      vertex   -3.631529e+002 2.364782e+002 3.520000e+001
      vertex   -3.613500e+002 2.413000e+002 3.520000e+001
      vertex   -3.633181e+002 2.365525e+002 3.520000e+001
    endloop
  endfacet
  facet normal 0.000000e+000 -0.000000e+000 9.958717e-001
    outer loop
      vertex   -3.633181e+002 2.365525e+002 3.520000e+001
      vertex   -3.613500e+002 2.413000e+002 3.520000e+001
      vertex   -3.634910e+002 2.366064e+002 3.520000e+001
    endloop
  endfacet
  facet normal 0.000000e+000 -0.000000e+000 9.697251e-001
    outer loop
      vertex   -3.634910e+002 2.366064e+002 3.520000e+001
      vertex   -3.613500e+002 2.413000e+002 3.520000e+001
      vertex   -3.636692e+002 2.366391e+002 3.520000e+001
    endloop
  endfacet
  facet normal -1.000000e+000 -0.000000e+000 -0.000000e+000
    outer loop
      vertex   -3.634500e+002 2.410000e+002 2.095000e+001
      vertex   -3.634500e+002 2.410000e+002 1.165000e+001
      vertex   -3.634500e+002 2.300000e+002 2.095000e+001
    endloop
  endfacet
  facet normal -8.282976e-001 0.000000e+000 -0.000000e+000
    outer loop
      vertex   -3.634500e+002 2.300000e+002 2.095000e+001
      vertex   -3.634500e+002 2.410000e+002 1.165000e+001
      vertex   -3.634500e+002 2.290000e+002 1.165000e+001
    endloop
  endfacet
  facet normal -4.158396e-001 -0.000000e+000 0.000000e+000
    outer loop
      vertex   -3.634500e+002 2.300000e+002 2.095000e+001
      vertex   -3.634500e+002 2.290000e+002 1.165000e+001
      vertex   -3.634500e+002 2.290000e+002 2.395000e+001
    endloop
  endfacet
  facet normal -9.486833e-001 0.000000e+000 0.000000e+000
    outer loop
      vertex   -3.634500e+002 2.290000e+002 2.395000e+001
      vertex   -3.634500e+002 2.300000e+002 2.395000e+001
      vertex   -3.634500e+002 2.300000e+002 2.095000e+001
    endloop
  endfacet
  facet normal 0.000000e+000 0.000000e+000 -1.000000e+000
    outer loop
      vertex   -3.634500e+002 2.410000e+002 1.165000e+001
      vertex   -3.309500e+002 2.410000e+002 1.165000e+001
      vertex   -3.634500e+002 2.290000e+002 1.165000e+001
    endloop
  endfacet
  facet normal 0.000000e+000 0.000000e+000 -3.463741e-001
    outer loop
      vertex   -3.634500e+002 2.290000e+002 1.165000e+001
      vertex   -3.309500e+002 2.410000e+002 1.165000e+001
      vertex   -3.309500e+002 2.290000e+002 1.165000e+001
    endloop
  endfacet
  facet normal 0.000000e+000 0.000000e+000 -1.000000e+000
    outer loop
      vertex   -3.604500e+002 2.300000e+002 2.095000e+001
      vertex   -3.339500e+002 2.300000e+002 2.095000e+001
      vertex   -3.604500e+002 2.230000e+002 2.095000e+001
    endloop
  endfacet
  facet normal 0.000000e+000 0.000000e+000 -2.553911e-001
    outer loop
      vertex   -3.604500e+002 2.230000e+002 2.095000e+001
      vertex   -3.339500e+002 2.300000e+002 2.095000e+001
      vertex   -3.339500e+002 2.230000e+002 2.095000e+001
    endloop
  endfacet
  facet normal 0.000000e+000 7.071068e-001 0.000000e+000
    outer loop
      vertex   -3.309500e+002 2.300000e+002 2.395000e+001
      vertex   -3.339500e+002 2.300000e+002 2.095000e+001
      vertex   -3.634500e+002 2.300000e+002 2.395000e+001
    endloop
  endfacet
  facet normal 0.000000e+000 6.319383e-001 0.000000e+000
    outer loop
      vertex   -3.634500e+002 2.300000e+002 2.395000e+001
      vertex   -3.339500e+002 2.300000e+002 2.095000e+001
      vertex   -3.604500e+002 2.300000e+002 2.095000e+001
    endloop
  endfacet
  facet normal 0.000000e+000 7.071068e-001 0.000000e+000
    outer loop
      vertex   -3.634500e+002 2.300000e+002 2.395000e+001
      vertex   -3.604500e+002 2.300000e+002 2.095000e+001
      vertex   -3.634500e+002 2.300000e+002 2.095000e+001
    endloop
  endfacet
  facet normal 0.000000e+000 7.071068e-001 0.000000e+000
    outer loop
      vertex   -3.309500e+002 2.300000e+002 2.395000e+001
      vertex   -3.309500e+002 2.300000e+002 2.095000e+001
      vertex   -3.339500e+002 2.300000e+002 2.095000e+001
    endloop
  endfacet
  facet normal 0.000000e+000 0.000000e+000 1.000000e+000
    outer loop
      vertex   -3.634500e+002 2.290000e+002 2.395000e+001
      vertex   -3.309500e+002 2.290000e+002 2.395000e+001
      vertex   -3.634500e+002 2.300000e+002 2.395000e+001
    endloop
  endfacet
  facet normal -0.000000e+000 0.000000e+000 3.075468e-002
    outer loop
      vertex   -3.634500e+002 2.300000e+002 2.395000e+001
      vertex   -3.309500e+002 2.290000e+002 2.395000e+001
      vertex   -3.309500e+002 2.300000e+002 2.395000e+001
    endloop
  endfacet
  facet normal 0.000000e+000 0.000000e+000 1.000000e+000
    outer loop
      vertex   -3.339500e+002 2.300000e+002 2.095000e+001
      vertex   -3.309500e+002 2.300000e+002 2.095000e+001
      vertex   -3.339500e+002 2.410000e+002 2.095000e+001
    endloop
  endfacet
  facet normal -0.000000e+000 0.000000e+000 9.647638e-001
    outer loop
      vertex   -3.339500e+002 2.410000e+002 2.095000e+001
      vertex   -3.309500e+002 2.300000e+002 2.095000e+001
      vertex   -3.309500e+002 2.410000e+002 2.095000e+001
    endloop
  endfacet
  facet normal -0.000000e+000 1.000000e+000 0.000000e+000
    outer loop
      vertex   -3.339500e+002 2.410000e+002 2.095000e+001
      vertex   -3.309500e+002 2.410000e+002 2.095000e+001
      vertex   -3.339500e+002 2.410000e+002 1.465000e+001
    endloop
  endfacet
  facet normal -0.000000e+000 9.424277e-001 0.000000e+000
    outer loop
      vertex   -3.339500e+002 2.410000e+002 1.465000e+001
      vertex   -3.309500e+002 2.410000e+002 2.095000e+001
      vertex   -3.309500e+002 2.410000e+002 1.165000e+001
    endloop
  endfacet
  facet normal 0.000000e+000 7.071068e-001 0.000000e+000
    outer loop
      vertex   -3.339500e+002 2.410000e+002 1.465000e+001
      vertex   -3.309500e+002 2.410000e+002 1.165000e+001
      vertex   -3.604500e+002 2.410000e+002 1.465000e+001
    endloop
  endfacet
  facet normal 0.000000e+000 7.750187e-001 0.000000e+000
    outer loop
      vertex   -3.604500e+002 2.410000e+002 1.465000e+001
      vertex   -3.309500e+002 2.410000e+002 1.165000e+001
      vertex   -3.634500e+002 2.410000e+002 1.165000e+001
    endloop
  endfacet
  facet normal 0.000000e+000 9.424277e-001 0.000000e+000
    outer loop
      vertex   -3.604500e+002 2.410000e+002 1.465000e+001
      vertex   -3.634500e+002 2.410000e+002 1.165000e+001
      vertex   -3.634500e+002 2.410000e+002 2.095000e+001
    endloop
  endfacet
  facet normal -0.000000e+000 9.028605e-001 0.000000e+000
    outer loop
      vertex   -3.634500e+002 2.410000e+002 2.095000e+001
      vertex   -3.604500e+002 2.410000e+002 2.095000e+001
      vertex   -3.604500e+002 2.410000e+002 1.465000e+001
    endloop
  endfacet
  facet normal 1.000000e+000 0.000000e+000 0.000000e+000
    outer loop
      vertex   -3.309500e+002 2.300000e+002 2.395000e+001
      vertex   -3.309500e+002 2.290000e+002 2.395000e+001
      vertex   -3.309500e+002 2.300000e+002 2.095000e+001
    endloop
  endfacet
  facet normal 4.158396e-001 0.000000e+000 0.000000e+000
    outer loop
      vertex   -3.309500e+002 2.300000e+002 2.095000e+001
      vertex   -3.309500e+002 2.290000e+002 2.395000e+001
      vertex   -3.309500e+002 2.290000e+002 1.165000e+001
    endloop
  endfacet
  facet normal 8.282976e-001 0.000000e+000 0.000000e+000
    outer loop
      vertex   -3.309500e+002 2.300000e+002 2.095000e+001
      vertex   -3.309500e+002 2.290000e+002 1.165000e+001
      vertex   -3.309500e+002 2.410000e+002 1.165000e+001
    endloop
  endfacet
  facet normal 7.636495e-001 0.000000e+000 -0.000000e+000
    outer loop
      vertex   -3.309500e+002 2.410000e+002 1.165000e+001
      vertex   -3.309500e+002 2.410000e+002 2.095000e+001
      vertex   -3.309500e+002 2.300000e+002 2.095000e+001
    endloop
  endfacet
  facet normal -1.000000e+000 -0.000000e+000 -0.000000e+000
    outer loop
      vertex   -3.339500e+002 2.410000e+002 2.095000e+001
      vertex   -3.339500e+002 2.410000e+002 1.465000e+001
      vertex   -3.339500e+002 2.300000e+002 2.095000e+001
    endloop
  endfacet
  facet normal -9.499075e-001 0.000000e+000 -0.000000e+000
    outer loop
      vertex   -3.339500e+002 2.300000e+002 2.095000e+001
      vertex   -3.339500e+002 2.410000e+002 1.465000e+001
      vertex   -3.339500e+002 2.230000e+002 1.465000e+001
    endloop
  endfacet
  facet normal -6.689648e-001 -0.000000e+000 0.000000e+000
    outer loop
      vertex   -3.339500e+002 2.300000e+002 2.095000e+001
      vertex   -3.339500e+002 2.230000e+002 1.465000e+001
      vertex   -3.339500e+002 2.230000e+002 2.095000e+001
    endloop
  endfacet
  facet normal -1.000000e+000 -0.000000e+000 -0.000000e+000
    outer loop
      vertex   -3.386500e+002 2.413000e+002 3.520000e+001
      vertex   -3.386500e+002 2.413000e+002 3.100000e+001
      vertex   -3.386500e+002 2.290000e+002 3.520000e+001
    endloop
  endfacet
  facet normal -9.463499e-001 0.000000e+000 0.000000e+000
    outer loop
      vertex   -3.386500e+002 2.290000e+002 3.520000e+001
      vertex   -3.386500e+002 2.413000e+002 3.100000e+001
      vertex   -3.386500e+002 2.290000e+002 3.100000e+001
    endloop
  endfacet
  facet normal 1.000000e+000 -0.000000e+000 0.000000e+000
    outer loop
      vertex   -3.336500e+002 2.290000e+002 3.520000e+001
      vertex   -3.336500e+002 2.290000e+002 3.100000e+001
      vertex   -3.336500e+002 2.413000e+002 3.520000e+001
    endloop
  endfacet
  facet normal 9.463499e-001 0.000000e+000 0.000000e+000
    outer loop
      vertex   -3.336500e+002 2.413000e+002 3.520000e+001
      vertex   -3.336500e+002 2.290000e+002 3.100000e+001
      vertex   -3.336500e+002 2.413000e+002 3.100000e+001
    endloop
  endfacet
  facet normal 0.000000e+000 1.000000e+000 0.000000e+000
    outer loop
      vertex   -3.386500e+002 2.413000e+002 3.100000e+001
      vertex   -3.386500e+002 2.413000e+002 3.520000e+001
      vertex   -3.336500e+002 2.413000e+002 3.100000e+001
    endloop
  endfacet
  facet normal 0.000000e+000 7.657048e-001 -0.000000e+000
    outer loop
      vertex   -3.336500e+002 2.413000e+002 3.100000e+001
      vertex   -3.386500e+002 2.413000e+002 3.520000e+001
      vertex   -3.336500e+002 2.413000e+002 3.520000e+001
    endloop
  endfacet
  facet normal 0.000000e+000 -0.000000e+000 -9.205651e-001
    outer loop
      vertex   -3.359692e+002 2.336609e+002 3.100000e+001
      vertex   -3.336500e+002 2.290000e+002 3.100000e+001
      vertex   -3.361500e+002 2.336500e+002 3.100000e+001
    endloop
  endfacet
  facet normal 0.000000e+000 -0.000000e+000 -8.341562e-001
    outer loop
      vertex   -3.361500e+002 2.336500e+002 3.100000e+001
      vertex   -3.336500e+002 2.290000e+002 3.100000e+001
      vertex   -3.386500e+002 2.290000e+002 3.100000e+001
    endloop
  endfacet
  facet normal -0.000000e+000 0.000000e+000 -9.077665e-001
    outer loop
      vertex   -3.361500e+002 2.336500e+002 3.100000e+001
      vertex   -3.386500e+002 2.290000e+002 3.100000e+001
      vertex   -3.363308e+002 2.336609e+002 3.100000e+001
    endloop
  endfacet
  facet normal -0.000000e+000 0.000000e+000 -9.609340e-001
    outer loop
      vertex   -3.363308e+002 2.336609e+002 3.100000e+001
      vertex   -3.386500e+002 2.290000e+002 3.100000e+001
      vertex   -3.365090e+002 2.336936e+002 3.100000e+001
    endloop
  endfacet
  facet normal -0.000000e+000 0.000000e+000 -9.920884e-001
    outer loop
      vertex   -3.365090e+002 2.336936e+002 3.100000e+001
      vertex   -3.386500e+002 2.290000e+002 3.100000e+001
      vertex   -3.366819e+002 2.337475e+002 3.100000e+001
    endloop
  endfacet
  facet normal -0.000000e+000 0.000000e+000 -9.995513e-001
    outer loop
      vertex   -3.366819e+002 2.337475e+002 3.100000e+001
      vertex   -3.386500e+002 2.290000e+002 3.100000e+001
      vertex   -3.368471e+002 2.338218e+002 3.100000e+001
    endloop
  endfacet
  facet normal -0.000000e+000 0.000000e+000 -9.827783e-001
    outer loop
      vertex   -3.368471e+002 2.338218e+002 3.100000e+001
      vertex   -3.386500e+002 2.290000e+002 3.100000e+001
      vertex   -3.370021e+002 2.339155e+002 3.100000e+001
    endloop
  endfacet
  facet normal -0.000000e+000 0.000000e+000 -9.423772e-001
    outer loop
      vertex   -3.370021e+002 2.339155e+002 3.100000e+001
      vertex   -3.386500e+002 2.290000e+002 3.100000e+001
      vertex   -3.371447e+002 2.340272e+002 3.100000e+001
    endloop
  endfacet
  facet normal -0.000000e+000 0.000000e+000 -8.802234e-001
    outer loop
      vertex   -3.371447e+002 2.340272e+002 3.100000e+001
      vertex   -3.386500e+002 2.290000e+002 3.100000e+001
      vertex   -3.372728e+002 2.341553e+002 3.100000e+001
    endloop
  endfacet
  facet normal -0.000000e+000 0.000000e+000 -7.990503e-001
    outer loop
      vertex   -3.372728e+002 2.341553e+002 3.100000e+001
      vertex   -3.386500e+002 2.290000e+002 3.100000e+001
      vertex   -3.373845e+002 2.342979e+002 3.100000e+001
    endloop
  endfacet
  facet normal -0.000000e+000 0.000000e+000 -7.019392e-001
    outer loop
      vertex   -3.373845e+002 2.342979e+002 3.100000e+001
      vertex   -3.386500e+002 2.290000e+002 3.100000e+001
      vertex   -3.374782e+002 2.344529e+002 3.100000e+001
    endloop
  endfacet
  facet normal -0.000000e+000 0.000000e+000 -5.928468e-001
    outer loop
      vertex   -3.374782e+002 2.344529e+002 3.100000e+001
      vertex   -3.386500e+002 2.290000e+002 3.100000e+001
      vertex   -3.375525e+002 2.346181e+002 3.100000e+001
    endloop
  endfacet
  facet normal -0.000000e+000 0.000000e+000 -4.750386e-001
    outer loop
      vertex   -3.375525e+002 2.346181e+002 3.100000e+001
      vertex   -3.386500e+002 2.290000e+002 3.100000e+001
      vertex   -3.376064e+002 2.347910e+002 3.100000e+001
    endloop
  endfacet
  facet normal -0.000000e+000 0.000000e+000 -3.518648e-001
    outer loop
      vertex   -3.376064e+002 2.347910e+002 3.100000e+001
      vertex   -3.386500e+002 2.290000e+002 3.100000e+001
      vertex   -3.376391e+002 2.349692e+002 3.100000e+001
    endloop
  endfacet
  facet normal -0.000000e+000 0.000000e+000 -2.261456e-001
    outer loop
      vertex   -3.376391e+002 2.349692e+002 3.100000e+001
      vertex   -3.386500e+002 2.290000e+002 3.100000e+001
      vertex   -3.376500e+002 2.351500e+002 3.100000e+001
    endloop
  endfacet
  facet normal -0.000000e+000 0.000000e+000 -3.168265e-001
    outer loop
      vertex   -3.376500e+002 2.351500e+002 3.100000e+001
      vertex   -3.386500e+002 2.290000e+002 3.100000e+001
      vertex   -3.386500e+002 2.413000e+002 3.100000e+001
    endloop
  endfacet
  facet normal 0.000000e+000 0.000000e+000 -2.197315e-001
    outer loop
      vertex   -3.376500e+002 2.351500e+002 3.100000e+001
      vertex   -3.386500e+002 2.413000e+002 3.100000e+001
      vertex   -3.376391e+002 2.353308e+002 3.100000e+001
    endloop
  endfacet
  facet normal 0.000000e+000 0.000000e+000 -3.419915e-001
    outer loop
      vertex   -3.376391e+002 2.353308e+002 3.100000e+001
      vertex   -3.386500e+002 2.413000e+002 3.100000e+001
      vertex   -3.376064e+002 2.355090e+002 3.100000e+001
    endloop
  endfacet
  facet normal 0.000000e+000 0.000000e+000 -4.621415e-001
    outer loop
      vertex   -3.376064e+002 2.355090e+002 3.100000e+001
      vertex   -3.386500e+002 2.413000e+002 3.100000e+001
      vertex   -3.375525e+002 2.356819e+002 3.100000e+001
    endloop
  endfacet
  facet normal 0.000000e+000 0.000000e+000 -5.776064e-001
    outer loop
      vertex   -3.375525e+002 2.356819e+002 3.100000e+001
      vertex   -3.386500e+002 2.413000e+002 3.100000e+001
      vertex   -3.374782e+002 2.358471e+002 3.100000e+001
    endloop
  endfacet
  facet normal 0.000000e+000 0.000000e+000 -6.855527e-001
    outer loop
      vertex   -3.374782e+002 2.358471e+002 3.100000e+001
      vertex   -3.386500e+002 2.413000e+002 3.100000e+001
      vertex   -3.373845e+002 2.360021e+002 3.100000e+001
    endloop
  endfacet
  facet normal 0.000000e+000 0.000000e+000 -7.827584e-001
    outer loop
      vertex   -3.373845e+002 2.360021e+002 3.100000e+001
      vertex   -3.386500e+002 2.413000e+002 3.100000e+001
      vertex   -3.372728e+002 2.361447e+002 3.100000e+001
    endloop
  endfacet
  facet normal 0.000000e+000 0.000000e+000 -8.656508e-001
    outer loop
      vertex   -3.372728e+002 2.361447e+002 3.100000e+001
      vertex   -3.386500e+002 2.413000e+002 3.100000e+001
      vertex   -3.371447e+002 2.362728e+002 3.100000e+001
    endloop
  endfacet
  facet normal 0.000000e+000 0.000000e+000 -9.309967e-001
    outer loop
      vertex   -3.371447e+002 2.362728e+002 3.100000e+001
      vertex   -3.386500e+002 2.413000e+002 3.100000e+001
      vertex   -3.370021e+002 2.363845e+002 3.100000e+001
    endloop
  endfacet
  facet normal 0.000000e+000 0.000000e+000 -9.758531e-001
    outer loop
      vertex   -3.370021e+002 2.363845e+002 3.100000e+001
      vertex   -3.386500e+002 2.413000e+002 3.100000e+001
      vertex   -3.368471e+002 2.364782e+002 3.100000e+001
    endloop
  endfacet
  facet normal 0.000000e+000 0.000000e+000 -9.978796e-001
    outer loop
      vertex   -3.368471e+002 2.364782e+002 3.100000e+001
      vertex   -3.386500e+002 2.413000e+002 3.100000e+001
      vertex   -3.366819e+002 2.365525e+002 3.100000e+001
    endloop
  endfacet
  facet normal 0.000000e+000 0.000000e+000 -9.958717e-001
    outer loop
      vertex   -3.366819e+002 2.365525e+002 3.100000e+001
      vertex   -3.386500e+002 2.413000e+002 3.100000e+001
      vertex   -3.365090e+002 2.366064e+002 3.100000e+001
    endloop
  endfacet
  facet normal 0.000000e+000 0.000000e+000 -9.697251e-001
    outer loop
      vertex   -3.365090e+002 2.366064e+002 3.100000e+001
      vertex   -3.386500e+002 2.413000e+002 3.100000e+001
      vertex   -3.363308e+002 2.366391e+002 3.100000e+001
    endloop
  endfacet
  facet normal 0.000000e+000 0.000000e+000 -9.205304e-001
    outer loop
      vertex   -3.363308e+002 2.366391e+002 3.100000e+001
      vertex   -3.386500e+002 2.413000e+002 3.100000e+001
      vertex   -3.361500e+002 2.366500e+002 3.100000e+001
    endloop
  endfacet
  facet normal 0.000000e+000 0.000000e+000 -8.341546e-001
    outer loop
      vertex   -3.361500e+002 2.366500e+002 3.100000e+001
      vertex   -3.386500e+002 2.413000e+002 3.100000e+001
      vertex   -3.336500e+002 2.413000e+002 3.100000e+001
    endloop
  endfacet
  facet normal 0.000000e+000 0.000000e+000 -9.077361e-001
    outer loop
      vertex   -3.361500e+002 2.366500e+002 3.100000e+001
      vertex   -3.336500e+002 2.413000e+002 3.100000e+001
      vertex   -3.359692e+002 2.366391e+002 3.100000e+001
    endloop
  endfacet
  facet normal 0.000000e+000 0.000000e+000 -9.609242e-001
    outer loop
      vertex   -3.359692e+002 2.366391e+002 3.100000e+001
      vertex   -3.336500e+002 2.413000e+002 3.100000e+001
      vertex   -3.357910e+002 2.366064e+002 3.100000e+001
    endloop
  endfacet
  facet normal 0.000000e+000 0.000000e+000 -9.920948e-001
    outer loop
      vertex   -3.357910e+002 2.366064e+002 3.100000e+001
      vertex   -3.336500e+002 2.413000e+002 3.100000e+001
      vertex   -3.356181e+002 2.365525e+002 3.100000e+001
    endloop
  endfacet
  facet normal 0.000000e+000 0.000000e+000 -9.995535e-001
    outer loop
      vertex   -3.356181e+002 2.365525e+002 3.100000e+001
      vertex   -3.336500e+002 2.413000e+002 3.100000e+001
      vertex   -3.354529e+002 2.364782e+002 3.100000e+001
    endloop
  endfacet
  facet normal 0.000000e+000 0.000000e+000 -9.827622e-001
    outer loop
      vertex   -3.354529e+002 2.364782e+002 3.100000e+001
      vertex   -3.336500e+002 2.413000e+002 3.100000e+001
      vertex   -3.352979e+002 2.363845e+002 3.100000e+001
    endloop
  endfacet
  facet normal 0.000000e+000 0.000000e+000 -9.424137e-001
    outer loop
      vertex   -3.352979e+002 2.363845e+002 3.100000e+001
      vertex   -3.336500e+002 2.413000e+002 3.100000e+001
      vertex   -3.351553e+002 2.362728e+002 3.100000e+001
    endloop
  endfacet
  facet normal 0.000000e+000 0.000000e+000 -8.802234e-001
    outer loop
      vertex   -3.351553e+002 2.362728e+002 3.100000e+001
      vertex   -3.336500e+002 2.413000e+002 3.100000e+001
      vertex   -3.350272e+002 2.361447e+002 3.100000e+001
    endloop
  endfacet
  facet normal 0.000000e+000 0.000000e+000 -7.989393e-001
    outer loop
      vertex   -3.350272e+002 2.361447e+002 3.100000e+001
      vertex   -3.336500e+002 2.413000e+002 3.100000e+001
      vertex   -3.349155e+002 2.360021e+002 3.100000e+001
    endloop
  endfacet
  facet normal 0.000000e+000 0.000000e+000 -7.020763e-001
    outer loop
      vertex   -3.349155e+002 2.360021e+002 3.100000e+001
      vertex   -3.336500e+002 2.413000e+002 3.100000e+001
      vertex   -3.348218e+002 2.358471e+002 3.100000e+001
    endloop
  endfacet
  facet normal 0.000000e+000 0.000000e+000 -5.928189e-001
    outer loop
      vertex   -3.348218e+002 2.358471e+002 3.100000e+001
      vertex   -3.336500e+002 2.413000e+002 3.100000e+001
      vertex   -3.347475e+002 2.356819e+002 3.100000e+001
    endloop
  endfacet
  facet normal 0.000000e+000 0.000000e+000 -4.750602e-001
    outer loop
      vertex   -3.347475e+002 2.356819e+002 3.100000e+001
      vertex   -3.336500e+002 2.413000e+002 3.100000e+001
      vertex   -3.346936e+002 2.355090e+002 3.100000e+001
    endloop
  endfacet
  facet normal 0.000000e+000 0.000000e+000 -3.517097e-001
    outer loop
      vertex   -3.346936e+002 2.355090e+002 3.100000e+001
      vertex   -3.336500e+002 2.413000e+002 3.100000e+001
      vertex   -3.346609e+002 2.353308e+002 3.100000e+001
    endloop
  endfacet
  facet normal 0.000000e+000 0.000000e+000 -2.263093e-001
    outer loop
      vertex   -3.346609e+002 2.353308e+002 3.100000e+001
      vertex   -3.336500e+002 2.413000e+002 3.100000e+001
      vertex   -3.346500e+002 2.351500e+002 3.100000e+001
    endloop
  endfacet
  facet normal 0.000000e+000 0.000000e+000 -3.168265e-001
    outer loop
      vertex   -3.346500e+002 2.351500e+002 3.100000e+001
      vertex   -3.336500e+002 2.413000e+002 3.100000e+001
      vertex   -3.336500e+002 2.290000e+002 3.100000e+001
    endloop
  endfacet
  facet normal 0.000000e+000 -0.000000e+000 -2.199009e-001
    outer loop
      vertex   -3.346500e+002 2.351500e+002 3.100000e+001
      vertex   -3.336500e+002 2.290000e+002 3.100000e+001
      vertex   -3.346609e+002 2.349692e+002 3.100000e+001
    endloop
  endfacet
  facet normal 0.000000e+000 -0.000000e+000 -3.418404e-001
    outer loop
      vertex   -3.346609e+002 2.349692e+002 3.100000e+001
      vertex   -3.336500e+002 2.290000e+002 3.100000e+001
      vertex   -3.346936e+002 2.347910e+002 3.100000e+001
    endloop
  endfacet
  facet normal 0.000000e+000 -0.000000e+000 -4.621193e-001
    outer loop
      vertex   -3.346936e+002 2.347910e+002 3.100000e+001
      vertex   -3.336500e+002 2.290000e+002 3.100000e+001
      vertex   -3.347475e+002 2.346181e+002 3.100000e+001
    endloop
  endfacet
  facet normal 0.000000e+000 -0.000000e+000 -5.776350e-001
    outer loop
      vertex   -3.347475e+002 2.346181e+002 3.100000e+001
      vertex   -3.336500e+002 2.290000e+002 3.100000e+001
      vertex   -3.348218e+002 2.344529e+002 3.100000e+001
    endloop
  endfacet
  facet normal 0.000000e+000 -0.000000e+000 -6.856259e-001
    outer loop
      vertex   -3.348218e+002 2.344529e+002 3.100000e+001
      vertex   -3.336500e+002 2.290000e+002 3.100000e+001
      vertex   -3.349155e+002 2.342979e+002 3.100000e+001
    endloop
  endfacet
  facet normal 0.000000e+000 -0.000000e+000 -7.827120e-001
    outer loop
      vertex   -3.349155e+002 2.342979e+002 3.100000e+001
      vertex   -3.336500e+002 2.290000e+002 3.100000e+001
      vertex   -3.350272e+002 2.341553e+002 3.100000e+001
    endloop
  endfacet
  facet normal 0.000000e+000 -0.000000e+000 -8.656508e-001
    outer loop
      vertex   -3.350272e+002 2.341553e+002 3.100000e+001
      vertex   -3.336500e+002 2.290000e+002 3.100000e+001
      vertex   -3.351553e+002 2.340272e+002 3.100000e+001
    endloop
  endfacet
  facet normal 0.000000e+000 -0.000000e+000 -9.310346e-001
    outer loop
      vertex   -3.351553e+002 2.340272e+002 3.100000e+001
      vertex   -3.336500e+002 2.290000e+002 3.100000e+001
      vertex   -3.352979e+002 2.339155e+002 3.100000e+001
    endloop
  endfacet
  facet normal 0.000000e+000 -0.000000e+000 -9.758353e-001
    outer loop
      vertex   -3.352979e+002 2.339155e+002 3.100000e+001
      vertex   -3.336500e+002 2.290000e+002 3.100000e+001
      vertex   -3.354529e+002 2.338218e+002 3.100000e+001
    endloop
  endfacet
  facet normal 0.000000e+000 -0.000000e+000 -9.978841e-001
    outer loop
      vertex   -3.354529e+002 2.338218e+002 3.100000e+001
      vertex   -3.336500e+002 2.290000e+002 3.100000e+001
      vertex   -3.356181e+002 2.337475e+002 3.100000e+001
    endloop
  endfacet
  facet normal 0.000000e+000 -0.000000e+000 -9.958758e-001
    outer loop
      vertex   -3.356181e+002 2.337475e+002 3.100000e+001
      vertex   -3.336500e+002 2.290000e+002 3.100000e+001
      vertex   -3.357910e+002 2.336936e+002 3.100000e+001
    endloop
  endfacet
  facet normal 0.000000e+000 -0.000000e+000 -9.697177e-001
    outer loop
      vertex   -3.357910e+002 2.336936e+002 3.100000e+001
      vertex   -3.336500e+002 2.290000e+002 3.100000e+001
      vertex   -3.359692e+002 2.336609e+002 3.100000e+001
    endloop
  endfacet
  facet normal 0.000000e+000 0.000000e+000 9.205632e-001
    outer loop
      vertex   -3.363308e+002 2.336609e+002 3.520000e+001
      vertex   -3.386500e+002 2.290000e+002 3.520000e+001
      vertex   -3.361500e+002 2.336500e+002 3.520000e+001
    endloop
  endfacet
  facet normal 0.000000e+000 0.000000e+000 8.341562e-001
    outer loop
      vertex   -3.361500e+002 2.336500e+002 3.520000e+001
      vertex   -3.386500e+002 2.290000e+002 3.520000e+001
      vertex   -3.336500e+002 2.290000e+002 3.520000e+001
    endloop
  endfacet
  facet normal -0.000000e+000 0.000000e+000 9.077708e-001
    outer loop
      vertex   -3.361500e+002 2.336500e+002 3.520000e+001
      vertex   -3.336500e+002 2.290000e+002 3.520000e+001
      vertex   -3.359692e+002 2.336609e+002 3.520000e+001
    endloop
  endfacet
  facet normal -0.000000e+000 0.000000e+000 9.609242e-001
    outer loop
      vertex   -3.359692e+002 2.336609e+002 3.520000e+001
      vertex   -3.336500e+002 2.290000e+002 3.520000e+001
      vertex   -3.357910e+002 2.336936e+002 3.520000e+001
    endloop
  endfacet
  facet normal -0.000000e+000 0.000000e+000 9.920948e-001
    outer loop
      vertex   -3.357910e+002 2.336936e+002 3.520000e+001
      vertex   -3.336500e+002 2.290000e+002 3.520000e+001
      vertex   -3.356181e+002 2.337475e+002 3.520000e+001
    endloop
  endfacet
  facet normal -0.000000e+000 0.000000e+000 9.995535e-001
    outer loop
      vertex   -3.356181e+002 2.337475e+002 3.520000e+001
      vertex   -3.336500e+002 2.290000e+002 3.520000e+001
      vertex   -3.354529e+002 2.338218e+002 3.520000e+001
    endloop
  endfacet
  facet normal -0.000000e+000 0.000000e+000 9.827622e-001
    outer loop
      vertex   -3.354529e+002 2.338218e+002 3.520000e+001
      vertex   -3.336500e+002 2.290000e+002 3.520000e+001
      vertex   -3.352979e+002 2.339155e+002 3.520000e+001
    endloop
  endfacet
  facet normal -0.000000e+000 0.000000e+000 9.424137e-001
    outer loop
      vertex   -3.352979e+002 2.339155e+002 3.520000e+001
      vertex   -3.336500e+002 2.290000e+002 3.520000e+001
      vertex   -3.351553e+002 2.340272e+002 3.520000e+001
    endloop
  endfacet
  facet normal -0.000000e+000 0.000000e+000 8.802234e-001
    outer loop
      vertex   -3.351553e+002 2.340272e+002 3.520000e+001
      vertex   -3.336500e+002 2.290000e+002 3.520000e+001
      vertex   -3.350272e+002 2.341553e+002 3.520000e+001
    endloop
  endfacet
  facet normal -0.000000e+000 0.000000e+000 7.989706e-001
    outer loop
      vertex   -3.350272e+002 2.341553e+002 3.520000e+001
      vertex   -3.336500e+002 2.290000e+002 3.520000e+001
      vertex   -3.349155e+002 2.342979e+002 3.520000e+001
    endloop
  endfacet
  facet normal -0.000000e+000 0.000000e+000 7.020457e-001
    outer loop
      vertex   -3.349155e+002 2.342979e+002 3.520000e+001
      vertex   -3.336500e+002 2.290000e+002 3.520000e+001
      vertex   -3.348218e+002 2.344529e+002 3.520000e+001
    endloop
  endfacet
  facet normal -0.000000e+000 0.000000e+000 5.928468e-001
    outer loop
      vertex   -3.348218e+002 2.344529e+002 3.520000e+001
      vertex   -3.336500e+002 2.290000e+002 3.520000e+001
      vertex   -3.347475e+002 2.346181e+002 3.520000e+001
    endloop
  endfacet
  facet normal -0.000000e+000 0.000000e+000 4.750386e-001
    outer loop
      vertex   -3.347475e+002 2.346181e+002 3.520000e+001
      vertex   -3.336500e+002 2.290000e+002 3.520000e+001
      vertex   -3.346936e+002 2.347910e+002 3.520000e+001
    endloop
  endfacet
  facet normal -0.000000e+000 0.000000e+000 3.517097e-001
    outer loop
      vertex   -3.346936e+002 2.347910e+002 3.520000e+001
      vertex   -3.336500e+002 2.290000e+002 3.520000e+001
      vertex   -3.346609e+002 2.349692e+002 3.520000e+001
    endloop
  endfacet
  facet normal -0.000000e+000 0.000000e+000 2.263142e-001
    outer loop
      vertex   -3.346609e+002 2.349692e+002 3.520000e+001
      vertex   -3.336500e+002 2.290000e+002 3.520000e+001
      vertex   -3.346500e+002 2.351500e+002 3.520000e+001
    endloop
  endfacet
  facet normal -0.000000e+000 0.000000e+000 3.168265e-001
    outer loop
      vertex   -3.346500e+002 2.351500e+002 3.520000e+001
      vertex   -3.336500e+002 2.290000e+002 3.520000e+001
      vertex   -3.336500e+002 2.413000e+002 3.520000e+001
    endloop
  endfacet
  facet normal 0.000000e+000 -0.000000e+000 2.198956e-001
    outer loop
      vertex   -3.346500e+002 2.351500e+002 3.520000e+001
      vertex   -3.336500e+002 2.413000e+002 3.520000e+001
      vertex   -3.346609e+002 2.353308e+002 3.520000e+001
    endloop
  endfacet
  facet normal 0.000000e+000 -0.000000e+000 3.418404e-001
    outer loop
      vertex   -3.346609e+002 2.353308e+002 3.520000e+001
      vertex   -3.336500e+002 2.413000e+002 3.520000e+001
      vertex   -3.346936e+002 2.355090e+002 3.520000e+001
    endloop
  endfacet
  facet normal 0.000000e+000 -0.000000e+000 4.621415e-001
    outer loop
      vertex   -3.346936e+002 2.355090e+002 3.520000e+001
      vertex   -3.336500e+002 2.413000e+002 3.520000e+001
      vertex   -3.347475e+002 2.356819e+002 3.520000e+001
    endloop
  endfacet
  facet normal 0.000000e+000 -0.000000e+000 5.776064e-001
    outer loop
      vertex   -3.347475e+002 2.356819e+002 3.520000e+001
      vertex   -3.336500e+002 2.413000e+002 3.520000e+001
      vertex   -3.348218e+002 2.358471e+002 3.520000e+001
    endloop
  endfacet
  facet normal 0.000000e+000 -0.000000e+000 6.856576e-001
    outer loop
      vertex   -3.348218e+002 2.358471e+002 3.520000e+001
      vertex   -3.336500e+002 2.413000e+002 3.520000e+001
      vertex   -3.349155e+002 2.360021e+002 3.520000e+001
    endloop
  endfacet
  facet normal 0.000000e+000 -0.000000e+000 7.826793e-001
    outer loop
      vertex   -3.349155e+002 2.360021e+002 3.520000e+001
      vertex   -3.336500e+002 2.413000e+002 3.520000e+001
      vertex   -3.350272e+002 2.361447e+002 3.520000e+001
    endloop
  endfacet
  facet normal 0.000000e+000 -0.000000e+000 8.656508e-001
    outer loop
      vertex   -3.350272e+002 2.361447e+002 3.520000e+001
      vertex   -3.336500e+002 2.413000e+002 3.520000e+001
      vertex   -3.351553e+002 2.362728e+002 3.520000e+001
    endloop
  endfacet
  facet normal 0.000000e+000 -0.000000e+000 9.310346e-001
    outer loop
      vertex   -3.351553e+002 2.362728e+002 3.520000e+001
      vertex   -3.336500e+002 2.413000e+002 3.520000e+001
      vertex   -3.352979e+002 2.363845e+002 3.520000e+001
    endloop
  endfacet
  facet normal 0.000000e+000 -0.000000e+000 9.758353e-001
    outer loop
      vertex   -3.352979e+002 2.363845e+002 3.520000e+001
      vertex   -3.336500e+002 2.413000e+002 3.520000e+001
      vertex   -3.354529e+002 2.364782e+002 3.520000e+001
    endloop
  endfacet
  facet normal 0.000000e+000 -0.000000e+000 9.978841e-001
    outer loop
      vertex   -3.354529e+002 2.364782e+002 3.520000e+001
      vertex   -3.336500e+002 2.413000e+002 3.520000e+001
      vertex   -3.356181e+002 2.365525e+002 3.520000e+001
    endloop
  endfacet
  facet normal 0.000000e+000 -0.000000e+000 9.958758e-001
    outer loop
      vertex   -3.356181e+002 2.365525e+002 3.520000e+001
      vertex   -3.336500e+002 2.413000e+002 3.520000e+001
      vertex   -3.357910e+002 2.366064e+002 3.520000e+001
    endloop
  endfacet
  facet normal 0.000000e+000 -0.000000e+000 9.697177e-001
    outer loop
      vertex   -3.357910e+002 2.366064e+002 3.520000e+001
      vertex   -3.336500e+002 2.413000e+002 3.520000e+001
      vertex   -3.359692e+002 2.366391e+002 3.520000e+001
    endloop
  endfacet
  facet normal 0.000000e+000 -0.000000e+000 9.205323e-001
    outer loop
      vertex   -3.359692e+002 2.366391e+002 3.520000e+001
      vertex   -3.336500e+002 2.413000e+002 3.520000e+001
      vertex   -3.361500e+002 2.366500e+002 3.520000e+001
    endloop
  endfacet
  facet normal 0.000000e+000 -0.000000e+000 8.341546e-001
    outer loop
      vertex   -3.361500e+002 2.366500e+002 3.520000e+001
      vertex   -3.336500e+002 2.413000e+002 3.520000e+001
      vertex   -3.386500e+002 2.413000e+002 3.520000e+001
    endloop
  endfacet
  facet normal 0.000000e+000 0.000000e+000 9.077318e-001
    outer loop
      vertex   -3.361500e+002 2.366500e+002 3.520000e+001
      vertex   -3.386500e+002 2.413000e+002 3.520000e+001
      vertex   -3.363308e+002 2.366391e+002 3.520000e+001
    endloop
  endfacet
  facet normal 0.000000e+000 0.000000e+000 9.609340e-001
    outer loop
      vertex   -3.363308e+002 2.366391e+002 3.520000e+001
      vertex   -3.386500e+002 2.413000e+002 3.520000e+001
      vertex   -3.365090e+002 2.366064e+002 3.520000e+001
    endloop
  endfacet
  facet normal 0.000000e+000 0.000000e+000 9.920884e-001
    outer loop
      vertex   -3.365090e+002 2.366064e+002 3.520000e+001
      vertex   -3.386500e+002 2.413000e+002 3.520000e+001
      vertex   -3.366819e+002 2.365525e+002 3.520000e+001
    endloop
  endfacet
  facet normal 0.000000e+000 0.000000e+000 9.995513e-001
    outer loop
      vertex   -3.366819e+002 2.365525e+002 3.520000e+001
      vertex   -3.386500e+002 2.413000e+002 3.520000e+001
      vertex   -3.368471e+002 2.364782e+002 3.520000e+001
    endloop
  endfacet
  facet normal 0.000000e+000 0.000000e+000 9.827783e-001
    outer loop
      vertex   -3.368471e+002 2.364782e+002 3.520000e+001
      vertex   -3.386500e+002 2.413000e+002 3.520000e+001
      vertex   -3.370021e+002 2.363845e+002 3.520000e+001
    endloop
  endfacet
  facet normal 0.000000e+000 0.000000e+000 9.423772e-001
    outer loop
      vertex   -3.370021e+002 2.363845e+002 3.520000e+001
      vertex   -3.386500e+002 2.413000e+002 3.520000e+001
      vertex   -3.371447e+002 2.362728e+002 3.520000e+001
    endloop
  endfacet
  facet normal 0.000000e+000 0.000000e+000 8.802234e-001
    outer loop
      vertex   -3.371447e+002 2.362728e+002 3.520000e+001
      vertex   -3.386500e+002 2.413000e+002 3.520000e+001
      vertex   -3.372728e+002 2.361447e+002 3.520000e+001
    endloop
  endfacet
  facet normal 0.000000e+000 0.000000e+000 7.990191e-001
    outer loop
      vertex   -3.372728e+002 2.361447e+002 3.520000e+001
      vertex   -3.386500e+002 2.413000e+002 3.520000e+001
      vertex   -3.373845e+002 2.360021e+002 3.520000e+001
    endloop
  endfacet
  facet normal 0.000000e+000 0.000000e+000 7.019698e-001
    outer loop
      vertex   -3.373845e+002 2.360021e+002 3.520000e+001
      vertex   -3.386500e+002 2.413000e+002 3.520000e+001
      vertex   -3.374782e+002 2.358471e+002 3.520000e+001
    endloop
  endfacet
  facet normal 0.000000e+000 0.000000e+000 5.928189e-001
    outer loop
      vertex   -3.374782e+002 2.358471e+002 3.520000e+001
      vertex   -3.386500e+002 2.413000e+002 3.520000e+001
      vertex   -3.375525e+002 2.356819e+002 3.520000e+001
    endloop
  endfacet
  facet normal 0.000000e+000 0.000000e+000 4.750602e-001
    outer loop
      vertex   -3.375525e+002 2.356819e+002 3.520000e+001
      vertex   -3.386500e+002 2.413000e+002 3.520000e+001
      vertex   -3.376064e+002 2.355090e+002 3.520000e+001
    endloop
  endfacet
  facet normal 0.000000e+000 0.000000e+000 3.518648e-001
    outer loop
      vertex   -3.376064e+002 2.355090e+002 3.520000e+001
      vertex   -3.386500e+002 2.413000e+002 3.520000e+001
      vertex   -3.376391e+002 2.353308e+002 3.520000e+001
    endloop
  endfacet
  facet normal 0.000000e+000 0.000000e+000 2.261406e-001
    outer loop
      vertex   -3.376391e+002 2.353308e+002 3.520000e+001
      vertex   -3.386500e+002 2.413000e+002 3.520000e+001
      vertex   -3.376500e+002 2.351500e+002 3.520000e+001
    endloop
  endfacet
  facet normal 0.000000e+000 0.000000e+000 3.168265e-001
    outer loop
      vertex   -3.376500e+002 2.351500e+002 3.520000e+001
      vertex   -3.386500e+002 2.413000e+002 3.520000e+001
      vertex   -3.386500e+002 2.290000e+002 3.520000e+001
    endloop
  endfacet
  facet normal 0.000000e+000 0.000000e+000 2.197369e-001
    outer loop
      vertex   -3.376500e+002 2.351500e+002 3.520000e+001
      vertex   -3.386500e+002 2.290000e+002 3.520000e+001
      vertex   -3.376391e+002 2.349692e+002 3.520000e+001
    endloop
  endfacet
  facet normal 0.000000e+000 0.000000e+000 3.419915e-001
    outer loop
      vertex   -3.376391e+002 2.349692e+002 3.520000e+001
      vertex   -3.386500e+002 2.290000e+002 3.520000e+001
      vertex   -3.376064e+002 2.347910e+002 3.520000e+001
    endloop
  endfacet
  facet normal 0.000000e+000 0.000000e+000 4.621193e-001
    outer loop
      vertex   -3.376064e+002 2.347910e+002 3.520000e+001
      vertex   -3.386500e+002 2.290000e+002 3.520000e+001
      vertex   -3.375525e+002 2.346181e+002 3.520000e+001
    endloop
  endfacet
  facet normal 0.000000e+000 0.000000e+000 5.776350e-001
    outer loop
      vertex   -3.375525e+002 2.346181e+002 3.520000e+001
      vertex   -3.386500e+002 2.290000e+002 3.520000e+001
      vertex   -3.374782e+002 2.344529e+002 3.520000e+001
    endloop
  endfacet
  facet normal 0.000000e+000 0.000000e+000 6.855209e-001
    outer loop
      vertex   -3.374782e+002 2.344529e+002 3.520000e+001
      vertex   -3.386500e+002 2.290000e+002 3.520000e+001
      vertex   -3.373845e+002 2.342979e+002 3.520000e+001
    endloop
  endfacet
  facet normal 0.000000e+000 0.000000e+000 7.827912e-001
    outer loop
      vertex   -3.373845e+002 2.342979e+002 3.520000e+001
      vertex   -3.386500e+002 2.290000e+002 3.520000e+001
      vertex   -3.372728e+002 2.341553e+002 3.520000e+001
    endloop
  endfacet
  facet normal 0.000000e+000 0.000000e+000 8.656508e-001
    outer loop
      vertex   -3.372728e+002 2.341553e+002 3.520000e+001
      vertex   -3.386500e+002 2.290000e+002 3.520000e+001
      vertex   -3.371447e+002 2.340272e+002 3.520000e+001
    endloop
  endfacet
  facet normal 0.000000e+000 0.000000e+000 9.309967e-001
    outer loop
      vertex   -3.371447e+002 2.340272e+002 3.520000e+001
      vertex   -3.386500e+002 2.290000e+002 3.520000e+001
      vertex   -3.370021e+002 2.339155e+002 3.520000e+001
    endloop
  endfacet
  facet normal 0.000000e+000 0.000000e+000 9.758531e-001
    outer loop
      vertex   -3.370021e+002 2.339155e+002 3.520000e+001
      vertex   -3.386500e+002 2.290000e+002 3.520000e+001
      vertex   -3.368471e+002 2.338218e+002 3.520000e+001
    endloop
  endfacet
  facet normal 0.000000e+000 0.000000e+000 9.978796e-001
    outer loop
      vertex   -3.368471e+002 2.338218e+002 3.520000e+001
      vertex   -3.386500e+002 2.290000e+002 3.520000e+001
      vertex   -3.366819e+002 2.337475e+002 3.520000e+001
    endloop
  endfacet
  facet normal 0.000000e+000 0.000000e+000 9.958717e-001
    outer loop
      vertex   -3.366819e+002 2.337475e+002 3.520000e+001
      vertex   -3.386500e+002 2.290000e+002 3.520000e+001
      vertex   -3.365090e+002 2.336936e+002 3.520000e+001
    endloop
  endfacet
  facet normal 0.000000e+000 0.000000e+000 9.697251e-001
    outer loop
      vertex   -3.365090e+002 2.336936e+002 3.520000e+001
      vertex   -3.386500e+002 2.290000e+002 3.520000e+001
      vertex   -3.363308e+002 2.336609e+002 3.520000e+001
    endloop
  endfacet
  facet normal 0.000000e+000 -3.663064e-001 0.000000e+000
    outer loop
      vertex   -3.339500e+002 2.230000e+002 2.095000e+001
      vertex   -3.339500e+002 2.230000e+002 1.465000e+001
      vertex   -3.296000e+002 2.230000e+002 9.900005e+000
    endloop
  endfacet
  facet normal 0.000000e+000 -6.261070e-001 0.000000e+000
    outer loop
      vertex   -3.296000e+002 2.230000e+002 9.900005e+000
      vertex   -3.339500e+002 2.230000e+002 1.465000e+001
      vertex   -3.604500e+002 2.230000e+002 1.465000e+001
    endloop
  endfacet
  facet normal 0.000000e+000 -1.521772e-001 0.000000e+000
    outer loop
      vertex   -3.296000e+002 2.230000e+002 9.900005e+000
      vertex   -3.604500e+002 2.230000e+002 1.465000e+001
      vertex   -3.696000e+002 2.230000e+002 9.900005e+000
    endloop
  endfacet
  facet normal 0.000000e+000 -3.897420e-001 0.000000e+000
    outer loop
      vertex   -3.696000e+002 2.230000e+002 9.900005e+000
      vertex   -3.604500e+002 2.230000e+002 1.465000e+001
      vertex   -3.604500e+002 2.230000e+002 2.095000e+001
    endloop
  endfacet
  facet normal 0.000000e+000 -6.377803e-001 0.000000e+000
    outer loop
      vertex   -3.696000e+002 2.230000e+002 9.900005e+000
      vertex   -3.604500e+002 2.230000e+002 2.095000e+001
      vertex   -3.696000e+002 2.230000e+002 3.190001e+001
    endloop
  endfacet
  facet normal 0.000000e+000 -7.673603e-001 0.000000e+000
    outer loop
      vertex   -3.696000e+002 2.230000e+002 3.190001e+001
      vertex   -3.604500e+002 2.230000e+002 2.095000e+001
      vertex   -3.296000e+002 2.230000e+002 3.190001e+001
    endloop
  endfacet
  facet normal 0.000000e+000 -7.523220e-001 0.000000e+000
    outer loop
      vertex   -3.296000e+002 2.230000e+002 3.190001e+001
      vertex   -3.604500e+002 2.230000e+002 2.095000e+001
      vertex   -3.339500e+002 2.230000e+002 2.095000e+001
    endloop
  endfacet
  facet normal 0.000000e+000 -3.691972e-001 -0.000000e+000
    outer loop
      vertex   -3.296000e+002 2.230000e+002 3.190001e+001
      vertex   -3.339500e+002 2.230000e+002 2.095000e+001
      vertex   -3.296000e+002 2.230000e+002 9.900005e+000
    endloop
  endfacet
  facet normal 0.000000e+000 0.000000e+000 -1.000000e+000
    outer loop
      vertex   -3.296000e+002 2.230000e+002 9.900005e+000
      vertex   -3.696000e+002 2.230000e+002 9.900005e+000
      vertex   -3.296000e+002 2.290000e+002 9.900005e+000
    endloop
  endfacet
  facet normal -0.000000e+000 0.000000e+000 -1.483404e-001
    outer loop
      vertex   -3.296000e+002 2.290000e+002 9.900005e+000
      vertex   -3.696000e+002 2.230000e+002 9.900005e+000
      vertex   -3.696000e+002 2.290000e+002 9.900005e+000
    endloop
  endfacet
  facet normal 0.000000e+000 7.374731e-001 0.000000e+000
    outer loop
      vertex   -3.339500e+002 1.530000e+002 1.465000e+001
      vertex   -3.296000e+002 1.530000e+002 9.900005e+000
      vertex   -3.604500e+002 1.530000e+002 1.465000e+001
    endloop
  endfacet
  facet normal 0.000000e+000 5.904390e-001 0.000000e+000
    outer loop
      vertex   -3.604500e+002 1.530000e+002 1.465000e+001
      vertex   -3.296000e+002 1.530000e+002 9.900005e+000
      vertex   -3.696000e+002 1.530000e+002 9.900005e+000
    endloop
  endfacet
  facet normal 0.000000e+000 8.875337e-001 -0.000000e+000
    outer loop
      vertex   -3.604500e+002 1.530000e+002 1.465000e+001
      vertex   -3.696000e+002 1.530000e+002 9.900005e+000
      vertex   -3.604500e+002 1.530000e+002 2.095000e+001
    endloop
  endfacet
  facet normal 0.000000e+000 9.832837e-001 0.000000e+000
    outer loop
      vertex   -3.604500e+002 1.530000e+002 2.095000e+001
      vertex   -3.696000e+002 1.530000e+002 9.900005e+000
      vertex   -3.696000e+002 1.530000e+002 3.190001e+001
    endloop
  endfacet
  facet normal 0.000000e+000 9.376429e-001 -0.000000e+000
    outer loop
      vertex   -3.604500e+002 1.530000e+002 2.095000e+001
      vertex   -3.696000e+002 1.530000e+002 3.190001e+001
      vertex   -3.296000e+002 1.530000e+002 3.190001e+001
    endloop
  endfacet
  facet normal -0.000000e+000 6.753765e-001 0.000000e+000
    outer loop
      vertex   -3.339500e+002 1.530000e+002 1.465000e+001
      vertex   -3.339500e+002 1.530000e+002 2.095000e+001
      vertex   -3.296000e+002 1.530000e+002 9.900005e+000
    endloop
  endfacet
  facet normal 0.000000e+000 3.663064e-001 -0.000000e+000
    outer loop
      vertex   -3.296000e+002 1.530000e+002 9.900005e+000
      vertex   -3.339500e+002 1.530000e+002 2.095000e+001
      vertex   -3.296000e+002 1.530000e+002 3.190001e+001
    endloop
  endfacet
  facet normal 0.000000e+000 7.523220e-001 0.000000e+000
    outer loop
      vertex   -3.296000e+002 1.530000e+002 3.190001e+001
      vertex   -3.339500e+002 1.530000e+002 2.095000e+001
      vertex   -3.604500e+002 1.530000e+002 2.095000e+001
    endloop
  endfacet
  facet normal 0.000000e+000 0.000000e+000 -1.000000e+000
    outer loop
      vertex   -3.296000e+002 1.470000e+002 9.900005e+000
      vertex   -3.696000e+002 1.470000e+002 9.900005e+000
      vertex   -3.296000e+002 1.530000e+002 9.900005e+000
    endloop
  endfacet
  facet normal -0.000000e+000 0.000000e+000 -1.483404e-001
    outer loop
      vertex   -3.296000e+002 1.530000e+002 9.900005e+000
      vertex   -3.696000e+002 1.470000e+002 9.900005e+000
      vertex   -3.696000e+002 1.530000e+002 9.900005e+000
    endloop
  endfacet
  facet normal 0.000000e+000 0.000000e+000 1.000000e+000
    outer loop
      vertex   -3.696000e+002 1.470000e+002 3.790001e+001
      vertex   -3.296000e+002 1.470000e+002 3.790001e+001
      vertex   -3.696000e+002 1.880000e+002 3.790001e+001
    endloop
  endfacet
  facet normal -0.000000e+000 0.000000e+000 7.157819e-001
    outer loop
      vertex   -3.696000e+002 1.880000e+002 3.790001e+001
      vertex   -3.296000e+002 1.470000e+002 3.790001e+001
      vertex   -3.296000e+002 1.880000e+002 3.790001e+001
    endloop
  endfacet
  facet normal 0.000000e+000 0.000000e+000 1.000000e+000
    outer loop
      vertex   -3.696000e+002 1.880000e+002 3.790001e+001
      vertex   -3.296000e+002 1.880000e+002 3.790001e+001
      vertex   -3.696000e+002 2.290000e+002 3.790001e+001
    endloop
  endfacet
  facet normal -0.000000e+000 0.000000e+000 7.157819e-001
    outer loop
      vertex   -3.696000e+002 2.290000e+002 3.790001e+001
      vertex   -3.296000e+002 1.880000e+002 3.790001e+001
      vertex   -3.296000e+002 2.290000e+002 3.790001e+001
    endloop
  endfacet
  facet normal 0.000000e+000 0.000000e+000 -1.000000e+000
    outer loop
      vertex   -3.696000e+002 2.230000e+002 3.190001e+001
      vertex   -3.296000e+002 2.230000e+002 3.190001e+001
      vertex   -3.696000e+002 1.880000e+002 3.190001e+001
    endloop
  endfacet
  facet normal 0.000000e+000 0.000000e+000 -6.585046e-001
    outer loop
      vertex   -3.696000e+002 1.880000e+002 3.190001e+001
      vertex   -3.296000e+002 2.230000e+002 3.190001e+001
      vertex   -3.296000e+002 1.880000e+002 3.190001e+001
    endloop
  endfacet
  facet normal 0.000000e+000 0.000000e+000 -1.000000e+000
    outer loop
      vertex   -3.696000e+002 1.880000e+002 3.190001e+001
      vertex   -3.296000e+002 1.880000e+002 3.190001e+001
      vertex   -3.696000e+002 1.530000e+002 3.190001e+001
    endloop
  endfacet
  facet normal 0.000000e+000 0.000000e+000 -6.585046e-001
    outer loop
      vertex   -3.696000e+002 1.530000e+002 3.190001e+001
      vertex   -3.296000e+002 1.880000e+002 3.190001e+001
      vertex   -3.296000e+002 1.530000e+002 3.190001e+001
    endloop
  endfacet
  facet normal -1.000000e+000 0.000000e+000 0.000000e+000
    outer loop
      vertex   -3.696000e+002 1.880000e+002 3.190001e+001
      vertex   -3.696000e+002 1.880000e+002 3.790001e+001
      vertex   -3.696000e+002 2.230000e+002 3.190001e+001
    endloop
  endfacet
  facet normal -8.164157e-001 0.000000e+000 0.000000e+000
    outer loop
      vertex   -3.696000e+002 2.230000e+002 3.190001e+001
      vertex   -3.696000e+002 1.880000e+002 3.790001e+001
      vertex   -3.696000e+002 2.290000e+002 3.790001e+001
    endloop
  endfacet
  facet normal -8.682432e-001 0.000000e+000 0.000000e+000
    outer loop
      vertex   -3.696000e+002 2.230000e+002 3.190001e+001
      vertex   -3.696000e+002 2.290000e+002 3.790001e+001
      vertex   -3.696000e+002 2.290000e+002 9.900005e+000
    endloop
  endfacet
  facet normal -1.000000e+000 0.000000e+000 0.000000e+000
    outer loop
      vertex   -3.696000e+002 1.880000e+002 3.190001e+001
      vertex   -3.696000e+002 1.530000e+002 3.190001e+001
      vertex   -3.696000e+002 1.880000e+002 3.790001e+001
    endloop
  endfacet
  facet normal -1.689638e-001 -0.000000e+000 0.000000e+000
    outer loop
      vertex   -3.696000e+002 1.880000e+002 3.790001e+001
      vertex   -3.696000e+002 1.530000e+002 3.190001e+001
      vertex   -3.696000e+002 1.470000e+002 3.790001e+001
    endloop
  endfacet
  facet normal -7.071068e-001 0.000000e+000 0.000000e+000
    outer loop
      vertex   -3.696000e+002 1.470000e+002 3.790001e+001
      vertex   -3.696000e+002 1.530000e+002 3.190001e+001
      vertex   -3.696000e+002 1.470000e+002 9.900005e+000
    endloop
  endfacet
  facet normal -9.647638e-001 0.000000e+000 0.000000e+000
    outer loop
      vertex   -3.696000e+002 1.470000e+002 9.900005e+000
      vertex   -3.696000e+002 1.530000e+002 3.190001e+001
      vertex   -3.696000e+002 1.530000e+002 9.900005e+000
    endloop
  endfacet
  facet normal -9.647638e-001 0.000000e+000 0.000000e+000
    outer loop
      vertex   -3.696000e+002 2.290000e+002 9.900005e+000
      vertex   -3.696000e+002 2.230000e+002 9.900005e+000
      vertex   -3.696000e+002 2.230000e+002 3.190001e+001
    endloop
  endfacet
  facet normal 1.000000e+000 0.000000e+000 -0.000000e+000
    outer loop
      vertex   -3.296000e+002 1.880000e+002 3.190001e+001
      vertex   -3.296000e+002 1.880000e+002 3.790001e+001
      vertex   -3.296000e+002 1.530000e+002 3.190001e+001
    endloop
  endfacet
  facet normal 8.164157e-001 0.000000e+000 -0.000000e+000
    outer loop
      vertex   -3.296000e+002 1.530000e+002 3.190001e+001
      vertex   -3.296000e+002 1.880000e+002 3.790001e+001
      vertex   -3.296000e+002 1.470000e+002 3.790001e+001
    endloop
  endfacet
  facet normal 8.682432e-001 0.000000e+000 0.000000e+000
    outer loop
      vertex   -3.296000e+002 1.530000e+002 3.190001e+001
      vertex   -3.296000e+002 1.470000e+002 3.790001e+001
      vertex   -3.296000e+002 1.470000e+002 9.900005e+000
    endloop
  endfacet
  facet normal 1.000000e+000 0.000000e+000 0.000000e+000
    outer loop
      vertex   -3.296000e+002 1.880000e+002 3.190001e+001
      vertex   -3.296000e+002 2.230000e+002 3.190001e+001
      vertex   -3.296000e+002 1.880000e+002 3.790001e+001
    endloop
  endfacet
  facet normal 1.689638e-001 -0.000000e+000 0.000000e+000
    outer loop
      vertex   -3.296000e+002 1.880000e+002 3.790001e+001
      vertex   -3.296000e+002 2.230000e+002 3.190001e+001
      vertex   -3.296000e+002 2.290000e+002 3.790001e+001
    endloop
  endfacet
  facet normal 7.071068e-001 0.000000e+000 0.000000e+000
    outer loop
      vertex   -3.296000e+002 2.290000e+002 3.790001e+001
      vertex   -3.296000e+002 2.230000e+002 3.190001e+001
      vertex   -3.296000e+002 2.290000e+002 9.900005e+000
    endloop
  endfacet
  facet normal 9.647638e-001 0.000000e+000 0.000000e+000
    outer loop
      vertex   -3.296000e+002 2.290000e+002 9.900005e+000
      vertex   -3.296000e+002 2.230000e+002 3.190001e+001
      vertex   -3.296000e+002 2.230000e+002 9.900005e+000
    endloop
  endfacet
  facet normal 9.647638e-001 0.000000e+000 0.000000e+000
    outer loop
      vertex   -3.296000e+002 1.470000e+002 9.900005e+000
      vertex   -3.296000e+002 1.530000e+002 9.900005e+000
      vertex   -3.296000e+002 1.530000e+002 3.190001e+001
    endloop
  endfacet
endsolid
