solid ascii
  facet normal -8.551967e-001 0.000000e+000 -0.000000e+000
    outer loop
      vertex   -2.895000e+002 2.595000e+002 -2.760000e+001
      vertex   -2.895000e+002 2.601500e+002 -3.025000e+001
      vertex   -2.895000e+002 2.580000e+002 -2.910000e+001
    endloop
  endfacet
  facet normal -6.649558e-001 0.000000e+000 0.000000e+000
    outer loop
      vertex   -2.895000e+002 2.580000e+002 -2.910000e+001
      vertex   -2.895000e+002 2.601500e+002 -3.025000e+001
      vertex   -2.895000e+002 2.601500e+002 -3.495000e+001
    endloop
  endfacet
  facet normal -3.449608e-001 0.000000e+000 0.000000e+000
    outer loop
      vertex   -2.895000e+002 2.580000e+002 -2.910000e+001
      vertex   -2.895000e+002 2.601500e+002 -3.495000e+001
      vertex   -2.895000e+002 2.580000e+002 -3.610000e+001
    endloop
  endfacet
  facet normal -9.570249e-001 0.000000e+000 0.000000e+000
    outer loop
      vertex   -2.895000e+002 2.580000e+002 -3.610000e+001
      vertex   -2.895000e+002 2.601500e+002 -3.495000e+001
      vertex   -2.895000e+002 2.595000e+002 -3.760000e+001
    endloop
  endfacet
  facet normal -9.118026e-001 0.000000e+000 0.000000e+000
    outer loop
      vertex   -2.895000e+002 2.595000e+002 -3.760000e+001
      vertex   -2.895000e+002 2.601500e+002 -3.495000e+001
      vertex   -2.895000e+002 2.738500e+002 -3.495000e+001
    endloop
  endfacet
  facet normal -1.815985e-001 0.000000e+000 0.000000e+000
    outer loop
      vertex   -2.895000e+002 2.595000e+002 -3.760000e+001
      vertex   -2.895000e+002 2.738500e+002 -3.495000e+001
      vertex   -2.895000e+002 2.745000e+002 -3.760000e+001
    endloop
  endfacet
  facet normal -8.551967e-001 0.000000e+000 0.000000e+000
    outer loop
      vertex   -2.895000e+002 2.745000e+002 -3.760000e+001
      vertex   -2.895000e+002 2.738500e+002 -3.495000e+001
      vertex   -2.895000e+002 2.760000e+002 -3.610000e+001
    endloop
  endfacet
  facet normal -6.649554e-001 0.000000e+000 0.000000e+000
    outer loop
      vertex   -2.895000e+002 2.760000e+002 -3.610000e+001
      vertex   -2.895000e+002 2.738500e+002 -3.495000e+001
      vertex   -2.895000e+002 2.738500e+002 -3.025000e+001
    endloop
  endfacet
  facet normal -3.449607e-001 0.000000e+000 0.000000e+000
    outer loop
      vertex   -2.895000e+002 2.760000e+002 -3.610000e+001
      vertex   -2.895000e+002 2.738500e+002 -3.025000e+001
      vertex   -2.895000e+002 2.760000e+002 -2.910000e+001
    endloop
  endfacet
  facet normal -9.570247e-001 -0.000000e+000 0.000000e+000
    outer loop
      vertex   -2.895000e+002 2.760000e+002 -2.910000e+001
      vertex   -2.895000e+002 2.738500e+002 -3.025000e+001
      vertex   -2.895000e+002 2.745000e+002 -2.760000e+001
    endloop
  endfacet
  facet normal -9.712114e-001 -0.000000e+000 0.000000e+000
    outer loop
      vertex   -2.895000e+002 2.745000e+002 -2.760000e+001
      vertex   -2.895000e+002 2.738500e+002 -3.025000e+001
      vertex   -2.895000e+002 2.595000e+002 -2.760000e+001
    endloop
  endfacet
  facet normal -9.118025e-001 0.000000e+000 0.000000e+000
    outer loop
      vertex   -2.895000e+002 2.595000e+002 -2.760000e+001
      vertex   -2.895000e+002 2.738500e+002 -3.025000e+001
      vertex   -2.895000e+002 2.601500e+002 -3.025000e+001
    endloop
  endfacet
  facet normal 0.000000e+000 -7.071068e-001 7.071068e-001
    outer loop
      vertex   -2.875000e+002 2.595000e+002 -2.760000e+001
      vertex   -2.895000e+002 2.595000e+002 -2.760000e+001
      vertex   -2.875000e+002 2.580000e+002 -2.910000e+001
    endloop
  endfacet
  facet normal 0.000000e+000 -5.144957e-001 5.144957e-001
    outer loop
      vertex   -2.875000e+002 2.580000e+002 -2.910000e+001
      vertex   -2.895000e+002 2.595000e+002 -2.760000e+001
      vertex   -2.895000e+002 2.580000e+002 -2.910000e+001
    endloop
  endfacet
  facet normal 0.000000e+000 0.000000e+000 1.000000e+000
    outer loop
      vertex   -2.895000e+002 2.595000e+002 -2.760000e+001
      vertex   -2.875000e+002 2.595000e+002 -2.760000e+001
      vertex   -2.895000e+002 2.745000e+002 -2.760000e+001
    endloop
  endfacet
  facet normal -0.000000e+000 0.000000e+000 9.912279e-001
    outer loop
      vertex   -2.895000e+002 2.745000e+002 -2.760000e+001
      vertex   -2.875000e+002 2.595000e+002 -2.760000e+001
      vertex   -2.875000e+002 2.745000e+002 -2.760000e+001
    endloop
  endfacet
  facet normal 7.071068e-001 0.000000e+000 0.000000e+000
    outer loop
      vertex   -2.875000e+002 2.745000e+002 -2.760000e+001
      vertex   -2.875000e+002 2.595000e+002 -2.760000e+001
      vertex   -2.875000e+002 2.760000e+002 -2.910000e+001
    endloop
  endfacet
  facet normal 9.053575e-002 0.000000e+000 0.000000e+000
    outer loop
      vertex   -2.875000e+002 2.760000e+002 -2.910000e+001
      vertex   -2.875000e+002 2.595000e+002 -2.760000e+001
      vertex   -2.875000e+002 2.580000e+002 -2.910000e+001
    endloop
  endfacet
  facet normal 3.624463e-001 0.000000e+000 0.000000e+000
    outer loop
      vertex   -2.875000e+002 2.760000e+002 -2.910000e+001
      vertex   -2.875000e+002 2.580000e+002 -2.910000e+001
      vertex   -2.875000e+002 2.580000e+002 -3.610000e+001
    endloop
  endfacet
  facet normal 9.320046e-001 0.000000e+000 0.000000e+000
    outer loop
      vertex   -2.875000e+002 2.760000e+002 -2.910000e+001
      vertex   -2.875000e+002 2.580000e+002 -3.610000e+001
      vertex   -2.875000e+002 2.760000e+002 -3.610000e+001
    endloop
  endfacet
  facet normal 9.053575e-002 0.000000e+000 0.000000e+000
    outer loop
      vertex   -2.875000e+002 2.760000e+002 -3.610000e+001
      vertex   -2.875000e+002 2.580000e+002 -3.610000e+001
      vertex   -2.875000e+002 2.595000e+002 -3.760000e+001
    endloop
  endfacet
  facet normal 6.401844e-001 0.000000e+000 0.000000e+000
    outer loop
      vertex   -2.875000e+002 2.760000e+002 -3.610000e+001
      vertex   -2.875000e+002 2.595000e+002 -3.760000e+001
      vertex   -2.875000e+002 2.745000e+002 -3.760000e+001
    endloop
  endfacet
  facet normal -0.000000e+000 7.071068e-001 7.071068e-001
    outer loop
      vertex   -2.895000e+002 2.745000e+002 -2.760000e+001
      vertex   -2.875000e+002 2.745000e+002 -2.760000e+001
      vertex   -2.895000e+002 2.760000e+002 -2.910000e+001
    endloop
  endfacet
  facet normal -0.000000e+000 5.144957e-001 5.144957e-001
    outer loop
      vertex   -2.895000e+002 2.760000e+002 -2.910000e+001
      vertex   -2.875000e+002 2.745000e+002 -2.760000e+001
      vertex   -2.875000e+002 2.760000e+002 -2.910000e+001
    endloop
  endfacet
  facet normal 0.000000e+000 1.000000e+000 0.000000e+000
    outer loop
      vertex   -2.875000e+002 2.760000e+002 -2.910000e+001
      vertex   -2.875000e+002 2.760000e+002 -3.610000e+001
      vertex   -2.895000e+002 2.760000e+002 -2.910000e+001
    endloop
  endfacet
  facet normal 0.000000e+000 2.747211e-001 0.000000e+000
    outer loop
      vertex   -2.895000e+002 2.760000e+002 -2.910000e+001
      vertex   -2.875000e+002 2.760000e+002 -3.610000e+001
      vertex   -2.895000e+002 2.760000e+002 -3.610000e+001
    endloop
  endfacet
  facet normal 0.000000e+000 -7.071068e-001 -7.071068e-001
    outer loop
      vertex   -2.895000e+002 2.595000e+002 -3.760000e+001
      vertex   -2.875000e+002 2.595000e+002 -3.760000e+001
      vertex   -2.895000e+002 2.580000e+002 -3.610000e+001
    endloop
  endfacet
  facet normal 0.000000e+000 -5.144957e-001 -5.144957e-001
    outer loop
      vertex   -2.895000e+002 2.580000e+002 -3.610000e+001
      vertex   -2.875000e+002 2.595000e+002 -3.760000e+001
      vertex   -2.875000e+002 2.580000e+002 -3.610000e+001
    endloop
  endfacet
  facet normal 0.000000e+000 -1.000000e+000 0.000000e+000
    outer loop
      vertex   -2.895000e+002 2.580000e+002 -2.910000e+001
      vertex   -2.895000e+002 2.580000e+002 -3.610000e+001
      vertex   -2.875000e+002 2.580000e+002 -2.910000e+001
    endloop
  endfacet
  facet normal 0.000000e+000 -2.747211e-001 -0.000000e+000
    outer loop
      vertex   -2.875000e+002 2.580000e+002 -2.910000e+001
      vertex   -2.895000e+002 2.580000e+002 -3.610000e+001
      vertex   -2.875000e+002 2.580000e+002 -3.610000e+001
    endloop
  endfacet
  facet normal 0.000000e+000 7.071068e-001 -7.071068e-001
    outer loop
      vertex   -2.875000e+002 2.745000e+002 -3.760000e+001
      vertex   -2.895000e+002 2.745000e+002 -3.760000e+001
      vertex   -2.875000e+002 2.760000e+002 -3.610000e+001
    endloop
  endfacet
  facet normal 0.000000e+000 5.144957e-001 -5.144957e-001
    outer loop
      vertex   -2.875000e+002 2.760000e+002 -3.610000e+001
      vertex   -2.895000e+002 2.745000e+002 -3.760000e+001
      vertex   -2.895000e+002 2.760000e+002 -3.610000e+001
    endloop
  endfacet
  facet normal 0.000000e+000 0.000000e+000 -1.000000e+000
    outer loop
      vertex   -2.875000e+002 2.595000e+002 -3.760000e+001
      vertex   -2.895000e+002 2.595000e+002 -3.760000e+001
      vertex   -2.875000e+002 2.745000e+002 -3.760000e+001
    endloop
  endfacet
  facet normal -0.000000e+000 0.000000e+000 -9.912279e-001
    outer loop
      vertex   -2.875000e+002 2.745000e+002 -3.760000e+001
      vertex   -2.895000e+002 2.595000e+002 -3.760000e+001
      vertex   -2.895000e+002 2.745000e+002 -3.760000e+001
    endloop
  endfacet
  facet normal -7.071068e-001 7.071068e-001 0.000000e+000
    outer loop
      vertex   -3.280000e+002 2.718500e+002 -3.495000e+001
      vertex   -3.280000e+002 2.718500e+002 -3.025000e+001
      vertex   -3.260000e+002 2.738500e+002 -3.495000e+001
    endloop
  endfacet
  facet normal -3.646018e-001 3.646018e-001 0.000000e+000
    outer loop
      vertex   -3.260000e+002 2.738500e+002 -3.495000e+001
      vertex   -3.280000e+002 2.718500e+002 -3.025000e+001
      vertex   -3.260000e+002 2.738500e+002 -3.025000e+001
    endloop
  endfacet
  facet normal 0.000000e+000 1.000000e+000 0.000000e+000
    outer loop
      vertex   -3.260000e+002 2.738500e+002 -3.495000e+001
      vertex   -3.260000e+002 2.738500e+002 -3.025000e+001
      vertex   -2.895000e+002 2.738500e+002 -3.495000e+001
    endloop
  endfacet
  facet normal 0.000000e+000 9.918112e-001 -0.000000e+000
    outer loop
      vertex   -2.895000e+002 2.738500e+002 -3.495000e+001
      vertex   -3.260000e+002 2.738500e+002 -3.025000e+001
      vertex   -2.895000e+002 2.738500e+002 -3.025000e+001
    endloop
  endfacet
  facet normal 0.000000e+000 -0.000000e+000 9.399663e-001
    outer loop
      vertex   -3.248108e+002 2.655888e+002 -3.025000e+001
      vertex   -3.242399e+002 2.669111e+002 -3.025000e+001
      vertex   -3.250000e+002 2.656000e+002 -3.025000e+001
    endloop
  endfacet
  facet normal 0.000000e+000 0.000000e+000 1.542222e-001
    outer loop
      vertex   -3.250000e+002 2.656000e+002 -3.025000e+001
      vertex   -3.242399e+002 2.669111e+002 -3.025000e+001
      vertex   -3.244778e+002 2.669443e+002 -3.025000e+001
    endloop
  endfacet
  facet normal 0.000000e+000 -0.000000e+000 9.090372e-001
    outer loop
      vertex   -3.250000e+002 2.656000e+002 -3.025000e+001
      vertex   -3.244778e+002 2.669443e+002 -3.025000e+001
      vertex   -3.251892e+002 2.655888e+002 -3.025000e+001
    endloop
  endfacet
  facet normal 0.000000e+000 0.000000e+000 1.561529e-001
    outer loop
      vertex   -3.251892e+002 2.655888e+002 -3.025000e+001
      vertex   -3.244778e+002 2.669443e+002 -3.025000e+001
      vertex   -3.247115e+002 2.669993e+002 -3.025000e+001
    endloop
  endfacet
  facet normal 0.000000e+000 -0.000000e+000 8.754561e-001
    outer loop
      vertex   -3.251892e+002 2.655888e+002 -3.025000e+001
      vertex   -3.247115e+002 2.669993e+002 -3.025000e+001
      vertex   -3.253758e+002 2.655552e+002 -3.025000e+001
    endloop
  endfacet
  facet normal 0.000000e+000 0.000000e+000 1.509489e-001
    outer loop
      vertex   -3.253758e+002 2.655552e+002 -3.025000e+001
      vertex   -3.247115e+002 2.669993e+002 -3.025000e+001
      vertex   -3.249392e+002 2.670756e+002 -3.025000e+001
    endloop
  endfacet
  facet normal 0.000000e+000 0.000000e+000 1.457940e-001
    outer loop
      vertex   -3.253758e+002 2.655552e+002 -3.025000e+001
      vertex   -3.249392e+002 2.670756e+002 -3.025000e+001
      vertex   -3.251589e+002 2.671726e+002 -3.025000e+001
    endloop
  endfacet
  facet normal 0.000000e+000 0.000000e+000 9.354491e-001
    outer loop
      vertex   -3.242399e+002 2.669111e+002 -3.025000e+001
      vertex   -3.248108e+002 2.655888e+002 -3.025000e+001
      vertex   -3.240000e+002 2.669000e+002 -3.025000e+001
    endloop
  endfacet
  facet normal 0.000000e+000 0.000000e+000 1.189406e-001
    outer loop
      vertex   -3.240000e+002 2.669000e+002 -3.025000e+001
      vertex   -3.248108e+002 2.655888e+002 -3.025000e+001
      vertex   -3.246242e+002 2.655552e+002 -3.025000e+001
    endloop
  endfacet
  facet normal -0.000000e+000 0.000000e+000 8.866093e-001
    outer loop
      vertex   -3.240000e+002 2.669000e+002 -3.025000e+001
      vertex   -3.246242e+002 2.655552e+002 -3.025000e+001
      vertex   -3.237601e+002 2.669111e+002 -3.025000e+001
    endloop
  endfacet
  facet normal 0.000000e+000 0.000000e+000 1.165056e-001
    outer loop
      vertex   -3.237601e+002 2.669111e+002 -3.025000e+001
      vertex   -3.246242e+002 2.655552e+002 -3.025000e+001
      vertex   -3.244429e+002 2.654999e+002 -3.025000e+001
    endloop
  endfacet
  facet normal -0.000000e+000 0.000000e+000 8.313925e-001
    outer loop
      vertex   -3.237601e+002 2.669111e+002 -3.025000e+001
      vertex   -3.244429e+002 2.654999e+002 -3.025000e+001
      vertex   -3.235222e+002 2.669443e+002 -3.025000e+001
    endloop
  endfacet
  facet normal 0.000000e+000 0.000000e+000 1.105827e-001
    outer loop
      vertex   -3.235222e+002 2.669443e+002 -3.025000e+001
      vertex   -3.244429e+002 2.654999e+002 -3.025000e+001
      vertex   -3.242694e+002 2.654235e+002 -3.025000e+001
    endloop
  endfacet
  facet normal -0.000000e+000 0.000000e+000 7.727162e-001
    outer loop
      vertex   -3.235222e+002 2.669443e+002 -3.025000e+001
      vertex   -3.242694e+002 2.654235e+002 -3.025000e+001
      vertex   -3.232885e+002 2.669993e+002 -3.025000e+001
    endloop
  endfacet
  facet normal 0.000000e+000 0.000000e+000 1.018054e-001
    outer loop
      vertex   -3.232885e+002 2.669993e+002 -3.025000e+001
      vertex   -3.242694e+002 2.654235e+002 -3.025000e+001
      vertex   -3.241062e+002 2.653271e+002 -3.025000e+001
    endloop
  endfacet
  facet normal -0.000000e+000 0.000000e+000 7.122658e-001
    outer loop
      vertex   -3.232885e+002 2.669993e+002 -3.025000e+001
      vertex   -3.241062e+002 2.653271e+002 -3.025000e+001
      vertex   -3.230608e+002 2.670756e+002 -3.025000e+001
    endloop
  endfacet
  facet normal 0.000000e+000 0.000000e+000 9.112813e-002
    outer loop
      vertex   -3.230608e+002 2.670756e+002 -3.025000e+001
      vertex   -3.241062e+002 2.653271e+002 -3.025000e+001
      vertex   -3.239555e+002 2.652120e+002 -3.025000e+001
    endloop
  endfacet
  facet normal 0.000000e+000 0.000000e+000 8.419771e-002
    outer loop
      vertex   -3.230608e+002 2.670756e+002 -3.025000e+001
      vertex   -3.239555e+002 2.652120e+002 -3.025000e+001
      vertex   -3.238195e+002 2.650800e+002 -3.025000e+001
    endloop
  endfacet
  facet normal -0.000000e+000 0.000000e+000 7.114747e-001
    outer loop
      vertex   -3.230608e+002 2.670756e+002 -3.025000e+001
      vertex   -3.238195e+002 2.650800e+002 -3.025000e+001
      vertex   -3.228411e+002 2.671726e+002 -3.025000e+001
    endloop
  endfacet
  facet normal 0.000000e+000 0.000000e+000 7.109860e-002
    outer loop
      vertex   -3.228411e+002 2.671726e+002 -3.025000e+001
      vertex   -3.238195e+002 2.650800e+002 -3.025000e+001
      vertex   -3.237000e+002 2.649328e+002 -3.025000e+001
    endloop
  endfacet
  facet normal -0.000000e+000 0.000000e+000 6.415011e-001
    outer loop
      vertex   -3.228411e+002 2.671726e+002 -3.025000e+001
      vertex   -3.237000e+002 2.649328e+002 -3.025000e+001
      vertex   -3.226313e+002 2.672894e+002 -3.025000e+001
    endloop
  endfacet
  facet normal 0.000000e+000 0.000000e+000 5.873155e-002
    outer loop
      vertex   -3.226313e+002 2.672894e+002 -3.025000e+001
      vertex   -3.237000e+002 2.649328e+002 -3.025000e+001
      vertex   -3.235988e+002 2.647725e+002 -3.025000e+001
    endloop
  endfacet
  facet normal -0.000000e+000 0.000000e+000 5.673580e-001
    outer loop
      vertex   -3.226313e+002 2.672894e+002 -3.025000e+001
      vertex   -3.235988e+002 2.647725e+002 -3.025000e+001
      vertex   -3.224331e+002 2.674251e+002 -3.025000e+001
    endloop
  endfacet
  facet normal 0.000000e+000 0.000000e+000 4.743350e-002
    outer loop
      vertex   -3.224331e+002 2.674251e+002 -3.025000e+001
      vertex   -3.235988e+002 2.647725e+002 -3.025000e+001
      vertex   -3.235173e+002 2.646013e+002 -3.025000e+001
    endloop
  endfacet
  facet normal -0.000000e+000 0.000000e+000 4.891680e-001
    outer loop
      vertex   -3.224331e+002 2.674251e+002 -3.025000e+001
      vertex   -3.235173e+002 2.646013e+002 -3.025000e+001
      vertex   -3.222484e+002 2.675786e+002 -3.025000e+001
    endloop
  endfacet
  facet normal 0.000000e+000 0.000000e+000 3.735686e-002
    outer loop
      vertex   -3.222484e+002 2.675786e+002 -3.025000e+001
      vertex   -3.235173e+002 2.646013e+002 -3.025000e+001
      vertex   -3.234566e+002 2.644218e+002 -3.025000e+001
    endloop
  endfacet
  facet normal 0.000000e+000 0.000000e+000 9.898697e-001
    outer loop
      vertex   -3.222484e+002 2.675786e+002 -3.025000e+001
      vertex   -3.234566e+002 2.644218e+002 -3.025000e+001
      vertex   -2.895000e+002 2.601500e+002 -3.025000e+001
    endloop
  endfacet
  facet normal 0.000000e+000 0.000000e+000 5.245288e-003
    outer loop
      vertex   -2.895000e+002 2.601500e+002 -3.025000e+001
      vertex   -3.234566e+002 2.644218e+002 -3.025000e+001
      vertex   -3.234175e+002 2.642362e+002 -3.025000e+001
    endloop
  endfacet
  facet normal 0.000000e+000 0.000000e+000 5.434352e-003
    outer loop
      vertex   -2.895000e+002 2.601500e+002 -3.025000e+001
      vertex   -3.234175e+002 2.642362e+002 -3.025000e+001
      vertex   -3.234007e+002 2.640474e+002 -3.025000e+001
    endloop
  endfacet
  facet normal 0.000000e+000 0.000000e+000 9.964035e-001
    outer loop
      vertex   -3.234007e+002 2.640474e+002 -3.025000e+001
      vertex   -3.234063e+002 2.638579e+002 -3.025000e+001
      vertex   -2.895000e+002 2.601500e+002 -3.025000e+001
    endloop
  endfacet
  facet normal 0.000000e+000 0.000000e+000 5.552488e-003
    outer loop
      vertex   -2.895000e+002 2.601500e+002 -3.025000e+001
      vertex   -3.234063e+002 2.638579e+002 -3.025000e+001
      vertex   -3.234343e+002 2.636704e+002 -3.025000e+001
    endloop
  endfacet
  facet normal 0.000000e+000 0.000000e+000 5.477468e-003
    outer loop
      vertex   -2.895000e+002 2.601500e+002 -3.025000e+001
      vertex   -3.234343e+002 2.636704e+002 -3.025000e+001
      vertex   -3.234843e+002 2.634876e+002 -3.025000e+001
    endloop
  endfacet
  facet normal 0.000000e+000 0.000000e+000 9.590198e-001
    outer loop
      vertex   -3.234843e+002 2.634876e+002 -3.025000e+001
      vertex   -3.235555e+002 2.633119e+002 -3.025000e+001
      vertex   -2.895000e+002 2.601500e+002 -3.025000e+001
    endloop
  endfacet
  facet normal 0.000000e+000 0.000000e+000 5.069277e-003
    outer loop
      vertex   -2.895000e+002 2.601500e+002 -3.025000e+001
      vertex   -3.235555e+002 2.633119e+002 -3.025000e+001
      vertex   -3.236470e+002 2.631459e+002 -3.025000e+001
    endloop
  endfacet
  facet normal 0.000000e+000 0.000000e+000 4.744504e-003
    outer loop
      vertex   -2.895000e+002 2.601500e+002 -3.025000e+001
      vertex   -3.236470e+002 2.631459e+002 -3.025000e+001
      vertex   -3.237576e+002 2.629919e+002 -3.025000e+001
    endloop
  endfacet
  facet normal 0.000000e+000 0.000000e+000 7.910812e-001
    outer loop
      vertex   -3.237576e+002 2.629919e+002 -3.025000e+001
      vertex   -3.238855e+002 2.628520e+002 -3.025000e+001
      vertex   -2.895000e+002 2.601500e+002 -3.025000e+001
    endloop
  endfacet
  facet normal 0.000000e+000 0.000000e+000 3.887819e-003
    outer loop
      vertex   -2.895000e+002 2.601500e+002 -3.025000e+001
      vertex   -3.238855e+002 2.628520e+002 -3.025000e+001
      vertex   -3.240291e+002 2.627282e+002 -3.025000e+001
    endloop
  endfacet
  facet normal 0.000000e+000 0.000000e+000 7.446150e-002
    outer loop
      vertex   -2.895000e+002 2.601500e+002 -3.025000e+001
      vertex   -3.240291e+002 2.627282e+002 -3.025000e+001
      vertex   -3.260000e+002 2.601500e+002 -3.025000e+001
    endloop
  endfacet
  facet normal 0.000000e+000 0.000000e+000 1.976325e-002
    outer loop
      vertex   -3.260000e+002 2.601500e+002 -3.025000e+001
      vertex   -3.240291e+002 2.627282e+002 -3.025000e+001
      vertex   -3.241863e+002 2.626223e+002 -3.025000e+001
    endloop
  endfacet
  facet normal 0.000000e+000 0.000000e+000 2.925923e-002
    outer loop
      vertex   -3.260000e+002 2.601500e+002 -3.025000e+001
      vertex   -3.241863e+002 2.626223e+002 -3.025000e+001
      vertex   -3.243550e+002 2.625358e+002 -3.025000e+001
    endloop
  endfacet
  facet normal 0.000000e+000 0.000000e+000 5.740888e-001
    outer loop
      vertex   -3.243550e+002 2.625358e+002 -3.025000e+001
      vertex   -3.245327e+002 2.624698e+002 -3.025000e+001
      vertex   -3.260000e+002 2.601500e+002 -3.025000e+001
    endloop
  endfacet
  facet normal 0.000000e+000 0.000000e+000 5.050691e-002
    outer loop
      vertex   -3.260000e+002 2.601500e+002 -3.025000e+001
      vertex   -3.245327e+002 2.624698e+002 -3.025000e+001
      vertex   -3.247170e+002 2.624252e+002 -3.025000e+001
    endloop
  endfacet
  facet normal 0.000000e+000 0.000000e+000 6.106135e-002
    outer loop
      vertex   -3.260000e+002 2.601500e+002 -3.025000e+001
      vertex   -3.247170e+002 2.624252e+002 -3.025000e+001
      vertex   -3.249052e+002 2.624028e+002 -3.025000e+001
    endloop
  endfacet
  facet normal 0.000000e+000 0.000000e+000 8.994192e-001
    outer loop
      vertex   -3.249052e+002 2.624028e+002 -3.025000e+001
      vertex   -3.250948e+002 2.624028e+002 -3.025000e+001
      vertex   -3.260000e+002 2.601500e+002 -3.025000e+001
    endloop
  endfacet
  facet normal 0.000000e+000 -0.000000e+000 9.197599e-001
    outer loop
      vertex   -3.260000e+002 2.601500e+002 -3.025000e+001
      vertex   -3.250948e+002 2.624028e+002 -3.025000e+001
      vertex   -3.280000e+002 2.621500e+002 -3.025000e+001
    endloop
  endfacet
  facet normal 0.000000e+000 0.000000e+000 1.415806e-002
    outer loop
      vertex   -3.280000e+002 2.621500e+002 -3.025000e+001
      vertex   -3.250948e+002 2.624028e+002 -3.025000e+001
      vertex   -3.252830e+002 2.624252e+002 -3.025000e+001
    endloop
  endfacet
  facet normal 0.000000e+000 0.000000e+000 2.462765e-002
    outer loop
      vertex   -3.280000e+002 2.621500e+002 -3.025000e+001
      vertex   -3.252830e+002 2.624252e+002 -3.025000e+001
      vertex   -3.254673e+002 2.624698e+002 -3.025000e+001
    endloop
  endfacet
  facet normal 0.000000e+000 0.000000e+000 4.628879e-001
    outer loop
      vertex   -3.254673e+002 2.624698e+002 -3.025000e+001
      vertex   -3.256450e+002 2.625358e+002 -3.025000e+001
      vertex   -3.280000e+002 2.621500e+002 -3.025000e+001
    endloop
  endfacet
  facet normal 0.000000e+000 0.000000e+000 5.038756e-002
    outer loop
      vertex   -3.280000e+002 2.621500e+002 -3.025000e+001
      vertex   -3.256450e+002 2.625358e+002 -3.025000e+001
      vertex   -3.258137e+002 2.626223e+002 -3.025000e+001
    endloop
  endfacet
  facet normal 0.000000e+000 0.000000e+000 6.479461e-002
    outer loop
      vertex   -3.280000e+002 2.621500e+002 -3.025000e+001
      vertex   -3.258137e+002 2.626223e+002 -3.025000e+001
      vertex   -3.259709e+002 2.627282e+002 -3.025000e+001
    endloop
  endfacet
  facet normal 0.000000e+000 0.000000e+000 8.354489e-001
    outer loop
      vertex   -3.259709e+002 2.627282e+002 -3.025000e+001
      vertex   -3.261145e+002 2.628520e+002 -3.025000e+001
      vertex   -3.280000e+002 2.621500e+002 -3.025000e+001
    endloop
  endfacet
  facet normal 0.000000e+000 0.000000e+000 9.016849e-002
    outer loop
      vertex   -3.280000e+002 2.621500e+002 -3.025000e+001
      vertex   -3.261145e+002 2.628520e+002 -3.025000e+001
      vertex   -3.262424e+002 2.629919e+002 -3.025000e+001
    endloop
  endfacet
  facet normal 0.000000e+000 0.000000e+000 9.698058e-002
    outer loop
      vertex   -3.280000e+002 2.621500e+002 -3.025000e+001
      vertex   -3.262424e+002 2.629919e+002 -3.025000e+001
      vertex   -3.263530e+002 2.631459e+002 -3.025000e+001
    endloop
  endfacet
  facet normal 0.000000e+000 0.000000e+000 9.992000e-001
    outer loop
      vertex   -3.263530e+002 2.631459e+002 -3.025000e+001
      vertex   -3.264445e+002 2.633119e+002 -3.025000e+001
      vertex   -3.280000e+002 2.621500e+002 -3.025000e+001
    endloop
  endfacet
  facet normal 0.000000e+000 0.000000e+000 9.178054e-002
    outer loop
      vertex   -3.280000e+002 2.621500e+002 -3.025000e+001
      vertex   -3.264445e+002 2.633119e+002 -3.025000e+001
      vertex   -3.265157e+002 2.634876e+002 -3.025000e+001
    endloop
  endfacet
  facet normal 0.000000e+000 0.000000e+000 8.099917e-002
    outer loop
      vertex   -3.280000e+002 2.621500e+002 -3.025000e+001
      vertex   -3.265157e+002 2.634876e+002 -3.025000e+001
      vertex   -3.265657e+002 2.636704e+002 -3.025000e+001
    endloop
  endfacet
  facet normal 0.000000e+000 0.000000e+000 7.860588e-001
    outer loop
      vertex   -3.265657e+002 2.636704e+002 -3.025000e+001
      vertex   -3.265937e+002 2.638579e+002 -3.025000e+001
      vertex   -3.280000e+002 2.621500e+002 -3.025000e+001
    endloop
  endfacet
  facet normal 0.000000e+000 0.000000e+000 5.290769e-002
    outer loop
      vertex   -3.280000e+002 2.621500e+002 -3.025000e+001
      vertex   -3.265937e+002 2.638579e+002 -3.025000e+001
      vertex   -3.265993e+002 2.640474e+002 -3.025000e+001
    endloop
  endfacet
  facet normal 0.000000e+000 0.000000e+000 3.908573e-002
    outer loop
      vertex   -3.280000e+002 2.621500e+002 -3.025000e+001
      vertex   -3.265993e+002 2.640474e+002 -3.025000e+001
      vertex   -3.265825e+002 2.642362e+002 -3.025000e+001
    endloop
  endfacet
  facet normal 0.000000e+000 -0.000000e+000 3.796732e-001
    outer loop
      vertex   -3.265825e+002 2.642362e+002 -3.025000e+001
      vertex   -3.265434e+002 2.644218e+002 -3.025000e+001
      vertex   -3.280000e+002 2.621500e+002 -3.025000e+001
    endloop
  endfacet
  facet normal 0.000000e+000 0.000000e+000 1.588541e-002
    outer loop
      vertex   -3.280000e+002 2.621500e+002 -3.025000e+001
      vertex   -3.265434e+002 2.644218e+002 -3.025000e+001
      vertex   -3.264827e+002 2.646013e+002 -3.025000e+001
    endloop
  endfacet
  facet normal 0.000000e+000 0.000000e+000 3.081633e-001
    outer loop
      vertex   -3.280000e+002 2.621500e+002 -3.025000e+001
      vertex   -3.264827e+002 2.646013e+002 -3.025000e+001
      vertex   -3.264244e+002 2.685608e+002 -3.025000e+001
    endloop
  endfacet
  facet normal 0.000000e+000 0.000000e+000 2.084953e-002
    outer loop
      vertex   -3.264244e+002 2.685608e+002 -3.025000e+001
      vertex   -3.264827e+002 2.646013e+002 -3.025000e+001
      vertex   -3.264012e+002 2.647725e+002 -3.025000e+001
    endloop
  endfacet
  facet normal 0.000000e+000 0.000000e+000 3.983804e-001
    outer loop
      vertex   -3.264244e+002 2.685608e+002 -3.025000e+001
      vertex   -3.264012e+002 2.647725e+002 -3.025000e+001
      vertex   -3.263274e+002 2.683411e+002 -3.025000e+001
    endloop
  endfacet
  facet normal 0.000000e+000 0.000000e+000 5.045203e-001
    outer loop
      vertex   -3.263274e+002 2.683411e+002 -3.025000e+001
      vertex   -3.264012e+002 2.647725e+002 -3.025000e+001
      vertex   -3.262106e+002 2.681313e+002 -3.025000e+001
    endloop
  endfacet
  facet normal 0.000000e+000 0.000000e+000 2.873673e-002
    outer loop
      vertex   -3.262106e+002 2.681313e+002 -3.025000e+001
      vertex   -3.264012e+002 2.647725e+002 -3.025000e+001
      vertex   -3.263000e+002 2.649328e+002 -3.025000e+001
    endloop
  endfacet
  facet normal 0.000000e+000 0.000000e+000 5.879015e-001
    outer loop
      vertex   -3.262106e+002 2.681313e+002 -3.025000e+001
      vertex   -3.263000e+002 2.649328e+002 -3.025000e+001
      vertex   -3.260749e+002 2.679331e+002 -3.025000e+001
    endloop
  endfacet
  facet normal 0.000000e+000 0.000000e+000 3.786050e-002
    outer loop
      vertex   -3.260749e+002 2.679331e+002 -3.025000e+001
      vertex   -3.263000e+002 2.649328e+002 -3.025000e+001
      vertex   -3.261805e+002 2.650800e+002 -3.025000e+001
    endloop
  endfacet
  facet normal 0.000000e+000 0.000000e+000 6.669460e-001
    outer loop
      vertex   -3.260749e+002 2.679331e+002 -3.025000e+001
      vertex   -3.261805e+002 2.650800e+002 -3.025000e+001
      vertex   -3.259214e+002 2.677484e+002 -3.025000e+001
    endloop
  endfacet
  facet normal 0.000000e+000 0.000000e+000 4.828764e-002
    outer loop
      vertex   -3.259214e+002 2.677484e+002 -3.025000e+001
      vertex   -3.261805e+002 2.650800e+002 -3.025000e+001
      vertex   -3.260445e+002 2.652120e+002 -3.025000e+001
    endloop
  endfacet
  facet normal 0.000000e+000 0.000000e+000 7.405558e-001
    outer loop
      vertex   -3.259214e+002 2.677484e+002 -3.025000e+001
      vertex   -3.260445e+002 2.652120e+002 -3.025000e+001
      vertex   -3.257516e+002 2.675786e+002 -3.025000e+001
    endloop
  endfacet
  facet normal 0.000000e+000 0.000000e+000 6.002749e-002
    outer loop
      vertex   -3.257516e+002 2.675786e+002 -3.025000e+001
      vertex   -3.260445e+002 2.652120e+002 -3.025000e+001
      vertex   -3.258938e+002 2.653271e+002 -3.025000e+001
    endloop
  endfacet
  facet normal 0.000000e+000 0.000000e+000 8.080274e-001
    outer loop
      vertex   -3.257516e+002 2.675786e+002 -3.025000e+001
      vertex   -3.258938e+002 2.653271e+002 -3.025000e+001
      vertex   -3.255669e+002 2.674251e+002 -3.025000e+001
    endloop
  endfacet
  facet normal 0.000000e+000 0.000000e+000 7.290354e-002
    outer loop
      vertex   -3.255669e+002 2.674251e+002 -3.025000e+001
      vertex   -3.258938e+002 2.653271e+002 -3.025000e+001
      vertex   -3.257306e+002 2.654235e+002 -3.025000e+001
    endloop
  endfacet
  facet normal 0.000000e+000 0.000000e+000 8.683723e-001
    outer loop
      vertex   -3.255669e+002 2.674251e+002 -3.025000e+001
      vertex   -3.257306e+002 2.654235e+002 -3.025000e+001
      vertex   -3.253687e+002 2.672894e+002 -3.025000e+001
    endloop
  endfacet
  facet normal 0.000000e+000 0.000000e+000 8.656496e-002
    outer loop
      vertex   -3.253687e+002 2.672894e+002 -3.025000e+001
      vertex   -3.257306e+002 2.654235e+002 -3.025000e+001
      vertex   -3.255571e+002 2.654999e+002 -3.025000e+001
    endloop
  endfacet
  facet normal 0.000000e+000 0.000000e+000 9.197866e-001
    outer loop
      vertex   -3.253687e+002 2.672894e+002 -3.025000e+001
      vertex   -3.255571e+002 2.654999e+002 -3.025000e+001
      vertex   -3.251589e+002 2.671726e+002 -3.025000e+001
    endloop
  endfacet
  facet normal 0.000000e+000 0.000000e+000 1.002281e-001
    outer loop
      vertex   -3.251589e+002 2.671726e+002 -3.025000e+001
      vertex   -3.255571e+002 2.654999e+002 -3.025000e+001
      vertex   -3.253758e+002 2.655552e+002 -3.025000e+001
    endloop
  endfacet
  facet normal 0.000000e+000 -0.000000e+000 7.392498e-001
    outer loop
      vertex   -3.242399e+002 2.720889e+002 -3.025000e+001
      vertex   -3.240000e+002 2.721000e+002 -3.025000e+001
      vertex   -3.260000e+002 2.738500e+002 -3.025000e+001
    endloop
  endfacet
  facet normal 0.000000e+000 0.000000e+000 5.250875e-002
    outer loop
      vertex   -3.260000e+002 2.738500e+002 -3.025000e+001
      vertex   -3.240000e+002 2.721000e+002 -3.025000e+001
      vertex   -3.237601e+002 2.720889e+002 -3.025000e+001
    endloop
  endfacet
  facet normal 0.000000e+000 0.000000e+000 3.953162e-002
    outer loop
      vertex   -3.260000e+002 2.738500e+002 -3.025000e+001
      vertex   -3.237601e+002 2.720889e+002 -3.025000e+001
      vertex   -3.235222e+002 2.720557e+002 -3.025000e+001
    endloop
  endfacet
  facet normal -0.000000e+000 -0.000000e+000 3.854617e-001
    outer loop
      vertex   -3.235222e+002 2.720557e+002 -3.025000e+001
      vertex   -3.232885e+002 2.720007e+002 -3.025000e+001
      vertex   -3.260000e+002 2.738500e+002 -3.025000e+001
    endloop
  endfacet
  facet normal 0.000000e+000 0.000000e+000 1.857747e-002
    outer loop
      vertex   -3.260000e+002 2.738500e+002 -3.025000e+001
      vertex   -3.232885e+002 2.720007e+002 -3.025000e+001
      vertex   -3.230608e+002 2.719244e+002 -3.025000e+001
    endloop
  endfacet
  facet normal 0.000000e+000 0.000000e+000 1.045737e-002
    outer loop
      vertex   -3.260000e+002 2.738500e+002 -3.025000e+001
      vertex   -3.230608e+002 2.719244e+002 -3.025000e+001
      vertex   -3.228411e+002 2.718274e+002 -3.025000e+001
    endloop
  endfacet
  facet normal -0.000000e+000 0.000000e+000 5.392208e-001
    outer loop
      vertex   -3.260000e+002 2.738500e+002 -3.025000e+001
      vertex   -3.228411e+002 2.718274e+002 -3.025000e+001
      vertex   -2.895000e+002 2.738500e+002 -3.025000e+001
    endloop
  endfacet
  facet normal 0.000000e+000 0.000000e+000 3.895801e-003
    outer loop
      vertex   -2.895000e+002 2.738500e+002 -3.025000e+001
      vertex   -3.228411e+002 2.718274e+002 -3.025000e+001
      vertex   -3.226313e+002 2.717106e+002 -3.025000e+001
    endloop
  endfacet
  facet normal 0.000000e+000 0.000000e+000 4.489281e-003
    outer loop
      vertex   -2.895000e+002 2.738500e+002 -3.025000e+001
      vertex   -3.226313e+002 2.717106e+002 -3.025000e+001
      vertex   -3.224331e+002 2.715749e+002 -3.025000e+001
    endloop
  endfacet
  facet normal -0.000000e+000 0.000000e+000 6.904081e-001
    outer loop
      vertex   -3.224331e+002 2.715749e+002 -3.025000e+001
      vertex   -3.222484e+002 2.714214e+002 -3.025000e+001
      vertex   -2.895000e+002 2.738500e+002 -3.025000e+001
    endloop
  endfacet
  facet normal 0.000000e+000 0.000000e+000 5.565519e-003
    outer loop
      vertex   -2.895000e+002 2.738500e+002 -3.025000e+001
      vertex   -3.222484e+002 2.714214e+002 -3.025000e+001
      vertex   -3.220786e+002 2.712516e+002 -3.025000e+001
    endloop
  endfacet
  facet normal 0.000000e+000 0.000000e+000 6.033856e-003
    outer loop
      vertex   -2.895000e+002 2.738500e+002 -3.025000e+001
      vertex   -3.220786e+002 2.712516e+002 -3.025000e+001
      vertex   -3.219251e+002 2.710669e+002 -3.025000e+001
    endloop
  endfacet
  facet normal -0.000000e+000 0.000000e+000 8.703465e-001
    outer loop
      vertex   -3.219251e+002 2.710669e+002 -3.025000e+001
      vertex   -3.217894e+002 2.708687e+002 -3.025000e+001
      vertex   -2.895000e+002 2.738500e+002 -3.025000e+001
    endloop
  endfacet
  facet normal 0.000000e+000 0.000000e+000 6.794307e-003
    outer loop
      vertex   -2.895000e+002 2.738500e+002 -3.025000e+001
      vertex   -3.217894e+002 2.708687e+002 -3.025000e+001
      vertex   -3.216726e+002 2.706589e+002 -3.025000e+001
    endloop
  endfacet
  facet normal 0.000000e+000 0.000000e+000 7.073592e-003
    outer loop
      vertex   -2.895000e+002 2.738500e+002 -3.025000e+001
      vertex   -3.216726e+002 2.706589e+002 -3.025000e+001
      vertex   -3.215756e+002 2.704392e+002 -3.025000e+001
    endloop
  endfacet
  facet normal -0.000000e+000 0.000000e+000 9.764745e-001
    outer loop
      vertex   -3.215756e+002 2.704392e+002 -3.025000e+001
      vertex   -3.214993e+002 2.702115e+002 -3.025000e+001
      vertex   -2.895000e+002 2.738500e+002 -3.025000e+001
    endloop
  endfacet
  facet normal 0.000000e+000 0.000000e+000 7.411277e-003
    outer loop
      vertex   -2.895000e+002 2.738500e+002 -3.025000e+001
      vertex   -3.214993e+002 2.702115e+002 -3.025000e+001
      vertex   -3.214443e+002 2.699778e+002 -3.025000e+001
    endloop
  endfacet
  facet normal 0.000000e+000 0.000000e+000 7.462927e-003
    outer loop
      vertex   -2.895000e+002 2.738500e+002 -3.025000e+001
      vertex   -3.214443e+002 2.699778e+002 -3.025000e+001
      vertex   -3.214111e+002 2.697399e+002 -3.025000e+001
    endloop
  endfacet
  facet normal -0.000000e+000 0.000000e+000 9.966545e-001
    outer loop
      vertex   -3.214111e+002 2.697399e+002 -3.025000e+001
      vertex   -3.214000e+002 2.695000e+002 -3.025000e+001
      vertex   -2.895000e+002 2.738500e+002 -3.025000e+001
    endloop
  endfacet
  facet normal 0.000000e+000 0.000000e+000 7.326351e-003
    outer loop
      vertex   -2.895000e+002 2.738500e+002 -3.025000e+001
      vertex   -3.214000e+002 2.695000e+002 -3.025000e+001
      vertex   -3.214111e+002 2.692601e+002 -3.025000e+001
    endloop
  endfacet
  facet normal 0.000000e+000 0.000000e+000 7.141121e-003
    outer loop
      vertex   -2.895000e+002 2.738500e+002 -3.025000e+001
      vertex   -3.214111e+002 2.692601e+002 -3.025000e+001
      vertex   -3.214443e+002 2.690222e+002 -3.025000e+001
    endloop
  endfacet
  facet normal -0.000000e+000 0.000000e+000 9.282774e-001
    outer loop
      vertex   -3.214443e+002 2.690222e+002 -3.025000e+001
      vertex   -3.214993e+002 2.687885e+002 -3.025000e+001
      vertex   -2.895000e+002 2.738500e+002 -3.025000e+001
    endloop
  endfacet
  facet normal 0.000000e+000 0.000000e+000 6.552272e-003
    outer loop
      vertex   -2.895000e+002 2.738500e+002 -3.025000e+001
      vertex   -3.214993e+002 2.687885e+002 -3.025000e+001
      vertex   -3.215756e+002 2.685608e+002 -3.025000e+001
    endloop
  endfacet
  facet normal 0.000000e+000 0.000000e+000 6.156522e-003
    outer loop
      vertex   -2.895000e+002 2.738500e+002 -3.025000e+001
      vertex   -3.215756e+002 2.685608e+002 -3.025000e+001
      vertex   -3.216726e+002 2.683411e+002 -3.025000e+001
    endloop
  endfacet
  facet normal 0.000000e+000 0.000000e+000 9.856548e-001
    outer loop
      vertex   -2.895000e+002 2.738500e+002 -3.025000e+001
      vertex   -3.216726e+002 2.683411e+002 -3.025000e+001
      vertex   -2.895000e+002 2.601500e+002 -3.025000e+001
    endloop
  endfacet
  facet normal 0.000000e+000 0.000000e+000 6.979682e-003
    outer loop
      vertex   -2.895000e+002 2.601500e+002 -3.025000e+001
      vertex   -3.216726e+002 2.683411e+002 -3.025000e+001
      vertex   -3.217894e+002 2.681313e+002 -3.025000e+001
    endloop
  endfacet
  facet normal 0.000000e+000 0.000000e+000 6.745195e-003
    outer loop
      vertex   -2.895000e+002 2.601500e+002 -3.025000e+001
      vertex   -3.217894e+002 2.681313e+002 -3.025000e+001
      vertex   -3.219251e+002 2.679331e+002 -3.025000e+001
    endloop
  endfacet
  facet normal 0.000000e+000 0.000000e+000 8.971589e-001
    outer loop
      vertex   -3.219251e+002 2.679331e+002 -3.025000e+001
      vertex   -3.220786e+002 2.677484e+002 -3.025000e+001
      vertex   -2.895000e+002 2.601500e+002 -3.025000e+001
    endloop
  endfacet
  facet normal 0.000000e+000 0.000000e+000 6.072880e-003
    outer loop
      vertex   -2.895000e+002 2.601500e+002 -3.025000e+001
      vertex   -3.220786e+002 2.677484e+002 -3.025000e+001
      vertex   -3.222484e+002 2.675786e+002 -3.025000e+001
    endloop
  endfacet
  facet normal 0.000000e+000 0.000000e+000 5.347984e-001
    outer loop
      vertex   -3.264244e+002 2.685608e+002 -3.025000e+001
      vertex   -3.265007e+002 2.687885e+002 -3.025000e+001
      vertex   -3.280000e+002 2.621500e+002 -3.025000e+001
    endloop
  endfacet
  facet normal 0.000000e+000 0.000000e+000 2.202964e-001
    outer loop
      vertex   -3.280000e+002 2.621500e+002 -3.025000e+001
      vertex   -3.265007e+002 2.687885e+002 -3.025000e+001
      vertex   -3.280000e+002 2.718500e+002 -3.025000e+001
    endloop
  endfacet
  facet normal 0.000000e+000 0.000000e+000 1.682484e-002
    outer loop
      vertex   -3.280000e+002 2.718500e+002 -3.025000e+001
      vertex   -3.265007e+002 2.687885e+002 -3.025000e+001
      vertex   -3.265557e+002 2.690222e+002 -3.025000e+001
    endloop
  endfacet
  facet normal 0.000000e+000 0.000000e+000 2.666557e-002
    outer loop
      vertex   -3.280000e+002 2.718500e+002 -3.025000e+001
      vertex   -3.265557e+002 2.690222e+002 -3.025000e+001
      vertex   -3.265889e+002 2.692601e+002 -3.025000e+001
    endloop
  endfacet
  facet normal 0.000000e+000 0.000000e+000 4.373115e-001
    outer loop
      vertex   -3.265889e+002 2.692601e+002 -3.025000e+001
      vertex   -3.266000e+002 2.695000e+002 -3.025000e+001
      vertex   -3.280000e+002 2.718500e+002 -3.025000e+001
    endloop
  endfacet
  facet normal 0.000000e+000 0.000000e+000 5.212774e-002
    outer loop
      vertex   -3.280000e+002 2.718500e+002 -3.025000e+001
      vertex   -3.266000e+002 2.695000e+002 -3.025000e+001
      vertex   -3.265889e+002 2.697399e+002 -3.025000e+001
    endloop
  endfacet
  facet normal 0.000000e+000 0.000000e+000 6.757868e-002
    outer loop
      vertex   -3.280000e+002 2.718500e+002 -3.025000e+001
      vertex   -3.265889e+002 2.697399e+002 -3.025000e+001
      vertex   -3.265557e+002 2.699778e+002 -3.025000e+001
    endloop
  endfacet
  facet normal 0.000000e+000 -0.000000e+000 7.758809e-001
    outer loop
      vertex   -3.265557e+002 2.699778e+002 -3.025000e+001
      vertex   -3.265007e+002 2.702115e+002 -3.025000e+001
      vertex   -3.280000e+002 2.718500e+002 -3.025000e+001
    endloop
  endfacet
  facet normal 0.000000e+000 0.000000e+000 9.930386e-002
    outer loop
      vertex   -3.280000e+002 2.718500e+002 -3.025000e+001
      vertex   -3.265007e+002 2.702115e+002 -3.025000e+001
      vertex   -3.264244e+002 2.704392e+002 -3.025000e+001
    endloop
  endfacet
  facet normal 0.000000e+000 0.000000e+000 1.112163e-001
    outer loop
      vertex   -3.280000e+002 2.718500e+002 -3.025000e+001
      vertex   -3.264244e+002 2.704392e+002 -3.025000e+001
      vertex   -3.263274e+002 2.706589e+002 -3.025000e+001
    endloop
  endfacet
  facet normal 0.000000e+000 -0.000000e+000 9.938830e-001
    outer loop
      vertex   -3.263274e+002 2.706589e+002 -3.025000e+001
      vertex   -3.262106e+002 2.708687e+002 -3.025000e+001
      vertex   -3.280000e+002 2.718500e+002 -3.025000e+001
    endloop
  endfacet
  facet normal 0.000000e+000 0.000000e+000 1.149937e-001
    outer loop
      vertex   -3.280000e+002 2.718500e+002 -3.025000e+001
      vertex   -3.262106e+002 2.708687e+002 -3.025000e+001
      vertex   -3.260749e+002 2.710669e+002 -3.025000e+001
    endloop
  endfacet
  facet normal 0.000000e+000 0.000000e+000 1.058502e-001
    outer loop
      vertex   -3.280000e+002 2.718500e+002 -3.025000e+001
      vertex   -3.260749e+002 2.710669e+002 -3.025000e+001
      vertex   -3.259214e+002 2.712516e+002 -3.025000e+001
    endloop
  endfacet
  facet normal 0.000000e+000 -0.000000e+000 8.751287e-001
    outer loop
      vertex   -3.259214e+002 2.712516e+002 -3.025000e+001
      vertex   -3.257516e+002 2.714214e+002 -3.025000e+001
      vertex   -3.280000e+002 2.718500e+002 -3.025000e+001
    endloop
  endfacet
  facet normal 0.000000e+000 0.000000e+000 7.568406e-002
    outer loop
      vertex   -3.280000e+002 2.718500e+002 -3.025000e+001
      vertex   -3.257516e+002 2.714214e+002 -3.025000e+001
      vertex   -3.255669e+002 2.715749e+002 -3.025000e+001
    endloop
  endfacet
  facet normal 0.000000e+000 0.000000e+000 5.962772e-002
    outer loop
      vertex   -3.280000e+002 2.718500e+002 -3.025000e+001
      vertex   -3.255669e+002 2.715749e+002 -3.025000e+001
      vertex   -3.253687e+002 2.717106e+002 -3.025000e+001
    endloop
  endfacet
  facet normal 0.000000e+000 -0.000000e+000 5.321192e-001
    outer loop
      vertex   -3.253687e+002 2.717106e+002 -3.025000e+001
      vertex   -3.251589e+002 2.718274e+002 -3.025000e+001
      vertex   -3.280000e+002 2.718500e+002 -3.025000e+001
    endloop
  endfacet
  facet normal -0.000000e+000 0.000000e+000 3.225641e-002
    outer loop
      vertex   -3.280000e+002 2.718500e+002 -3.025000e+001
      vertex   -3.251589e+002 2.718274e+002 -3.025000e+001
      vertex   -3.249392e+002 2.719244e+002 -3.025000e+001
    endloop
  endfacet
  facet normal 0.000000e+000 0.000000e+000 2.148743e-002
    outer loop
      vertex   -3.280000e+002 2.718500e+002 -3.025000e+001
      vertex   -3.249392e+002 2.719244e+002 -3.025000e+001
      vertex   -3.247115e+002 2.720007e+002 -3.025000e+001
    endloop
  endfacet
  facet normal 0.000000e+000 0.000000e+000 6.739892e-001
    outer loop
      vertex   -3.280000e+002 2.718500e+002 -3.025000e+001
      vertex   -3.247115e+002 2.720007e+002 -3.025000e+001
      vertex   -3.260000e+002 2.738500e+002 -3.025000e+001
    endloop
  endfacet
  facet normal 0.000000e+000 0.000000e+000 9.487297e-002
    outer loop
      vertex   -3.260000e+002 2.738500e+002 -3.025000e+001
      vertex   -3.247115e+002 2.720007e+002 -3.025000e+001
      vertex   -3.244778e+002 2.720557e+002 -3.025000e+001
    endloop
  endfacet
  facet normal 0.000000e+000 0.000000e+000 8.146404e-002
    outer loop
      vertex   -3.260000e+002 2.738500e+002 -3.025000e+001
      vertex   -3.244778e+002 2.720557e+002 -3.025000e+001
      vertex   -3.242399e+002 2.720889e+002 -3.025000e+001
    endloop
  endfacet
  facet normal -7.071068e-001 -7.071068e-001 -0.000000e+000
    outer loop
      vertex   -3.280000e+002 2.621500e+002 -3.025000e+001
      vertex   -3.280000e+002 2.621500e+002 -3.495000e+001
      vertex   -3.260000e+002 2.601500e+002 -3.025000e+001
    endloop
  endfacet
  facet normal -3.646018e-001 -3.646018e-001 -0.000000e+000
    outer loop
      vertex   -3.260000e+002 2.601500e+002 -3.025000e+001
      vertex   -3.280000e+002 2.621500e+002 -3.495000e+001
      vertex   -3.260000e+002 2.601500e+002 -3.495000e+001
    endloop
  endfacet
  facet normal 0.000000e+000 -1.000000e+000 0.000000e+000
    outer loop
      vertex   -3.260000e+002 2.601500e+002 -3.025000e+001
      vertex   -3.260000e+002 2.601500e+002 -3.495000e+001
      vertex   -2.895000e+002 2.601500e+002 -3.025000e+001
    endloop
  endfacet
  facet normal 0.000000e+000 -9.918112e-001 -0.000000e+000
    outer loop
      vertex   -2.895000e+002 2.601500e+002 -3.025000e+001
      vertex   -3.260000e+002 2.601500e+002 -3.495000e+001
      vertex   -2.895000e+002 2.601500e+002 -3.495000e+001
    endloop
  endfacet
  facet normal -5.924104e-002 -9.982437e-001 0.000000e+000
    outer loop
      vertex   -3.248108e+002 2.655888e+002 -3.495000e+001
      vertex   -3.248108e+002 2.655888e+002 -3.260000e+001
      vertex   -3.250000e+002 2.656000e+002 -3.495000e+001
    endloop
  endfacet
  facet normal -4.763452e-003 -8.026675e-002 0.000000e+000
    outer loop
      vertex   -3.250000e+002 2.656000e+002 -3.495000e+001
      vertex   -3.248108e+002 2.655888e+002 -3.260000e+001
      vertex   -3.250000e+002 2.656000e+002 -3.260000e+001
    endloop
  endfacet
  facet normal 5.924104e-002 -9.982437e-001 0.000000e+000
    outer loop
      vertex   -3.250000e+002 2.656000e+002 -3.495000e+001
      vertex   -3.250000e+002 2.656000e+002 -3.260000e+001
      vertex   -3.251892e+002 2.655888e+002 -3.495000e+001
    endloop
  endfacet
  facet normal 4.763452e-003 -8.026675e-002 0.000000e+000
    outer loop
      vertex   -3.251892e+002 2.655888e+002 -3.495000e+001
      vertex   -3.250000e+002 2.656000e+002 -3.260000e+001
      vertex   -3.251892e+002 2.655888e+002 -3.260000e+001
    endloop
  endfacet
  facet normal 1.769160e-001 -9.842259e-001 0.000000e+000
    outer loop
      vertex   -3.251892e+002 2.655888e+002 -3.495000e+001
      vertex   -3.251892e+002 2.655888e+002 -3.260000e+001
      vertex   -3.253758e+002 2.655552e+002 -3.495000e+001
    endloop
  endfacet
  facet normal 1.422563e-002 -7.914060e-002 0.000000e+000
    outer loop
      vertex   -3.253758e+002 2.655552e+002 -3.495000e+001
      vertex   -3.251892e+002 2.655888e+002 -3.260000e+001
      vertex   -3.253758e+002 2.655552e+002 -3.260000e+001
    endloop
  endfacet
  facet normal 2.920263e-001 -9.564103e-001 0.000000e+000
    outer loop
      vertex   -3.253758e+002 2.655552e+002 -3.495000e+001
      vertex   -3.253758e+002 2.655552e+002 -3.260000e+001
      vertex   -3.255571e+002 2.654999e+002 -3.495000e+001
    endloop
  endfacet
  facet normal 2.348072e-002 -7.690129e-002 0.000000e+000
    outer loop
      vertex   -3.255571e+002 2.654999e+002 -3.495000e+001
      vertex   -3.253758e+002 2.655552e+002 -3.260000e+001
      vertex   -3.255571e+002 2.654999e+002 -3.260000e+001
    endloop
  endfacet
  facet normal 4.030893e-001 -9.151607e-001 0.000000e+000
    outer loop
      vertex   -3.255571e+002 2.654999e+002 -3.495000e+001
      vertex   -3.255571e+002 2.654999e+002 -3.260000e+001
      vertex   -3.257306e+002 2.654235e+002 -3.495000e+001
    endloop
  endfacet
  facet normal 3.241218e-002 -7.358756e-002 0.000000e+000
    outer loop
      vertex   -3.257306e+002 2.654235e+002 -3.495000e+001
      vertex   -3.255571e+002 2.654999e+002 -3.260000e+001
      vertex   -3.257306e+002 2.654235e+002 -3.260000e+001
    endloop
  endfacet
  facet normal 5.085883e-001 -8.610098e-001 0.000000e+000
    outer loop
      vertex   -3.257306e+002 2.654235e+002 -3.495000e+001
      vertex   -3.257306e+002 2.654235e+002 -3.260000e+001
      vertex   -3.258938e+002 2.653271e+002 -3.495000e+001
    endloop
  endfacet
  facet normal 4.089064e-002 -6.922543e-002 0.000000e+000
    outer loop
      vertex   -3.258938e+002 2.653271e+002 -3.495000e+001
      vertex   -3.257306e+002 2.654235e+002 -3.260000e+001
      vertex   -3.258938e+002 2.653271e+002 -3.260000e+001
    endloop
  endfacet
  facet normal 6.068286e-001 -7.948328e-001 0.000000e+000
    outer loop
      vertex   -3.258938e+002 2.653271e+002 -3.495000e+001
      vertex   -3.258938e+002 2.653271e+002 -3.260000e+001
      vertex   -3.260445e+002 2.652120e+002 -3.495000e+001
    endloop
  endfacet
  facet normal 4.879946e-002 -6.391823e-002 0.000000e+000
    outer loop
      vertex   -3.260445e+002 2.652120e+002 -3.495000e+001
      vertex   -3.258938e+002 2.653271e+002 -3.260000e+001
      vertex   -3.260445e+002 2.652120e+002 -3.260000e+001
    endloop
  endfacet
  facet normal 6.964827e-001 -7.175736e-001 0.000000e+000
    outer loop
      vertex   -3.260445e+002 2.652120e+002 -3.495000e+001
      vertex   -3.260445e+002 2.652120e+002 -3.260000e+001
      vertex   -3.261805e+002 2.650800e+002 -3.495000e+001
    endloop
  endfacet
  facet normal 5.599649e-002 -5.769218e-002 0.000000e+000
    outer loop
      vertex   -3.261805e+002 2.650800e+002 -3.495000e+001
      vertex   -3.260445e+002 2.652120e+002 -3.260000e+001
      vertex   -3.261805e+002 2.650800e+002 -3.260000e+001
    endloop
  endfacet
  facet normal 7.765471e-001 -6.300592e-001 0.000000e+000
    outer loop
      vertex   -3.261805e+002 2.650800e+002 -3.495000e+001
      vertex   -3.261805e+002 2.650800e+002 -3.260000e+001
      vertex   -3.263000e+002 2.649328e+002 -3.495000e+001
    endloop
  endfacet
  facet normal 6.244263e-002 -5.066344e-002 0.000000e+000
    outer loop
      vertex   -3.263000e+002 2.649328e+002 -3.495000e+001
      vertex   -3.261805e+002 2.650800e+002 -3.260000e+001
      vertex   -3.263000e+002 2.649328e+002 -3.260000e+001
    endloop
  endfacet
  facet normal 8.456113e-001 -5.337992e-001 0.000000e+000
    outer loop
      vertex   -3.263000e+002 2.649328e+002 -3.495000e+001
      vertex   -3.263000e+002 2.649328e+002 -3.260000e+001
      vertex   -3.264012e+002 2.647725e+002 -3.495000e+001
    endloop
  endfacet
  facet normal 6.799567e-002 -4.292284e-002 0.000000e+000
    outer loop
      vertex   -3.264012e+002 2.647725e+002 -3.495000e+001
      vertex   -3.263000e+002 2.649328e+002 -3.260000e+001
      vertex   -3.264012e+002 2.647725e+002 -3.260000e+001
    endloop
  endfacet
  facet normal 9.028278e-001 -4.300023e-001 0.000000e+000
    outer loop
      vertex   -3.264012e+002 2.647725e+002 -3.495000e+001
      vertex   -3.264012e+002 2.647725e+002 -3.260000e+001
      vertex   -3.264827e+002 2.646013e+002 -3.495000e+001
    endloop
  endfacet
  facet normal 7.259089e-002 -3.457387e-002 0.000000e+000
    outer loop
      vertex   -3.264827e+002 2.646013e+002 -3.495000e+001
      vertex   -3.264012e+002 2.647725e+002 -3.260000e+001
      vertex   -3.264827e+002 2.646013e+002 -3.260000e+001
    endloop
  endfacet
  facet normal 9.472896e-001 -3.203784e-001 0.000000e+000
    outer loop
      vertex   -3.264827e+002 2.646013e+002 -3.495000e+001
      vertex   -3.264827e+002 2.646013e+002 -3.260000e+001
      vertex   -3.265434e+002 2.644218e+002 -3.495000e+001
    endloop
  endfacet
  facet normal 7.616349e-002 -2.575890e-002 0.000000e+000
    outer loop
      vertex   -3.265434e+002 2.644218e+002 -3.495000e+001
      vertex   -3.264827e+002 2.646013e+002 -3.260000e+001
      vertex   -3.265434e+002 2.644218e+002 -3.260000e+001
    endloop
  endfacet
  facet normal 9.785754e-001 -2.058888e-001 0.000000e+000
    outer loop
      vertex   -3.265434e+002 2.644218e+002 -3.495000e+001
      vertex   -3.265434e+002 2.644218e+002 -3.260000e+001
      vertex   -3.265825e+002 2.642362e+002 -3.495000e+001
    endloop
  endfacet
  facet normal 7.868755e-002 -1.655558e-002 0.000000e+000
    outer loop
      vertex   -3.265825e+002 2.642362e+002 -3.495000e+001
      vertex   -3.265434e+002 2.644218e+002 -3.260000e+001
      vertex   -3.265825e+002 2.642362e+002 -3.260000e+001
    endloop
  endfacet
  facet normal 9.960436e-001 -8.886634e-002 0.000000e+000
    outer loop
      vertex   -3.265825e+002 2.642362e+002 -3.495000e+001
      vertex   -3.265825e+002 2.642362e+002 -3.260000e+001
      vertex   -3.265993e+002 2.640474e+002 -3.495000e+001
    endloop
  endfacet
  facet normal 8.008556e-002 -7.145180e-003 0.000000e+000
    outer loop
      vertex   -3.265993e+002 2.640474e+002 -3.495000e+001
      vertex   -3.265825e+002 2.642362e+002 -3.260000e+001
      vertex   -3.265993e+002 2.640474e+002 -3.260000e+001
    endloop
  endfacet
  facet normal 9.995612e-001 2.962140e-002 -0.000000e+000
    outer loop
      vertex   -3.265993e+002 2.640474e+002 -3.495000e+001
      vertex   -3.265993e+002 2.640474e+002 -3.260000e+001
      vertex   -3.265937e+002 2.638579e+002 -3.495000e+001
    endloop
  endfacet
  facet normal 8.037032e-002 2.381726e-003 -0.000000e+000
    outer loop
      vertex   -3.265937e+002 2.638579e+002 -3.495000e+001
      vertex   -3.265993e+002 2.640474e+002 -3.260000e+001
      vertex   -3.265937e+002 2.638579e+002 -3.260000e+001
    endloop
  endfacet
  facet normal 9.890447e-001 1.476162e-001 -0.000000e+000
    outer loop
      vertex   -3.265937e+002 2.638579e+002 -3.495000e+001
      vertex   -3.265937e+002 2.638579e+002 -3.260000e+001
      vertex   -3.265657e+002 2.636704e+002 -3.495000e+001
    endloop
  endfacet
  facet normal 7.952893e-002 1.186980e-002 -0.000000e+000
    outer loop
      vertex   -3.265657e+002 2.636704e+002 -3.495000e+001
      vertex   -3.265937e+002 2.638579e+002 -3.260000e+001
      vertex   -3.265657e+002 2.636704e+002 -3.260000e+001
    endloop
  endfacet
  facet normal 9.646076e-001 2.636895e-001 -0.000000e+000
    outer loop
      vertex   -3.265657e+002 2.636704e+002 -3.495000e+001
      vertex   -3.265657e+002 2.636704e+002 -3.260000e+001
      vertex   -3.265157e+002 2.634876e+002 -3.495000e+001
    endloop
  endfacet
  facet normal 7.756143e-002 2.120254e-002 -0.000000e+000
    outer loop
      vertex   -3.265157e+002 2.634876e+002 -3.495000e+001
      vertex   -3.265657e+002 2.636704e+002 -3.260000e+001
      vertex   -3.265157e+002 2.634876e+002 -3.260000e+001
    endloop
  endfacet
  facet normal 9.267347e-001 3.757163e-001 -0.000000e+000
    outer loop
      vertex   -3.265157e+002 2.634876e+002 -3.495000e+001
      vertex   -3.265157e+002 2.634876e+002 -3.260000e+001
      vertex   -3.264445e+002 2.633119e+002 -3.495000e+001
    endloop
  endfacet
  facet normal 7.451953e-002 3.021167e-002 -0.000000e+000
    outer loop
      vertex   -3.264445e+002 2.633119e+002 -3.495000e+001
      vertex   -3.265157e+002 2.634876e+002 -3.260000e+001
      vertex   -3.264445e+002 2.633119e+002 -3.260000e+001
    endloop
  endfacet
  facet normal 8.757396e-001 4.827837e-001 -0.000000e+000
    outer loop
      vertex   -3.264445e+002 2.633119e+002 -3.495000e+001
      vertex   -3.264445e+002 2.633119e+002 -3.260000e+001
      vertex   -3.263530e+002 2.631459e+002 -3.495000e+001
    endloop
  endfacet
  facet normal 7.041625e-002 3.881954e-002 -0.000000e+000
    outer loop
      vertex   -3.263530e+002 2.631459e+002 -3.495000e+001
      vertex   -3.264445e+002 2.633119e+002 -3.260000e+001
      vertex   -3.263530e+002 2.631459e+002 -3.260000e+001
    endloop
  endfacet
  facet normal 8.124371e-001 5.830488e-001 -0.000000e+000
    outer loop
      vertex   -3.263530e+002 2.631459e+002 -3.495000e+001
      vertex   -3.263530e+002 2.631459e+002 -3.260000e+001
      vertex   -3.262424e+002 2.629919e+002 -3.495000e+001
    endloop
  endfacet
  facet normal 6.532917e-002 4.688375e-002 -0.000000e+000
    outer loop
      vertex   -3.262424e+002 2.629919e+002 -3.495000e+001
      vertex   -3.263530e+002 2.631459e+002 -3.260000e+001
      vertex   -3.262424e+002 2.629919e+002 -3.260000e+001
    endloop
  endfacet
  facet normal 7.378020e-001 6.750172e-001 -0.000000e+000
    outer loop
      vertex   -3.262424e+002 2.629919e+002 -3.495000e+001
      vertex   -3.262424e+002 2.629919e+002 -3.260000e+001
      vertex   -3.261145e+002 2.628520e+002 -3.495000e+001
    endloop
  endfacet
  facet normal 5.932311e-002 5.427489e-002 -0.000000e+000
    outer loop
      vertex   -3.261145e+002 2.628520e+002 -3.495000e+001
      vertex   -3.262424e+002 2.629919e+002 -3.260000e+001
      vertex   -3.261145e+002 2.628520e+002 -3.260000e+001
    endloop
  endfacet
  facet normal 6.528441e-001 7.574923e-001 -0.000000e+000
    outer loop
      vertex   -3.261145e+002 2.628520e+002 -3.495000e+001
      vertex   -3.261145e+002 2.628520e+002 -3.260000e+001
      vertex   -3.259709e+002 2.627282e+002 -3.495000e+001
    endloop
  endfacet
  facet normal 5.248861e-002 6.090233e-002 -0.000000e+000
    outer loop
      vertex   -3.259709e+002 2.627282e+002 -3.495000e+001
      vertex   -3.261145e+002 2.628520e+002 -3.260000e+001
      vertex   -3.259709e+002 2.627282e+002 -3.260000e+001
    endloop
  endfacet
  facet normal 5.586320e-001 8.294156e-001 -0.000000e+000
    outer loop
      vertex   -3.259709e+002 2.627282e+002 -3.495000e+001
      vertex   -3.259709e+002 2.627282e+002 -3.260000e+001
      vertex   -3.258137e+002 2.626223e+002 -3.495000e+001
    endloop
  endfacet
  facet normal 4.491626e-002 6.668835e-002 -0.000000e+000
    outer loop
      vertex   -3.258137e+002 2.626223e+002 -3.495000e+001
      vertex   -3.259709e+002 2.627282e+002 -3.260000e+001
      vertex   -3.258137e+002 2.626223e+002 -3.260000e+001
    endloop
  endfacet
  facet normal 4.566532e-001 8.896448e-001 -0.000000e+000
    outer loop
      vertex   -3.258137e+002 2.626223e+002 -3.495000e+001
      vertex   -3.258137e+002 2.626223e+002 -3.260000e+001
      vertex   -3.256450e+002 2.625358e+002 -3.495000e+001
    endloop
  endfacet
  facet normal 3.672256e-002 7.154234e-002 -0.000000e+000
    outer loop
      vertex   -3.256450e+002 2.625358e+002 -3.495000e+001
      vertex   -3.258137e+002 2.626223e+002 -3.260000e+001
      vertex   -3.256450e+002 2.625358e+002 -3.260000e+001
    endloop
  endfacet
  facet normal 3.482108e-001 9.374163e-001 -0.000000e+000
    outer loop
      vertex   -3.256450e+002 2.625358e+002 -3.495000e+001
      vertex   -3.256450e+002 2.625358e+002 -3.260000e+001
      vertex   -3.254673e+002 2.624698e+002 -3.495000e+001
    endloop
  endfacet
  facet normal 2.799823e-002 7.537387e-002 -0.000000e+000
    outer loop
      vertex   -3.254673e+002 2.624698e+002 -3.495000e+001
      vertex   -3.256450e+002 2.625358e+002 -3.260000e+001
      vertex   -3.254673e+002 2.624698e+002 -3.260000e+001
    endloop
  endfacet
  facet normal 2.348766e-001 9.720252e-001 -0.000000e+000
    outer loop
      vertex   -3.254673e+002 2.624698e+002 -3.495000e+001
      vertex   -3.254673e+002 2.624698e+002 -3.260000e+001
      vertex   -3.252830e+002 2.624252e+002 -3.495000e+001
    endloop
  endfacet
  facet normal 1.888554e-002 7.815687e-002 -0.000000e+000
    outer loop
      vertex   -3.252830e+002 2.624252e+002 -3.495000e+001
      vertex   -3.254673e+002 2.624698e+002 -3.260000e+001
      vertex   -3.252830e+002 2.624252e+002 -3.260000e+001
    endloop
  endfacet
  facet normal 1.183263e-001 9.929748e-001 -0.000000e+000
    outer loop
      vertex   -3.252830e+002 2.624252e+002 -3.495000e+001
      vertex   -3.252830e+002 2.624252e+002 -3.260000e+001
      vertex   -3.250948e+002 2.624028e+002 -3.495000e+001
    endloop
  endfacet
  facet normal 9.513962e-003 7.983962e-002 -0.000000e+000
    outer loop
      vertex   -3.250948e+002 2.624028e+002 -3.495000e+001
      vertex   -3.252830e+002 2.624252e+002 -3.260000e+001
      vertex   -3.250948e+002 2.624028e+002 -3.260000e+001
    endloop
  endfacet
  facet normal 0.000000e+000 1.000000e+000 0.000000e+000
    outer loop
      vertex   -3.250948e+002 2.624028e+002 -3.495000e+001
      vertex   -3.250948e+002 2.624028e+002 -3.260000e+001
      vertex   -3.249052e+002 2.624028e+002 -3.495000e+001
    endloop
  endfacet
  facet normal 0.000000e+000 8.040913e-002 -0.000000e+000
    outer loop
      vertex   -3.249052e+002 2.624028e+002 -3.495000e+001
      vertex   -3.250948e+002 2.624028e+002 -3.260000e+001
      vertex   -3.249052e+002 2.624028e+002 -3.260000e+001
    endloop
  endfacet
  facet normal -1.183263e-001 9.929748e-001 0.000000e+000
    outer loop
      vertex   -3.249052e+002 2.624028e+002 -3.495000e+001
      vertex   -3.249052e+002 2.624028e+002 -3.260000e+001
      vertex   -3.247170e+002 2.624252e+002 -3.495000e+001
    endloop
  endfacet
  facet normal -9.513962e-003 7.983962e-002 0.000000e+000
    outer loop
      vertex   -3.247170e+002 2.624252e+002 -3.495000e+001
      vertex   -3.249052e+002 2.624028e+002 -3.260000e+001
      vertex   -3.247170e+002 2.624252e+002 -3.260000e+001
    endloop
  endfacet
  facet normal -2.348766e-001 9.720252e-001 0.000000e+000
    outer loop
      vertex   -3.247170e+002 2.624252e+002 -3.495000e+001
      vertex   -3.247170e+002 2.624252e+002 -3.260000e+001
      vertex   -3.245327e+002 2.624698e+002 -3.495000e+001
    endloop
  endfacet
  facet normal -1.888554e-002 7.815687e-002 0.000000e+000
    outer loop
      vertex   -3.245327e+002 2.624698e+002 -3.495000e+001
      vertex   -3.247170e+002 2.624252e+002 -3.260000e+001
      vertex   -3.245327e+002 2.624698e+002 -3.260000e+001
    endloop
  endfacet
  facet normal -3.482108e-001 9.374163e-001 0.000000e+000
    outer loop
      vertex   -3.245327e+002 2.624698e+002 -3.495000e+001
      vertex   -3.245327e+002 2.624698e+002 -3.260000e+001
      vertex   -3.243550e+002 2.625358e+002 -3.495000e+001
    endloop
  endfacet
  facet normal -2.799823e-002 7.537387e-002 0.000000e+000
    outer loop
      vertex   -3.243550e+002 2.625358e+002 -3.495000e+001
      vertex   -3.245327e+002 2.624698e+002 -3.260000e+001
      vertex   -3.243550e+002 2.625358e+002 -3.260000e+001
    endloop
  endfacet
  facet normal -4.566532e-001 8.896448e-001 0.000000e+000
    outer loop
      vertex   -3.243550e+002 2.625358e+002 -3.495000e+001
      vertex   -3.243550e+002 2.625358e+002 -3.260000e+001
      vertex   -3.241863e+002 2.626223e+002 -3.495000e+001
    endloop
  endfacet
  facet normal -3.672256e-002 7.154234e-002 0.000000e+000
    outer loop
      vertex   -3.241863e+002 2.626223e+002 -3.495000e+001
      vertex   -3.243550e+002 2.625358e+002 -3.260000e+001
      vertex   -3.241863e+002 2.626223e+002 -3.260000e+001
    endloop
  endfacet
  facet normal -5.586320e-001 8.294156e-001 0.000000e+000
    outer loop
      vertex   -3.241863e+002 2.626223e+002 -3.495000e+001
      vertex   -3.241863e+002 2.626223e+002 -3.260000e+001
      vertex   -3.240291e+002 2.627282e+002 -3.495000e+001
    endloop
  endfacet
  facet normal -4.491626e-002 6.668835e-002 0.000000e+000
    outer loop
      vertex   -3.240291e+002 2.627282e+002 -3.495000e+001
      vertex   -3.241863e+002 2.626223e+002 -3.260000e+001
      vertex   -3.240291e+002 2.627282e+002 -3.260000e+001
    endloop
  endfacet
  facet normal -6.528441e-001 7.574923e-001 0.000000e+000
    outer loop
      vertex   -3.240291e+002 2.627282e+002 -3.495000e+001
      vertex   -3.240291e+002 2.627282e+002 -3.260000e+001
      vertex   -3.238855e+002 2.628520e+002 -3.495000e+001
    endloop
  endfacet
  facet normal -5.248861e-002 6.090233e-002 0.000000e+000
    outer loop
      vertex   -3.238855e+002 2.628520e+002 -3.495000e+001
      vertex   -3.240291e+002 2.627282e+002 -3.260000e+001
      vertex   -3.238855e+002 2.628520e+002 -3.260000e+001
    endloop
  endfacet
  facet normal -7.378020e-001 6.750172e-001 0.000000e+000
    outer loop
      vertex   -3.238855e+002 2.628520e+002 -3.495000e+001
      vertex   -3.238855e+002 2.628520e+002 -3.260000e+001
      vertex   -3.237576e+002 2.629919e+002 -3.495000e+001
    endloop
  endfacet
  facet normal -5.932311e-002 5.427489e-002 0.000000e+000
    outer loop
      vertex   -3.237576e+002 2.629919e+002 -3.495000e+001
      vertex   -3.238855e+002 2.628520e+002 -3.260000e+001
      vertex   -3.237576e+002 2.629919e+002 -3.260000e+001
    endloop
  endfacet
  facet normal -8.124371e-001 5.830488e-001 0.000000e+000
    outer loop
      vertex   -3.237576e+002 2.629919e+002 -3.495000e+001
      vertex   -3.237576e+002 2.629919e+002 -3.260000e+001
      vertex   -3.236470e+002 2.631459e+002 -3.495000e+001
    endloop
  endfacet
  facet normal -6.532917e-002 4.688375e-002 0.000000e+000
    outer loop
      vertex   -3.236470e+002 2.631459e+002 -3.495000e+001
      vertex   -3.237576e+002 2.629919e+002 -3.260000e+001
      vertex   -3.236470e+002 2.631459e+002 -3.260000e+001
    endloop
  endfacet
  facet normal -8.757396e-001 4.827837e-001 0.000000e+000
    outer loop
      vertex   -3.236470e+002 2.631459e+002 -3.495000e+001
      vertex   -3.236470e+002 2.631459e+002 -3.260000e+001
      vertex   -3.235555e+002 2.633119e+002 -3.495000e+001
    endloop
  endfacet
  facet normal -7.041625e-002 3.881954e-002 0.000000e+000
    outer loop
      vertex   -3.235555e+002 2.633119e+002 -3.495000e+001
      vertex   -3.236470e+002 2.631459e+002 -3.260000e+001
      vertex   -3.235555e+002 2.633119e+002 -3.260000e+001
    endloop
  endfacet
  facet normal -9.267347e-001 3.757163e-001 0.000000e+000
    outer loop
      vertex   -3.235555e+002 2.633119e+002 -3.495000e+001
      vertex   -3.235555e+002 2.633119e+002 -3.260000e+001
      vertex   -3.234843e+002 2.634876e+002 -3.495000e+001
    endloop
  endfacet
  facet normal -7.451953e-002 3.021167e-002 0.000000e+000
    outer loop
      vertex   -3.234843e+002 2.634876e+002 -3.495000e+001
      vertex   -3.235555e+002 2.633119e+002 -3.260000e+001
      vertex   -3.234843e+002 2.634876e+002 -3.260000e+001
    endloop
  endfacet
  facet normal -9.646076e-001 2.636895e-001 0.000000e+000
    outer loop
      vertex   -3.234843e+002 2.634876e+002 -3.495000e+001
      vertex   -3.234843e+002 2.634876e+002 -3.260000e+001
      vertex   -3.234343e+002 2.636704e+002 -3.495000e+001
    endloop
  endfacet
  facet normal -7.756143e-002 2.120254e-002 0.000000e+000
    outer loop
      vertex   -3.234343e+002 2.636704e+002 -3.495000e+001
      vertex   -3.234843e+002 2.634876e+002 -3.260000e+001
      vertex   -3.234343e+002 2.636704e+002 -3.260000e+001
    endloop
  endfacet
  facet normal -9.890447e-001 1.476162e-001 0.000000e+000
    outer loop
      vertex   -3.234343e+002 2.636704e+002 -3.495000e+001
      vertex   -3.234343e+002 2.636704e+002 -3.260000e+001
      vertex   -3.234063e+002 2.638579e+002 -3.495000e+001
    endloop
  endfacet
  facet normal -7.952893e-002 1.186980e-002 0.000000e+000
    outer loop
      vertex   -3.234063e+002 2.638579e+002 -3.495000e+001
      vertex   -3.234343e+002 2.636704e+002 -3.260000e+001
      vertex   -3.234063e+002 2.638579e+002 -3.260000e+001
    endloop
  endfacet
  facet normal -9.995612e-001 2.962140e-002 0.000000e+000
    outer loop
      vertex   -3.234063e+002 2.638579e+002 -3.495000e+001
      vertex   -3.234063e+002 2.638579e+002 -3.260000e+001
      vertex   -3.234007e+002 2.640474e+002 -3.495000e+001
    endloop
  endfacet
  facet normal -8.037032e-002 2.381726e-003 0.000000e+000
    outer loop
      vertex   -3.234007e+002 2.640474e+002 -3.495000e+001
      vertex   -3.234063e+002 2.638579e+002 -3.260000e+001
      vertex   -3.234007e+002 2.640474e+002 -3.260000e+001
    endloop
  endfacet
  facet normal -9.960436e-001 -8.886634e-002 0.000000e+000
    outer loop
      vertex   -3.234007e+002 2.640474e+002 -3.495000e+001
      vertex   -3.234007e+002 2.640474e+002 -3.260000e+001
      vertex   -3.234175e+002 2.642362e+002 -3.495000e+001
    endloop
  endfacet
  facet normal -8.008556e-002 -7.145180e-003 0.000000e+000
    outer loop
      vertex   -3.234175e+002 2.642362e+002 -3.495000e+001
      vertex   -3.234007e+002 2.640474e+002 -3.260000e+001
      vertex   -3.234175e+002 2.642362e+002 -3.260000e+001
    endloop
  endfacet
  facet normal -9.785754e-001 -2.058888e-001 0.000000e+000
    outer loop
      vertex   -3.234175e+002 2.642362e+002 -3.495000e+001
      vertex   -3.234175e+002 2.642362e+002 -3.260000e+001
      vertex   -3.234566e+002 2.644218e+002 -3.495000e+001
    endloop
  endfacet
  facet normal -7.868755e-002 -1.655558e-002 0.000000e+000
    outer loop
      vertex   -3.234566e+002 2.644218e+002 -3.495000e+001
      vertex   -3.234175e+002 2.642362e+002 -3.260000e+001
      vertex   -3.234566e+002 2.644218e+002 -3.260000e+001
    endloop
  endfacet
  facet normal -9.472896e-001 -3.203784e-001 0.000000e+000
    outer loop
      vertex   -3.234566e+002 2.644218e+002 -3.495000e+001
      vertex   -3.234566e+002 2.644218e+002 -3.260000e+001
      vertex   -3.235173e+002 2.646013e+002 -3.495000e+001
    endloop
  endfacet
  facet normal -7.616349e-002 -2.575890e-002 0.000000e+000
    outer loop
      vertex   -3.235173e+002 2.646013e+002 -3.495000e+001
      vertex   -3.234566e+002 2.644218e+002 -3.260000e+001
      vertex   -3.235173e+002 2.646013e+002 -3.260000e+001
    endloop
  endfacet
  facet normal -9.028278e-001 -4.300023e-001 0.000000e+000
    outer loop
      vertex   -3.235173e+002 2.646013e+002 -3.495000e+001
      vertex   -3.235173e+002 2.646013e+002 -3.260000e+001
      vertex   -3.235988e+002 2.647725e+002 -3.495000e+001
    endloop
  endfacet
  facet normal -7.259089e-002 -3.457387e-002 0.000000e+000
    outer loop
      vertex   -3.235988e+002 2.647725e+002 -3.495000e+001
      vertex   -3.235173e+002 2.646013e+002 -3.260000e+001
      vertex   -3.235988e+002 2.647725e+002 -3.260000e+001
    endloop
  endfacet
  facet normal -8.456113e-001 -5.337992e-001 0.000000e+000
    outer loop
      vertex   -3.235988e+002 2.647725e+002 -3.495000e+001
      vertex   -3.235988e+002 2.647725e+002 -3.260000e+001
      vertex   -3.237000e+002 2.649328e+002 -3.495000e+001
    endloop
  endfacet
  facet normal -6.799567e-002 -4.292284e-002 0.000000e+000
    outer loop
      vertex   -3.237000e+002 2.649328e+002 -3.495000e+001
      vertex   -3.235988e+002 2.647725e+002 -3.260000e+001
      vertex   -3.237000e+002 2.649328e+002 -3.260000e+001
    endloop
  endfacet
  facet normal -7.765471e-001 -6.300592e-001 0.000000e+000
    outer loop
      vertex   -3.237000e+002 2.649328e+002 -3.495000e+001
      vertex   -3.237000e+002 2.649328e+002 -3.260000e+001
      vertex   -3.238195e+002 2.650800e+002 -3.495000e+001
    endloop
  endfacet
  facet normal -6.244263e-002 -5.066344e-002 0.000000e+000
    outer loop
      vertex   -3.238195e+002 2.650800e+002 -3.495000e+001
      vertex   -3.237000e+002 2.649328e+002 -3.260000e+001
      vertex   -3.238195e+002 2.650800e+002 -3.260000e+001
    endloop
  endfacet
  facet normal -6.964827e-001 -7.175736e-001 0.000000e+000
    outer loop
      vertex   -3.238195e+002 2.650800e+002 -3.495000e+001
      vertex   -3.238195e+002 2.650800e+002 -3.260000e+001
      vertex   -3.239555e+002 2.652120e+002 -3.495000e+001
    endloop
  endfacet
  facet normal -5.599649e-002 -5.769218e-002 0.000000e+000
    outer loop
      vertex   -3.239555e+002 2.652120e+002 -3.495000e+001
      vertex   -3.238195e+002 2.650800e+002 -3.260000e+001
      vertex   -3.239555e+002 2.652120e+002 -3.260000e+001
    endloop
  endfacet
  facet normal -6.068286e-001 -7.948328e-001 0.000000e+000
    outer loop
      vertex   -3.239555e+002 2.652120e+002 -3.495000e+001
      vertex   -3.239555e+002 2.652120e+002 -3.260000e+001
      vertex   -3.241062e+002 2.653271e+002 -3.495000e+001
    endloop
  endfacet
  facet normal -4.879946e-002 -6.391823e-002 0.000000e+000
    outer loop
      vertex   -3.241062e+002 2.653271e+002 -3.495000e+001
      vertex   -3.239555e+002 2.652120e+002 -3.260000e+001
      vertex   -3.241062e+002 2.653271e+002 -3.260000e+001
    endloop
  endfacet
  facet normal -5.085883e-001 -8.610098e-001 0.000000e+000
    outer loop
      vertex   -3.241062e+002 2.653271e+002 -3.495000e+001
      vertex   -3.241062e+002 2.653271e+002 -3.260000e+001
      vertex   -3.242694e+002 2.654235e+002 -3.495000e+001
    endloop
  endfacet
  facet normal -4.089064e-002 -6.922543e-002 0.000000e+000
    outer loop
      vertex   -3.242694e+002 2.654235e+002 -3.495000e+001
      vertex   -3.241062e+002 2.653271e+002 -3.260000e+001
      vertex   -3.242694e+002 2.654235e+002 -3.260000e+001
    endloop
  endfacet
  facet normal -4.030893e-001 -9.151607e-001 0.000000e+000
    outer loop
      vertex   -3.242694e+002 2.654235e+002 -3.495000e+001
      vertex   -3.242694e+002 2.654235e+002 -3.260000e+001
      vertex   -3.244429e+002 2.654999e+002 -3.495000e+001
    endloop
  endfacet
  facet normal -3.241218e-002 -7.358756e-002 0.000000e+000
    outer loop
      vertex   -3.244429e+002 2.654999e+002 -3.495000e+001
      vertex   -3.242694e+002 2.654235e+002 -3.260000e+001
      vertex   -3.244429e+002 2.654999e+002 -3.260000e+001
    endloop
  endfacet
  facet normal -2.920263e-001 -9.564103e-001 0.000000e+000
    outer loop
      vertex   -3.244429e+002 2.654999e+002 -3.495000e+001
      vertex   -3.244429e+002 2.654999e+002 -3.260000e+001
      vertex   -3.246242e+002 2.655552e+002 -3.495000e+001
    endloop
  endfacet
  facet normal -2.348072e-002 -7.690129e-002 0.000000e+000
    outer loop
      vertex   -3.246242e+002 2.655552e+002 -3.495000e+001
      vertex   -3.244429e+002 2.654999e+002 -3.260000e+001
      vertex   -3.246242e+002 2.655552e+002 -3.260000e+001
    endloop
  endfacet
  facet normal -1.769160e-001 -9.842259e-001 0.000000e+000
    outer loop
      vertex   -3.246242e+002 2.655552e+002 -3.495000e+001
      vertex   -3.246242e+002 2.655552e+002 -3.260000e+001
      vertex   -3.248108e+002 2.655888e+002 -3.495000e+001
    endloop
  endfacet
  facet normal -1.422563e-002 -7.914060e-002 0.000000e+000
    outer loop
      vertex   -3.248108e+002 2.655888e+002 -3.495000e+001
      vertex   -3.246242e+002 2.655552e+002 -3.260000e+001
      vertex   -3.248108e+002 2.655888e+002 -3.260000e+001
    endloop
  endfacet
  facet normal 5.924104e-002 -9.982437e-001 0.000000e+000
    outer loop
      vertex   -3.251892e+002 2.655888e+002 -3.025000e+001
      vertex   -3.251892e+002 2.655888e+002 -3.260000e+001
      vertex   -3.250000e+002 2.656000e+002 -3.025000e+001
    endloop
  endfacet
  facet normal 4.763444e-003 -8.026662e-002 0.000000e+000
    outer loop
      vertex   -3.250000e+002 2.656000e+002 -3.025000e+001
      vertex   -3.251892e+002 2.655888e+002 -3.260000e+001
      vertex   -3.250000e+002 2.656000e+002 -3.260000e+001
    endloop
  endfacet
  facet normal -5.924104e-002 -9.982437e-001 -0.000000e+000
    outer loop
      vertex   -3.250000e+002 2.656000e+002 -3.025000e+001
      vertex   -3.250000e+002 2.656000e+002 -3.260000e+001
      vertex   -3.248108e+002 2.655888e+002 -3.025000e+001
    endloop
  endfacet
  facet normal -4.763444e-003 -8.026662e-002 -0.000000e+000
    outer loop
      vertex   -3.248108e+002 2.655888e+002 -3.025000e+001
      vertex   -3.250000e+002 2.656000e+002 -3.260000e+001
      vertex   -3.248108e+002 2.655888e+002 -3.260000e+001
    endloop
  endfacet
  facet normal -1.769160e-001 -9.842259e-001 -0.000000e+000
    outer loop
      vertex   -3.248108e+002 2.655888e+002 -3.025000e+001
      vertex   -3.248108e+002 2.655888e+002 -3.260000e+001
      vertex   -3.246242e+002 2.655552e+002 -3.025000e+001
    endloop
  endfacet
  facet normal -1.422561e-002 -7.914048e-002 -0.000000e+000
    outer loop
      vertex   -3.246242e+002 2.655552e+002 -3.025000e+001
      vertex   -3.248108e+002 2.655888e+002 -3.260000e+001
      vertex   -3.246242e+002 2.655552e+002 -3.260000e+001
    endloop
  endfacet
  facet normal -2.920263e-001 -9.564103e-001 -0.000000e+000
    outer loop
      vertex   -3.246242e+002 2.655552e+002 -3.025000e+001
      vertex   -3.246242e+002 2.655552e+002 -3.260000e+001
      vertex   -3.244429e+002 2.654999e+002 -3.025000e+001
    endloop
  endfacet
  facet normal -2.348068e-002 -7.690116e-002 -0.000000e+000
    outer loop
      vertex   -3.244429e+002 2.654999e+002 -3.025000e+001
      vertex   -3.246242e+002 2.655552e+002 -3.260000e+001
      vertex   -3.244429e+002 2.654999e+002 -3.260000e+001
    endloop
  endfacet
  facet normal -4.030893e-001 -9.151607e-001 -0.000000e+000
    outer loop
      vertex   -3.244429e+002 2.654999e+002 -3.025000e+001
      vertex   -3.244429e+002 2.654999e+002 -3.260000e+001
      vertex   -3.242694e+002 2.654235e+002 -3.025000e+001
    endloop
  endfacet
  facet normal -3.241213e-002 -7.358744e-002 -0.000000e+000
    outer loop
      vertex   -3.242694e+002 2.654235e+002 -3.025000e+001
      vertex   -3.244429e+002 2.654999e+002 -3.260000e+001
      vertex   -3.242694e+002 2.654235e+002 -3.260000e+001
    endloop
  endfacet
  facet normal -5.085883e-001 -8.610098e-001 -0.000000e+000
    outer loop
      vertex   -3.242694e+002 2.654235e+002 -3.025000e+001
      vertex   -3.242694e+002 2.654235e+002 -3.260000e+001
      vertex   -3.241062e+002 2.653271e+002 -3.025000e+001
    endloop
  endfacet
  facet normal -4.089057e-002 -6.922532e-002 -0.000000e+000
    outer loop
      vertex   -3.241062e+002 2.653271e+002 -3.025000e+001
      vertex   -3.242694e+002 2.654235e+002 -3.260000e+001
      vertex   -3.241062e+002 2.653271e+002 -3.260000e+001
    endloop
  endfacet
  facet normal -6.068286e-001 -7.948328e-001 -0.000000e+000
    outer loop
      vertex   -3.241062e+002 2.653271e+002 -3.025000e+001
      vertex   -3.241062e+002 2.653271e+002 -3.260000e+001
      vertex   -3.239555e+002 2.652120e+002 -3.025000e+001
    endloop
  endfacet
  facet normal -4.879938e-002 -6.391813e-002 -0.000000e+000
    outer loop
      vertex   -3.239555e+002 2.652120e+002 -3.025000e+001
      vertex   -3.241062e+002 2.653271e+002 -3.260000e+001
      vertex   -3.239555e+002 2.652120e+002 -3.260000e+001
    endloop
  endfacet
  facet normal -6.964827e-001 -7.175736e-001 -0.000000e+000
    outer loop
      vertex   -3.239555e+002 2.652120e+002 -3.025000e+001
      vertex   -3.239555e+002 2.652120e+002 -3.260000e+001
      vertex   -3.238195e+002 2.650800e+002 -3.025000e+001
    endloop
  endfacet
  facet normal -5.599640e-002 -5.769208e-002 -0.000000e+000
    outer loop
      vertex   -3.238195e+002 2.650800e+002 -3.025000e+001
      vertex   -3.239555e+002 2.652120e+002 -3.260000e+001
      vertex   -3.238195e+002 2.650800e+002 -3.260000e+001
    endloop
  endfacet
  facet normal -7.765471e-001 -6.300592e-001 -0.000000e+000
    outer loop
      vertex   -3.238195e+002 2.650800e+002 -3.025000e+001
      vertex   -3.238195e+002 2.650800e+002 -3.260000e+001
      vertex   -3.237000e+002 2.649328e+002 -3.025000e+001
    endloop
  endfacet
  facet normal -6.244253e-002 -5.066336e-002 -0.000000e+000
    outer loop
      vertex   -3.237000e+002 2.649328e+002 -3.025000e+001
      vertex   -3.238195e+002 2.650800e+002 -3.260000e+001
      vertex   -3.237000e+002 2.649328e+002 -3.260000e+001
    endloop
  endfacet
  facet normal -8.456113e-001 -5.337992e-001 -0.000000e+000
    outer loop
      vertex   -3.237000e+002 2.649328e+002 -3.025000e+001
      vertex   -3.237000e+002 2.649328e+002 -3.260000e+001
      vertex   -3.235988e+002 2.647725e+002 -3.025000e+001
    endloop
  endfacet
  facet normal -6.799557e-002 -4.292277e-002 -0.000000e+000
    outer loop
      vertex   -3.235988e+002 2.647725e+002 -3.025000e+001
      vertex   -3.237000e+002 2.649328e+002 -3.260000e+001
      vertex   -3.235988e+002 2.647725e+002 -3.260000e+001
    endloop
  endfacet
  facet normal -9.028278e-001 -4.300023e-001 -0.000000e+000
    outer loop
      vertex   -3.235988e+002 2.647725e+002 -3.025000e+001
      vertex   -3.235988e+002 2.647725e+002 -3.260000e+001
      vertex   -3.235173e+002 2.646013e+002 -3.025000e+001
    endloop
  endfacet
  facet normal -7.259078e-002 -3.457382e-002 -0.000000e+000
    outer loop
      vertex   -3.235173e+002 2.646013e+002 -3.025000e+001
      vertex   -3.235988e+002 2.647725e+002 -3.260000e+001
      vertex   -3.235173e+002 2.646013e+002 -3.260000e+001
    endloop
  endfacet
  facet normal -9.472896e-001 -3.203784e-001 -0.000000e+000
    outer loop
      vertex   -3.235173e+002 2.646013e+002 -3.025000e+001
      vertex   -3.235173e+002 2.646013e+002 -3.260000e+001
      vertex   -3.234566e+002 2.644218e+002 -3.025000e+001
    endloop
  endfacet
  facet normal -7.616337e-002 -2.575886e-002 -0.000000e+000
    outer loop
      vertex   -3.234566e+002 2.644218e+002 -3.025000e+001
      vertex   -3.235173e+002 2.646013e+002 -3.260000e+001
      vertex   -3.234566e+002 2.644218e+002 -3.260000e+001
    endloop
  endfacet
  facet normal -9.785754e-001 -2.058888e-001 -0.000000e+000
    outer loop
      vertex   -3.234566e+002 2.644218e+002 -3.025000e+001
      vertex   -3.234566e+002 2.644218e+002 -3.260000e+001
      vertex   -3.234175e+002 2.642362e+002 -3.025000e+001
    endloop
  endfacet
  facet normal -7.868742e-002 -1.655556e-002 -0.000000e+000
    outer loop
      vertex   -3.234175e+002 2.642362e+002 -3.025000e+001
      vertex   -3.234566e+002 2.644218e+002 -3.260000e+001
      vertex   -3.234175e+002 2.642362e+002 -3.260000e+001
    endloop
  endfacet
  facet normal -9.960436e-001 -8.886634e-002 -0.000000e+000
    outer loop
      vertex   -3.234175e+002 2.642362e+002 -3.025000e+001
      vertex   -3.234175e+002 2.642362e+002 -3.260000e+001
      vertex   -3.234007e+002 2.640474e+002 -3.025000e+001
    endloop
  endfacet
  facet normal -8.008543e-002 -7.145169e-003 -0.000000e+000
    outer loop
      vertex   -3.234007e+002 2.640474e+002 -3.025000e+001
      vertex   -3.234175e+002 2.642362e+002 -3.260000e+001
      vertex   -3.234007e+002 2.640474e+002 -3.260000e+001
    endloop
  endfacet
  facet normal -9.995612e-001 2.962140e-002 0.000000e+000
    outer loop
      vertex   -3.234007e+002 2.640474e+002 -3.025000e+001
      vertex   -3.234007e+002 2.640474e+002 -3.260000e+001
      vertex   -3.234063e+002 2.638579e+002 -3.025000e+001
    endloop
  endfacet
  facet normal -8.037020e-002 2.381723e-003 0.000000e+000
    outer loop
      vertex   -3.234063e+002 2.638579e+002 -3.025000e+001
      vertex   -3.234007e+002 2.640474e+002 -3.260000e+001
      vertex   -3.234063e+002 2.638579e+002 -3.260000e+001
    endloop
  endfacet
  facet normal -9.890447e-001 1.476162e-001 0.000000e+000
    outer loop
      vertex   -3.234063e+002 2.638579e+002 -3.025000e+001
      vertex   -3.234063e+002 2.638579e+002 -3.260000e+001
      vertex   -3.234343e+002 2.636704e+002 -3.025000e+001
    endloop
  endfacet
  facet normal -7.952879e-002 1.186978e-002 0.000000e+000
    outer loop
      vertex   -3.234343e+002 2.636704e+002 -3.025000e+001
      vertex   -3.234063e+002 2.638579e+002 -3.260000e+001
      vertex   -3.234343e+002 2.636704e+002 -3.260000e+001
    endloop
  endfacet
  facet normal -9.646076e-001 2.636895e-001 0.000000e+000
    outer loop
      vertex   -3.234343e+002 2.636704e+002 -3.025000e+001
      vertex   -3.234343e+002 2.636704e+002 -3.260000e+001
      vertex   -3.234843e+002 2.634876e+002 -3.025000e+001
    endloop
  endfacet
  facet normal -7.756130e-002 2.120251e-002 0.000000e+000
    outer loop
      vertex   -3.234843e+002 2.634876e+002 -3.025000e+001
      vertex   -3.234343e+002 2.636704e+002 -3.260000e+001
      vertex   -3.234843e+002 2.634876e+002 -3.260000e+001
    endloop
  endfacet
  facet normal -9.267347e-001 3.757163e-001 0.000000e+000
    outer loop
      vertex   -3.234843e+002 2.634876e+002 -3.025000e+001
      vertex   -3.234843e+002 2.634876e+002 -3.260000e+001
      vertex   -3.235555e+002 2.633119e+002 -3.025000e+001
    endloop
  endfacet
  facet normal -7.451941e-002 3.021162e-002 0.000000e+000
    outer loop
      vertex   -3.235555e+002 2.633119e+002 -3.025000e+001
      vertex   -3.234843e+002 2.634876e+002 -3.260000e+001
      vertex   -3.235555e+002 2.633119e+002 -3.260000e+001
    endloop
  endfacet
  facet normal -8.757396e-001 4.827837e-001 0.000000e+000
    outer loop
      vertex   -3.235555e+002 2.633119e+002 -3.025000e+001
      vertex   -3.235555e+002 2.633119e+002 -3.260000e+001
      vertex   -3.236470e+002 2.631459e+002 -3.025000e+001
    endloop
  endfacet
  facet normal -7.041614e-002 3.881948e-002 0.000000e+000
    outer loop
      vertex   -3.236470e+002 2.631459e+002 -3.025000e+001
      vertex   -3.235555e+002 2.633119e+002 -3.260000e+001
      vertex   -3.236470e+002 2.631459e+002 -3.260000e+001
    endloop
  endfacet
  facet normal -8.124371e-001 5.830488e-001 0.000000e+000
    outer loop
      vertex   -3.236470e+002 2.631459e+002 -3.025000e+001
      vertex   -3.236470e+002 2.631459e+002 -3.260000e+001
      vertex   -3.237576e+002 2.629919e+002 -3.025000e+001
    endloop
  endfacet
  facet normal -6.532907e-002 4.688367e-002 0.000000e+000
    outer loop
      vertex   -3.237576e+002 2.629919e+002 -3.025000e+001
      vertex   -3.236470e+002 2.631459e+002 -3.260000e+001
      vertex   -3.237576e+002 2.629919e+002 -3.260000e+001
    endloop
  endfacet
  facet normal -7.378020e-001 6.750172e-001 0.000000e+000
    outer loop
      vertex   -3.237576e+002 2.629919e+002 -3.025000e+001
      vertex   -3.237576e+002 2.629919e+002 -3.260000e+001
      vertex   -3.238855e+002 2.628520e+002 -3.025000e+001
    endloop
  endfacet
  facet normal -5.932302e-002 5.427480e-002 0.000000e+000
    outer loop
      vertex   -3.238855e+002 2.628520e+002 -3.025000e+001
      vertex   -3.237576e+002 2.629919e+002 -3.260000e+001
      vertex   -3.238855e+002 2.628520e+002 -3.260000e+001
    endloop
  endfacet
  facet normal -6.528441e-001 7.574923e-001 0.000000e+000
    outer loop
      vertex   -3.238855e+002 2.628520e+002 -3.025000e+001
      vertex   -3.238855e+002 2.628520e+002 -3.260000e+001
      vertex   -3.240291e+002 2.627282e+002 -3.025000e+001
    endloop
  endfacet
  facet normal -5.248853e-002 6.090223e-002 0.000000e+000
    outer loop
      vertex   -3.240291e+002 2.627282e+002 -3.025000e+001
      vertex   -3.238855e+002 2.628520e+002 -3.260000e+001
      vertex   -3.240291e+002 2.627282e+002 -3.260000e+001
    endloop
  endfacet
  facet normal -5.586320e-001 8.294156e-001 0.000000e+000
    outer loop
      vertex   -3.240291e+002 2.627282e+002 -3.025000e+001
      vertex   -3.240291e+002 2.627282e+002 -3.260000e+001
      vertex   -3.241863e+002 2.626223e+002 -3.025000e+001
    endloop
  endfacet
  facet normal -4.491619e-002 6.668824e-002 0.000000e+000
    outer loop
      vertex   -3.241863e+002 2.626223e+002 -3.025000e+001
      vertex   -3.240291e+002 2.627282e+002 -3.260000e+001
      vertex   -3.241863e+002 2.626223e+002 -3.260000e+001
    endloop
  endfacet
  facet normal -4.566532e-001 8.896448e-001 0.000000e+000
    outer loop
      vertex   -3.241863e+002 2.626223e+002 -3.025000e+001
      vertex   -3.241863e+002 2.626223e+002 -3.260000e+001
      vertex   -3.243550e+002 2.625358e+002 -3.025000e+001
    endloop
  endfacet
  facet normal -3.672250e-002 7.154223e-002 0.000000e+000
    outer loop
      vertex   -3.243550e+002 2.625358e+002 -3.025000e+001
      vertex   -3.241863e+002 2.626223e+002 -3.260000e+001
      vertex   -3.243550e+002 2.625358e+002 -3.260000e+001
    endloop
  endfacet
  facet normal -3.482108e-001 9.374163e-001 0.000000e+000
    outer loop
      vertex   -3.243550e+002 2.625358e+002 -3.025000e+001
      vertex   -3.243550e+002 2.625358e+002 -3.260000e+001
      vertex   -3.245327e+002 2.624698e+002 -3.025000e+001
    endloop
  endfacet
  facet normal -2.799818e-002 7.537375e-002 0.000000e+000
    outer loop
      vertex   -3.245327e+002 2.624698e+002 -3.025000e+001
      vertex   -3.243550e+002 2.625358e+002 -3.260000e+001
      vertex   -3.245327e+002 2.624698e+002 -3.260000e+001
    endloop
  endfacet
  facet normal -2.348766e-001 9.720252e-001 0.000000e+000
    outer loop
      vertex   -3.245327e+002 2.624698e+002 -3.025000e+001
      vertex   -3.245327e+002 2.624698e+002 -3.260000e+001
      vertex   -3.247170e+002 2.624252e+002 -3.025000e+001
    endloop
  endfacet
  facet normal -1.888551e-002 7.815674e-002 0.000000e+000
    outer loop
      vertex   -3.247170e+002 2.624252e+002 -3.025000e+001
      vertex   -3.245327e+002 2.624698e+002 -3.260000e+001
      vertex   -3.247170e+002 2.624252e+002 -3.260000e+001
    endloop
  endfacet
  facet normal -1.183263e-001 9.929748e-001 0.000000e+000
    outer loop
      vertex   -3.247170e+002 2.624252e+002 -3.025000e+001
      vertex   -3.247170e+002 2.624252e+002 -3.260000e+001
      vertex   -3.249052e+002 2.624028e+002 -3.025000e+001
    endloop
  endfacet
  facet normal -9.513947e-003 7.983949e-002 0.000000e+000
    outer loop
      vertex   -3.249052e+002 2.624028e+002 -3.025000e+001
      vertex   -3.247170e+002 2.624252e+002 -3.260000e+001
      vertex   -3.249052e+002 2.624028e+002 -3.260000e+001
    endloop
  endfacet
  facet normal 0.000000e+000 1.000000e+000 0.000000e+000
    outer loop
      vertex   -3.249052e+002 2.624028e+002 -3.025000e+001
      vertex   -3.249052e+002 2.624028e+002 -3.260000e+001
      vertex   -3.250948e+002 2.624028e+002 -3.025000e+001
    endloop
  endfacet
  facet normal 0.000000e+000 8.040901e-002 0.000000e+000
    outer loop
      vertex   -3.250948e+002 2.624028e+002 -3.025000e+001
      vertex   -3.249052e+002 2.624028e+002 -3.260000e+001
      vertex   -3.250948e+002 2.624028e+002 -3.260000e+001
    endloop
  endfacet
  facet normal 1.183263e-001 9.929748e-001 0.000000e+000
    outer loop
      vertex   -3.250948e+002 2.624028e+002 -3.025000e+001
      vertex   -3.250948e+002 2.624028e+002 -3.260000e+001
      vertex   -3.252830e+002 2.624252e+002 -3.025000e+001
    endloop
  endfacet
  facet normal 9.513947e-003 7.983949e-002 0.000000e+000
    outer loop
      vertex   -3.252830e+002 2.624252e+002 -3.025000e+001
      vertex   -3.250948e+002 2.624028e+002 -3.260000e+001
      vertex   -3.252830e+002 2.624252e+002 -3.260000e+001
    endloop
  endfacet
  facet normal 2.348766e-001 9.720252e-001 0.000000e+000
    outer loop
      vertex   -3.252830e+002 2.624252e+002 -3.025000e+001
      vertex   -3.252830e+002 2.624252e+002 -3.260000e+001
      vertex   -3.254673e+002 2.624698e+002 -3.025000e+001
    endloop
  endfacet
  facet normal 1.888551e-002 7.815674e-002 0.000000e+000
    outer loop
      vertex   -3.254673e+002 2.624698e+002 -3.025000e+001
      vertex   -3.252830e+002 2.624252e+002 -3.260000e+001
      vertex   -3.254673e+002 2.624698e+002 -3.260000e+001
    endloop
  endfacet
  facet normal 3.482108e-001 9.374163e-001 0.000000e+000
    outer loop
      vertex   -3.254673e+002 2.624698e+002 -3.025000e+001
      vertex   -3.254673e+002 2.624698e+002 -3.260000e+001
      vertex   -3.256450e+002 2.625358e+002 -3.025000e+001
    endloop
  endfacet
  facet normal 2.799818e-002 7.537375e-002 0.000000e+000
    outer loop
      vertex   -3.256450e+002 2.625358e+002 -3.025000e+001
      vertex   -3.254673e+002 2.624698e+002 -3.260000e+001
      vertex   -3.256450e+002 2.625358e+002 -3.260000e+001
    endloop
  endfacet
  facet normal 4.566532e-001 8.896448e-001 0.000000e+000
    outer loop
      vertex   -3.256450e+002 2.625358e+002 -3.025000e+001
      vertex   -3.256450e+002 2.625358e+002 -3.260000e+001
      vertex   -3.258137e+002 2.626223e+002 -3.025000e+001
    endloop
  endfacet
  facet normal 3.672250e-002 7.154223e-002 0.000000e+000
    outer loop
      vertex   -3.258137e+002 2.626223e+002 -3.025000e+001
      vertex   -3.256450e+002 2.625358e+002 -3.260000e+001
      vertex   -3.258137e+002 2.626223e+002 -3.260000e+001
    endloop
  endfacet
  facet normal 5.586320e-001 8.294156e-001 0.000000e+000
    outer loop
      vertex   -3.258137e+002 2.626223e+002 -3.025000e+001
      vertex   -3.258137e+002 2.626223e+002 -3.260000e+001
      vertex   -3.259709e+002 2.627282e+002 -3.025000e+001
    endloop
  endfacet
  facet normal 4.491619e-002 6.668824e-002 0.000000e+000
    outer loop
      vertex   -3.259709e+002 2.627282e+002 -3.025000e+001
      vertex   -3.258137e+002 2.626223e+002 -3.260000e+001
      vertex   -3.259709e+002 2.627282e+002 -3.260000e+001
    endloop
  endfacet
  facet normal 6.528441e-001 7.574923e-001 0.000000e+000
    outer loop
      vertex   -3.259709e+002 2.627282e+002 -3.025000e+001
      vertex   -3.259709e+002 2.627282e+002 -3.260000e+001
      vertex   -3.261145e+002 2.628520e+002 -3.025000e+001
    endloop
  endfacet
  facet normal 5.248853e-002 6.090223e-002 0.000000e+000
    outer loop
      vertex   -3.261145e+002 2.628520e+002 -3.025000e+001
      vertex   -3.259709e+002 2.627282e+002 -3.260000e+001
      vertex   -3.261145e+002 2.628520e+002 -3.260000e+001
    endloop
  endfacet
  facet normal 7.378020e-001 6.750172e-001 0.000000e+000
    outer loop
      vertex   -3.261145e+002 2.628520e+002 -3.025000e+001
      vertex   -3.261145e+002 2.628520e+002 -3.260000e+001
      vertex   -3.262424e+002 2.629919e+002 -3.025000e+001
    endloop
  endfacet
  facet normal 5.932302e-002 5.427480e-002 0.000000e+000
    outer loop
      vertex   -3.262424e+002 2.629919e+002 -3.025000e+001
      vertex   -3.261145e+002 2.628520e+002 -3.260000e+001
      vertex   -3.262424e+002 2.629919e+002 -3.260000e+001
    endloop
  endfacet
  facet normal 8.124371e-001 5.830488e-001 0.000000e+000
    outer loop
      vertex   -3.262424e+002 2.629919e+002 -3.025000e+001
      vertex   -3.262424e+002 2.629919e+002 -3.260000e+001
      vertex   -3.263530e+002 2.631459e+002 -3.025000e+001
    endloop
  endfacet
  facet normal 6.532907e-002 4.688367e-002 0.000000e+000
    outer loop
      vertex   -3.263530e+002 2.631459e+002 -3.025000e+001
      vertex   -3.262424e+002 2.629919e+002 -3.260000e+001
      vertex   -3.263530e+002 2.631459e+002 -3.260000e+001
    endloop
  endfacet
  facet normal 8.757396e-001 4.827837e-001 0.000000e+000
    outer loop
      vertex   -3.263530e+002 2.631459e+002 -3.025000e+001
      vertex   -3.263530e+002 2.631459e+002 -3.260000e+001
      vertex   -3.264445e+002 2.633119e+002 -3.025000e+001
    endloop
  endfacet
  facet normal 7.041614e-002 3.881948e-002 0.000000e+000
    outer loop
      vertex   -3.264445e+002 2.633119e+002 -3.025000e+001
      vertex   -3.263530e+002 2.631459e+002 -3.260000e+001
      vertex   -3.264445e+002 2.633119e+002 -3.260000e+001
    endloop
  endfacet
  facet normal 9.267347e-001 3.757163e-001 0.000000e+000
    outer loop
      vertex   -3.264445e+002 2.633119e+002 -3.025000e+001
      vertex   -3.264445e+002 2.633119e+002 -3.260000e+001
      vertex   -3.265157e+002 2.634876e+002 -3.025000e+001
    endloop
  endfacet
  facet normal 7.451941e-002 3.021162e-002 0.000000e+000
    outer loop
      vertex   -3.265157e+002 2.634876e+002 -3.025000e+001
      vertex   -3.264445e+002 2.633119e+002 -3.260000e+001
      vertex   -3.265157e+002 2.634876e+002 -3.260000e+001
    endloop
  endfacet
  facet normal 9.646076e-001 2.636895e-001 0.000000e+000
    outer loop
      vertex   -3.265157e+002 2.634876e+002 -3.025000e+001
      vertex   -3.265157e+002 2.634876e+002 -3.260000e+001
      vertex   -3.265657e+002 2.636704e+002 -3.025000e+001
    endloop
  endfacet
  facet normal 7.756130e-002 2.120251e-002 0.000000e+000
    outer loop
      vertex   -3.265657e+002 2.636704e+002 -3.025000e+001
      vertex   -3.265157e+002 2.634876e+002 -3.260000e+001
      vertex   -3.265657e+002 2.636704e+002 -3.260000e+001
    endloop
  endfacet
  facet normal 9.890447e-001 1.476162e-001 0.000000e+000
    outer loop
      vertex   -3.265657e+002 2.636704e+002 -3.025000e+001
      vertex   -3.265657e+002 2.636704e+002 -3.260000e+001
      vertex   -3.265937e+002 2.638579e+002 -3.025000e+001
    endloop
  endfacet
  facet normal 7.952879e-002 1.186978e-002 0.000000e+000
    outer loop
      vertex   -3.265937e+002 2.638579e+002 -3.025000e+001
      vertex   -3.265657e+002 2.636704e+002 -3.260000e+001
      vertex   -3.265937e+002 2.638579e+002 -3.260000e+001
    endloop
  endfacet
  facet normal 9.995612e-001 2.962140e-002 0.000000e+000
    outer loop
      vertex   -3.265937e+002 2.638579e+002 -3.025000e+001
      vertex   -3.265937e+002 2.638579e+002 -3.260000e+001
      vertex   -3.265993e+002 2.640474e+002 -3.025000e+001
    endloop
  endfacet
  facet normal 8.037020e-002 2.381723e-003 0.000000e+000
    outer loop
      vertex   -3.265993e+002 2.640474e+002 -3.025000e+001
      vertex   -3.265937e+002 2.638579e+002 -3.260000e+001
      vertex   -3.265993e+002 2.640474e+002 -3.260000e+001
    endloop
  endfacet
  facet normal 9.960436e-001 -8.886634e-002 0.000000e+000
    outer loop
      vertex   -3.265993e+002 2.640474e+002 -3.025000e+001
      vertex   -3.265993e+002 2.640474e+002 -3.260000e+001
      vertex   -3.265825e+002 2.642362e+002 -3.025000e+001
    endloop
  endfacet
  facet normal 8.008543e-002 -7.145169e-003 0.000000e+000
    outer loop
      vertex   -3.265825e+002 2.642362e+002 -3.025000e+001
      vertex   -3.265993e+002 2.640474e+002 -3.260000e+001
      vertex   -3.265825e+002 2.642362e+002 -3.260000e+001
    endloop
  endfacet
  facet normal 9.785754e-001 -2.058888e-001 0.000000e+000
    outer loop
      vertex   -3.265825e+002 2.642362e+002 -3.025000e+001
      vertex   -3.265825e+002 2.642362e+002 -3.260000e+001
      vertex   -3.265434e+002 2.644218e+002 -3.025000e+001
    endloop
  endfacet
  facet normal 7.868742e-002 -1.655556e-002 0.000000e+000
    outer loop
      vertex   -3.265434e+002 2.644218e+002 -3.025000e+001
      vertex   -3.265825e+002 2.642362e+002 -3.260000e+001
      vertex   -3.265434e+002 2.644218e+002 -3.260000e+001
    endloop
  endfacet
  facet normal 9.472896e-001 -3.203784e-001 0.000000e+000
    outer loop
      vertex   -3.265434e+002 2.644218e+002 -3.025000e+001
      vertex   -3.265434e+002 2.644218e+002 -3.260000e+001
      vertex   -3.264827e+002 2.646013e+002 -3.025000e+001
    endloop
  endfacet
  facet normal 7.616337e-002 -2.575886e-002 0.000000e+000
    outer loop
      vertex   -3.264827e+002 2.646013e+002 -3.025000e+001
      vertex   -3.265434e+002 2.644218e+002 -3.260000e+001
      vertex   -3.264827e+002 2.646013e+002 -3.260000e+001
    endloop
  endfacet
  facet normal 9.028278e-001 -4.300023e-001 0.000000e+000
    outer loop
      vertex   -3.264827e+002 2.646013e+002 -3.025000e+001
      vertex   -3.264827e+002 2.646013e+002 -3.260000e+001
      vertex   -3.264012e+002 2.647725e+002 -3.025000e+001
    endloop
  endfacet
  facet normal 7.259078e-002 -3.457382e-002 0.000000e+000
    outer loop
      vertex   -3.264012e+002 2.647725e+002 -3.025000e+001
      vertex   -3.264827e+002 2.646013e+002 -3.260000e+001
      vertex   -3.264012e+002 2.647725e+002 -3.260000e+001
    endloop
  endfacet
  facet normal 8.456113e-001 -5.337992e-001 0.000000e+000
    outer loop
      vertex   -3.264012e+002 2.647725e+002 -3.025000e+001
      vertex   -3.264012e+002 2.647725e+002 -3.260000e+001
      vertex   -3.263000e+002 2.649328e+002 -3.025000e+001
    endloop
  endfacet
  facet normal 6.799557e-002 -4.292277e-002 0.000000e+000
    outer loop
      vertex   -3.263000e+002 2.649328e+002 -3.025000e+001
      vertex   -3.264012e+002 2.647725e+002 -3.260000e+001
      vertex   -3.263000e+002 2.649328e+002 -3.260000e+001
    endloop
  endfacet
  facet normal 7.765471e-001 -6.300592e-001 0.000000e+000
    outer loop
      vertex   -3.263000e+002 2.649328e+002 -3.025000e+001
      vertex   -3.263000e+002 2.649328e+002 -3.260000e+001
      vertex   -3.261805e+002 2.650800e+002 -3.025000e+001
    endloop
  endfacet
  facet normal 6.244253e-002 -5.066336e-002 0.000000e+000
    outer loop
      vertex   -3.261805e+002 2.650800e+002 -3.025000e+001
      vertex   -3.263000e+002 2.649328e+002 -3.260000e+001
      vertex   -3.261805e+002 2.650800e+002 -3.260000e+001
    endloop
  endfacet
  facet normal 6.964827e-001 -7.175736e-001 0.000000e+000
    outer loop
      vertex   -3.261805e+002 2.650800e+002 -3.025000e+001
      vertex   -3.261805e+002 2.650800e+002 -3.260000e+001
      vertex   -3.260445e+002 2.652120e+002 -3.025000e+001
    endloop
  endfacet
  facet normal 5.599640e-002 -5.769208e-002 0.000000e+000
    outer loop
      vertex   -3.260445e+002 2.652120e+002 -3.025000e+001
      vertex   -3.261805e+002 2.650800e+002 -3.260000e+001
      vertex   -3.260445e+002 2.652120e+002 -3.260000e+001
    endloop
  endfacet
  facet normal 6.068286e-001 -7.948328e-001 0.000000e+000
    outer loop
      vertex   -3.260445e+002 2.652120e+002 -3.025000e+001
      vertex   -3.260445e+002 2.652120e+002 -3.260000e+001
      vertex   -3.258938e+002 2.653271e+002 -3.025000e+001
    endloop
  endfacet
  facet normal 4.879938e-002 -6.391813e-002 0.000000e+000
    outer loop
      vertex   -3.258938e+002 2.653271e+002 -3.025000e+001
      vertex   -3.260445e+002 2.652120e+002 -3.260000e+001
      vertex   -3.258938e+002 2.653271e+002 -3.260000e+001
    endloop
  endfacet
  facet normal 5.085883e-001 -8.610098e-001 0.000000e+000
    outer loop
      vertex   -3.258938e+002 2.653271e+002 -3.025000e+001
      vertex   -3.258938e+002 2.653271e+002 -3.260000e+001
      vertex   -3.257306e+002 2.654235e+002 -3.025000e+001
    endloop
  endfacet
  facet normal 4.089057e-002 -6.922532e-002 0.000000e+000
    outer loop
      vertex   -3.257306e+002 2.654235e+002 -3.025000e+001
      vertex   -3.258938e+002 2.653271e+002 -3.260000e+001
      vertex   -3.257306e+002 2.654235e+002 -3.260000e+001
    endloop
  endfacet
  facet normal 4.030893e-001 -9.151607e-001 0.000000e+000
    outer loop
      vertex   -3.257306e+002 2.654235e+002 -3.025000e+001
      vertex   -3.257306e+002 2.654235e+002 -3.260000e+001
      vertex   -3.255571e+002 2.654999e+002 -3.025000e+001
    endloop
  endfacet
  facet normal 3.241213e-002 -7.358744e-002 0.000000e+000
    outer loop
      vertex   -3.255571e+002 2.654999e+002 -3.025000e+001
      vertex   -3.257306e+002 2.654235e+002 -3.260000e+001
      vertex   -3.255571e+002 2.654999e+002 -3.260000e+001
    endloop
  endfacet
  facet normal 2.920263e-001 -9.564103e-001 0.000000e+000
    outer loop
      vertex   -3.255571e+002 2.654999e+002 -3.025000e+001
      vertex   -3.255571e+002 2.654999e+002 -3.260000e+001
      vertex   -3.253758e+002 2.655552e+002 -3.025000e+001
    endloop
  endfacet
  facet normal 2.348068e-002 -7.690116e-002 0.000000e+000
    outer loop
      vertex   -3.253758e+002 2.655552e+002 -3.025000e+001
      vertex   -3.255571e+002 2.654999e+002 -3.260000e+001
      vertex   -3.253758e+002 2.655552e+002 -3.260000e+001
    endloop
  endfacet
  facet normal 1.769160e-001 -9.842259e-001 0.000000e+000
    outer loop
      vertex   -3.253758e+002 2.655552e+002 -3.025000e+001
      vertex   -3.253758e+002 2.655552e+002 -3.260000e+001
      vertex   -3.251892e+002 2.655888e+002 -3.025000e+001
    endloop
  endfacet
  facet normal 1.422561e-002 -7.914048e-002 0.000000e+000
    outer loop
      vertex   -3.251892e+002 2.655888e+002 -3.025000e+001
      vertex   -3.253758e+002 2.655552e+002 -3.260000e+001
      vertex   -3.251892e+002 2.655888e+002 -3.260000e+001
    endloop
  endfacet
  facet normal -4.625498e-002 -9.989297e-001 0.000000e+000
    outer loop
      vertex   -3.237601e+002 2.720889e+002 -3.495000e+001
      vertex   -3.237601e+002 2.720889e+002 -3.025000e+001
      vertex   -3.240000e+002 2.721000e+002 -3.495000e+001
    endloop
  endfacet
  facet normal -2.360409e-003 -5.097576e-002 0.000000e+000
    outer loop
      vertex   -3.240000e+002 2.721000e+002 -3.495000e+001
      vertex   -3.237601e+002 2.720889e+002 -3.025000e+001
      vertex   -3.240000e+002 2.721000e+002 -3.025000e+001
    endloop
  endfacet
  facet normal 4.625498e-002 -9.989297e-001 0.000000e+000
    outer loop
      vertex   -3.240000e+002 2.721000e+002 -3.495000e+001
      vertex   -3.240000e+002 2.721000e+002 -3.025000e+001
      vertex   -3.242399e+002 2.720889e+002 -3.495000e+001
    endloop
  endfacet
  facet normal 2.360409e-003 -5.097576e-002 0.000000e+000
    outer loop
      vertex   -3.242399e+002 2.720889e+002 -3.495000e+001
      vertex   -3.240000e+002 2.721000e+002 -3.025000e+001
      vertex   -3.242399e+002 2.720889e+002 -3.025000e+001
    endloop
  endfacet
  facet normal 1.381294e-001 -9.904142e-001 0.000000e+000
    outer loop
      vertex   -3.242399e+002 2.720889e+002 -3.495000e+001
      vertex   -3.242399e+002 2.720889e+002 -3.025000e+001
      vertex   -3.244778e+002 2.720557e+002 -3.495000e+001
    endloop
  endfacet
  facet normal 7.048805e-003 -5.054129e-002 0.000000e+000
    outer loop
      vertex   -3.244778e+002 2.720557e+002 -3.495000e+001
      vertex   -3.242399e+002 2.720889e+002 -3.025000e+001
      vertex   -3.244778e+002 2.720557e+002 -3.025000e+001
    endloop
  endfacet
  facet normal 2.289968e-001 -9.734272e-001 0.000000e+000
    outer loop
      vertex   -3.244778e+002 2.720557e+002 -3.495000e+001
      vertex   -3.244778e+002 2.720557e+002 -3.025000e+001
      vertex   -3.247115e+002 2.720007e+002 -3.495000e+001
    endloop
  endfacet
  facet normal 1.168532e-002 -4.967235e-002 0.000000e+000
    outer loop
      vertex   -3.247115e+002 2.720007e+002 -3.495000e+001
      vertex   -3.244778e+002 2.720557e+002 -3.025000e+001
      vertex   -3.247115e+002 2.720007e+002 -3.025000e+001
    endloop
  endfacet
  facet normal 3.176760e-001 -9.481993e-001 0.000000e+000
    outer loop
      vertex   -3.247115e+002 2.720007e+002 -3.495000e+001
      vertex   -3.247115e+002 2.720007e+002 -3.025000e+001
      vertex   -3.249392e+002 2.719244e+002 -3.495000e+001
    endloop
  endfacet
  facet normal 1.621160e-002 -4.838838e-002 0.000000e+000
    outer loop
      vertex   -3.249392e+002 2.719244e+002 -3.495000e+001
      vertex   -3.247115e+002 2.720007e+002 -3.025000e+001
      vertex   -3.249392e+002 2.719244e+002 -3.025000e+001
    endloop
  endfacet
  facet normal 4.040031e-001 -9.147576e-001 0.000000e+000
    outer loop
      vertex   -3.249392e+002 2.719244e+002 -3.495000e+001
      vertex   -3.249392e+002 2.719244e+002 -3.025000e+001
      vertex   -3.251589e+002 2.718274e+002 -3.495000e+001
    endloop
  endfacet
  facet normal 2.061468e-002 -4.667645e-002 0.000000e+000
    outer loop
      vertex   -3.251589e+002 2.718274e+002 -3.495000e+001
      vertex   -3.249392e+002 2.719244e+002 -3.025000e+001
      vertex   -3.251589e+002 2.718274e+002 -3.025000e+001
    endloop
  endfacet
  facet normal 4.865705e-001 -8.736413e-001 0.000000e+000
    outer loop
      vertex   -3.251589e+002 2.718274e+002 -3.495000e+001
      vertex   -3.251589e+002 2.718274e+002 -3.025000e+001
      vertex   -3.253687e+002 2.717106e+002 -3.495000e+001
    endloop
  endfacet
  facet normal 2.482969e-002 -4.458191e-002 0.000000e+000
    outer loop
      vertex   -3.253687e+002 2.717106e+002 -3.495000e+001
      vertex   -3.251589e+002 2.718274e+002 -3.025000e+001
      vertex   -3.253687e+002 2.717106e+002 -3.025000e+001
    endloop
  endfacet
  facet normal 5.650665e-001 -8.250453e-001 0.000000e+000
    outer loop
      vertex   -3.253687e+002 2.717106e+002 -3.495000e+001
      vertex   -3.253687e+002 2.717106e+002 -3.025000e+001
      vertex   -3.255669e+002 2.715749e+002 -3.495000e+001
    endloop
  endfacet
  facet normal 2.883719e-002 -4.210477e-002 0.000000e+000
    outer loop
      vertex   -3.255669e+002 2.715749e+002 -3.495000e+001
      vertex   -3.253687e+002 2.717106e+002 -3.025000e+001
      vertex   -3.255669e+002 2.715749e+002 -3.025000e+001
    endloop
  endfacet
  facet normal 6.389086e-001 -7.692826e-001 0.000000e+000
    outer loop
      vertex   -3.255669e+002 2.715749e+002 -3.495000e+001
      vertex   -3.255669e+002 2.715749e+002 -3.025000e+001
      vertex   -3.257516e+002 2.714214e+002 -3.495000e+001
    endloop
  endfacet
  facet normal 3.260477e-002 -3.925801e-002 0.000000e+000
    outer loop
      vertex   -3.257516e+002 2.714214e+002 -3.495000e+001
      vertex   -3.255669e+002 2.715749e+002 -3.025000e+001
      vertex   -3.257516e+002 2.714214e+002 -3.025000e+001
    endloop
  endfacet
  facet normal 7.071068e-001 -7.071068e-001 0.000000e+000
    outer loop
      vertex   -3.257516e+002 2.714214e+002 -3.495000e+001
      vertex   -3.257516e+002 2.714214e+002 -3.025000e+001
      vertex   -3.259214e+002 2.712516e+002 -3.495000e+001
    endloop
  endfacet
  facet normal 3.608055e-002 -3.608055e-002 0.000000e+000
    outer loop
      vertex   -3.259214e+002 2.712516e+002 -3.495000e+001
      vertex   -3.257516e+002 2.714214e+002 -3.025000e+001
      vertex   -3.259214e+002 2.712516e+002 -3.025000e+001
    endloop
  endfacet
  facet normal 7.692826e-001 -6.389086e-001 0.000000e+000
    outer loop
      vertex   -3.259214e+002 2.712516e+002 -3.495000e+001
      vertex   -3.259214e+002 2.712516e+002 -3.025000e+001
      vertex   -3.260749e+002 2.710669e+002 -3.495000e+001
    endloop
  endfacet
  facet normal 3.925801e-002 -3.260477e-002 0.000000e+000
    outer loop
      vertex   -3.260749e+002 2.710669e+002 -3.495000e+001
      vertex   -3.259214e+002 2.712516e+002 -3.025000e+001
      vertex   -3.260749e+002 2.710669e+002 -3.025000e+001
    endloop
  endfacet
  facet normal 8.250453e-001 -5.650665e-001 0.000000e+000
    outer loop
      vertex   -3.260749e+002 2.710669e+002 -3.495000e+001
      vertex   -3.260749e+002 2.710669e+002 -3.025000e+001
      vertex   -3.262106e+002 2.708687e+002 -3.495000e+001
    endloop
  endfacet
  facet normal 4.210477e-002 -2.883719e-002 0.000000e+000
    outer loop
      vertex   -3.262106e+002 2.708687e+002 -3.495000e+001
      vertex   -3.260749e+002 2.710669e+002 -3.025000e+001
      vertex   -3.262106e+002 2.708687e+002 -3.025000e+001
    endloop
  endfacet
  facet normal 8.736413e-001 -4.865705e-001 0.000000e+000
    outer loop
      vertex   -3.262106e+002 2.708687e+002 -3.495000e+001
      vertex   -3.262106e+002 2.708687e+002 -3.025000e+001
      vertex   -3.263274e+002 2.706589e+002 -3.495000e+001
    endloop
  endfacet
  facet normal 4.458191e-002 -2.482969e-002 0.000000e+000
    outer loop
      vertex   -3.263274e+002 2.706589e+002 -3.495000e+001
      vertex   -3.262106e+002 2.708687e+002 -3.025000e+001
      vertex   -3.263274e+002 2.706589e+002 -3.025000e+001
    endloop
  endfacet
  facet normal 9.147576e-001 -4.040031e-001 0.000000e+000
    outer loop
      vertex   -3.263274e+002 2.706589e+002 -3.495000e+001
      vertex   -3.263274e+002 2.706589e+002 -3.025000e+001
      vertex   -3.264244e+002 2.704392e+002 -3.495000e+001
    endloop
  endfacet
  facet normal 4.667645e-002 -2.061468e-002 0.000000e+000
    outer loop
      vertex   -3.264244e+002 2.704392e+002 -3.495000e+001
      vertex   -3.263274e+002 2.706589e+002 -3.025000e+001
      vertex   -3.264244e+002 2.704392e+002 -3.025000e+001
    endloop
  endfacet
  facet normal 9.481993e-001 -3.176760e-001 0.000000e+000
    outer loop
      vertex   -3.264244e+002 2.704392e+002 -3.495000e+001
      vertex   -3.264244e+002 2.704392e+002 -3.025000e+001
      vertex   -3.265007e+002 2.702115e+002 -3.495000e+001
    endloop
  endfacet
  facet normal 4.838838e-002 -1.621160e-002 0.000000e+000
    outer loop
      vertex   -3.265007e+002 2.702115e+002 -3.495000e+001
      vertex   -3.264244e+002 2.704392e+002 -3.025000e+001
      vertex   -3.265007e+002 2.702115e+002 -3.025000e+001
    endloop
  endfacet
  facet normal 9.734272e-001 -2.289968e-001 0.000000e+000
    outer loop
      vertex   -3.265007e+002 2.702115e+002 -3.495000e+001
      vertex   -3.265007e+002 2.702115e+002 -3.025000e+001
      vertex   -3.265557e+002 2.699778e+002 -3.495000e+001
    endloop
  endfacet
  facet normal 4.967235e-002 -1.168532e-002 0.000000e+000
    outer loop
      vertex   -3.265557e+002 2.699778e+002 -3.495000e+001
      vertex   -3.265007e+002 2.702115e+002 -3.025000e+001
      vertex   -3.265557e+002 2.699778e+002 -3.025000e+001
    endloop
  endfacet
  facet normal 9.904142e-001 -1.381294e-001 0.000000e+000
    outer loop
      vertex   -3.265557e+002 2.699778e+002 -3.495000e+001
      vertex   -3.265557e+002 2.699778e+002 -3.025000e+001
      vertex   -3.265889e+002 2.697399e+002 -3.495000e+001
    endloop
  endfacet
  facet normal 5.054129e-002 -7.048805e-003 0.000000e+000
    outer loop
      vertex   -3.265889e+002 2.697399e+002 -3.495000e+001
      vertex   -3.265557e+002 2.699778e+002 -3.025000e+001
      vertex   -3.265889e+002 2.697399e+002 -3.025000e+001
    endloop
  endfacet
  facet normal 9.989297e-001 -4.625498e-002 0.000000e+000
    outer loop
      vertex   -3.265889e+002 2.697399e+002 -3.495000e+001
      vertex   -3.265889e+002 2.697399e+002 -3.025000e+001
      vertex   -3.266000e+002 2.695000e+002 -3.495000e+001
    endloop
  endfacet
  facet normal 5.097576e-002 -2.360409e-003 0.000000e+000
    outer loop
      vertex   -3.266000e+002 2.695000e+002 -3.495000e+001
      vertex   -3.265889e+002 2.697399e+002 -3.025000e+001
      vertex   -3.266000e+002 2.695000e+002 -3.025000e+001
    endloop
  endfacet
  facet normal 9.989297e-001 4.625498e-002 -0.000000e+000
    outer loop
      vertex   -3.266000e+002 2.695000e+002 -3.495000e+001
      vertex   -3.266000e+002 2.695000e+002 -3.025000e+001
      vertex   -3.265889e+002 2.692601e+002 -3.495000e+001
    endloop
  endfacet
  facet normal 5.097576e-002 2.360409e-003 -0.000000e+000
    outer loop
      vertex   -3.265889e+002 2.692601e+002 -3.495000e+001
      vertex   -3.266000e+002 2.695000e+002 -3.025000e+001
      vertex   -3.265889e+002 2.692601e+002 -3.025000e+001
    endloop
  endfacet
  facet normal 9.904142e-001 1.381294e-001 -0.000000e+000
    outer loop
      vertex   -3.265889e+002 2.692601e+002 -3.495000e+001
      vertex   -3.265889e+002 2.692601e+002 -3.025000e+001
      vertex   -3.265557e+002 2.690222e+002 -3.495000e+001
    endloop
  endfacet
  facet normal 5.054129e-002 7.048805e-003 -0.000000e+000
    outer loop
      vertex   -3.265557e+002 2.690222e+002 -3.495000e+001
      vertex   -3.265889e+002 2.692601e+002 -3.025000e+001
      vertex   -3.265557e+002 2.690222e+002 -3.025000e+001
    endloop
  endfacet
  facet normal 9.734272e-001 2.289968e-001 -0.000000e+000
    outer loop
      vertex   -3.265557e+002 2.690222e+002 -3.495000e+001
      vertex   -3.265557e+002 2.690222e+002 -3.025000e+001
      vertex   -3.265007e+002 2.687885e+002 -3.495000e+001
    endloop
  endfacet
  facet normal 4.967235e-002 1.168532e-002 -0.000000e+000
    outer loop
      vertex   -3.265007e+002 2.687885e+002 -3.495000e+001
      vertex   -3.265557e+002 2.690222e+002 -3.025000e+001
      vertex   -3.265007e+002 2.687885e+002 -3.025000e+001
    endloop
  endfacet
  facet normal 9.481993e-001 3.176760e-001 -0.000000e+000
    outer loop
      vertex   -3.265007e+002 2.687885e+002 -3.495000e+001
      vertex   -3.265007e+002 2.687885e+002 -3.025000e+001
      vertex   -3.264244e+002 2.685608e+002 -3.495000e+001
    endloop
  endfacet
  facet normal 4.838838e-002 1.621160e-002 -0.000000e+000
    outer loop
      vertex   -3.264244e+002 2.685608e+002 -3.495000e+001
      vertex   -3.265007e+002 2.687885e+002 -3.025000e+001
      vertex   -3.264244e+002 2.685608e+002 -3.025000e+001
    endloop
  endfacet
  facet normal 9.147576e-001 4.040031e-001 -0.000000e+000
    outer loop
      vertex   -3.264244e+002 2.685608e+002 -3.495000e+001
      vertex   -3.264244e+002 2.685608e+002 -3.025000e+001
      vertex   -3.263274e+002 2.683411e+002 -3.495000e+001
    endloop
  endfacet
  facet normal 4.667645e-002 2.061468e-002 -0.000000e+000
    outer loop
      vertex   -3.263274e+002 2.683411e+002 -3.495000e+001
      vertex   -3.264244e+002 2.685608e+002 -3.025000e+001
      vertex   -3.263274e+002 2.683411e+002 -3.025000e+001
    endloop
  endfacet
  facet normal 8.736413e-001 4.865705e-001 -0.000000e+000
    outer loop
      vertex   -3.263274e+002 2.683411e+002 -3.495000e+001
      vertex   -3.263274e+002 2.683411e+002 -3.025000e+001
      vertex   -3.262106e+002 2.681313e+002 -3.495000e+001
    endloop
  endfacet
  facet normal 4.458191e-002 2.482969e-002 -0.000000e+000
    outer loop
      vertex   -3.262106e+002 2.681313e+002 -3.495000e+001
      vertex   -3.263274e+002 2.683411e+002 -3.025000e+001
      vertex   -3.262106e+002 2.681313e+002 -3.025000e+001
    endloop
  endfacet
  facet normal 8.250453e-001 5.650665e-001 -0.000000e+000
    outer loop
      vertex   -3.262106e+002 2.681313e+002 -3.495000e+001
      vertex   -3.262106e+002 2.681313e+002 -3.025000e+001
      vertex   -3.260749e+002 2.679331e+002 -3.495000e+001
    endloop
  endfacet
  facet normal 4.210477e-002 2.883719e-002 -0.000000e+000
    outer loop
      vertex   -3.260749e+002 2.679331e+002 -3.495000e+001
      vertex   -3.262106e+002 2.681313e+002 -3.025000e+001
      vertex   -3.260749e+002 2.679331e+002 -3.025000e+001
    endloop
  endfacet
  facet normal 7.692826e-001 6.389086e-001 -0.000000e+000
    outer loop
      vertex   -3.260749e+002 2.679331e+002 -3.495000e+001
      vertex   -3.260749e+002 2.679331e+002 -3.025000e+001
      vertex   -3.259214e+002 2.677484e+002 -3.495000e+001
    endloop
  endfacet
  facet normal 3.925801e-002 3.260477e-002 -0.000000e+000
    outer loop
      vertex   -3.259214e+002 2.677484e+002 -3.495000e+001
      vertex   -3.260749e+002 2.679331e+002 -3.025000e+001
      vertex   -3.259214e+002 2.677484e+002 -3.025000e+001
    endloop
  endfacet
  facet normal 7.071068e-001 7.071068e-001 -0.000000e+000
    outer loop
      vertex   -3.259214e+002 2.677484e+002 -3.495000e+001
      vertex   -3.259214e+002 2.677484e+002 -3.025000e+001
      vertex   -3.257516e+002 2.675786e+002 -3.495000e+001
    endloop
  endfacet
  facet normal 3.608055e-002 3.608055e-002 -0.000000e+000
    outer loop
      vertex   -3.257516e+002 2.675786e+002 -3.495000e+001
      vertex   -3.259214e+002 2.677484e+002 -3.025000e+001
      vertex   -3.257516e+002 2.675786e+002 -3.025000e+001
    endloop
  endfacet
  facet normal 6.389086e-001 7.692826e-001 -0.000000e+000
    outer loop
      vertex   -3.257516e+002 2.675786e+002 -3.495000e+001
      vertex   -3.257516e+002 2.675786e+002 -3.025000e+001
      vertex   -3.255669e+002 2.674251e+002 -3.495000e+001
    endloop
  endfacet
  facet normal 3.260477e-002 3.925801e-002 -0.000000e+000
    outer loop
      vertex   -3.255669e+002 2.674251e+002 -3.495000e+001
      vertex   -3.257516e+002 2.675786e+002 -3.025000e+001
      vertex   -3.255669e+002 2.674251e+002 -3.025000e+001
    endloop
  endfacet
  facet normal 5.650665e-001 8.250453e-001 -0.000000e+000
    outer loop
      vertex   -3.255669e+002 2.674251e+002 -3.495000e+001
      vertex   -3.255669e+002 2.674251e+002 -3.025000e+001
      vertex   -3.253687e+002 2.672894e+002 -3.495000e+001
    endloop
  endfacet
  facet normal 2.883719e-002 4.210477e-002 -0.000000e+000
    outer loop
      vertex   -3.253687e+002 2.672894e+002 -3.495000e+001
      vertex   -3.255669e+002 2.674251e+002 -3.025000e+001
      vertex   -3.253687e+002 2.672894e+002 -3.025000e+001
    endloop
  endfacet
  facet normal 4.865705e-001 8.736413e-001 -0.000000e+000
    outer loop
      vertex   -3.253687e+002 2.672894e+002 -3.495000e+001
      vertex   -3.253687e+002 2.672894e+002 -3.025000e+001
      vertex   -3.251589e+002 2.671726e+002 -3.495000e+001
    endloop
  endfacet
  facet normal 2.482969e-002 4.458191e-002 -0.000000e+000
    outer loop
      vertex   -3.251589e+002 2.671726e+002 -3.495000e+001
      vertex   -3.253687e+002 2.672894e+002 -3.025000e+001
      vertex   -3.251589e+002 2.671726e+002 -3.025000e+001
    endloop
  endfacet
  facet normal 4.040031e-001 9.147576e-001 -0.000000e+000
    outer loop
      vertex   -3.251589e+002 2.671726e+002 -3.495000e+001
      vertex   -3.251589e+002 2.671726e+002 -3.025000e+001
      vertex   -3.249392e+002 2.670756e+002 -3.495000e+001
    endloop
  endfacet
  facet normal 2.061468e-002 4.667645e-002 -0.000000e+000
    outer loop
      vertex   -3.249392e+002 2.670756e+002 -3.495000e+001
      vertex   -3.251589e+002 2.671726e+002 -3.025000e+001
      vertex   -3.249392e+002 2.670756e+002 -3.025000e+001
    endloop
  endfacet
  facet normal 3.176760e-001 9.481993e-001 -0.000000e+000
    outer loop
      vertex   -3.249392e+002 2.670756e+002 -3.495000e+001
      vertex   -3.249392e+002 2.670756e+002 -3.025000e+001
      vertex   -3.247115e+002 2.669993e+002 -3.495000e+001
    endloop
  endfacet
  facet normal 1.621160e-002 4.838838e-002 -0.000000e+000
    outer loop
      vertex   -3.247115e+002 2.669993e+002 -3.495000e+001
      vertex   -3.249392e+002 2.670756e+002 -3.025000e+001
      vertex   -3.247115e+002 2.669993e+002 -3.025000e+001
    endloop
  endfacet
  facet normal 2.289968e-001 9.734272e-001 -0.000000e+000
    outer loop
      vertex   -3.247115e+002 2.669993e+002 -3.495000e+001
      vertex   -3.247115e+002 2.669993e+002 -3.025000e+001
      vertex   -3.244778e+002 2.669443e+002 -3.495000e+001
    endloop
  endfacet
  facet normal 1.168532e-002 4.967235e-002 -0.000000e+000
    outer loop
      vertex   -3.244778e+002 2.669443e+002 -3.495000e+001
      vertex   -3.247115e+002 2.669993e+002 -3.025000e+001
      vertex   -3.244778e+002 2.669443e+002 -3.025000e+001
    endloop
  endfacet
  facet normal 1.381294e-001 9.904142e-001 -0.000000e+000
    outer loop
      vertex   -3.244778e+002 2.669443e+002 -3.495000e+001
      vertex   -3.244778e+002 2.669443e+002 -3.025000e+001
      vertex   -3.242399e+002 2.669111e+002 -3.495000e+001
    endloop
  endfacet
  facet normal 7.048805e-003 5.054129e-002 -0.000000e+000
    outer loop
      vertex   -3.242399e+002 2.669111e+002 -3.495000e+001
      vertex   -3.244778e+002 2.669443e+002 -3.025000e+001
      vertex   -3.242399e+002 2.669111e+002 -3.025000e+001
    endloop
  endfacet
  facet normal 4.625498e-002 9.989297e-001 -0.000000e+000
    outer loop
      vertex   -3.242399e+002 2.669111e+002 -3.495000e+001
      vertex   -3.242399e+002 2.669111e+002 -3.025000e+001
      vertex   -3.240000e+002 2.669000e+002 -3.495000e+001
    endloop
  endfacet
  facet normal 2.360409e-003 5.097576e-002 -0.000000e+000
    outer loop
      vertex   -3.240000e+002 2.669000e+002 -3.495000e+001
      vertex   -3.242399e+002 2.669111e+002 -3.025000e+001
      vertex   -3.240000e+002 2.669000e+002 -3.025000e+001
    endloop
  endfacet
  facet normal -4.625498e-002 9.989297e-001 0.000000e+000
    outer loop
      vertex   -3.240000e+002 2.669000e+002 -3.495000e+001
      vertex   -3.240000e+002 2.669000e+002 -3.025000e+001
      vertex   -3.237601e+002 2.669111e+002 -3.495000e+001
    endloop
  endfacet
  facet normal -2.360409e-003 5.097576e-002 0.000000e+000
    outer loop
      vertex   -3.237601e+002 2.669111e+002 -3.495000e+001
      vertex   -3.240000e+002 2.669000e+002 -3.025000e+001
      vertex   -3.237601e+002 2.669111e+002 -3.025000e+001
    endloop
  endfacet
  facet normal -1.381294e-001 9.904142e-001 0.000000e+000
    outer loop
      vertex   -3.237601e+002 2.669111e+002 -3.495000e+001
      vertex   -3.237601e+002 2.669111e+002 -3.025000e+001
      vertex   -3.235222e+002 2.669443e+002 -3.495000e+001
    endloop
  endfacet
  facet normal -7.048805e-003 5.054129e-002 0.000000e+000
    outer loop
      vertex   -3.235222e+002 2.669443e+002 -3.495000e+001
      vertex   -3.237601e+002 2.669111e+002 -3.025000e+001
      vertex   -3.235222e+002 2.669443e+002 -3.025000e+001
    endloop
  endfacet
  facet normal -2.289968e-001 9.734272e-001 0.000000e+000
    outer loop
      vertex   -3.235222e+002 2.669443e+002 -3.495000e+001
      vertex   -3.235222e+002 2.669443e+002 -3.025000e+001
      vertex   -3.232885e+002 2.669993e+002 -3.495000e+001
    endloop
  endfacet
  facet normal -1.168532e-002 4.967235e-002 0.000000e+000
    outer loop
      vertex   -3.232885e+002 2.669993e+002 -3.495000e+001
      vertex   -3.235222e+002 2.669443e+002 -3.025000e+001
      vertex   -3.232885e+002 2.669993e+002 -3.025000e+001
    endloop
  endfacet
  facet normal -3.176760e-001 9.481993e-001 0.000000e+000
    outer loop
      vertex   -3.232885e+002 2.669993e+002 -3.495000e+001
      vertex   -3.232885e+002 2.669993e+002 -3.025000e+001
      vertex   -3.230608e+002 2.670756e+002 -3.495000e+001
    endloop
  endfacet
  facet normal -1.621160e-002 4.838838e-002 0.000000e+000
    outer loop
      vertex   -3.230608e+002 2.670756e+002 -3.495000e+001
      vertex   -3.232885e+002 2.669993e+002 -3.025000e+001
      vertex   -3.230608e+002 2.670756e+002 -3.025000e+001
    endloop
  endfacet
  facet normal -4.040031e-001 9.147576e-001 0.000000e+000
    outer loop
      vertex   -3.230608e+002 2.670756e+002 -3.495000e+001
      vertex   -3.230608e+002 2.670756e+002 -3.025000e+001
      vertex   -3.228411e+002 2.671726e+002 -3.495000e+001
    endloop
  endfacet
  facet normal -2.061468e-002 4.667645e-002 0.000000e+000
    outer loop
      vertex   -3.228411e+002 2.671726e+002 -3.495000e+001
      vertex   -3.230608e+002 2.670756e+002 -3.025000e+001
      vertex   -3.228411e+002 2.671726e+002 -3.025000e+001
    endloop
  endfacet
  facet normal -4.865705e-001 8.736413e-001 0.000000e+000
    outer loop
      vertex   -3.228411e+002 2.671726e+002 -3.495000e+001
      vertex   -3.228411e+002 2.671726e+002 -3.025000e+001
      vertex   -3.226313e+002 2.672894e+002 -3.495000e+001
    endloop
  endfacet
  facet normal -2.482969e-002 4.458191e-002 0.000000e+000
    outer loop
      vertex   -3.226313e+002 2.672894e+002 -3.495000e+001
      vertex   -3.228411e+002 2.671726e+002 -3.025000e+001
      vertex   -3.226313e+002 2.672894e+002 -3.025000e+001
    endloop
  endfacet
  facet normal -5.650665e-001 8.250453e-001 0.000000e+000
    outer loop
      vertex   -3.226313e+002 2.672894e+002 -3.495000e+001
      vertex   -3.226313e+002 2.672894e+002 -3.025000e+001
      vertex   -3.224331e+002 2.674251e+002 -3.495000e+001
    endloop
  endfacet
  facet normal -2.883719e-002 4.210477e-002 0.000000e+000
    outer loop
      vertex   -3.224331e+002 2.674251e+002 -3.495000e+001
      vertex   -3.226313e+002 2.672894e+002 -3.025000e+001
      vertex   -3.224331e+002 2.674251e+002 -3.025000e+001
    endloop
  endfacet
  facet normal -6.389086e-001 7.692826e-001 0.000000e+000
    outer loop
      vertex   -3.224331e+002 2.674251e+002 -3.495000e+001
      vertex   -3.224331e+002 2.674251e+002 -3.025000e+001
      vertex   -3.222484e+002 2.675786e+002 -3.495000e+001
    endloop
  endfacet
  facet normal -3.260477e-002 3.925801e-002 0.000000e+000
    outer loop
      vertex   -3.222484e+002 2.675786e+002 -3.495000e+001
      vertex   -3.224331e+002 2.674251e+002 -3.025000e+001
      vertex   -3.222484e+002 2.675786e+002 -3.025000e+001
    endloop
  endfacet
  facet normal -7.071068e-001 7.071068e-001 0.000000e+000
    outer loop
      vertex   -3.222484e+002 2.675786e+002 -3.495000e+001
      vertex   -3.222484e+002 2.675786e+002 -3.025000e+001
      vertex   -3.220786e+002 2.677484e+002 -3.495000e+001
    endloop
  endfacet
  facet normal -3.608055e-002 3.608055e-002 0.000000e+000
    outer loop
      vertex   -3.220786e+002 2.677484e+002 -3.495000e+001
      vertex   -3.222484e+002 2.675786e+002 -3.025000e+001
      vertex   -3.220786e+002 2.677484e+002 -3.025000e+001
    endloop
  endfacet
  facet normal -7.692826e-001 6.389086e-001 0.000000e+000
    outer loop
      vertex   -3.220786e+002 2.677484e+002 -3.495000e+001
      vertex   -3.220786e+002 2.677484e+002 -3.025000e+001
      vertex   -3.219251e+002 2.679331e+002 -3.495000e+001
    endloop
  endfacet
  facet normal -3.925801e-002 3.260477e-002 0.000000e+000
    outer loop
      vertex   -3.219251e+002 2.679331e+002 -3.495000e+001
      vertex   -3.220786e+002 2.677484e+002 -3.025000e+001
      vertex   -3.219251e+002 2.679331e+002 -3.025000e+001
    endloop
  endfacet
  facet normal -8.250453e-001 5.650665e-001 0.000000e+000
    outer loop
      vertex   -3.219251e+002 2.679331e+002 -3.495000e+001
      vertex   -3.219251e+002 2.679331e+002 -3.025000e+001
      vertex   -3.217894e+002 2.681313e+002 -3.495000e+001
    endloop
  endfacet
  facet normal -4.210477e-002 2.883719e-002 0.000000e+000
    outer loop
      vertex   -3.217894e+002 2.681313e+002 -3.495000e+001
      vertex   -3.219251e+002 2.679331e+002 -3.025000e+001
      vertex   -3.217894e+002 2.681313e+002 -3.025000e+001
    endloop
  endfacet
  facet normal -8.736413e-001 4.865705e-001 0.000000e+000
    outer loop
      vertex   -3.217894e+002 2.681313e+002 -3.495000e+001
      vertex   -3.217894e+002 2.681313e+002 -3.025000e+001
      vertex   -3.216726e+002 2.683411e+002 -3.495000e+001
    endloop
  endfacet
  facet normal -4.458191e-002 2.482969e-002 0.000000e+000
    outer loop
      vertex   -3.216726e+002 2.683411e+002 -3.495000e+001
      vertex   -3.217894e+002 2.681313e+002 -3.025000e+001
      vertex   -3.216726e+002 2.683411e+002 -3.025000e+001
    endloop
  endfacet
  facet normal -9.147576e-001 4.040031e-001 0.000000e+000
    outer loop
      vertex   -3.216726e+002 2.683411e+002 -3.495000e+001
      vertex   -3.216726e+002 2.683411e+002 -3.025000e+001
      vertex   -3.215756e+002 2.685608e+002 -3.495000e+001
    endloop
  endfacet
  facet normal -4.667645e-002 2.061468e-002 0.000000e+000
    outer loop
      vertex   -3.215756e+002 2.685608e+002 -3.495000e+001
      vertex   -3.216726e+002 2.683411e+002 -3.025000e+001
      vertex   -3.215756e+002 2.685608e+002 -3.025000e+001
    endloop
  endfacet
  facet normal -9.481993e-001 3.176760e-001 0.000000e+000
    outer loop
      vertex   -3.215756e+002 2.685608e+002 -3.495000e+001
      vertex   -3.215756e+002 2.685608e+002 -3.025000e+001
      vertex   -3.214993e+002 2.687885e+002 -3.495000e+001
    endloop
  endfacet
  facet normal -4.838838e-002 1.621160e-002 0.000000e+000
    outer loop
      vertex   -3.214993e+002 2.687885e+002 -3.495000e+001
      vertex   -3.215756e+002 2.685608e+002 -3.025000e+001
      vertex   -3.214993e+002 2.687885e+002 -3.025000e+001
    endloop
  endfacet
  facet normal -9.734272e-001 2.289968e-001 0.000000e+000
    outer loop
      vertex   -3.214993e+002 2.687885e+002 -3.495000e+001
      vertex   -3.214993e+002 2.687885e+002 -3.025000e+001
      vertex   -3.214443e+002 2.690222e+002 -3.495000e+001
    endloop
  endfacet
  facet normal -4.967235e-002 1.168532e-002 0.000000e+000
    outer loop
      vertex   -3.214443e+002 2.690222e+002 -3.495000e+001
      vertex   -3.214993e+002 2.687885e+002 -3.025000e+001
      vertex   -3.214443e+002 2.690222e+002 -3.025000e+001
    endloop
  endfacet
  facet normal -9.904142e-001 1.381294e-001 0.000000e+000
    outer loop
      vertex   -3.214443e+002 2.690222e+002 -3.495000e+001
      vertex   -3.214443e+002 2.690222e+002 -3.025000e+001
      vertex   -3.214111e+002 2.692601e+002 -3.495000e+001
    endloop
  endfacet
  facet normal -5.054129e-002 7.048805e-003 0.000000e+000
    outer loop
      vertex   -3.214111e+002 2.692601e+002 -3.495000e+001
      vertex   -3.214443e+002 2.690222e+002 -3.025000e+001
      vertex   -3.214111e+002 2.692601e+002 -3.025000e+001
    endloop
  endfacet
  facet normal -9.989297e-001 4.625498e-002 0.000000e+000
    outer loop
      vertex   -3.214111e+002 2.692601e+002 -3.495000e+001
      vertex   -3.214111e+002 2.692601e+002 -3.025000e+001
      vertex   -3.214000e+002 2.695000e+002 -3.495000e+001
    endloop
  endfacet
  facet normal -5.097576e-002 2.360409e-003 0.000000e+000
    outer loop
      vertex   -3.214000e+002 2.695000e+002 -3.495000e+001
      vertex   -3.214111e+002 2.692601e+002 -3.025000e+001
      vertex   -3.214000e+002 2.695000e+002 -3.025000e+001
    endloop
  endfacet
  facet normal -9.989297e-001 -4.625498e-002 0.000000e+000
    outer loop
      vertex   -3.214000e+002 2.695000e+002 -3.495000e+001
      vertex   -3.214000e+002 2.695000e+002 -3.025000e+001
      vertex   -3.214111e+002 2.697399e+002 -3.495000e+001
    endloop
  endfacet
  facet normal -5.097576e-002 -2.360409e-003 0.000000e+000
    outer loop
      vertex   -3.214111e+002 2.697399e+002 -3.495000e+001
      vertex   -3.214000e+002 2.695000e+002 -3.025000e+001
      vertex   -3.214111e+002 2.697399e+002 -3.025000e+001
    endloop
  endfacet
  facet normal -9.904142e-001 -1.381294e-001 0.000000e+000
    outer loop
      vertex   -3.214111e+002 2.697399e+002 -3.495000e+001
      vertex   -3.214111e+002 2.697399e+002 -3.025000e+001
      vertex   -3.214443e+002 2.699778e+002 -3.495000e+001
    endloop
  endfacet
  facet normal -5.054129e-002 -7.048805e-003 0.000000e+000
    outer loop
      vertex   -3.214443e+002 2.699778e+002 -3.495000e+001
      vertex   -3.214111e+002 2.697399e+002 -3.025000e+001
      vertex   -3.214443e+002 2.699778e+002 -3.025000e+001
    endloop
  endfacet
  facet normal -9.734272e-001 -2.289968e-001 0.000000e+000
    outer loop
      vertex   -3.214443e+002 2.699778e+002 -3.495000e+001
      vertex   -3.214443e+002 2.699778e+002 -3.025000e+001
      vertex   -3.214993e+002 2.702115e+002 -3.495000e+001
    endloop
  endfacet
  facet normal -4.967235e-002 -1.168532e-002 0.000000e+000
    outer loop
      vertex   -3.214993e+002 2.702115e+002 -3.495000e+001
      vertex   -3.214443e+002 2.699778e+002 -3.025000e+001
      vertex   -3.214993e+002 2.702115e+002 -3.025000e+001
    endloop
  endfacet
  facet normal -9.481993e-001 -3.176760e-001 0.000000e+000
    outer loop
      vertex   -3.214993e+002 2.702115e+002 -3.495000e+001
      vertex   -3.214993e+002 2.702115e+002 -3.025000e+001
      vertex   -3.215756e+002 2.704392e+002 -3.495000e+001
    endloop
  endfacet
  facet normal -4.838838e-002 -1.621160e-002 0.000000e+000
    outer loop
      vertex   -3.215756e+002 2.704392e+002 -3.495000e+001
      vertex   -3.214993e+002 2.702115e+002 -3.025000e+001
      vertex   -3.215756e+002 2.704392e+002 -3.025000e+001
    endloop
  endfacet
  facet normal -9.147576e-001 -4.040031e-001 0.000000e+000
    outer loop
      vertex   -3.215756e+002 2.704392e+002 -3.495000e+001
      vertex   -3.215756e+002 2.704392e+002 -3.025000e+001
      vertex   -3.216726e+002 2.706589e+002 -3.495000e+001
    endloop
  endfacet
  facet normal -4.667645e-002 -2.061468e-002 0.000000e+000
    outer loop
      vertex   -3.216726e+002 2.706589e+002 -3.495000e+001
      vertex   -3.215756e+002 2.704392e+002 -3.025000e+001
      vertex   -3.216726e+002 2.706589e+002 -3.025000e+001
    endloop
  endfacet
  facet normal -8.736413e-001 -4.865705e-001 0.000000e+000
    outer loop
      vertex   -3.216726e+002 2.706589e+002 -3.495000e+001
      vertex   -3.216726e+002 2.706589e+002 -3.025000e+001
      vertex   -3.217894e+002 2.708687e+002 -3.495000e+001
    endloop
  endfacet
  facet normal -4.458191e-002 -2.482969e-002 0.000000e+000
    outer loop
      vertex   -3.217894e+002 2.708687e+002 -3.495000e+001
      vertex   -3.216726e+002 2.706589e+002 -3.025000e+001
      vertex   -3.217894e+002 2.708687e+002 -3.025000e+001
    endloop
  endfacet
  facet normal -8.250453e-001 -5.650665e-001 0.000000e+000
    outer loop
      vertex   -3.217894e+002 2.708687e+002 -3.495000e+001
      vertex   -3.217894e+002 2.708687e+002 -3.025000e+001
      vertex   -3.219251e+002 2.710669e+002 -3.495000e+001
    endloop
  endfacet
  facet normal -4.210477e-002 -2.883719e-002 0.000000e+000
    outer loop
      vertex   -3.219251e+002 2.710669e+002 -3.495000e+001
      vertex   -3.217894e+002 2.708687e+002 -3.025000e+001
      vertex   -3.219251e+002 2.710669e+002 -3.025000e+001
    endloop
  endfacet
  facet normal -7.692826e-001 -6.389086e-001 0.000000e+000
    outer loop
      vertex   -3.219251e+002 2.710669e+002 -3.495000e+001
      vertex   -3.219251e+002 2.710669e+002 -3.025000e+001
      vertex   -3.220786e+002 2.712516e+002 -3.495000e+001
    endloop
  endfacet
  facet normal -3.925801e-002 -3.260477e-002 0.000000e+000
    outer loop
      vertex   -3.220786e+002 2.712516e+002 -3.495000e+001
      vertex   -3.219251e+002 2.710669e+002 -3.025000e+001
      vertex   -3.220786e+002 2.712516e+002 -3.025000e+001
    endloop
  endfacet
  facet normal -7.071068e-001 -7.071068e-001 0.000000e+000
    outer loop
      vertex   -3.220786e+002 2.712516e+002 -3.495000e+001
      vertex   -3.220786e+002 2.712516e+002 -3.025000e+001
      vertex   -3.222484e+002 2.714214e+002 -3.495000e+001
    endloop
  endfacet
  facet normal -3.608055e-002 -3.608055e-002 0.000000e+000
    outer loop
      vertex   -3.222484e+002 2.714214e+002 -3.495000e+001
      vertex   -3.220786e+002 2.712516e+002 -3.025000e+001
      vertex   -3.222484e+002 2.714214e+002 -3.025000e+001
    endloop
  endfacet
  facet normal -6.389086e-001 -7.692826e-001 0.000000e+000
    outer loop
      vertex   -3.222484e+002 2.714214e+002 -3.495000e+001
      vertex   -3.222484e+002 2.714214e+002 -3.025000e+001
      vertex   -3.224331e+002 2.715749e+002 -3.495000e+001
    endloop
  endfacet
  facet normal -3.260477e-002 -3.925801e-002 0.000000e+000
    outer loop
      vertex   -3.224331e+002 2.715749e+002 -3.495000e+001
      vertex   -3.222484e+002 2.714214e+002 -3.025000e+001
      vertex   -3.224331e+002 2.715749e+002 -3.025000e+001
    endloop
  endfacet
  facet normal -5.650665e-001 -8.250453e-001 0.000000e+000
    outer loop
      vertex   -3.224331e+002 2.715749e+002 -3.495000e+001
      vertex   -3.224331e+002 2.715749e+002 -3.025000e+001
      vertex   -3.226313e+002 2.717106e+002 -3.495000e+001
    endloop
  endfacet
  facet normal -2.883719e-002 -4.210477e-002 0.000000e+000
    outer loop
      vertex   -3.226313e+002 2.717106e+002 -3.495000e+001
      vertex   -3.224331e+002 2.715749e+002 -3.025000e+001
      vertex   -3.226313e+002 2.717106e+002 -3.025000e+001
    endloop
  endfacet
  facet normal -4.865705e-001 -8.736413e-001 0.000000e+000
    outer loop
      vertex   -3.226313e+002 2.717106e+002 -3.495000e+001
      vertex   -3.226313e+002 2.717106e+002 -3.025000e+001
      vertex   -3.228411e+002 2.718274e+002 -3.495000e+001
    endloop
  endfacet
  facet normal -2.482969e-002 -4.458191e-002 0.000000e+000
    outer loop
      vertex   -3.228411e+002 2.718274e+002 -3.495000e+001
      vertex   -3.226313e+002 2.717106e+002 -3.025000e+001
      vertex   -3.228411e+002 2.718274e+002 -3.025000e+001
    endloop
  endfacet
  facet normal -4.040031e-001 -9.147576e-001 0.000000e+000
    outer loop
      vertex   -3.228411e+002 2.718274e+002 -3.495000e+001
      vertex   -3.228411e+002 2.718274e+002 -3.025000e+001
      vertex   -3.230608e+002 2.719244e+002 -3.495000e+001
    endloop
  endfacet
  facet normal -2.061468e-002 -4.667645e-002 0.000000e+000
    outer loop
      vertex   -3.230608e+002 2.719244e+002 -3.495000e+001
      vertex   -3.228411e+002 2.718274e+002 -3.025000e+001
      vertex   -3.230608e+002 2.719244e+002 -3.025000e+001
    endloop
  endfacet
  facet normal -3.176760e-001 -9.481993e-001 0.000000e+000
    outer loop
      vertex   -3.230608e+002 2.719244e+002 -3.495000e+001
      vertex   -3.230608e+002 2.719244e+002 -3.025000e+001
      vertex   -3.232885e+002 2.720007e+002 -3.495000e+001
    endloop
  endfacet
  facet normal -1.621160e-002 -4.838838e-002 0.000000e+000
    outer loop
      vertex   -3.232885e+002 2.720007e+002 -3.495000e+001
      vertex   -3.230608e+002 2.719244e+002 -3.025000e+001
      vertex   -3.232885e+002 2.720007e+002 -3.025000e+001
    endloop
  endfacet
  facet normal -2.289968e-001 -9.734272e-001 0.000000e+000
    outer loop
      vertex   -3.232885e+002 2.720007e+002 -3.495000e+001
      vertex   -3.232885e+002 2.720007e+002 -3.025000e+001
      vertex   -3.235222e+002 2.720557e+002 -3.495000e+001
    endloop
  endfacet
  facet normal -1.168532e-002 -4.967235e-002 0.000000e+000
    outer loop
      vertex   -3.235222e+002 2.720557e+002 -3.495000e+001
      vertex   -3.232885e+002 2.720007e+002 -3.025000e+001
      vertex   -3.235222e+002 2.720557e+002 -3.025000e+001
    endloop
  endfacet
  facet normal -1.381294e-001 -9.904142e-001 0.000000e+000
    outer loop
      vertex   -3.235222e+002 2.720557e+002 -3.495000e+001
      vertex   -3.235222e+002 2.720557e+002 -3.025000e+001
      vertex   -3.237601e+002 2.720889e+002 -3.495000e+001
    endloop
  endfacet
  facet normal -7.048805e-003 -5.054129e-002 0.000000e+000
    outer loop
      vertex   -3.237601e+002 2.720889e+002 -3.495000e+001
      vertex   -3.235222e+002 2.720557e+002 -3.025000e+001
      vertex   -3.237601e+002 2.720889e+002 -3.025000e+001
    endloop
  endfacet
  facet normal -1.000000e+000 -0.000000e+000 -0.000000e+000
    outer loop
      vertex   -3.280000e+002 2.718500e+002 -3.025000e+001
      vertex   -3.280000e+002 2.718500e+002 -3.495000e+001
      vertex   -3.280000e+002 2.621500e+002 -3.025000e+001
    endloop
  endfacet
  facet normal -8.999246e-001 0.000000e+000 0.000000e+000
    outer loop
      vertex   -3.280000e+002 2.621500e+002 -3.025000e+001
      vertex   -3.280000e+002 2.718500e+002 -3.495000e+001
      vertex   -3.280000e+002 2.621500e+002 -3.495000e+001
    endloop
  endfacet
  facet normal 0.000000e+000 -0.000000e+000 -9.844016e-001
    outer loop
      vertex   -3.260000e+002 2.738500e+002 -3.495000e+001
      vertex   -3.247115e+002 2.720007e+002 -3.495000e+001
      vertex   -3.280000e+002 2.718500e+002 -3.495000e+001
    endloop
  endfacet
  facet normal 0.000000e+000 0.000000e+000 -2.148743e-002
    outer loop
      vertex   -3.280000e+002 2.718500e+002 -3.495000e+001
      vertex   -3.247115e+002 2.720007e+002 -3.495000e+001
      vertex   -3.249392e+002 2.719244e+002 -3.495000e+001
    endloop
  endfacet
  facet normal 0.000000e+000 0.000000e+000 -3.225641e-002
    outer loop
      vertex   -3.280000e+002 2.718500e+002 -3.495000e+001
      vertex   -3.249392e+002 2.719244e+002 -3.495000e+001
      vertex   -3.251589e+002 2.718274e+002 -3.495000e+001
    endloop
  endfacet
  facet normal -0.000000e+000 0.000000e+000 -6.055205e-002
    outer loop
      vertex   -2.895000e+002 2.738500e+002 -3.495000e+001
      vertex   -3.228411e+002 2.718274e+002 -3.495000e+001
      vertex   -3.260000e+002 2.738500e+002 -3.495000e+001
    endloop
  endfacet
  facet normal 0.000000e+000 0.000000e+000 -1.045737e-002
    outer loop
      vertex   -3.260000e+002 2.738500e+002 -3.495000e+001
      vertex   -3.228411e+002 2.718274e+002 -3.495000e+001
      vertex   -3.230608e+002 2.719244e+002 -3.495000e+001
    endloop
  endfacet
  facet normal 0.000000e+000 0.000000e+000 -1.857747e-002
    outer loop
      vertex   -3.260000e+002 2.738500e+002 -3.495000e+001
      vertex   -3.230608e+002 2.719244e+002 -3.495000e+001
      vertex   -3.232885e+002 2.720007e+002 -3.495000e+001
    endloop
  endfacet
  facet normal 0.000000e+000 0.000000e+000 -9.690848e-001
    outer loop
      vertex   -2.895000e+002 2.601500e+002 -3.495000e+001
      vertex   -3.216726e+002 2.683411e+002 -3.495000e+001
      vertex   -2.895000e+002 2.738500e+002 -3.495000e+001
    endloop
  endfacet
  facet normal 0.000000e+000 0.000000e+000 -6.156522e-003
    outer loop
      vertex   -2.895000e+002 2.738500e+002 -3.495000e+001
      vertex   -3.216726e+002 2.683411e+002 -3.495000e+001
      vertex   -3.215756e+002 2.685608e+002 -3.495000e+001
    endloop
  endfacet
  facet normal 0.000000e+000 0.000000e+000 -6.552272e-003
    outer loop
      vertex   -2.895000e+002 2.738500e+002 -3.495000e+001
      vertex   -3.215756e+002 2.685608e+002 -3.495000e+001
      vertex   -3.214993e+002 2.687885e+002 -3.495000e+001
    endloop
  endfacet
  facet normal 0.000000e+000 0.000000e+000 -7.944641e-001
    outer loop
      vertex   -3.260000e+002 2.601500e+002 -3.495000e+001
      vertex   -3.240291e+002 2.627282e+002 -3.495000e+001
      vertex   -2.895000e+002 2.601500e+002 -3.495000e+001
    endloop
  endfacet
  facet normal 0.000000e+000 0.000000e+000 -3.887819e-003
    outer loop
      vertex   -2.895000e+002 2.601500e+002 -3.495000e+001
      vertex   -3.240291e+002 2.627282e+002 -3.495000e+001
      vertex   -3.238855e+002 2.628520e+002 -3.495000e+001
    endloop
  endfacet
  facet normal 0.000000e+000 0.000000e+000 -4.347792e-003
    outer loop
      vertex   -2.895000e+002 2.601500e+002 -3.495000e+001
      vertex   -3.238855e+002 2.628520e+002 -3.495000e+001
      vertex   -3.237576e+002 2.629919e+002 -3.495000e+001
    endloop
  endfacet
  facet normal 0.000000e+000 0.000000e+000 -7.657445e-001
    outer loop
      vertex   -3.280000e+002 2.621500e+002 -3.495000e+001
      vertex   -3.250948e+002 2.624028e+002 -3.495000e+001
      vertex   -3.260000e+002 2.601500e+002 -3.495000e+001
    endloop
  endfacet
  facet normal 0.000000e+000 0.000000e+000 -7.022929e-002
    outer loop
      vertex   -3.260000e+002 2.601500e+002 -3.495000e+001
      vertex   -3.250948e+002 2.624028e+002 -3.495000e+001
      vertex   -3.249052e+002 2.624028e+002 -3.495000e+001
    endloop
  endfacet
  facet normal 0.000000e+000 0.000000e+000 -6.106135e-002
    outer loop
      vertex   -3.260000e+002 2.601500e+002 -3.495000e+001
      vertex   -3.249052e+002 2.624028e+002 -3.495000e+001
      vertex   -3.247170e+002 2.624252e+002 -3.495000e+001
    endloop
  endfacet
  facet normal 0.000000e+000 0.000000e+000 -4.398073e-001
    outer loop
      vertex   -3.280000e+002 2.718500e+002 -3.495000e+001
      vertex   -3.265007e+002 2.687885e+002 -3.495000e+001
      vertex   -3.280000e+002 2.621500e+002 -3.495000e+001
    endloop
  endfacet
  facet normal 0.000000e+000 0.000000e+000 -1.887226e-002
    outer loop
      vertex   -3.280000e+002 2.621500e+002 -3.495000e+001
      vertex   -3.265007e+002 2.687885e+002 -3.495000e+001
      vertex   -3.264244e+002 2.685608e+002 -3.495000e+001
    endloop
  endfacet
  facet normal 0.000000e+000 0.000000e+000 -3.081633e-001
    outer loop
      vertex   -3.280000e+002 2.621500e+002 -3.495000e+001
      vertex   -3.264244e+002 2.685608e+002 -3.495000e+001
      vertex   -3.264827e+002 2.646013e+002 -3.495000e+001
    endloop
  endfacet
  facet normal 0.000000e+000 0.000000e+000 -4.166733e-001
    outer loop
      vertex   -3.264827e+002 2.646013e+002 -3.495000e+001
      vertex   -3.264244e+002 2.685608e+002 -3.495000e+001
      vertex   -3.264012e+002 2.647725e+002 -3.495000e+001
    endloop
  endfacet
  facet normal 0.000000e+000 0.000000e+000 -2.680150e-002
    outer loop
      vertex   -3.264012e+002 2.647725e+002 -3.495000e+001
      vertex   -3.264244e+002 2.685608e+002 -3.495000e+001
      vertex   -3.263274e+002 2.683411e+002 -3.495000e+001
    endloop
  endfacet
  facet normal 0.000000e+000 0.000000e+000 -3.601493e-002
    outer loop
      vertex   -3.264012e+002 2.647725e+002 -3.495000e+001
      vertex   -3.263274e+002 2.683411e+002 -3.495000e+001
      vertex   -3.262106e+002 2.681313e+002 -3.495000e+001
    endloop
  endfacet
  facet normal 0.000000e+000 0.000000e+000 -8.563505e-001
    outer loop
      vertex   -3.251892e+002 2.655888e+002 -3.495000e+001
      vertex   -3.244778e+002 2.669443e+002 -3.495000e+001
      vertex   -3.250000e+002 2.656000e+002 -3.495000e+001
    endloop
  endfacet
  facet normal 0.000000e+000 0.000000e+000 -1.542222e-001
    outer loop
      vertex   -3.250000e+002 2.656000e+002 -3.495000e+001
      vertex   -3.244778e+002 2.669443e+002 -3.495000e+001
      vertex   -3.242399e+002 2.669111e+002 -3.495000e+001
    endloop
  endfacet
  facet normal 0.000000e+000 0.000000e+000 -8.933201e-001
    outer loop
      vertex   -3.250000e+002 2.656000e+002 -3.495000e+001
      vertex   -3.242399e+002 2.669111e+002 -3.495000e+001
      vertex   -3.248108e+002 2.655888e+002 -3.495000e+001
    endloop
  endfacet
  facet normal 0.000000e+000 0.000000e+000 -1.457245e-001
    outer loop
      vertex   -3.248108e+002 2.655888e+002 -3.495000e+001
      vertex   -3.242399e+002 2.669111e+002 -3.495000e+001
      vertex   -3.240000e+002 2.669000e+002 -3.495000e+001
    endloop
  endfacet
  facet normal 0.000000e+000 0.000000e+000 -9.301653e-001
    outer loop
      vertex   -3.248108e+002 2.655888e+002 -3.495000e+001
      vertex   -3.240000e+002 2.669000e+002 -3.495000e+001
      vertex   -3.246242e+002 2.655552e+002 -3.495000e+001
    endloop
  endfacet
  facet normal 0.000000e+000 0.000000e+000 -1.324327e-001
    outer loop
      vertex   -3.246242e+002 2.655552e+002 -3.495000e+001
      vertex   -3.240000e+002 2.669000e+002 -3.495000e+001
      vertex   -3.237601e+002 2.669111e+002 -3.495000e+001
    endloop
  endfacet
  facet normal 0.000000e+000 0.000000e+000 -9.634927e-001
    outer loop
      vertex   -3.246242e+002 2.655552e+002 -3.495000e+001
      vertex   -3.237601e+002 2.669111e+002 -3.495000e+001
      vertex   -3.244429e+002 2.654999e+002 -3.495000e+001
    endloop
  endfacet
  facet normal 0.000000e+000 0.000000e+000 -1.165688e-001
    outer loop
      vertex   -3.244429e+002 2.654999e+002 -3.495000e+001
      vertex   -3.237601e+002 2.669111e+002 -3.495000e+001
      vertex   -3.235222e+002 2.669443e+002 -3.495000e+001
    endloop
  endfacet
  facet normal 0.000000e+000 0.000000e+000 -9.883854e-001
    outer loop
      vertex   -3.244429e+002 2.654999e+002 -3.495000e+001
      vertex   -3.235222e+002 2.669443e+002 -3.495000e+001
      vertex   -3.242694e+002 2.654235e+002 -3.495000e+001
    endloop
  endfacet
  facet normal 0.000000e+000 0.000000e+000 -9.997251e-002
    outer loop
      vertex   -3.242694e+002 2.654235e+002 -3.495000e+001
      vertex   -3.235222e+002 2.669443e+002 -3.495000e+001
      vertex   -3.232885e+002 2.669993e+002 -3.495000e+001
    endloop
  endfacet
  facet normal 0.000000e+000 0.000000e+000 -9.997301e-001
    outer loop
      vertex   -3.242694e+002 2.654235e+002 -3.495000e+001
      vertex   -3.232885e+002 2.669993e+002 -3.495000e+001
      vertex   -3.241062e+002 2.653271e+002 -3.495000e+001
    endloop
  endfacet
  facet normal 0.000000e+000 0.000000e+000 -8.396839e-002
    outer loop
      vertex   -3.241062e+002 2.653271e+002 -3.495000e+001
      vertex   -3.232885e+002 2.669993e+002 -3.495000e+001
      vertex   -3.230608e+002 2.670756e+002 -3.495000e+001
    endloop
  endfacet
  facet normal 0.000000e+000 0.000000e+000 -9.935998e-001
    outer loop
      vertex   -3.241062e+002 2.653271e+002 -3.495000e+001
      vertex   -3.230608e+002 2.670756e+002 -3.495000e+001
      vertex   -3.239555e+002 2.652120e+002 -3.495000e+001
    endloop
  endfacet
  facet normal 0.000000e+000 0.000000e+000 -9.483275e-001
    outer loop
      vertex   -3.239555e+002 2.652120e+002 -3.495000e+001
      vertex   -3.230608e+002 2.670756e+002 -3.495000e+001
      vertex   -3.238195e+002 2.650800e+002 -3.495000e+001
    endloop
  endfacet
  facet normal 0.000000e+000 0.000000e+000 -7.396090e-002
    outer loop
      vertex   -3.238195e+002 2.650800e+002 -3.495000e+001
      vertex   -3.230608e+002 2.670756e+002 -3.495000e+001
      vertex   -3.228411e+002 2.671726e+002 -3.495000e+001
    endloop
  endfacet
  facet normal 0.000000e+000 0.000000e+000 -8.996516e-001
    outer loop
      vertex   -3.238195e+002 2.650800e+002 -3.495000e+001
      vertex   -3.228411e+002 2.671726e+002 -3.495000e+001
      vertex   -3.237000e+002 2.649328e+002 -3.495000e+001
    endloop
  endfacet
  facet normal 0.000000e+000 0.000000e+000 -5.953589e-002
    outer loop
      vertex   -3.237000e+002 2.649328e+002 -3.495000e+001
      vertex   -3.228411e+002 2.671726e+002 -3.495000e+001
      vertex   -3.226313e+002 2.672894e+002 -3.495000e+001
    endloop
  endfacet
  facet normal 0.000000e+000 0.000000e+000 -8.353895e-001
    outer loop
      vertex   -3.237000e+002 2.649328e+002 -3.495000e+001
      vertex   -3.226313e+002 2.672894e+002 -3.495000e+001
      vertex   -3.235988e+002 2.647725e+002 -3.495000e+001
    endloop
  endfacet
  facet normal 0.000000e+000 0.000000e+000 -4.702741e-002
    outer loop
      vertex   -3.235988e+002 2.647725e+002 -3.495000e+001
      vertex   -3.226313e+002 2.672894e+002 -3.495000e+001
      vertex   -3.224331e+002 2.674251e+002 -3.495000e+001
    endloop
  endfacet
  facet normal 0.000000e+000 0.000000e+000 -7.568818e-001
    outer loop
      vertex   -3.235988e+002 2.647725e+002 -3.495000e+001
      vertex   -3.224331e+002 2.674251e+002 -3.495000e+001
      vertex   -3.235173e+002 2.646013e+002 -3.495000e+001
    endloop
  endfacet
  facet normal 0.000000e+000 0.000000e+000 -3.629968e-002
    outer loop
      vertex   -3.235173e+002 2.646013e+002 -3.495000e+001
      vertex   -3.224331e+002 2.674251e+002 -3.495000e+001
      vertex   -3.222484e+002 2.675786e+002 -3.495000e+001
    endloop
  endfacet
  facet normal 0.000000e+000 0.000000e+000 -6.661380e-001
    outer loop
      vertex   -3.235173e+002 2.646013e+002 -3.495000e+001
      vertex   -3.222484e+002 2.675786e+002 -3.495000e+001
      vertex   -3.234566e+002 2.644218e+002 -3.495000e+001
    endloop
  endfacet
  facet normal 0.000000e+000 0.000000e+000 -9.712474e-001
    outer loop
      vertex   -3.234566e+002 2.644218e+002 -3.495000e+001
      vertex   -3.222484e+002 2.675786e+002 -3.495000e+001
      vertex   -2.895000e+002 2.601500e+002 -3.495000e+001
    endloop
  endfacet
  facet normal 0.000000e+000 0.000000e+000 -9.452243e-001
    outer loop
      vertex   -3.234566e+002 2.644218e+002 -3.495000e+001
      vertex   -2.895000e+002 2.601500e+002 -3.495000e+001
      vertex   -3.234175e+002 2.642362e+002 -3.495000e+001
    endloop
  endfacet
  facet normal 0.000000e+000 0.000000e+000 -9.782634e-001
    outer loop
      vertex   -3.234175e+002 2.642362e+002 -3.495000e+001
      vertex   -2.895000e+002 2.601500e+002 -3.495000e+001
      vertex   -3.234007e+002 2.640474e+002 -3.495000e+001
    endloop
  endfacet
  facet normal 0.000000e+000 -0.000000e+000 -9.964035e-001
    outer loop
      vertex   -3.234007e+002 2.640474e+002 -3.495000e+001
      vertex   -2.895000e+002 2.601500e+002 -3.495000e+001
      vertex   -3.234063e+002 2.638579e+002 -3.495000e+001
    endloop
  endfacet
  facet normal 0.000000e+000 -0.000000e+000 -9.992305e-001
    outer loop
      vertex   -3.234063e+002 2.638579e+002 -3.495000e+001
      vertex   -2.895000e+002 2.601500e+002 -3.495000e+001
      vertex   -3.234343e+002 2.636704e+002 -3.495000e+001
    endloop
  endfacet
  facet normal 0.000000e+000 -0.000000e+000 -9.866682e-001
    outer loop
      vertex   -3.234343e+002 2.636704e+002 -3.495000e+001
      vertex   -2.895000e+002 2.601500e+002 -3.495000e+001
      vertex   -3.234843e+002 2.634876e+002 -3.495000e+001
    endloop
  endfacet
  facet normal 0.000000e+000 -0.000000e+000 -9.590198e-001
    outer loop
      vertex   -3.234843e+002 2.634876e+002 -3.495000e+001
      vertex   -2.895000e+002 2.601500e+002 -3.495000e+001
      vertex   -3.235555e+002 2.633119e+002 -3.495000e+001
    endloop
  endfacet
  facet normal 0.000000e+000 -0.000000e+000 -9.166216e-001
    outer loop
      vertex   -3.235555e+002 2.633119e+002 -3.495000e+001
      vertex   -2.895000e+002 2.601500e+002 -3.495000e+001
      vertex   -3.236470e+002 2.631459e+002 -3.495000e+001
    endloop
  endfacet
  facet normal 0.000000e+000 -0.000000e+000 -8.602861e-001
    outer loop
      vertex   -3.236470e+002 2.631459e+002 -3.495000e+001
      vertex   -2.895000e+002 2.601500e+002 -3.495000e+001
      vertex   -3.237576e+002 2.629919e+002 -3.495000e+001
    endloop
  endfacet
  facet normal -0.000000e+000 0.000000e+000 -9.683376e-001
    outer loop
      vertex   -3.244778e+002 2.669443e+002 -3.495000e+001
      vertex   -3.251892e+002 2.655888e+002 -3.495000e+001
      vertex   -3.247115e+002 2.669993e+002 -3.495000e+001
    endloop
  endfacet
  facet normal 0.000000e+000 0.000000e+000 -1.044126e-001
    outer loop
      vertex   -3.247115e+002 2.669993e+002 -3.495000e+001
      vertex   -3.251892e+002 2.655888e+002 -3.495000e+001
      vertex   -3.253758e+002 2.655552e+002 -3.495000e+001
    endloop
  endfacet
  facet normal -0.000000e+000 0.000000e+000 -9.941854e-001
    outer loop
      vertex   -3.247115e+002 2.669993e+002 -3.495000e+001
      vertex   -3.253758e+002 2.655552e+002 -3.495000e+001
      vertex   -3.249392e+002 2.670756e+002 -3.495000e+001
    endloop
  endfacet
  facet normal -0.000000e+000 0.000000e+000 -9.907326e-001
    outer loop
      vertex   -3.249392e+002 2.670756e+002 -3.495000e+001
      vertex   -3.253758e+002 2.655552e+002 -3.495000e+001
      vertex   -3.251589e+002 2.671726e+002 -3.495000e+001
    endloop
  endfacet
  facet normal 0.000000e+000 0.000000e+000 -1.002281e-001
    outer loop
      vertex   -3.251589e+002 2.671726e+002 -3.495000e+001
      vertex   -3.253758e+002 2.655552e+002 -3.495000e+001
      vertex   -3.255571e+002 2.654999e+002 -3.495000e+001
    endloop
  endfacet
  facet normal -0.000000e+000 0.000000e+000 -9.625776e-001
    outer loop
      vertex   -3.251589e+002 2.671726e+002 -3.495000e+001
      vertex   -3.255571e+002 2.654999e+002 -3.495000e+001
      vertex   -3.253687e+002 2.672894e+002 -3.495000e+001
    endloop
  endfacet
  facet normal 0.000000e+000 0.000000e+000 -8.656496e-002
    outer loop
      vertex   -3.253687e+002 2.672894e+002 -3.495000e+001
      vertex   -3.255571e+002 2.654999e+002 -3.495000e+001
      vertex   -3.257306e+002 2.654235e+002 -3.495000e+001
    endloop
  endfacet
  facet normal -0.000000e+000 0.000000e+000 -9.175427e-001
    outer loop
      vertex   -3.253687e+002 2.672894e+002 -3.495000e+001
      vertex   -3.257306e+002 2.654235e+002 -3.495000e+001
      vertex   -3.255669e+002 2.674251e+002 -3.495000e+001
    endloop
  endfacet
  facet normal 0.000000e+000 0.000000e+000 -7.290354e-002
    outer loop
      vertex   -3.255669e+002 2.674251e+002 -3.495000e+001
      vertex   -3.257306e+002 2.654235e+002 -3.495000e+001
      vertex   -3.258938e+002 2.653271e+002 -3.495000e+001
    endloop
  endfacet
  facet normal -0.000000e+000 0.000000e+000 -8.584880e-001
    outer loop
      vertex   -3.255669e+002 2.674251e+002 -3.495000e+001
      vertex   -3.258938e+002 2.653271e+002 -3.495000e+001
      vertex   -3.257516e+002 2.675786e+002 -3.495000e+001
    endloop
  endfacet
  facet normal 0.000000e+000 0.000000e+000 -6.002749e-002
    outer loop
      vertex   -3.257516e+002 2.675786e+002 -3.495000e+001
      vertex   -3.258938e+002 2.653271e+002 -3.495000e+001
      vertex   -3.260445e+002 2.652120e+002 -3.495000e+001
    endloop
  endfacet
  facet normal -0.000000e+000 0.000000e+000 -7.886071e-001
    outer loop
      vertex   -3.257516e+002 2.675786e+002 -3.495000e+001
      vertex   -3.260445e+002 2.652120e+002 -3.495000e+001
      vertex   -3.259214e+002 2.677484e+002 -3.495000e+001
    endloop
  endfacet
  facet normal 0.000000e+000 0.000000e+000 -4.828764e-002
    outer loop
      vertex   -3.259214e+002 2.677484e+002 -3.495000e+001
      vertex   -3.260445e+002 2.652120e+002 -3.495000e+001
      vertex   -3.261805e+002 2.650800e+002 -3.495000e+001
    endloop
  endfacet
  facet normal -0.000000e+000 0.000000e+000 -7.102717e-001
    outer loop
      vertex   -3.259214e+002 2.677484e+002 -3.495000e+001
      vertex   -3.261805e+002 2.650800e+002 -3.495000e+001
      vertex   -3.260749e+002 2.679331e+002 -3.495000e+001
    endloop
  endfacet
  facet normal 0.000000e+000 0.000000e+000 -3.786050e-002
    outer loop
      vertex   -3.260749e+002 2.679331e+002 -3.495000e+001
      vertex   -3.261805e+002 2.650800e+002 -3.495000e+001
      vertex   -3.263000e+002 2.649328e+002 -3.495000e+001
    endloop
  endfacet
  facet normal -0.000000e+000 0.000000e+000 -6.252151e-001
    outer loop
      vertex   -3.260749e+002 2.679331e+002 -3.495000e+001
      vertex   -3.263000e+002 2.649328e+002 -3.495000e+001
      vertex   -3.262106e+002 2.681313e+002 -3.495000e+001
    endloop
  endfacet
  facet normal 0.000000e+000 0.000000e+000 -2.873673e-002
    outer loop
      vertex   -3.262106e+002 2.681313e+002 -3.495000e+001
      vertex   -3.263000e+002 2.649328e+002 -3.495000e+001
      vertex   -3.264012e+002 2.647725e+002 -3.495000e+001
    endloop
  endfacet
  facet normal 0.000000e+000 0.000000e+000 -2.261511e-001
    outer loop
      vertex   -3.264827e+002 2.646013e+002 -3.495000e+001
      vertex   -3.265434e+002 2.644218e+002 -3.495000e+001
      vertex   -3.280000e+002 2.621500e+002 -3.495000e+001
    endloop
  endfacet
  facet normal 0.000000e+000 0.000000e+000 -2.667213e-002
    outer loop
      vertex   -3.280000e+002 2.621500e+002 -3.495000e+001
      vertex   -3.265434e+002 2.644218e+002 -3.495000e+001
      vertex   -3.265825e+002 2.642362e+002 -3.495000e+001
    endloop
  endfacet
  facet normal 0.000000e+000 0.000000e+000 -3.908573e-002
    outer loop
      vertex   -3.280000e+002 2.621500e+002 -3.495000e+001
      vertex   -3.265825e+002 2.642362e+002 -3.495000e+001
      vertex   -3.265993e+002 2.640474e+002 -3.495000e+001
    endloop
  endfacet
  facet normal 0.000000e+000 -0.000000e+000 -6.174811e-001
    outer loop
      vertex   -3.265993e+002 2.640474e+002 -3.495000e+001
      vertex   -3.265937e+002 2.638579e+002 -3.495000e+001
      vertex   -3.280000e+002 2.621500e+002 -3.495000e+001
    endloop
  endfacet
  facet normal 0.000000e+000 0.000000e+000 -6.735553e-002
    outer loop
      vertex   -3.280000e+002 2.621500e+002 -3.495000e+001
      vertex   -3.265937e+002 2.638579e+002 -3.495000e+001
      vertex   -3.265657e+002 2.636704e+002 -3.495000e+001
    endloop
  endfacet
  facet normal 0.000000e+000 0.000000e+000 -8.099917e-002
    outer loop
      vertex   -3.280000e+002 2.621500e+002 -3.495000e+001
      vertex   -3.265657e+002 2.636704e+002 -3.495000e+001
      vertex   -3.265157e+002 2.634876e+002 -3.495000e+001
    endloop
  endfacet
  facet normal 0.000000e+000 -0.000000e+000 -9.399580e-001
    outer loop
      vertex   -3.265157e+002 2.634876e+002 -3.495000e+001
      vertex   -3.264445e+002 2.633119e+002 -3.495000e+001
      vertex   -3.280000e+002 2.621500e+002 -3.495000e+001
    endloop
  endfacet
  facet normal 0.000000e+000 0.000000e+000 -9.756134e-002
    outer loop
      vertex   -3.280000e+002 2.621500e+002 -3.495000e+001
      vertex   -3.264445e+002 2.633119e+002 -3.495000e+001
      vertex   -3.263530e+002 2.631459e+002 -3.495000e+001
    endloop
  endfacet
  facet normal 0.000000e+000 0.000000e+000 -9.698058e-002
    outer loop
      vertex   -3.280000e+002 2.621500e+002 -3.495000e+001
      vertex   -3.263530e+002 2.631459e+002 -3.495000e+001
      vertex   -3.262424e+002 2.629919e+002 -3.495000e+001
    endloop
  endfacet
  facet normal 0.000000e+000 -0.000000e+000 -9.570086e-001
    outer loop
      vertex   -3.262424e+002 2.629919e+002 -3.495000e+001
      vertex   -3.261145e+002 2.628520e+002 -3.495000e+001
      vertex   -3.280000e+002 2.621500e+002 -3.495000e+001
    endloop
  endfacet
  facet normal 0.000000e+000 0.000000e+000 -7.871006e-002
    outer loop
      vertex   -3.280000e+002 2.621500e+002 -3.495000e+001
      vertex   -3.261145e+002 2.628520e+002 -3.495000e+001
      vertex   -3.259709e+002 2.627282e+002 -3.495000e+001
    endloop
  endfacet
  facet normal 0.000000e+000 0.000000e+000 -6.479461e-002
    outer loop
      vertex   -3.280000e+002 2.621500e+002 -3.495000e+001
      vertex   -3.259709e+002 2.627282e+002 -3.495000e+001
      vertex   -3.258137e+002 2.626223e+002 -3.495000e+001
    endloop
  endfacet
  facet normal 0.000000e+000 -0.000000e+000 -6.342251e-001
    outer loop
      vertex   -3.258137e+002 2.626223e+002 -3.495000e+001
      vertex   -3.256450e+002 2.625358e+002 -3.495000e+001
      vertex   -3.280000e+002 2.621500e+002 -3.495000e+001
    endloop
  endfacet
  facet normal 0.000000e+000 0.000000e+000 -3.677031e-002
    outer loop
      vertex   -3.280000e+002 2.621500e+002 -3.495000e+001
      vertex   -3.256450e+002 2.625358e+002 -3.495000e+001
      vertex   -3.254673e+002 2.624698e+002 -3.495000e+001
    endloop
  endfacet
  facet normal 0.000000e+000 0.000000e+000 -2.462765e-002
    outer loop
      vertex   -3.280000e+002 2.621500e+002 -3.495000e+001
      vertex   -3.254673e+002 2.624698e+002 -3.495000e+001
      vertex   -3.252830e+002 2.624252e+002 -3.495000e+001
    endloop
  endfacet
  facet normal 0.000000e+000 -0.000000e+000 -2.178028e-001
    outer loop
      vertex   -3.252830e+002 2.624252e+002 -3.495000e+001
      vertex   -3.250948e+002 2.624028e+002 -3.495000e+001
      vertex   -3.280000e+002 2.621500e+002 -3.495000e+001
    endloop
  endfacet
  facet normal 0.000000e+000 -0.000000e+000 -7.313150e-001
    outer loop
      vertex   -3.247170e+002 2.624252e+002 -3.495000e+001
      vertex   -3.245327e+002 2.624698e+002 -3.495000e+001
      vertex   -3.260000e+002 2.601500e+002 -3.495000e+001
    endloop
  endfacet
  facet normal 0.000000e+000 0.000000e+000 -3.964825e-002
    outer loop
      vertex   -3.260000e+002 2.601500e+002 -3.495000e+001
      vertex   -3.245327e+002 2.624698e+002 -3.495000e+001
      vertex   -3.243550e+002 2.625358e+002 -3.495000e+001
    endloop
  endfacet
  facet normal 0.000000e+000 0.000000e+000 -2.925923e-002
    outer loop
      vertex   -3.260000e+002 2.601500e+002 -3.495000e+001
      vertex   -3.243550e+002 2.625358e+002 -3.495000e+001
      vertex   -3.241863e+002 2.626223e+002 -3.495000e+001
    endloop
  endfacet
  facet normal 0.000000e+000 -0.000000e+000 -3.383412e-001
    outer loop
      vertex   -3.241863e+002 2.626223e+002 -3.495000e+001
      vertex   -3.240291e+002 2.627282e+002 -3.495000e+001
      vertex   -3.260000e+002 2.601500e+002 -3.495000e+001
    endloop
  endfacet
  facet normal 0.000000e+000 0.000000e+000 -5.810560e-001
    outer loop
      vertex   -3.237601e+002 2.720889e+002 -3.495000e+001
      vertex   -3.240000e+002 2.721000e+002 -3.495000e+001
      vertex   -3.260000e+002 2.738500e+002 -3.495000e+001
    endloop
  endfacet
  facet normal 0.000000e+000 0.000000e+000 -6.680438e-002
    outer loop
      vertex   -3.260000e+002 2.738500e+002 -3.495000e+001
      vertex   -3.240000e+002 2.721000e+002 -3.495000e+001
      vertex   -3.242399e+002 2.720889e+002 -3.495000e+001
    endloop
  endfacet
  facet normal 0.000000e+000 0.000000e+000 -8.146404e-002
    outer loop
      vertex   -3.260000e+002 2.738500e+002 -3.495000e+001
      vertex   -3.242399e+002 2.720889e+002 -3.495000e+001
      vertex   -3.244778e+002 2.720557e+002 -3.495000e+001
    endloop
  endfacet
  facet normal -0.000000e+000 0.000000e+000 -8.904284e-001
    outer loop
      vertex   -3.244778e+002 2.720557e+002 -3.495000e+001
      vertex   -3.247115e+002 2.720007e+002 -3.495000e+001
      vertex   -3.260000e+002 2.738500e+002 -3.495000e+001
    endloop
  endfacet
  facet normal -0.000000e+000 0.000000e+000 -4.934993e-001
    outer loop
      vertex   -3.251589e+002 2.718274e+002 -3.495000e+001
      vertex   -3.253687e+002 2.717106e+002 -3.495000e+001
      vertex   -3.280000e+002 2.718500e+002 -3.495000e+001
    endloop
  endfacet
  facet normal 0.000000e+000 0.000000e+000 -5.962772e-002
    outer loop
      vertex   -3.280000e+002 2.718500e+002 -3.495000e+001
      vertex   -3.253687e+002 2.717106e+002 -3.495000e+001
      vertex   -3.255669e+002 2.715749e+002 -3.495000e+001
    endloop
  endfacet
  facet normal 0.000000e+000 0.000000e+000 -7.568406e-002
    outer loop
      vertex   -3.280000e+002 2.718500e+002 -3.495000e+001
      vertex   -3.255669e+002 2.715749e+002 -3.495000e+001
      vertex   -3.257516e+002 2.714214e+002 -3.495000e+001
    endloop
  endfacet
  facet normal -0.000000e+000 0.000000e+000 -8.270050e-001
    outer loop
      vertex   -3.257516e+002 2.714214e+002 -3.495000e+001
      vertex   -3.259214e+002 2.712516e+002 -3.495000e+001
      vertex   -3.280000e+002 2.718500e+002 -3.495000e+001
    endloop
  endfacet
  facet normal 0.000000e+000 0.000000e+000 -1.058502e-001
    outer loop
      vertex   -3.280000e+002 2.718500e+002 -3.495000e+001
      vertex   -3.259214e+002 2.712516e+002 -3.495000e+001
      vertex   -3.260749e+002 2.710669e+002 -3.495000e+001
    endloop
  endfacet
  facet normal 0.000000e+000 0.000000e+000 -1.149937e-001
    outer loop
      vertex   -3.280000e+002 2.718500e+002 -3.495000e+001
      vertex   -3.260749e+002 2.710669e+002 -3.495000e+001
      vertex   -3.262106e+002 2.708687e+002 -3.495000e+001
    endloop
  endfacet
  facet normal -0.000000e+000 0.000000e+000 -9.999785e-001
    outer loop
      vertex   -3.262106e+002 2.708687e+002 -3.495000e+001
      vertex   -3.263274e+002 2.706589e+002 -3.495000e+001
      vertex   -3.280000e+002 2.718500e+002 -3.495000e+001
    endloop
  endfacet
  facet normal 0.000000e+000 0.000000e+000 -1.112163e-001
    outer loop
      vertex   -3.280000e+002 2.718500e+002 -3.495000e+001
      vertex   -3.263274e+002 2.706589e+002 -3.495000e+001
      vertex   -3.264244e+002 2.704392e+002 -3.495000e+001
    endloop
  endfacet
  facet normal 0.000000e+000 0.000000e+000 -9.930386e-002
    outer loop
      vertex   -3.280000e+002 2.718500e+002 -3.495000e+001
      vertex   -3.264244e+002 2.704392e+002 -3.495000e+001
      vertex   -3.265007e+002 2.702115e+002 -3.495000e+001
    endloop
  endfacet
  facet normal -0.000000e+000 0.000000e+000 -8.260736e-001
    outer loop
      vertex   -3.265007e+002 2.702115e+002 -3.495000e+001
      vertex   -3.265557e+002 2.699778e+002 -3.495000e+001
      vertex   -3.280000e+002 2.718500e+002 -3.495000e+001
    endloop
  endfacet
  facet normal 0.000000e+000 0.000000e+000 -6.757868e-002
    outer loop
      vertex   -3.280000e+002 2.718500e+002 -3.495000e+001
      vertex   -3.265557e+002 2.699778e+002 -3.495000e+001
      vertex   -3.265889e+002 2.697399e+002 -3.495000e+001
    endloop
  endfacet
  facet normal 0.000000e+000 0.000000e+000 -5.212774e-002
    outer loop
      vertex   -3.280000e+002 2.718500e+002 -3.495000e+001
      vertex   -3.265889e+002 2.697399e+002 -3.495000e+001
      vertex   -3.266000e+002 2.695000e+002 -3.495000e+001
    endloop
  endfacet
  facet normal -0.000000e+000 -0.000000e+000 -4.715169e-001
    outer loop
      vertex   -3.266000e+002 2.695000e+002 -3.495000e+001
      vertex   -3.265889e+002 2.692601e+002 -3.495000e+001
      vertex   -3.280000e+002 2.718500e+002 -3.495000e+001
    endloop
  endfacet
  facet normal 0.000000e+000 0.000000e+000 -2.666557e-002
    outer loop
      vertex   -3.280000e+002 2.718500e+002 -3.495000e+001
      vertex   -3.265889e+002 2.692601e+002 -3.495000e+001
      vertex   -3.265557e+002 2.690222e+002 -3.495000e+001
    endloop
  endfacet
  facet normal 0.000000e+000 0.000000e+000 -1.682484e-002
    outer loop
      vertex   -3.280000e+002 2.718500e+002 -3.495000e+001
      vertex   -3.265557e+002 2.690222e+002 -3.495000e+001
      vertex   -3.265007e+002 2.687885e+002 -3.495000e+001
    endloop
  endfacet
  facet normal 0.000000e+000 0.000000e+000 -8.460127e-001
    outer loop
      vertex   -3.222484e+002 2.675786e+002 -3.495000e+001
      vertex   -3.220786e+002 2.677484e+002 -3.495000e+001
      vertex   -2.895000e+002 2.601500e+002 -3.495000e+001
    endloop
  endfacet
  facet normal 0.000000e+000 0.000000e+000 -6.440826e-003
    outer loop
      vertex   -2.895000e+002 2.601500e+002 -3.495000e+001
      vertex   -3.220786e+002 2.677484e+002 -3.495000e+001
      vertex   -3.219251e+002 2.679331e+002 -3.495000e+001
    endloop
  endfacet
  facet normal 0.000000e+000 0.000000e+000 -6.745195e-003
    outer loop
      vertex   -2.895000e+002 2.601500e+002 -3.495000e+001
      vertex   -3.219251e+002 2.679331e+002 -3.495000e+001
      vertex   -3.217894e+002 2.681313e+002 -3.495000e+001
    endloop
  endfacet
  facet normal 0.000000e+000 0.000000e+000 -9.648728e-001
    outer loop
      vertex   -3.217894e+002 2.681313e+002 -3.495000e+001
      vertex   -3.216726e+002 2.683411e+002 -3.495000e+001
      vertex   -2.895000e+002 2.601500e+002 -3.495000e+001
    endloop
  endfacet
  facet normal 0.000000e+000 0.000000e+000 -9.256965e-001
    outer loop
      vertex   -3.214993e+002 2.687885e+002 -3.495000e+001
      vertex   -3.214443e+002 2.690222e+002 -3.495000e+001
      vertex   -2.895000e+002 2.738500e+002 -3.495000e+001
    endloop
  endfacet
  facet normal 0.000000e+000 0.000000e+000 -7.141121e-003
    outer loop
      vertex   -2.895000e+002 2.738500e+002 -3.495000e+001
      vertex   -3.214443e+002 2.690222e+002 -3.495000e+001
      vertex   -3.214111e+002 2.692601e+002 -3.495000e+001
    endloop
  endfacet
  facet normal 0.000000e+000 0.000000e+000 -7.326351e-003
    outer loop
      vertex   -2.895000e+002 2.738500e+002 -3.495000e+001
      vertex   -3.214111e+002 2.692601e+002 -3.495000e+001
      vertex   -3.214000e+002 2.695000e+002 -3.495000e+001
    endloop
  endfacet
  facet normal 0.000000e+000 0.000000e+000 -9.960193e-001
    outer loop
      vertex   -3.214000e+002 2.695000e+002 -3.495000e+001
      vertex   -3.214111e+002 2.697399e+002 -3.495000e+001
      vertex   -2.895000e+002 2.738500e+002 -3.495000e+001
    endloop
  endfacet
  facet normal 0.000000e+000 0.000000e+000 -7.462927e-003
    outer loop
      vertex   -2.895000e+002 2.738500e+002 -3.495000e+001
      vertex   -3.214111e+002 2.697399e+002 -3.495000e+001
      vertex   -3.214443e+002 2.699778e+002 -3.495000e+001
    endloop
  endfacet
  facet normal 0.000000e+000 0.000000e+000 -7.411277e-003
    outer loop
      vertex   -2.895000e+002 2.738500e+002 -3.495000e+001
      vertex   -3.214443e+002 2.699778e+002 -3.495000e+001
      vertex   -3.214993e+002 2.702115e+002 -3.495000e+001
    endloop
  endfacet
  facet normal 0.000000e+000 0.000000e+000 -9.780188e-001
    outer loop
      vertex   -3.214993e+002 2.702115e+002 -3.495000e+001
      vertex   -3.215756e+002 2.704392e+002 -3.495000e+001
      vertex   -2.895000e+002 2.738500e+002 -3.495000e+001
    endloop
  endfacet
  facet normal 0.000000e+000 0.000000e+000 -7.073592e-003
    outer loop
      vertex   -2.895000e+002 2.738500e+002 -3.495000e+001
      vertex   -3.215756e+002 2.704392e+002 -3.495000e+001
      vertex   -3.216726e+002 2.706589e+002 -3.495000e+001
    endloop
  endfacet
  facet normal 0.000000e+000 0.000000e+000 -6.794307e-003
    outer loop
      vertex   -2.895000e+002 2.738500e+002 -3.495000e+001
      vertex   -3.216726e+002 2.706589e+002 -3.495000e+001
      vertex   -3.217894e+002 2.708687e+002 -3.495000e+001
    endloop
  endfacet
  facet normal 0.000000e+000 0.000000e+000 -8.735028e-001
    outer loop
      vertex   -3.217894e+002 2.708687e+002 -3.495000e+001
      vertex   -3.219251e+002 2.710669e+002 -3.495000e+001
      vertex   -2.895000e+002 2.738500e+002 -3.495000e+001
    endloop
  endfacet
  facet normal 0.000000e+000 0.000000e+000 -6.033856e-003
    outer loop
      vertex   -2.895000e+002 2.738500e+002 -3.495000e+001
      vertex   -3.219251e+002 2.710669e+002 -3.495000e+001
      vertex   -3.220786e+002 2.712516e+002 -3.495000e+001
    endloop
  endfacet
  facet normal 0.000000e+000 0.000000e+000 -5.565519e-003
    outer loop
      vertex   -2.895000e+002 2.738500e+002 -3.495000e+001
      vertex   -3.220786e+002 2.712516e+002 -3.495000e+001
      vertex   -3.222484e+002 2.714214e+002 -3.495000e+001
    endloop
  endfacet
  facet normal 0.000000e+000 0.000000e+000 -6.940520e-001
    outer loop
      vertex   -3.222484e+002 2.714214e+002 -3.495000e+001
      vertex   -3.224331e+002 2.715749e+002 -3.495000e+001
      vertex   -2.895000e+002 2.738500e+002 -3.495000e+001
    endloop
  endfacet
  facet normal 0.000000e+000 0.000000e+000 -4.489281e-003
    outer loop
      vertex   -2.895000e+002 2.738500e+002 -3.495000e+001
      vertex   -3.224331e+002 2.715749e+002 -3.495000e+001
      vertex   -3.226313e+002 2.717106e+002 -3.495000e+001
    endloop
  endfacet
  facet normal 0.000000e+000 0.000000e+000 -3.895801e-003
    outer loop
      vertex   -2.895000e+002 2.738500e+002 -3.495000e+001
      vertex   -3.226313e+002 2.717106e+002 -3.495000e+001
      vertex   -3.228411e+002 2.718274e+002 -3.495000e+001
    endloop
  endfacet
  facet normal 0.000000e+000 0.000000e+000 -3.592842e-001
    outer loop
      vertex   -3.232885e+002 2.720007e+002 -3.495000e+001
      vertex   -3.235222e+002 2.720557e+002 -3.495000e+001
      vertex   -3.260000e+002 2.738500e+002 -3.495000e+001
    endloop
  endfacet
  facet normal 0.000000e+000 0.000000e+000 -3.953162e-002
    outer loop
      vertex   -3.260000e+002 2.738500e+002 -3.495000e+001
      vertex   -3.235222e+002 2.720557e+002 -3.495000e+001
      vertex   -3.237601e+002 2.720889e+002 -3.495000e+001
    endloop
  endfacet
endsolid
