solid ascii
  facet normal -7.071068e-001 7.071068e-001 0.000000e+000
    outer loop
      vertex   -3.305000e+002 3.730000e+002 -2.710000e+001
      vertex   -3.305000e+002 3.730000e+002 -3.310000e+001
      vertex   -3.330000e+002 3.705000e+002 -2.710000e+001
    endloop
  endfacet
  facet normal -3.589790e-001 3.589790e-001 0.000000e+000
    outer loop
      vertex   -3.330000e+002 3.705000e+002 -2.710000e+001
      vertex   -3.305000e+002 3.730000e+002 -3.310000e+001
      vertex   -3.330000e+002 3.705000e+002 -3.310000e+001
    endloop
  endfacet
  facet normal -1.000000e+000 -0.000000e+000 -0.000000e+000
    outer loop
      vertex   -3.330000e+002 3.705000e+002 -2.710000e+001
      vertex   -3.330000e+002 3.705000e+002 -3.310000e+001
      vertex   -3.330000e+002 3.595000e+002 -2.710000e+001
    endloop
  endfacet
  facet normal -8.778955e-001 0.000000e+000 0.000000e+000
    outer loop
      vertex   -3.330000e+002 3.595000e+002 -2.710000e+001
      vertex   -3.330000e+002 3.705000e+002 -3.310000e+001
      vertex   -3.330000e+002 3.595000e+002 -3.310000e+001
    endloop
  endfacet
  facet normal 0.000000e+000 0.000000e+000 -2.747211e-001
    outer loop
      vertex   -3.330000e+002 3.595000e+002 -3.310000e+001
      vertex   -3.330000e+002 3.705000e+002 -3.310000e+001
      vertex   -3.300000e+002 3.700000e+002 -3.310000e+001
    endloop
  endfacet
  facet normal 0.000000e+000 0.000000e+000 -9.459459e-001
    outer loop
      vertex   -3.300000e+002 3.700000e+002 -3.310000e+001
      vertex   -3.330000e+002 3.705000e+002 -3.310000e+001
      vertex   -3.305000e+002 3.730000e+002 -3.310000e+001
    endloop
  endfacet
  facet normal 0.000000e+000 0.000000e+000 -9.304084e-001
    outer loop
      vertex   -3.300000e+002 3.700000e+002 -3.310000e+001
      vertex   -3.305000e+002 3.730000e+002 -3.310000e+001
      vertex   -3.250000e+002 3.730000e+002 -3.310000e+001
    endloop
  endfacet
  facet normal 0.000000e+000 -0.000000e+000 -8.574929e-001
    outer loop
      vertex   -3.250000e+002 3.730000e+002 -3.310000e+001
      vertex   -3.250000e+002 3.700000e+002 -3.310000e+001
      vertex   -3.300000e+002 3.700000e+002 -3.310000e+001
    endloop
  endfacet
  facet normal 0.000000e+000 -0.000000e+000 -2.747211e-001
    outer loop
      vertex   -3.300000e+002 3.700000e+002 -3.310000e+001
      vertex   -3.300000e+002 3.600000e+002 -3.310000e+001
      vertex   -3.330000e+002 3.595000e+002 -3.310000e+001
    endloop
  endfacet
  facet normal 0.000000e+000 0.000000e+000 -8.137335e-001
    outer loop
      vertex   -3.330000e+002 3.595000e+002 -3.310000e+001
      vertex   -3.300000e+002 3.600000e+002 -3.310000e+001
      vertex   -3.305000e+002 3.570000e+002 -3.310000e+001
    endloop
  endfacet
  facet normal 0.000000e+000 0.000000e+000 -9.863939e-001
    outer loop
      vertex   -3.305000e+002 3.570000e+002 -3.310000e+001
      vertex   -3.300000e+002 3.600000e+002 -3.310000e+001
      vertex   -3.250000e+002 3.570000e+002 -3.310000e+001
    endloop
  endfacet
  facet normal 0.000000e+000 0.000000e+000 -8.574929e-001
    outer loop
      vertex   -3.250000e+002 3.570000e+002 -3.310000e+001
      vertex   -3.300000e+002 3.600000e+002 -3.310000e+001
      vertex   -3.250000e+002 3.600000e+002 -3.310000e+001
    endloop
  endfacet
  facet normal -7.071068e-001 -7.071068e-001 -0.000000e+000
    outer loop
      vertex   -3.330000e+002 3.595000e+002 -2.710000e+001
      vertex   -3.330000e+002 3.595000e+002 -3.310000e+001
      vertex   -3.305000e+002 3.570000e+002 -2.710000e+001
    endloop
  endfacet
  facet normal -3.589790e-001 -3.589790e-001 -0.000000e+000
    outer loop
      vertex   -3.305000e+002 3.570000e+002 -2.710000e+001
      vertex   -3.330000e+002 3.595000e+002 -3.310000e+001
      vertex   -3.305000e+002 3.570000e+002 -3.310000e+001
    endloop
  endfacet
  facet normal 0.000000e+000 1.000000e+000 0.000000e+000
    outer loop
      vertex   -3.300000e+002 3.600000e+002 -3.310000e+001
      vertex   -3.300000e+002 3.600000e+002 -2.710000e+001
      vertex   -3.250000e+002 3.600000e+002 -3.310000e+001
    endloop
  endfacet
  facet normal 0.000000e+000 6.401843e-001 -0.000000e+000
    outer loop
      vertex   -3.250000e+002 3.600000e+002 -3.310000e+001
      vertex   -3.300000e+002 3.600000e+002 -2.710000e+001
      vertex   -3.250000e+002 3.600000e+002 -2.710000e+001
    endloop
  endfacet
  facet normal 0.000000e+000 0.000000e+000 5.144957e-001
    outer loop
      vertex   -3.250000e+002 3.730000e+002 -2.710000e+001
      vertex   -3.305000e+002 3.730000e+002 -2.710000e+001
      vertex   -3.300000e+002 3.700000e+002 -2.710000e+001
    endloop
  endfacet
  facet normal 0.000000e+000 0.000000e+000 9.459459e-001
    outer loop
      vertex   -3.300000e+002 3.700000e+002 -2.710000e+001
      vertex   -3.305000e+002 3.730000e+002 -2.710000e+001
      vertex   -3.330000e+002 3.705000e+002 -2.710000e+001
    endloop
  endfacet
  facet normal 0.000000e+000 0.000000e+000 9.936053e-001
    outer loop
      vertex   -3.300000e+002 3.700000e+002 -2.710000e+001
      vertex   -3.330000e+002 3.705000e+002 -2.710000e+001
      vertex   -3.330000e+002 3.595000e+002 -2.710000e+001
    endloop
  endfacet
  facet normal 0.000000e+000 0.000000e+000 2.747211e-001
    outer loop
      vertex   -3.300000e+002 3.700000e+002 -2.710000e+001
      vertex   -3.330000e+002 3.595000e+002 -2.710000e+001
      vertex   -3.300000e+002 3.600000e+002 -2.710000e+001
    endloop
  endfacet
  facet normal 0.000000e+000 0.000000e+000 9.459459e-001
    outer loop
      vertex   -3.300000e+002 3.600000e+002 -2.710000e+001
      vertex   -3.330000e+002 3.595000e+002 -2.710000e+001
      vertex   -3.305000e+002 3.570000e+002 -2.710000e+001
    endloop
  endfacet
  facet normal 0.000000e+000 0.000000e+000 9.304084e-001
    outer loop
      vertex   -3.300000e+002 3.600000e+002 -2.710000e+001
      vertex   -3.305000e+002 3.570000e+002 -2.710000e+001
      vertex   -3.250000e+002 3.570000e+002 -2.710000e+001
    endloop
  endfacet
  facet normal 0.000000e+000 -0.000000e+000 8.574929e-001
    outer loop
      vertex   -3.250000e+002 3.570000e+002 -2.710000e+001
      vertex   -3.250000e+002 3.600000e+002 -2.710000e+001
      vertex   -3.300000e+002 3.600000e+002 -2.710000e+001
    endloop
  endfacet
  facet normal 0.000000e+000 0.000000e+000 5.144957e-001
    outer loop
      vertex   -3.300000e+002 3.700000e+002 -2.710000e+001
      vertex   -3.250000e+002 3.700000e+002 -2.710000e+001
      vertex   -3.250000e+002 3.730000e+002 -2.710000e+001
    endloop
  endfacet
  facet normal 1.000000e+000 -0.000000e+000 0.000000e+000
    outer loop
      vertex   -3.300000e+002 3.600000e+002 -2.710000e+001
      vertex   -3.300000e+002 3.600000e+002 -3.310000e+001
      vertex   -3.300000e+002 3.700000e+002 -2.710000e+001
    endloop
  endfacet
  facet normal 8.574929e-001 0.000000e+000 0.000000e+000
    outer loop
      vertex   -3.300000e+002 3.700000e+002 -2.710000e+001
      vertex   -3.300000e+002 3.600000e+002 -3.310000e+001
      vertex   -3.300000e+002 3.700000e+002 -3.310000e+001
    endloop
  endfacet
  facet normal 0.000000e+000 -1.000000e+000 0.000000e+000
    outer loop
      vertex   -3.305000e+002 3.570000e+002 -2.710000e+001
      vertex   -3.305000e+002 3.570000e+002 -3.310000e+001
      vertex   -3.250000e+002 3.570000e+002 -2.710000e+001
    endloop
  endfacet
  facet normal 0.000000e+000 -6.757245e-001 -0.000000e+000
    outer loop
      vertex   -3.250000e+002 3.570000e+002 -2.710000e+001
      vertex   -3.305000e+002 3.570000e+002 -3.310000e+001
      vertex   -3.250000e+002 3.570000e+002 -3.310000e+001
    endloop
  endfacet
  facet normal 0.000000e+000 1.000000e+000 0.000000e+000
    outer loop
      vertex   -3.305000e+002 3.730000e+002 -3.310000e+001
      vertex   -3.305000e+002 3.730000e+002 -2.710000e+001
      vertex   -3.250000e+002 3.730000e+002 -3.310000e+001
    endloop
  endfacet
  facet normal 0.000000e+000 6.757245e-001 -0.000000e+000
    outer loop
      vertex   -3.250000e+002 3.730000e+002 -3.310000e+001
      vertex   -3.305000e+002 3.730000e+002 -2.710000e+001
      vertex   -3.250000e+002 3.730000e+002 -2.710000e+001
    endloop
  endfacet
  facet normal 0.000000e+000 -1.000000e+000 0.000000e+000
    outer loop
      vertex   -3.300000e+002 3.700000e+002 -2.710000e+001
      vertex   -3.300000e+002 3.700000e+002 -3.310000e+001
      vertex   -3.250000e+002 3.700000e+002 -2.710000e+001
    endloop
  endfacet
  facet normal 0.000000e+000 -6.401843e-001 -0.000000e+000
    outer loop
      vertex   -3.250000e+002 3.700000e+002 -2.710000e+001
      vertex   -3.300000e+002 3.700000e+002 -3.310000e+001
      vertex   -3.250000e+002 3.700000e+002 -3.310000e+001
    endloop
  endfacet
  facet normal 5.002750e-001 0.000000e+000 0.000000e+000
    outer loop
      vertex   -3.200000e+002 3.590000e+002 -3.860000e+001
      vertex   -3.200000e+002 3.580500e+002 -3.505000e+001
      vertex   -3.200000e+002 3.560000e+002 -3.560000e+001
    endloop
  endfacet
  facet normal 8.127751e-001 0.000000e+000 0.000000e+000
    outer loop
      vertex   -3.200000e+002 3.560000e+002 -3.560000e+001
      vertex   -3.200000e+002 3.580500e+002 -3.505000e+001
      vertex   -3.200000e+002 3.580500e+002 -3.015000e+001
    endloop
  endfacet
  facet normal 3.520624e-001 0.000000e+000 0.000000e+000
    outer loop
      vertex   -3.200000e+002 3.560000e+002 -3.560000e+001
      vertex   -3.200000e+002 3.580500e+002 -3.015000e+001
      vertex   -3.200000e+002 3.560000e+002 -2.460000e+001
    endloop
  endfacet
  facet normal 8.115622e-001 0.000000e+000 0.000000e+000
    outer loop
      vertex   -3.200000e+002 3.560000e+002 -2.460000e+001
      vertex   -3.200000e+002 3.580500e+002 -3.015000e+001
      vertex   -3.200000e+002 3.619696e+002 -2.625311e+001
    endloop
  endfacet
  facet normal 3.911374e-002 0.000000e+000 0.000000e+000
    outer loop
      vertex   -3.200000e+002 3.560000e+002 -2.460000e+001
      vertex   -3.200000e+002 3.619696e+002 -2.625311e+001
      vertex   -3.200000e+002 3.619251e+002 -2.599376e+001
    endloop
  endfacet
  facet normal 9.660079e-001 0.000000e+000 -0.000000e+000
    outer loop
      vertex   -3.200000e+002 3.590000e+002 -3.860000e+001
      vertex   -3.200000e+002 3.710000e+002 -3.860000e+001
      vertex   -3.200000e+002 3.580500e+002 -3.505000e+001
    endloop
  endfacet
  facet normal 2.643775e-001 -0.000000e+000 0.000000e+000
    outer loop
      vertex   -3.200000e+002 3.580500e+002 -3.505000e+001
      vertex   -3.200000e+002 3.710000e+002 -3.860000e+001
      vertex   -3.200000e+002 3.719500e+002 -3.505000e+001
    endloop
  endfacet
  facet normal 9.999998e-001 0.000000e+000 0.000000e+000
    outer loop
      vertex   -3.200000e+002 3.719500e+002 -3.505000e+001
      vertex   -3.200000e+002 3.710000e+002 -3.860000e+001
      vertex   -3.200000e+002 3.740000e+002 -3.560000e+001
    endloop
  endfacet
  facet normal 9.658421e-001 -0.000000e+000 0.000000e+000
    outer loop
      vertex   -3.200000e+002 3.719500e+002 -3.505000e+001
      vertex   -3.200000e+002 3.740000e+002 -3.560000e+001
      vertex   -3.200000e+002 3.719500e+002 -3.015000e+001
    endloop
  endfacet
  facet normal 6.545572e-001 -0.000000e+000 0.000000e+000
    outer loop
      vertex   -3.200000e+002 3.719500e+002 -3.015000e+001
      vertex   -3.200000e+002 3.740000e+002 -3.560000e+001
      vertex   -3.200000e+002 3.740000e+002 -2.460000e+001
    endloop
  endfacet
  facet normal 9.095185e-001 0.000000e+000 -0.000000e+000
    outer loop
      vertex   -3.200000e+002 3.719500e+002 -3.015000e+001
      vertex   -3.200000e+002 3.740000e+002 -2.460000e+001
      vertex   -3.200000e+002 3.680304e+002 -2.625311e+001
    endloop
  endfacet
  facet normal 9.047751e-001 0.000000e+000 0.000000e+000
    outer loop
      vertex   -3.200000e+002 3.680304e+002 -2.625311e+001
      vertex   -3.200000e+002 3.740000e+002 -2.460000e+001
      vertex   -3.200000e+002 3.680749e+002 -2.599376e+001
    endloop
  endfacet
  facet normal 9.505140e-001 0.000000e+000 0.000000e+000
    outer loop
      vertex   -3.200000e+002 3.680749e+002 -2.599376e+001
      vertex   -3.200000e+002 3.740000e+002 -2.460000e+001
      vertex   -3.200000e+002 3.680972e+002 -2.573157e+001
    endloop
  endfacet
  facet normal 9.821169e-001 0.000000e+000 0.000000e+000
    outer loop
      vertex   -3.200000e+002 3.680972e+002 -2.573157e+001
      vertex   -3.200000e+002 3.740000e+002 -2.460000e+001
      vertex   -3.200000e+002 3.680972e+002 -2.546843e+001
    endloop
  endfacet
  facet normal 9.981283e-001 0.000000e+000 -0.000000e+000
    outer loop
      vertex   -3.200000e+002 3.680972e+002 -2.546843e+001
      vertex   -3.200000e+002 3.740000e+002 -2.460000e+001
      vertex   -3.200000e+002 3.680749e+002 -2.520625e+001
    endloop
  endfacet
  facet normal 9.977004e-001 0.000000e+000 -0.000000e+000
    outer loop
      vertex   -3.200000e+002 3.680749e+002 -2.520625e+001
      vertex   -3.200000e+002 3.740000e+002 -2.460000e+001
      vertex   -3.200000e+002 3.680304e+002 -2.494690e+001
    endloop
  endfacet
  facet normal 7.082513e-001 0.000000e+000 0.000000e+000
    outer loop
      vertex   -3.200000e+002 3.680304e+002 -2.494690e+001
      vertex   -3.200000e+002 3.740000e+002 -2.460000e+001
      vertex   -3.200000e+002 3.710000e+002 -2.160000e+001
    endloop
  endfacet
  facet normal 8.307731e-001 0.000000e+000 -0.000000e+000
    outer loop
      vertex   -3.200000e+002 3.680304e+002 -2.494690e+001
      vertex   -3.200000e+002 3.710000e+002 -2.160000e+001
      vertex   -3.200000e+002 3.679641e+002 -2.469225e+001
    endloop
  endfacet
  facet normal 8.982535e-001 0.000000e+000 -0.000000e+000
    outer loop
      vertex   -3.200000e+002 3.679641e+002 -2.469225e+001
      vertex   -3.200000e+002 3.710000e+002 -2.160000e+001
      vertex   -3.200000e+002 3.678765e+002 -2.444415e+001
    endloop
  endfacet
  facet normal 9.510958e-001 0.000000e+000 -0.000000e+000
    outer loop
      vertex   -3.200000e+002 3.678765e+002 -2.444415e+001
      vertex   -3.200000e+002 3.710000e+002 -2.160000e+001
      vertex   -3.200000e+002 3.677681e+002 -2.420437e+001
    endloop
  endfacet
  facet normal 9.857793e-001 0.000000e+000 -0.000000e+000
    outer loop
      vertex   -3.200000e+002 3.677681e+002 -2.420437e+001
      vertex   -3.200000e+002 3.710000e+002 -2.160000e+001
      vertex   -3.200000e+002 3.676397e+002 -2.397465e+001
    endloop
  endfacet
  facet normal 9.997821e-001 0.000000e+000 -0.000000e+000
    outer loop
      vertex   -3.200000e+002 3.676397e+002 -2.397465e+001
      vertex   -3.200000e+002 3.710000e+002 -2.160000e+001
      vertex   -3.200000e+002 3.674924e+002 -2.375664e+001
    endloop
  endfacet
  facet normal 9.918169e-001 0.000000e+000 -0.000000e+000
    outer loop
      vertex   -3.200000e+002 3.674924e+002 -2.375664e+001
      vertex   -3.200000e+002 3.710000e+002 -2.160000e+001
      vertex   -3.200000e+002 3.673271e+002 -2.355191e+001
    endloop
  endfacet
  facet normal 9.622405e-001 0.000000e+000 -0.000000e+000
    outer loop
      vertex   -3.200000e+002 3.673271e+002 -2.355191e+001
      vertex   -3.200000e+002 3.710000e+002 -2.160000e+001
      vertex   -3.200000e+002 3.671450e+002 -2.336194e+001
    endloop
  endfacet
  facet normal 9.129245e-001 0.000000e+000 -0.000000e+000
    outer loop
      vertex   -3.200000e+002 3.671450e+002 -2.336194e+001
      vertex   -3.200000e+002 3.710000e+002 -2.160000e+001
      vertex   -3.200000e+002 3.669475e+002 -2.318809e+001
    endloop
  endfacet
  facet normal 8.470031e-001 0.000000e+000 -0.000000e+000
    outer loop
      vertex   -3.200000e+002 3.669475e+002 -2.318809e+001
      vertex   -3.200000e+002 3.710000e+002 -2.160000e+001
      vertex   -3.200000e+002 3.667359e+002 -2.303162e+001
    endloop
  endfacet
  facet normal 7.680342e-001 0.000000e+000 -0.000000e+000
    outer loop
      vertex   -3.200000e+002 3.667359e+002 -2.303162e+001
      vertex   -3.200000e+002 3.710000e+002 -2.160000e+001
      vertex   -3.200000e+002 3.665118e+002 -2.289366e+001
    endloop
  endfacet
  facet normal 6.799080e-001 0.000000e+000 -0.000000e+000
    outer loop
      vertex   -3.200000e+002 3.665118e+002 -2.289366e+001
      vertex   -3.200000e+002 3.710000e+002 -2.160000e+001
      vertex   -3.200000e+002 3.662769e+002 -2.277519e+001
    endloop
  endfacet
  facet normal 5.858918e-001 0.000000e+000 -0.000000e+000
    outer loop
      vertex   -3.200000e+002 3.662769e+002 -2.277519e+001
      vertex   -3.200000e+002 3.710000e+002 -2.160000e+001
      vertex   -3.200000e+002 3.660327e+002 -2.267708e+001
    endloop
  endfacet
  facet normal 4.887767e-001 0.000000e+000 -0.000000e+000
    outer loop
      vertex   -3.200000e+002 3.660327e+002 -2.267708e+001
      vertex   -3.200000e+002 3.710000e+002 -2.160000e+001
      vertex   -3.200000e+002 3.657811e+002 -2.260003e+001
    endloop
  endfacet
  facet normal 3.908821e-001 0.000000e+000 -0.000000e+000
    outer loop
      vertex   -3.200000e+002 3.657811e+002 -2.260003e+001
      vertex   -3.200000e+002 3.710000e+002 -2.160000e+001
      vertex   -3.200000e+002 3.655239e+002 -2.254459e+001
    endloop
  endfacet
  facet normal 2.937823e-001 0.000000e+000 -0.000000e+000
    outer loop
      vertex   -3.200000e+002 3.655239e+002 -2.254459e+001
      vertex   -3.200000e+002 3.710000e+002 -2.160000e+001
      vertex   -3.200000e+002 3.652629e+002 -2.251117e+001
    endloop
  endfacet
  facet normal 1.986338e-001 0.000000e+000 -0.000000e+000
    outer loop
      vertex   -3.200000e+002 3.652629e+002 -2.251117e+001
      vertex   -3.200000e+002 3.710000e+002 -2.160000e+001
      vertex   -3.200000e+002 3.650000e+002 -2.250000e+001
    endloop
  endfacet
  facet normal 2.933984e-001 0.000000e+000 -0.000000e+000
    outer loop
      vertex   -3.200000e+002 3.650000e+002 -2.250000e+001
      vertex   -3.200000e+002 3.710000e+002 -2.160000e+001
      vertex   -3.200000e+002 3.590000e+002 -2.160000e+001
    endloop
  endfacet
  facet normal 1.901828e-001 0.000000e+000 0.000000e+000
    outer loop
      vertex   -3.200000e+002 3.650000e+002 -2.250000e+001
      vertex   -3.200000e+002 3.590000e+002 -2.160000e+001
      vertex   -3.200000e+002 3.647371e+002 -2.251117e+001
    endloop
  endfacet
  facet normal 2.810366e-001 0.000000e+000 0.000000e+000
    outer loop
      vertex   -3.200000e+002 3.647371e+002 -2.251117e+001
      vertex   -3.200000e+002 3.590000e+002 -2.160000e+001
      vertex   -3.200000e+002 3.644761e+002 -2.254459e+001
    endloop
  endfacet
  facet normal 3.737783e-001 0.000000e+000 0.000000e+000
    outer loop
      vertex   -3.200000e+002 3.644761e+002 -2.254459e+001
      vertex   -3.200000e+002 3.590000e+002 -2.160000e+001
      vertex   -3.200000e+002 3.642189e+002 -2.260003e+001
    endloop
  endfacet
  facet normal 4.675167e-001 0.000000e+000 0.000000e+000
    outer loop
      vertex   -3.200000e+002 3.642189e+002 -2.260003e+001
      vertex   -3.200000e+002 3.590000e+002 -2.160000e+001
      vertex   -3.200000e+002 3.639673e+002 -2.267708e+001
    endloop
  endfacet
  facet normal 5.610431e-001 0.000000e+000 0.000000e+000
    outer loop
      vertex   -3.200000e+002 3.639673e+002 -2.267708e+001
      vertex   -3.200000e+002 3.590000e+002 -2.160000e+001
      vertex   -3.200000e+002 3.637231e+002 -2.277519e+001
    endloop
  endfacet
  facet normal 6.524941e-001 0.000000e+000 0.000000e+000
    outer loop
      vertex   -3.200000e+002 3.637231e+002 -2.277519e+001
      vertex   -3.200000e+002 3.590000e+002 -2.160000e+001
      vertex   -3.200000e+002 3.634882e+002 -2.289366e+001
    endloop
  endfacet
  facet normal 7.396040e-001 0.000000e+000 0.000000e+000
    outer loop
      vertex   -3.200000e+002 3.634882e+002 -2.289366e+001
      vertex   -3.200000e+002 3.590000e+002 -2.160000e+001
      vertex   -3.200000e+002 3.632641e+002 -2.303162e+001
    endloop
  endfacet
  facet normal 8.196233e-001 0.000000e+000 0.000000e+000
    outer loop
      vertex   -3.200000e+002 3.632641e+002 -2.303162e+001
      vertex   -3.200000e+002 3.590000e+002 -2.160000e+001
      vertex   -3.200000e+002 3.630525e+002 -2.318809e+001
    endloop
  endfacet
  facet normal 8.890072e-001 0.000000e+000 0.000000e+000
    outer loop
      vertex   -3.200000e+002 3.630525e+002 -2.318809e+001
      vertex   -3.200000e+002 3.590000e+002 -2.160000e+001
      vertex   -3.200000e+002 3.628550e+002 -2.336194e+001
    endloop
  endfacet
  facet normal 9.442618e-001 0.000000e+000 0.000000e+000
    outer loop
      vertex   -3.200000e+002 3.628550e+002 -2.336194e+001
      vertex   -3.200000e+002 3.590000e+002 -2.160000e+001
      vertex   -3.200000e+002 3.626729e+002 -2.355191e+001
    endloop
  endfacet
  facet normal 9.818518e-001 0.000000e+000 0.000000e+000
    outer loop
      vertex   -3.200000e+002 3.626729e+002 -2.355191e+001
      vertex   -3.200000e+002 3.590000e+002 -2.160000e+001
      vertex   -3.200000e+002 3.625076e+002 -2.375664e+001
    endloop
  endfacet
  facet normal 9.990731e-001 0.000000e+000 0.000000e+000
    outer loop
      vertex   -3.200000e+002 3.625076e+002 -2.375664e+001
      vertex   -3.200000e+002 3.590000e+002 -2.160000e+001
      vertex   -3.200000e+002 3.623603e+002 -2.397465e+001
    endloop
  endfacet
  facet normal 9.944123e-001 0.000000e+000 0.000000e+000
    outer loop
      vertex   -3.200000e+002 3.623603e+002 -2.397465e+001
      vertex   -3.200000e+002 3.590000e+002 -2.160000e+001
      vertex   -3.200000e+002 3.622319e+002 -2.420437e+001
    endloop
  endfacet
  facet normal 9.679907e-001 0.000000e+000 0.000000e+000
    outer loop
      vertex   -3.200000e+002 3.622319e+002 -2.420437e+001
      vertex   -3.200000e+002 3.590000e+002 -2.160000e+001
      vertex   -3.200000e+002 3.621235e+002 -2.444415e+001
    endloop
  endfacet
  facet normal 9.214356e-001 0.000000e+000 0.000000e+000
    outer loop
      vertex   -3.200000e+002 3.621235e+002 -2.444415e+001
      vertex   -3.200000e+002 3.590000e+002 -2.160000e+001
      vertex   -3.200000e+002 3.620359e+002 -2.469225e+001
    endloop
  endfacet
  facet normal 8.577945e-001 0.000000e+000 0.000000e+000
    outer loop
      vertex   -3.200000e+002 3.620359e+002 -2.469225e+001
      vertex   -3.200000e+002 3.590000e+002 -2.160000e+001
      vertex   -3.200000e+002 3.619696e+002 -2.494690e+001
    endloop
  endfacet
  facet normal 7.082513e-001 0.000000e+000 0.000000e+000
    outer loop
      vertex   -3.200000e+002 3.619696e+002 -2.494690e+001
      vertex   -3.200000e+002 3.590000e+002 -2.160000e+001
      vertex   -3.200000e+002 3.560000e+002 -2.460000e+001
    endloop
  endfacet
  facet normal 9.937626e-001 0.000000e+000 0.000000e+000
    outer loop
      vertex   -3.200000e+002 3.619696e+002 -2.494690e+001
      vertex   -3.200000e+002 3.560000e+002 -2.460000e+001
      vertex   -3.200000e+002 3.619251e+002 -2.520625e+001
    endloop
  endfacet
  facet normal 9.998541e-001 0.000000e+000 0.000000e+000
    outer loop
      vertex   -3.200000e+002 3.619251e+002 -2.520625e+001
      vertex   -3.200000e+002 3.560000e+002 -2.460000e+001
      vertex   -3.200000e+002 3.619028e+002 -2.546843e+001
    endloop
  endfacet
  facet normal 9.893501e-001 0.000000e+000 0.000000e+000
    outer loop
      vertex   -3.200000e+002 3.619028e+002 -2.546843e+001
      vertex   -3.200000e+002 3.560000e+002 -2.460000e+001
      vertex   -3.200000e+002 3.619028e+002 -2.573157e+001
    endloop
  endfacet
  facet normal 9.626194e-001 0.000000e+000 0.000000e+000
    outer loop
      vertex   -3.200000e+002 3.619028e+002 -2.573157e+001
      vertex   -3.200000e+002 3.560000e+002 -2.460000e+001
      vertex   -3.200000e+002 3.619251e+002 -2.599376e+001
    endloop
  endfacet
  facet normal 2.547368e-001 0.000000e+000 0.000000e+000
    outer loop
      vertex   -3.200000e+002 3.647371e+002 -2.868883e+001
      vertex   -3.200000e+002 3.580500e+002 -3.015000e+001
      vertex   -3.200000e+002 3.650000e+002 -2.870000e+001
    endloop
  endfacet
  facet normal 3.998607e-001 0.000000e+000 0.000000e+000
    outer loop
      vertex   -3.200000e+002 3.650000e+002 -2.870000e+001
      vertex   -3.200000e+002 3.580500e+002 -3.015000e+001
      vertex   -3.200000e+002 3.719500e+002 -3.015000e+001
    endloop
  endfacet
  facet normal 2.455952e-001 -0.000000e+000 0.000000e+000
    outer loop
      vertex   -3.200000e+002 3.650000e+002 -2.870000e+001
      vertex   -3.200000e+002 3.719500e+002 -3.015000e+001
      vertex   -3.200000e+002 3.652629e+002 -2.868883e+001
    endloop
  endfacet
  facet normal 3.358365e-001 -0.000000e+000 0.000000e+000
    outer loop
      vertex   -3.200000e+002 3.652629e+002 -2.868883e+001
      vertex   -3.200000e+002 3.719500e+002 -3.015000e+001
      vertex   -3.200000e+002 3.655239e+002 -2.865541e+001
    endloop
  endfacet
  facet normal 4.266495e-001 -0.000000e+000 0.000000e+000
    outer loop
      vertex   -3.200000e+002 3.655239e+002 -2.865541e+001
      vertex   -3.200000e+002 3.719500e+002 -3.015000e+001
      vertex   -3.200000e+002 3.657811e+002 -2.859997e+001
    endloop
  endfacet
  facet normal 5.169918e-001 -0.000000e+000 0.000000e+000
    outer loop
      vertex   -3.200000e+002 3.657811e+002 -2.859997e+001
      vertex   -3.200000e+002 3.719500e+002 -3.015000e+001
      vertex   -3.200000e+002 3.660327e+002 -2.852292e+001
    endloop
  endfacet
  facet normal 6.055484e-001 -0.000000e+000 0.000000e+000
    outer loop
      vertex   -3.200000e+002 3.660327e+002 -2.852292e+001
      vertex   -3.200000e+002 3.719500e+002 -3.015000e+001
      vertex   -3.200000e+002 3.662769e+002 -2.842481e+001
    endloop
  endfacet
  facet normal 6.905237e-001 -0.000000e+000 0.000000e+000
    outer loop
      vertex   -3.200000e+002 3.662769e+002 -2.842481e+001
      vertex   -3.200000e+002 3.719500e+002 -3.015000e+001
      vertex   -3.200000e+002 3.665118e+002 -2.830634e+001
    endloop
  endfacet
  facet normal 7.699213e-001 -0.000000e+000 0.000000e+000
    outer loop
      vertex   -3.200000e+002 3.665118e+002 -2.830634e+001
      vertex   -3.200000e+002 3.719500e+002 -3.015000e+001
      vertex   -3.200000e+002 3.667359e+002 -2.816838e+001
    endloop
  endfacet
  facet normal 8.414873e-001 -0.000000e+000 0.000000e+000
    outer loop
      vertex   -3.200000e+002 3.667359e+002 -2.816838e+001
      vertex   -3.200000e+002 3.719500e+002 -3.015000e+001
      vertex   -3.200000e+002 3.669475e+002 -2.801191e+001
    endloop
  endfacet
  facet normal 9.025224e-001 -0.000000e+000 0.000000e+000
    outer loop
      vertex   -3.200000e+002 3.669475e+002 -2.801191e+001
      vertex   -3.200000e+002 3.719500e+002 -3.015000e+001
      vertex   -3.200000e+002 3.671450e+002 -2.783806e+001
    endloop
  endfacet
  facet normal 9.505795e-001 -0.000000e+000 0.000000e+000
    outer loop
      vertex   -3.200000e+002 3.671450e+002 -2.783806e+001
      vertex   -3.200000e+002 3.719500e+002 -3.015000e+001
      vertex   -3.200000e+002 3.673271e+002 -2.764809e+001
    endloop
  endfacet
  facet normal 9.832615e-001 -0.000000e+000 0.000000e+000
    outer loop
      vertex   -3.200000e+002 3.673271e+002 -2.764809e+001
      vertex   -3.200000e+002 3.719500e+002 -3.015000e+001
      vertex   -3.200000e+002 3.674924e+002 -2.744336e+001
    endloop
  endfacet
  facet normal 9.988178e-001 -0.000000e+000 0.000000e+000
    outer loop
      vertex   -3.200000e+002 3.674924e+002 -2.744336e+001
      vertex   -3.200000e+002 3.719500e+002 -3.015000e+001
      vertex   -3.200000e+002 3.676397e+002 -2.722535e+001
    endloop
  endfacet
  facet normal 9.962409e-001 -0.000000e+000 0.000000e+000
    outer loop
      vertex   -3.200000e+002 3.676397e+002 -2.722535e+001
      vertex   -3.200000e+002 3.719500e+002 -3.015000e+001
      vertex   -3.200000e+002 3.677681e+002 -2.699563e+001
    endloop
  endfacet
  facet normal 9.755353e-001 -0.000000e+000 0.000000e+000
    outer loop
      vertex   -3.200000e+002 3.677681e+002 -2.699563e+001
      vertex   -3.200000e+002 3.719500e+002 -3.015000e+001
      vertex   -3.200000e+002 3.678765e+002 -2.675586e+001
    endloop
  endfacet
  facet normal 9.376156e-001 -0.000000e+000 0.000000e+000
    outer loop
      vertex   -3.200000e+002 3.678765e+002 -2.675586e+001
      vertex   -3.200000e+002 3.719500e+002 -3.015000e+001
      vertex   -3.200000e+002 3.679641e+002 -2.650775e+001
    endloop
  endfacet
  facet normal 8.843876e-001 -0.000000e+000 0.000000e+000
    outer loop
      vertex   -3.200000e+002 3.679641e+002 -2.650775e+001
      vertex   -3.200000e+002 3.719500e+002 -3.015000e+001
      vertex   -3.200000e+002 3.680304e+002 -2.625311e+001
    endloop
  endfacet
  facet normal 3.358365e-001 0.000000e+000 0.000000e+000
    outer loop
      vertex   -3.200000e+002 3.647371e+002 -2.868883e+001
      vertex   -3.200000e+002 3.644761e+002 -2.865541e+001
      vertex   -3.200000e+002 3.580500e+002 -3.015000e+001
    endloop
  endfacet
  facet normal 1.765042e-002 0.000000e+000 0.000000e+000
    outer loop
      vertex   -3.200000e+002 3.580500e+002 -3.015000e+001
      vertex   -3.200000e+002 3.644761e+002 -2.865541e+001
      vertex   -3.200000e+002 3.642189e+002 -2.859997e+001
    endloop
  endfacet
  facet normal 2.216871e-002 0.000000e+000 0.000000e+000
    outer loop
      vertex   -3.200000e+002 3.580500e+002 -3.015000e+001
      vertex   -3.200000e+002 3.642189e+002 -2.859997e+001
      vertex   -3.200000e+002 3.639673e+002 -2.852292e+001
    endloop
  endfacet
  facet normal 6.055484e-001 0.000000e+000 0.000000e+000
    outer loop
      vertex   -3.200000e+002 3.639673e+002 -2.852292e+001
      vertex   -3.200000e+002 3.637231e+002 -2.842481e+001
      vertex   -3.200000e+002 3.580500e+002 -3.015000e+001
    endloop
  endfacet
  facet normal 3.164252e-002 0.000000e+000 0.000000e+000
    outer loop
      vertex   -3.200000e+002 3.580500e+002 -3.015000e+001
      vertex   -3.200000e+002 3.637231e+002 -2.842481e+001
      vertex   -3.200000e+002 3.634882e+002 -2.830634e+001
    endloop
  endfacet
  facet normal 3.632322e-002 0.000000e+000 0.000000e+000
    outer loop
      vertex   -3.200000e+002 3.580500e+002 -3.015000e+001
      vertex   -3.200000e+002 3.634882e+002 -2.830634e+001
      vertex   -3.200000e+002 3.632641e+002 -2.816838e+001
    endloop
  endfacet
  facet normal 8.414873e-001 0.000000e+000 0.000000e+000
    outer loop
      vertex   -3.200000e+002 3.632641e+002 -2.816838e+001
      vertex   -3.200000e+002 3.630525e+002 -2.801191e+001
      vertex   -3.200000e+002 3.580500e+002 -3.015000e+001
    endloop
  endfacet
  facet normal 4.453904e-002 0.000000e+000 0.000000e+000
    outer loop
      vertex   -3.200000e+002 3.580500e+002 -3.015000e+001
      vertex   -3.200000e+002 3.630525e+002 -2.801191e+001
      vertex   -3.200000e+002 3.628550e+002 -2.783806e+001
    endloop
  endfacet
  facet normal 4.758418e-002 0.000000e+000 0.000000e+000
    outer loop
      vertex   -3.200000e+002 3.580500e+002 -3.015000e+001
      vertex   -3.200000e+002 3.628550e+002 -2.783806e+001
      vertex   -3.200000e+002 3.626729e+002 -2.764809e+001
    endloop
  endfacet
  facet normal 9.832615e-001 0.000000e+000 0.000000e+000
    outer loop
      vertex   -3.200000e+002 3.626729e+002 -2.764809e+001
      vertex   -3.200000e+002 3.625076e+002 -2.744336e+001
      vertex   -3.200000e+002 3.580500e+002 -3.015000e+001
    endloop
  endfacet
  facet normal 5.045621e-002 0.000000e+000 0.000000e+000
    outer loop
      vertex   -3.200000e+002 3.580500e+002 -3.015000e+001
      vertex   -3.200000e+002 3.625076e+002 -2.744336e+001
      vertex   -3.200000e+002 3.623603e+002 -2.722535e+001
    endloop
  endfacet
  facet normal 5.004483e-002 0.000000e+000 0.000000e+000
    outer loop
      vertex   -3.200000e+002 3.580500e+002 -3.015000e+001
      vertex   -3.200000e+002 3.623603e+002 -2.722535e+001
      vertex   -3.200000e+002 3.622319e+002 -2.699563e+001
    endloop
  endfacet
  facet normal 9.755353e-001 0.000000e+000 0.000000e+000
    outer loop
      vertex   -3.200000e+002 3.622319e+002 -2.699563e+001
      vertex   -3.200000e+002 3.621235e+002 -2.675586e+001
      vertex   -3.200000e+002 3.580500e+002 -3.015000e+001
    endloop
  endfacet
  facet normal 4.569316e-002 0.000000e+000 0.000000e+000
    outer loop
      vertex   -3.200000e+002 3.580500e+002 -3.015000e+001
      vertex   -3.200000e+002 3.621235e+002 -2.675586e+001
      vertex   -3.200000e+002 3.620359e+002 -2.650775e+001
    endloop
  endfacet
  facet normal 4.210440e-002 0.000000e+000 0.000000e+000
    outer loop
      vertex   -3.200000e+002 3.580500e+002 -3.015000e+001
      vertex   -3.200000e+002 3.620359e+002 -2.650775e+001
      vertex   -3.200000e+002 3.619696e+002 -2.625311e+001
    endloop
  endfacet
  facet normal 0.000000e+000 -7.071068e-001 -7.071068e-001
    outer loop
      vertex   -3.250000e+002 3.590000e+002 -3.860000e+001
      vertex   -3.200000e+002 3.590000e+002 -3.860000e+001
      vertex   -3.250000e+002 3.560000e+002 -3.560000e+001
    endloop
  endfacet
  facet normal 0.000000e+000 -4.574957e-001 -4.574957e-001
    outer loop
      vertex   -3.250000e+002 3.560000e+002 -3.560000e+001
      vertex   -3.200000e+002 3.590000e+002 -3.860000e+001
      vertex   -3.200000e+002 3.560000e+002 -3.560000e+001
    endloop
  endfacet
  facet normal 0.000000e+000 -1.000000e+000 0.000000e+000
    outer loop
      vertex   -3.200000e+002 3.560000e+002 -3.560000e+001
      vertex   -3.200000e+002 3.560000e+002 -2.460000e+001
      vertex   -3.250000e+002 3.560000e+002 -3.560000e+001
    endloop
  endfacet
  facet normal 0.000000e+000 -4.138029e-001 0.000000e+000
    outer loop
      vertex   -3.250000e+002 3.560000e+002 -3.560000e+001
      vertex   -3.200000e+002 3.560000e+002 -2.460000e+001
      vertex   -3.250000e+002 3.560000e+002 -2.460000e+001
    endloop
  endfacet
  facet normal 0.000000e+000 -7.071068e-001 7.071068e-001
    outer loop
      vertex   -3.200000e+002 3.590000e+002 -2.160000e+001
      vertex   -3.250000e+002 3.590000e+002 -2.160000e+001
      vertex   -3.200000e+002 3.560000e+002 -2.460000e+001
    endloop
  endfacet
  facet normal 0.000000e+000 -4.574957e-001 4.574957e-001
    outer loop
      vertex   -3.200000e+002 3.560000e+002 -2.460000e+001
      vertex   -3.250000e+002 3.590000e+002 -2.160000e+001
      vertex   -3.250000e+002 3.560000e+002 -2.460000e+001
    endloop
  endfacet
  facet normal 0.000000e+000 0.000000e+000 1.000000e+000
    outer loop
      vertex   -3.250000e+002 3.590000e+002 -2.160000e+001
      vertex   -3.200000e+002 3.590000e+002 -2.160000e+001
      vertex   -3.250000e+002 3.710000e+002 -2.160000e+001
    endloop
  endfacet
  facet normal -0.000000e+000 0.000000e+000 9.230769e-001
    outer loop
      vertex   -3.250000e+002 3.710000e+002 -2.160000e+001
      vertex   -3.200000e+002 3.590000e+002 -2.160000e+001
      vertex   -3.200000e+002 3.710000e+002 -2.160000e+001
    endloop
  endfacet
  facet normal -0.000000e+000 7.071068e-001 7.071068e-001
    outer loop
      vertex   -3.250000e+002 3.710000e+002 -2.160000e+001
      vertex   -3.200000e+002 3.710000e+002 -2.160000e+001
      vertex   -3.250000e+002 3.740000e+002 -2.460000e+001
    endloop
  endfacet
  facet normal -0.000000e+000 4.574957e-001 4.574957e-001
    outer loop
      vertex   -3.250000e+002 3.740000e+002 -2.460000e+001
      vertex   -3.200000e+002 3.710000e+002 -2.160000e+001
      vertex   -3.200000e+002 3.740000e+002 -2.460000e+001
    endloop
  endfacet
  facet normal 0.000000e+000 1.000000e+000 0.000000e+000
    outer loop
      vertex   -3.200000e+002 3.740000e+002 -2.460000e+001
      vertex   -3.200000e+002 3.740000e+002 -3.560000e+001
      vertex   -3.250000e+002 3.740000e+002 -2.460000e+001
    endloop
  endfacet
  facet normal 0.000000e+000 4.138029e-001 0.000000e+000
    outer loop
      vertex   -3.250000e+002 3.740000e+002 -2.460000e+001
      vertex   -3.200000e+002 3.740000e+002 -3.560000e+001
      vertex   -3.250000e+002 3.740000e+002 -3.560000e+001
    endloop
  endfacet
  facet normal 0.000000e+000 7.071068e-001 -7.071068e-001
    outer loop
      vertex   -3.200000e+002 3.710000e+002 -3.860000e+001
      vertex   -3.250000e+002 3.710000e+002 -3.860000e+001
      vertex   -3.200000e+002 3.740000e+002 -3.560000e+001
    endloop
  endfacet
  facet normal 0.000000e+000 4.574957e-001 -4.574957e-001
    outer loop
      vertex   -3.200000e+002 3.740000e+002 -3.560000e+001
      vertex   -3.250000e+002 3.710000e+002 -3.860000e+001
      vertex   -3.250000e+002 3.740000e+002 -3.560000e+001
    endloop
  endfacet
  facet normal 8.673617e-019 4.222281e-002 9.940209e-001
    outer loop
      vertex   -3.226000e+002 3.647371e+002 -2.868883e+001
      vertex   -3.200000e+002 3.650000e+002 -2.870000e+001
      vertex   -3.226000e+002 3.650000e+002 -2.870000e+001
    endloop
  endfacet
  facet normal 0.000000e+000 -4.273361e-003 1.006046e-001
    outer loop
      vertex   -3.226000e+002 3.650000e+002 -2.870000e+001
      vertex   -3.200000e+002 3.650000e+002 -2.870000e+001
      vertex   -3.200000e+002 3.652629e+002 -2.868883e+001
    endloop
  endfacet
  facet normal -8.673617e-019 -4.222281e-002 9.940209e-001
    outer loop
      vertex   -3.226000e+002 3.650000e+002 -2.870000e+001
      vertex   -3.200000e+002 3.652629e+002 -2.868883e+001
      vertex   -3.226000e+002 3.652629e+002 -2.868883e+001
    endloop
  endfacet
  facet normal 0.000000e+000 -1.278944e-002 9.986904e-002
    outer loop
      vertex   -3.226000e+002 3.652629e+002 -2.868883e+001
      vertex   -3.200000e+002 3.652629e+002 -2.868883e+001
      vertex   -3.200000e+002 3.655239e+002 -2.865541e+001
    endloop
  endfacet
  facet normal -1.734723e-018 -1.263793e-001 9.868591e-001
    outer loop
      vertex   -3.226000e+002 3.652629e+002 -2.868883e+001
      vertex   -3.200000e+002 3.655239e+002 -2.865541e+001
      vertex   -3.226000e+002 3.655239e+002 -2.865541e+001
    endloop
  endfacet
  facet normal 0.000000e+000 -2.121354e-002 9.843258e-002
    outer loop
      vertex   -3.226000e+002 3.655239e+002 -2.865541e+001
      vertex   -3.200000e+002 3.655239e+002 -2.865541e+001
      vertex   -3.200000e+002 3.657811e+002 -2.859997e+001
    endloop
  endfacet
  facet normal 0.000000e+000 -2.096056e-001 9.725875e-001
    outer loop
      vertex   -3.226000e+002 3.655239e+002 -2.865541e+001
      vertex   -3.200000e+002 3.657811e+002 -2.859997e+001
      vertex   -3.226000e+002 3.657811e+002 -2.859997e+001
    endloop
  endfacet
  facet normal 0.000000e+000 -2.948509e-002 9.628381e-002
    outer loop
      vertex   -3.226000e+002 3.657811e+002 -2.859997e+001
      vertex   -3.200000e+002 3.657811e+002 -2.859997e+001
      vertex   -3.200000e+002 3.660327e+002 -2.852292e+001
    endloop
  endfacet
  facet normal 3.469447e-018 -2.913209e-001 9.513108e-001
    outer loop
      vertex   -3.226000e+002 3.657811e+002 -2.859997e+001
      vertex   -3.200000e+002 3.660327e+002 -2.852292e+001
      vertex   -3.226000e+002 3.660327e+002 -2.852292e+001
    endloop
  endfacet
  facet normal 0.000000e+000 -3.754358e-002 9.342286e-002
    outer loop
      vertex   -3.226000e+002 3.660327e+002 -2.852292e+001
      vertex   -3.200000e+002 3.660327e+002 -2.852292e+001
      vertex   -3.200000e+002 3.662769e+002 -2.842481e+001
    endloop
  endfacet
  facet normal 0.000000e+000 -3.709889e-001 9.231630e-001
    outer loop
      vertex   -3.226000e+002 3.660327e+002 -2.852292e+001
      vertex   -3.200000e+002 3.662769e+002 -2.842481e+001
      vertex   -3.226000e+002 3.662769e+002 -2.842481e+001
    endloop
  endfacet
  facet normal 0.000000e+000 -4.533123e-002 8.990778e-002
    outer loop
      vertex   -3.226000e+002 3.662769e+002 -2.842481e+001
      vertex   -3.200000e+002 3.662769e+002 -2.842481e+001
      vertex   -3.200000e+002 3.665118e+002 -2.830634e+001
    endloop
  endfacet
  facet normal -6.938894e-018 -4.479212e-001 8.883852e-001
    outer loop
      vertex   -3.226000e+002 3.662769e+002 -2.842481e+001
      vertex   -3.200000e+002 3.665118e+002 -2.830634e+001
      vertex   -3.226000e+002 3.665118e+002 -2.830634e+001
    endloop
  endfacet
  facet normal 0.000000e+000 -5.279333e-002 8.575038e-002
    outer loop
      vertex   -3.226000e+002 3.665118e+002 -2.830634e+001
      vertex   -3.200000e+002 3.665118e+002 -2.830634e+001
      vertex   -3.200000e+002 3.667359e+002 -2.816838e+001
    endloop
  endfacet
  facet normal 6.938894e-018 -5.216044e-001 8.472241e-001
    outer loop
      vertex   -3.226000e+002 3.665118e+002 -2.830634e+001
      vertex   -3.200000e+002 3.667359e+002 -2.816838e+001
      vertex   -3.226000e+002 3.667359e+002 -2.816838e+001
    endloop
  endfacet
  facet normal 0.000000e+000 -5.987455e-002 8.095088e-002
    outer loop
      vertex   -3.226000e+002 3.667359e+002 -2.816838e+001
      vertex   -3.200000e+002 3.667359e+002 -2.816838e+001
      vertex   -3.200000e+002 3.669475e+002 -2.801191e+001
    endloop
  endfacet
  facet normal 1.387779e-017 -5.916342e-001 7.998943e-001
    outer loop
      vertex   -3.226000e+002 3.667359e+002 -2.816838e+001
      vertex   -3.200000e+002 3.669475e+002 -2.801191e+001
      vertex   -3.226000e+002 3.669475e+002 -2.801191e+001
    endloop
  endfacet
  facet normal 0.000000e+000 -6.652430e-002 7.559069e-002
    outer loop
      vertex   -3.226000e+002 3.669475e+002 -2.801191e+001
      vertex   -3.200000e+002 3.669475e+002 -2.801191e+001
      vertex   -3.200000e+002 3.671450e+002 -2.783806e+001
    endloop
  endfacet
  facet normal 0.000000e+000 -6.572952e-001 7.468759e-001
    outer loop
      vertex   -3.226000e+002 3.669475e+002 -2.801191e+001
      vertex   -3.200000e+002 3.671450e+002 -2.783806e+001
      vertex   -3.226000e+002 3.671450e+002 -2.783806e+001
    endloop
  endfacet
  facet normal 0.000000e+000 -7.269462e-002 6.967006e-002
    outer loop
      vertex   -3.226000e+002 3.671450e+002 -2.783806e+001
      vertex   -3.200000e+002 3.671450e+002 -2.783806e+001
      vertex   -3.200000e+002 3.673271e+002 -2.764809e+001
    endloop
  endfacet
  facet normal 6.938894e-018 -7.182974e-001 6.884116e-001
    outer loop
      vertex   -3.226000e+002 3.671450e+002 -2.783806e+001
      vertex   -3.200000e+002 3.673271e+002 -2.764809e+001
      vertex   -3.226000e+002 3.673271e+002 -2.764809e+001
    endloop
  endfacet
  facet normal 0.000000e+000 -7.834157e-002 6.325890e-002
    outer loop
      vertex   -3.226000e+002 3.673271e+002 -2.764809e+001
      vertex   -3.200000e+002 3.673271e+002 -2.764809e+001
      vertex   -3.200000e+002 3.674924e+002 -2.744336e+001
    endloop
  endfacet
  facet normal -6.938894e-018 -7.740694e-001 6.250420e-001
    outer loop
      vertex   -3.226000e+002 3.673271e+002 -2.764809e+001
      vertex   -3.200000e+002 3.674924e+002 -2.744336e+001
      vertex   -3.226000e+002 3.674924e+002 -2.744336e+001
    endloop
  endfacet
  facet normal 0.000000e+000 -8.342365e-002 5.638067e-002
    outer loop
      vertex   -3.226000e+002 3.674924e+002 -2.744336e+001
      vertex   -3.200000e+002 3.674924e+002 -2.744336e+001
      vertex   -3.200000e+002 3.676397e+002 -2.722535e+001
    endloop
  endfacet
  facet normal 0.000000e+000 -8.243169e-001 5.571026e-001
    outer loop
      vertex   -3.226000e+002 3.674924e+002 -2.744336e+001
      vertex   -3.200000e+002 3.676397e+002 -2.722535e+001
      vertex   -3.226000e+002 3.676397e+002 -2.722535e+001
    endloop
  endfacet
  facet normal 0.000000e+000 -8.790501e-002 4.910536e-002
    outer loop
      vertex   -3.226000e+002 3.676397e+002 -2.722535e+001
      vertex   -3.200000e+002 3.676397e+002 -2.722535e+001
      vertex   -3.200000e+002 3.677681e+002 -2.699563e+001
    endloop
  endfacet
  facet normal 0.000000e+000 -8.685828e-001 4.852064e-001
    outer loop
      vertex   -3.226000e+002 3.676397e+002 -2.722535e+001
      vertex   -3.200000e+002 3.677681e+002 -2.699563e+001
      vertex   -3.226000e+002 3.677681e+002 -2.699563e+001
    endloop
  endfacet
  facet normal 0.000000e+000 -9.175284e-002 4.147971e-002
    outer loop
      vertex   -3.226000e+002 3.677681e+002 -2.699563e+001
      vertex   -3.200000e+002 3.677681e+002 -2.699563e+001
      vertex   -3.200000e+002 3.678765e+002 -2.675586e+001
    endloop
  endfacet
  facet normal 0.000000e+000 -9.065793e-001 4.098472e-001
    outer loop
      vertex   -3.226000e+002 3.677681e+002 -2.699563e+001
      vertex   -3.200000e+002 3.678765e+002 -2.675586e+001
      vertex   -3.226000e+002 3.678765e+002 -2.675586e+001
    endloop
  endfacet
  facet normal 0.000000e+000 -9.493947e-002 3.353879e-002
    outer loop
      vertex   -3.226000e+002 3.678765e+002 -2.675586e+001
      vertex   -3.200000e+002 3.678765e+002 -2.675586e+001
      vertex   -3.200000e+002 3.679641e+002 -2.650775e+001
    endloop
  endfacet
  facet normal 0.000000e+000 -9.381026e-001 3.313988e-001
    outer loop
      vertex   -3.226000e+002 3.678765e+002 -2.675586e+001
      vertex   -3.200000e+002 3.679641e+002 -2.650775e+001
      vertex   -3.226000e+002 3.679641e+002 -2.650775e+001
    endloop
  endfacet
  facet normal 0.000000e+000 -9.744216e-002 2.537596e-002
    outer loop
      vertex   -3.226000e+002 3.679641e+002 -2.650775e+001
      vertex   -3.200000e+002 3.679641e+002 -2.650775e+001
      vertex   -3.200000e+002 3.680304e+002 -2.625311e+001
    endloop
  endfacet
  facet normal 6.938894e-018 -9.628049e-001 2.507344e-001
    outer loop
      vertex   -3.226000e+002 3.679641e+002 -2.650775e+001
      vertex   -3.200000e+002 3.680304e+002 -2.625311e+001
      vertex   -3.226000e+002 3.680304e+002 -2.625311e+001
    endloop
  endfacet
  facet normal 0.000000e+000 -9.924347e-002 1.701463e-002
    outer loop
      vertex   -3.226000e+002 3.680304e+002 -2.625311e+001
      vertex   -3.200000e+002 3.680304e+002 -2.625311e+001
      vertex   -3.200000e+002 3.680749e+002 -2.599376e+001
    endloop
  endfacet
  facet normal 0.000000e+000 -9.806106e-001 1.681191e-001
    outer loop
      vertex   -3.226000e+002 3.680304e+002 -2.625311e+001
      vertex   -3.200000e+002 3.680749e+002 -2.599376e+001
      vertex   -3.226000e+002 3.680749e+002 -2.599376e+001
    endloop
  endfacet
  facet normal 0.000000e+000 -1.003281e-001 8.536508e-003
    outer loop
      vertex   -3.226000e+002 3.680749e+002 -2.599376e+001
      vertex   -3.200000e+002 3.680749e+002 -2.599376e+001
      vertex   -3.200000e+002 3.680972e+002 -2.573157e+001
    endloop
  endfacet
  facet normal 1.734723e-018 -9.913358e-001 8.434875e-002
    outer loop
      vertex   -3.226000e+002 3.680749e+002 -2.599376e+001
      vertex   -3.200000e+002 3.680972e+002 -2.573157e+001
      vertex   -3.226000e+002 3.680972e+002 -2.573157e+001
    endloop
  endfacet
  facet normal 0.000000e+000 -1.006915e-001 0.000000e+000
    outer loop
      vertex   -3.226000e+002 3.680972e+002 -2.573157e+001
      vertex   -3.200000e+002 3.680972e+002 -2.573157e+001
      vertex   -3.200000e+002 3.680972e+002 -2.546843e+001
    endloop
  endfacet
  facet normal 0.000000e+000 -9.949177e-001 0.000000e+000
    outer loop
      vertex   -3.226000e+002 3.680972e+002 -2.573157e+001
      vertex   -3.200000e+002 3.680972e+002 -2.546843e+001
      vertex   -3.226000e+002 3.680972e+002 -2.546843e+001
    endloop
  endfacet
  facet normal 0.000000e+000 -1.003288e-001 -8.536507e-003
    outer loop
      vertex   -3.226000e+002 3.680972e+002 -2.546843e+001
      vertex   -3.200000e+002 3.680972e+002 -2.546843e+001
      vertex   -3.200000e+002 3.680749e+002 -2.520625e+001
    endloop
  endfacet
  facet normal 0.000000e+000 -9.913358e-001 -8.434813e-002
    outer loop
      vertex   -3.226000e+002 3.680972e+002 -2.546843e+001
      vertex   -3.200000e+002 3.680749e+002 -2.520625e+001
      vertex   -3.226000e+002 3.680749e+002 -2.520625e+001
    endloop
  endfacet
  facet normal 0.000000e+000 -9.924275e-002 -1.701463e-002
    outer loop
      vertex   -3.226000e+002 3.680749e+002 -2.520625e+001
      vertex   -3.200000e+002 3.680749e+002 -2.520625e+001
      vertex   -3.200000e+002 3.680304e+002 -2.494690e+001
    endloop
  endfacet
  facet normal 0.000000e+000 -9.806105e-001 -1.681203e-001
    outer loop
      vertex   -3.226000e+002 3.680749e+002 -2.520625e+001
      vertex   -3.200000e+002 3.680304e+002 -2.494690e+001
      vertex   -3.226000e+002 3.680304e+002 -2.494690e+001
    endloop
  endfacet
  facet normal 0.000000e+000 -9.744216e-002 -2.537596e-002
    outer loop
      vertex   -3.226000e+002 3.680304e+002 -2.494690e+001
      vertex   -3.200000e+002 3.680304e+002 -2.494690e+001
      vertex   -3.200000e+002 3.679641e+002 -2.469225e+001
    endloop
  endfacet
  facet normal -6.938894e-018 -9.628049e-001 -2.507344e-001
    outer loop
      vertex   -3.226000e+002 3.680304e+002 -2.494690e+001
      vertex   -3.200000e+002 3.679641e+002 -2.469225e+001
      vertex   -3.226000e+002 3.679641e+002 -2.469225e+001
    endloop
  endfacet
  facet normal 0.000000e+000 -9.494019e-002 -3.353879e-002
    outer loop
      vertex   -3.226000e+002 3.679641e+002 -2.469225e+001
      vertex   -3.200000e+002 3.679641e+002 -2.469225e+001
      vertex   -3.200000e+002 3.678765e+002 -2.444415e+001
    endloop
  endfacet
  facet normal 0.000000e+000 -9.381033e-001 -3.313965e-001
    outer loop
      vertex   -3.226000e+002 3.679641e+002 -2.469225e+001
      vertex   -3.200000e+002 3.678765e+002 -2.444415e+001
      vertex   -3.226000e+002 3.678765e+002 -2.444415e+001
    endloop
  endfacet
  facet normal 0.000000e+000 -9.175284e-002 -4.147971e-002
    outer loop
      vertex   -3.226000e+002 3.678765e+002 -2.444415e+001
      vertex   -3.200000e+002 3.678765e+002 -2.444415e+001
      vertex   -3.200000e+002 3.677681e+002 -2.420437e+001
    endloop
  endfacet
  facet normal 0.000000e+000 -9.065793e-001 -4.098472e-001
    outer loop
      vertex   -3.226000e+002 3.678765e+002 -2.444415e+001
      vertex   -3.200000e+002 3.677681e+002 -2.420437e+001
      vertex   -3.226000e+002 3.677681e+002 -2.420437e+001
    endloop
  endfacet
  facet normal 0.000000e+000 -8.790501e-002 -4.910536e-002
    outer loop
      vertex   -3.226000e+002 3.677681e+002 -2.420437e+001
      vertex   -3.200000e+002 3.677681e+002 -2.420437e+001
      vertex   -3.200000e+002 3.676397e+002 -2.397465e+001
    endloop
  endfacet
  facet normal 0.000000e+000 -8.685828e-001 -4.852064e-001
    outer loop
      vertex   -3.226000e+002 3.677681e+002 -2.420437e+001
      vertex   -3.200000e+002 3.676397e+002 -2.397465e+001
      vertex   -3.226000e+002 3.676397e+002 -2.397465e+001
    endloop
  endfacet
  facet normal 0.000000e+000 -8.342365e-002 -5.638067e-002
    outer loop
      vertex   -3.226000e+002 3.676397e+002 -2.397465e+001
      vertex   -3.200000e+002 3.676397e+002 -2.397465e+001
      vertex   -3.200000e+002 3.674924e+002 -2.375664e+001
    endloop
  endfacet
  facet normal 0.000000e+000 -8.243169e-001 -5.571026e-001
    outer loop
      vertex   -3.226000e+002 3.676397e+002 -2.397465e+001
      vertex   -3.200000e+002 3.674924e+002 -2.375664e+001
      vertex   -3.226000e+002 3.674924e+002 -2.375664e+001
    endloop
  endfacet
  facet normal 0.000000e+000 -7.834157e-002 -6.325890e-002
    outer loop
      vertex   -3.226000e+002 3.674924e+002 -2.375664e+001
      vertex   -3.200000e+002 3.674924e+002 -2.375664e+001
      vertex   -3.200000e+002 3.673271e+002 -2.355191e+001
    endloop
  endfacet
  facet normal 6.938894e-018 -7.740694e-001 -6.250420e-001
    outer loop
      vertex   -3.226000e+002 3.674924e+002 -2.375664e+001
      vertex   -3.200000e+002 3.673271e+002 -2.355191e+001
      vertex   -3.226000e+002 3.673271e+002 -2.355191e+001
    endloop
  endfacet
  facet normal 0.000000e+000 -7.269462e-002 -6.967006e-002
    outer loop
      vertex   -3.226000e+002 3.673271e+002 -2.355191e+001
      vertex   -3.200000e+002 3.673271e+002 -2.355191e+001
      vertex   -3.200000e+002 3.671450e+002 -2.336194e+001
    endloop
  endfacet
  facet normal -6.938894e-018 -7.182974e-001 -6.884116e-001
    outer loop
      vertex   -3.226000e+002 3.673271e+002 -2.355191e+001
      vertex   -3.200000e+002 3.671450e+002 -2.336194e+001
      vertex   -3.226000e+002 3.671450e+002 -2.336194e+001
    endloop
  endfacet
  facet normal 0.000000e+000 -6.652430e-002 -7.559069e-002
    outer loop
      vertex   -3.226000e+002 3.671450e+002 -2.336194e+001
      vertex   -3.200000e+002 3.671450e+002 -2.336194e+001
      vertex   -3.200000e+002 3.669475e+002 -2.318809e+001
    endloop
  endfacet
  facet normal 0.000000e+000 -6.572952e-001 -7.468759e-001
    outer loop
      vertex   -3.226000e+002 3.671450e+002 -2.336194e+001
      vertex   -3.200000e+002 3.669475e+002 -2.318809e+001
      vertex   -3.226000e+002 3.669475e+002 -2.318809e+001
    endloop
  endfacet
  facet normal 0.000000e+000 -5.987455e-002 -8.095088e-002
    outer loop
      vertex   -3.226000e+002 3.669475e+002 -2.318809e+001
      vertex   -3.200000e+002 3.669475e+002 -2.318809e+001
      vertex   -3.200000e+002 3.667359e+002 -2.303162e+001
    endloop
  endfacet
  facet normal -1.387779e-017 -5.916342e-001 -7.998943e-001
    outer loop
      vertex   -3.226000e+002 3.669475e+002 -2.318809e+001
      vertex   -3.200000e+002 3.667359e+002 -2.303162e+001
      vertex   -3.226000e+002 3.667359e+002 -2.303162e+001
    endloop
  endfacet
  facet normal 0.000000e+000 -5.279260e-002 -8.575039e-002
    outer loop
      vertex   -3.226000e+002 3.667359e+002 -2.303162e+001
      vertex   -3.200000e+002 3.667359e+002 -2.303162e+001
      vertex   -3.200000e+002 3.665118e+002 -2.289366e+001
    endloop
  endfacet
  facet normal -6.938894e-018 -5.215992e-001 -8.472273e-001
    outer loop
      vertex   -3.226000e+002 3.667359e+002 -2.303162e+001
      vertex   -3.200000e+002 3.665118e+002 -2.289366e+001
      vertex   -3.226000e+002 3.665118e+002 -2.289366e+001
    endloop
  endfacet
  facet normal 0.000000e+000 -4.533196e-002 -8.990777e-002
    outer loop
      vertex   -3.226000e+002 3.665118e+002 -2.289366e+001
      vertex   -3.200000e+002 3.665118e+002 -2.289366e+001
      vertex   -3.200000e+002 3.662769e+002 -2.277519e+001
    endloop
  endfacet
  facet normal 0.000000e+000 -4.479269e-001 -8.883823e-001
    outer loop
      vertex   -3.226000e+002 3.665118e+002 -2.289366e+001
      vertex   -3.200000e+002 3.662769e+002 -2.277519e+001
      vertex   -3.226000e+002 3.662769e+002 -2.277519e+001
    endloop
  endfacet
  facet normal 0.000000e+000 -3.754358e-002 -9.342286e-002
    outer loop
      vertex   -3.226000e+002 3.662769e+002 -2.277519e+001
      vertex   -3.200000e+002 3.662769e+002 -2.277519e+001
      vertex   -3.200000e+002 3.660327e+002 -2.267708e+001
    endloop
  endfacet
  facet normal 0.000000e+000 -3.709889e-001 -9.231630e-001
    outer loop
      vertex   -3.226000e+002 3.662769e+002 -2.277519e+001
      vertex   -3.200000e+002 3.660327e+002 -2.267708e+001
      vertex   -3.226000e+002 3.660327e+002 -2.267708e+001
    endloop
  endfacet
  facet normal 0.000000e+000 -2.948436e-002 -9.628381e-002
    outer loop
      vertex   -3.226000e+002 3.660327e+002 -2.267708e+001
      vertex   -3.200000e+002 3.660327e+002 -2.267708e+001
      vertex   -3.200000e+002 3.657811e+002 -2.260003e+001
    endloop
  endfacet
  facet normal 3.469447e-018 -2.913143e-001 -9.513128e-001
    outer loop
      vertex   -3.226000e+002 3.660327e+002 -2.267708e+001
      vertex   -3.200000e+002 3.657811e+002 -2.260003e+001
      vertex   -3.226000e+002 3.657811e+002 -2.260003e+001
    endloop
  endfacet
  facet normal 0.000000e+000 -2.121354e-002 -9.843258e-002
    outer loop
      vertex   -3.226000e+002 3.657811e+002 -2.260003e+001
      vertex   -3.200000e+002 3.657811e+002 -2.260003e+001
      vertex   -3.200000e+002 3.655239e+002 -2.254459e+001
    endloop
  endfacet
  facet normal 0.000000e+000 -2.096056e-001 -9.725875e-001
    outer loop
      vertex   -3.226000e+002 3.657811e+002 -2.260003e+001
      vertex   -3.200000e+002 3.655239e+002 -2.254459e+001
      vertex   -3.226000e+002 3.655239e+002 -2.254459e+001
    endloop
  endfacet
  facet normal 0.000000e+000 -1.278944e-002 -9.986904e-002
    outer loop
      vertex   -3.226000e+002 3.655239e+002 -2.254459e+001
      vertex   -3.200000e+002 3.655239e+002 -2.254459e+001
      vertex   -3.200000e+002 3.652629e+002 -2.251117e+001
    endloop
  endfacet
  facet normal 1.734723e-018 -1.263793e-001 -9.868591e-001
    outer loop
      vertex   -3.226000e+002 3.655239e+002 -2.254459e+001
      vertex   -3.200000e+002 3.652629e+002 -2.251117e+001
      vertex   -3.226000e+002 3.652629e+002 -2.251117e+001
    endloop
  endfacet
  facet normal 0.000000e+000 -4.274091e-003 -1.006046e-001
    outer loop
      vertex   -3.226000e+002 3.652629e+002 -2.251117e+001
      vertex   -3.200000e+002 3.652629e+002 -2.251117e+001
      vertex   -3.200000e+002 3.650000e+002 -2.250000e+001
    endloop
  endfacet
  facet normal -8.673617e-019 -4.223001e-002 -9.940206e-001
    outer loop
      vertex   -3.226000e+002 3.652629e+002 -2.251117e+001
      vertex   -3.200000e+002 3.650000e+002 -2.250000e+001
      vertex   -3.226000e+002 3.650000e+002 -2.250000e+001
    endloop
  endfacet
  facet normal 0.000000e+000 4.274091e-003 -1.006046e-001
    outer loop
      vertex   -3.226000e+002 3.650000e+002 -2.250000e+001
      vertex   -3.200000e+002 3.650000e+002 -2.250000e+001
      vertex   -3.200000e+002 3.647371e+002 -2.251117e+001
    endloop
  endfacet
  facet normal 8.673617e-019 4.223001e-002 -9.940206e-001
    outer loop
      vertex   -3.226000e+002 3.650000e+002 -2.250000e+001
      vertex   -3.200000e+002 3.647371e+002 -2.251117e+001
      vertex   -3.226000e+002 3.647371e+002 -2.251117e+001
    endloop
  endfacet
  facet normal 0.000000e+000 1.278944e-002 -9.986904e-002
    outer loop
      vertex   -3.226000e+002 3.647371e+002 -2.251117e+001
      vertex   -3.200000e+002 3.647371e+002 -2.251117e+001
      vertex   -3.200000e+002 3.644761e+002 -2.254459e+001
    endloop
  endfacet
  facet normal -1.734723e-018 1.263793e-001 -9.868591e-001
    outer loop
      vertex   -3.226000e+002 3.647371e+002 -2.251117e+001
      vertex   -3.200000e+002 3.644761e+002 -2.254459e+001
      vertex   -3.226000e+002 3.644761e+002 -2.254459e+001
    endloop
  endfacet
  facet normal 0.000000e+000 2.121354e-002 -9.843258e-002
    outer loop
      vertex   -3.226000e+002 3.644761e+002 -2.254459e+001
      vertex   -3.200000e+002 3.644761e+002 -2.254459e+001
      vertex   -3.200000e+002 3.642189e+002 -2.260003e+001
    endloop
  endfacet
  facet normal 0.000000e+000 2.096056e-001 -9.725875e-001
    outer loop
      vertex   -3.226000e+002 3.644761e+002 -2.254459e+001
      vertex   -3.200000e+002 3.642189e+002 -2.260003e+001
      vertex   -3.226000e+002 3.642189e+002 -2.260003e+001
    endloop
  endfacet
  facet normal 0.000000e+000 2.948436e-002 -9.628381e-002
    outer loop
      vertex   -3.226000e+002 3.642189e+002 -2.260003e+001
      vertex   -3.200000e+002 3.642189e+002 -2.260003e+001
      vertex   -3.200000e+002 3.639673e+002 -2.267708e+001
    endloop
  endfacet
  facet normal -3.469447e-018 2.913143e-001 -9.513128e-001
    outer loop
      vertex   -3.226000e+002 3.642189e+002 -2.260003e+001
      vertex   -3.200000e+002 3.639673e+002 -2.267708e+001
      vertex   -3.226000e+002 3.639673e+002 -2.267708e+001
    endloop
  endfacet
  facet normal 0.000000e+000 3.754358e-002 -9.342286e-002
    outer loop
      vertex   -3.226000e+002 3.639673e+002 -2.267708e+001
      vertex   -3.200000e+002 3.639673e+002 -2.267708e+001
      vertex   -3.200000e+002 3.637231e+002 -2.277519e+001
    endloop
  endfacet
  facet normal 0.000000e+000 3.709889e-001 -9.231630e-001
    outer loop
      vertex   -3.226000e+002 3.639673e+002 -2.267708e+001
      vertex   -3.200000e+002 3.637231e+002 -2.277519e+001
      vertex   -3.226000e+002 3.637231e+002 -2.277519e+001
    endloop
  endfacet
  facet normal 0.000000e+000 4.533196e-002 -8.990777e-002
    outer loop
      vertex   -3.226000e+002 3.637231e+002 -2.277519e+001
      vertex   -3.200000e+002 3.637231e+002 -2.277519e+001
      vertex   -3.200000e+002 3.634882e+002 -2.289366e+001
    endloop
  endfacet
  facet normal 0.000000e+000 4.479269e-001 -8.883823e-001
    outer loop
      vertex   -3.226000e+002 3.637231e+002 -2.277519e+001
      vertex   -3.200000e+002 3.634882e+002 -2.289366e+001
      vertex   -3.226000e+002 3.634882e+002 -2.289366e+001
    endloop
  endfacet
  facet normal 0.000000e+000 5.279260e-002 -8.575039e-002
    outer loop
      vertex   -3.226000e+002 3.634882e+002 -2.289366e+001
      vertex   -3.200000e+002 3.634882e+002 -2.289366e+001
      vertex   -3.200000e+002 3.632641e+002 -2.303162e+001
    endloop
  endfacet
  facet normal 6.938894e-018 5.215992e-001 -8.472273e-001
    outer loop
      vertex   -3.226000e+002 3.634882e+002 -2.289366e+001
      vertex   -3.200000e+002 3.632641e+002 -2.303162e+001
      vertex   -3.226000e+002 3.632641e+002 -2.303162e+001
    endloop
  endfacet
  facet normal 0.000000e+000 5.987455e-002 -8.095088e-002
    outer loop
      vertex   -3.226000e+002 3.632641e+002 -2.303162e+001
      vertex   -3.200000e+002 3.632641e+002 -2.303162e+001
      vertex   -3.200000e+002 3.630525e+002 -2.318809e+001
    endloop
  endfacet
  facet normal 1.387779e-017 5.916342e-001 -7.998943e-001
    outer loop
      vertex   -3.226000e+002 3.632641e+002 -2.303162e+001
      vertex   -3.200000e+002 3.630525e+002 -2.318809e+001
      vertex   -3.226000e+002 3.630525e+002 -2.318809e+001
    endloop
  endfacet
  facet normal 0.000000e+000 6.652430e-002 -7.559069e-002
    outer loop
      vertex   -3.226000e+002 3.630525e+002 -2.318809e+001
      vertex   -3.200000e+002 3.630525e+002 -2.318809e+001
      vertex   -3.200000e+002 3.628550e+002 -2.336194e+001
    endloop
  endfacet
  facet normal 0.000000e+000 6.572952e-001 -7.468759e-001
    outer loop
      vertex   -3.226000e+002 3.630525e+002 -2.318809e+001
      vertex   -3.200000e+002 3.628550e+002 -2.336194e+001
      vertex   -3.226000e+002 3.628550e+002 -2.336194e+001
    endloop
  endfacet
  facet normal 0.000000e+000 7.269462e-002 -6.967006e-002
    outer loop
      vertex   -3.226000e+002 3.628550e+002 -2.336194e+001
      vertex   -3.200000e+002 3.628550e+002 -2.336194e+001
      vertex   -3.200000e+002 3.626729e+002 -2.355191e+001
    endloop
  endfacet
  facet normal 6.938894e-018 7.182974e-001 -6.884116e-001
    outer loop
      vertex   -3.226000e+002 3.628550e+002 -2.336194e+001
      vertex   -3.200000e+002 3.626729e+002 -2.355191e+001
      vertex   -3.226000e+002 3.626729e+002 -2.355191e+001
    endloop
  endfacet
  facet normal 0.000000e+000 7.834157e-002 -6.325890e-002
    outer loop
      vertex   -3.226000e+002 3.626729e+002 -2.355191e+001
      vertex   -3.200000e+002 3.626729e+002 -2.355191e+001
      vertex   -3.200000e+002 3.625076e+002 -2.375664e+001
    endloop
  endfacet
  facet normal -6.938894e-018 7.740694e-001 -6.250420e-001
    outer loop
      vertex   -3.226000e+002 3.626729e+002 -2.355191e+001
      vertex   -3.200000e+002 3.625076e+002 -2.375664e+001
      vertex   -3.226000e+002 3.625076e+002 -2.375664e+001
    endloop
  endfacet
  facet normal 0.000000e+000 8.342365e-002 -5.638067e-002
    outer loop
      vertex   -3.226000e+002 3.625076e+002 -2.375664e+001
      vertex   -3.200000e+002 3.625076e+002 -2.375664e+001
      vertex   -3.200000e+002 3.623603e+002 -2.397465e+001
    endloop
  endfacet
  facet normal 0.000000e+000 8.243169e-001 -5.571026e-001
    outer loop
      vertex   -3.226000e+002 3.625076e+002 -2.375664e+001
      vertex   -3.200000e+002 3.623603e+002 -2.397465e+001
      vertex   -3.226000e+002 3.623603e+002 -2.397465e+001
    endloop
  endfacet
  facet normal 0.000000e+000 8.790501e-002 -4.910536e-002
    outer loop
      vertex   -3.226000e+002 3.623603e+002 -2.397465e+001
      vertex   -3.200000e+002 3.623603e+002 -2.397465e+001
      vertex   -3.200000e+002 3.622319e+002 -2.420437e+001
    endloop
  endfacet
  facet normal 0.000000e+000 8.685828e-001 -4.852064e-001
    outer loop
      vertex   -3.226000e+002 3.623603e+002 -2.397465e+001
      vertex   -3.200000e+002 3.622319e+002 -2.420437e+001
      vertex   -3.226000e+002 3.622319e+002 -2.420437e+001
    endloop
  endfacet
  facet normal 0.000000e+000 9.175284e-002 -4.147971e-002
    outer loop
      vertex   -3.226000e+002 3.622319e+002 -2.420437e+001
      vertex   -3.200000e+002 3.622319e+002 -2.420437e+001
      vertex   -3.200000e+002 3.621235e+002 -2.444415e+001
    endloop
  endfacet
  facet normal 0.000000e+000 9.065793e-001 -4.098472e-001
    outer loop
      vertex   -3.226000e+002 3.622319e+002 -2.420437e+001
      vertex   -3.200000e+002 3.621235e+002 -2.444415e+001
      vertex   -3.226000e+002 3.621235e+002 -2.444415e+001
    endloop
  endfacet
  facet normal 0.000000e+000 9.494019e-002 -3.353879e-002
    outer loop
      vertex   -3.226000e+002 3.621235e+002 -2.444415e+001
      vertex   -3.200000e+002 3.621235e+002 -2.444415e+001
      vertex   -3.200000e+002 3.620359e+002 -2.469225e+001
    endloop
  endfacet
  facet normal 0.000000e+000 9.381033e-001 -3.313965e-001
    outer loop
      vertex   -3.226000e+002 3.621235e+002 -2.444415e+001
      vertex   -3.200000e+002 3.620359e+002 -2.469225e+001
      vertex   -3.226000e+002 3.620359e+002 -2.469225e+001
    endloop
  endfacet
  facet normal 0.000000e+000 9.744216e-002 -2.537596e-002
    outer loop
      vertex   -3.226000e+002 3.620359e+002 -2.469225e+001
      vertex   -3.200000e+002 3.620359e+002 -2.469225e+001
      vertex   -3.200000e+002 3.619696e+002 -2.494690e+001
    endloop
  endfacet
  facet normal 6.938894e-018 9.628049e-001 -2.507344e-001
    outer loop
      vertex   -3.226000e+002 3.620359e+002 -2.469225e+001
      vertex   -3.200000e+002 3.619696e+002 -2.494690e+001
      vertex   -3.226000e+002 3.619696e+002 -2.494690e+001
    endloop
  endfacet
  facet normal 0.000000e+000 9.924275e-002 -1.701463e-002
    outer loop
      vertex   -3.226000e+002 3.619696e+002 -2.494690e+001
      vertex   -3.200000e+002 3.619696e+002 -2.494690e+001
      vertex   -3.200000e+002 3.619251e+002 -2.520625e+001
    endloop
  endfacet
  facet normal 0.000000e+000 9.806105e-001 -1.681203e-001
    outer loop
      vertex   -3.226000e+002 3.619696e+002 -2.494690e+001
      vertex   -3.200000e+002 3.619251e+002 -2.520625e+001
      vertex   -3.226000e+002 3.619251e+002 -2.520625e+001
    endloop
  endfacet
  facet normal 0.000000e+000 1.003288e-001 -8.536507e-003
    outer loop
      vertex   -3.226000e+002 3.619251e+002 -2.520625e+001
      vertex   -3.200000e+002 3.619251e+002 -2.520625e+001
      vertex   -3.200000e+002 3.619028e+002 -2.546843e+001
    endloop
  endfacet
  facet normal 0.000000e+000 9.913358e-001 -8.434813e-002
    outer loop
      vertex   -3.226000e+002 3.619251e+002 -2.520625e+001
      vertex   -3.200000e+002 3.619028e+002 -2.546843e+001
      vertex   -3.226000e+002 3.619028e+002 -2.546843e+001
    endloop
  endfacet
  facet normal -0.000000e+000 1.006915e-001 0.000000e+000
    outer loop
      vertex   -3.226000e+002 3.619028e+002 -2.546843e+001
      vertex   -3.200000e+002 3.619028e+002 -2.546843e+001
      vertex   -3.200000e+002 3.619028e+002 -2.573157e+001
    endloop
  endfacet
  facet normal 0.000000e+000 9.949177e-001 0.000000e+000
    outer loop
      vertex   -3.226000e+002 3.619028e+002 -2.546843e+001
      vertex   -3.200000e+002 3.619028e+002 -2.573157e+001
      vertex   -3.226000e+002 3.619028e+002 -2.573157e+001
    endloop
  endfacet
  facet normal -0.000000e+000 1.003281e-001 8.536508e-003
    outer loop
      vertex   -3.226000e+002 3.619028e+002 -2.573157e+001
      vertex   -3.200000e+002 3.619028e+002 -2.573157e+001
      vertex   -3.200000e+002 3.619251e+002 -2.599376e+001
    endloop
  endfacet
  facet normal -1.734723e-018 9.913358e-001 8.434875e-002
    outer loop
      vertex   -3.226000e+002 3.619028e+002 -2.573157e+001
      vertex   -3.200000e+002 3.619251e+002 -2.599376e+001
      vertex   -3.226000e+002 3.619251e+002 -2.599376e+001
    endloop
  endfacet
  facet normal -0.000000e+000 9.924347e-002 1.701463e-002
    outer loop
      vertex   -3.226000e+002 3.619251e+002 -2.599376e+001
      vertex   -3.200000e+002 3.619251e+002 -2.599376e+001
      vertex   -3.200000e+002 3.619696e+002 -2.625311e+001
    endloop
  endfacet
  facet normal 0.000000e+000 9.806106e-001 1.681191e-001
    outer loop
      vertex   -3.226000e+002 3.619251e+002 -2.599376e+001
      vertex   -3.200000e+002 3.619696e+002 -2.625311e+001
      vertex   -3.226000e+002 3.619696e+002 -2.625311e+001
    endloop
  endfacet
  facet normal -0.000000e+000 9.744216e-002 2.537596e-002
    outer loop
      vertex   -3.226000e+002 3.619696e+002 -2.625311e+001
      vertex   -3.200000e+002 3.619696e+002 -2.625311e+001
      vertex   -3.200000e+002 3.620359e+002 -2.650775e+001
    endloop
  endfacet
  facet normal -6.938894e-018 9.628049e-001 2.507344e-001
    outer loop
      vertex   -3.226000e+002 3.619696e+002 -2.625311e+001
      vertex   -3.200000e+002 3.620359e+002 -2.650775e+001
      vertex   -3.226000e+002 3.620359e+002 -2.650775e+001
    endloop
  endfacet
  facet normal -0.000000e+000 9.493947e-002 3.353879e-002
    outer loop
      vertex   -3.226000e+002 3.620359e+002 -2.650775e+001
      vertex   -3.200000e+002 3.620359e+002 -2.650775e+001
      vertex   -3.200000e+002 3.621235e+002 -2.675586e+001
    endloop
  endfacet
  facet normal 0.000000e+000 9.381026e-001 3.313988e-001
    outer loop
      vertex   -3.226000e+002 3.620359e+002 -2.650775e+001
      vertex   -3.200000e+002 3.621235e+002 -2.675586e+001
      vertex   -3.226000e+002 3.621235e+002 -2.675586e+001
    endloop
  endfacet
  facet normal -0.000000e+000 9.175284e-002 4.147971e-002
    outer loop
      vertex   -3.226000e+002 3.621235e+002 -2.675586e+001
      vertex   -3.200000e+002 3.621235e+002 -2.675586e+001
      vertex   -3.200000e+002 3.622319e+002 -2.699563e+001
    endloop
  endfacet
  facet normal 0.000000e+000 9.065793e-001 4.098472e-001
    outer loop
      vertex   -3.226000e+002 3.621235e+002 -2.675586e+001
      vertex   -3.200000e+002 3.622319e+002 -2.699563e+001
      vertex   -3.226000e+002 3.622319e+002 -2.699563e+001
    endloop
  endfacet
  facet normal -0.000000e+000 8.790501e-002 4.910536e-002
    outer loop
      vertex   -3.226000e+002 3.622319e+002 -2.699563e+001
      vertex   -3.200000e+002 3.622319e+002 -2.699563e+001
      vertex   -3.200000e+002 3.623603e+002 -2.722535e+001
    endloop
  endfacet
  facet normal 0.000000e+000 8.685828e-001 4.852064e-001
    outer loop
      vertex   -3.226000e+002 3.622319e+002 -2.699563e+001
      vertex   -3.200000e+002 3.623603e+002 -2.722535e+001
      vertex   -3.226000e+002 3.623603e+002 -2.722535e+001
    endloop
  endfacet
  facet normal -0.000000e+000 8.342365e-002 5.638067e-002
    outer loop
      vertex   -3.226000e+002 3.623603e+002 -2.722535e+001
      vertex   -3.200000e+002 3.623603e+002 -2.722535e+001
      vertex   -3.200000e+002 3.625076e+002 -2.744336e+001
    endloop
  endfacet
  facet normal 0.000000e+000 8.243169e-001 5.571026e-001
    outer loop
      vertex   -3.226000e+002 3.623603e+002 -2.722535e+001
      vertex   -3.200000e+002 3.625076e+002 -2.744336e+001
      vertex   -3.226000e+002 3.625076e+002 -2.744336e+001
    endloop
  endfacet
  facet normal -0.000000e+000 7.834157e-002 6.325890e-002
    outer loop
      vertex   -3.226000e+002 3.625076e+002 -2.744336e+001
      vertex   -3.200000e+002 3.625076e+002 -2.744336e+001
      vertex   -3.200000e+002 3.626729e+002 -2.764809e+001
    endloop
  endfacet
  facet normal 6.938894e-018 7.740694e-001 6.250420e-001
    outer loop
      vertex   -3.226000e+002 3.625076e+002 -2.744336e+001
      vertex   -3.200000e+002 3.626729e+002 -2.764809e+001
      vertex   -3.226000e+002 3.626729e+002 -2.764809e+001
    endloop
  endfacet
  facet normal -0.000000e+000 7.269462e-002 6.967006e-002
    outer loop
      vertex   -3.226000e+002 3.626729e+002 -2.764809e+001
      vertex   -3.200000e+002 3.626729e+002 -2.764809e+001
      vertex   -3.200000e+002 3.628550e+002 -2.783806e+001
    endloop
  endfacet
  facet normal -6.938894e-018 7.182974e-001 6.884116e-001
    outer loop
      vertex   -3.226000e+002 3.626729e+002 -2.764809e+001
      vertex   -3.200000e+002 3.628550e+002 -2.783806e+001
      vertex   -3.226000e+002 3.628550e+002 -2.783806e+001
    endloop
  endfacet
  facet normal -0.000000e+000 6.652430e-002 7.559069e-002
    outer loop
      vertex   -3.226000e+002 3.628550e+002 -2.783806e+001
      vertex   -3.200000e+002 3.628550e+002 -2.783806e+001
      vertex   -3.200000e+002 3.630525e+002 -2.801191e+001
    endloop
  endfacet
  facet normal 0.000000e+000 6.572952e-001 7.468759e-001
    outer loop
      vertex   -3.226000e+002 3.628550e+002 -2.783806e+001
      vertex   -3.200000e+002 3.630525e+002 -2.801191e+001
      vertex   -3.226000e+002 3.630525e+002 -2.801191e+001
    endloop
  endfacet
  facet normal -0.000000e+000 5.987455e-002 8.095088e-002
    outer loop
      vertex   -3.226000e+002 3.630525e+002 -2.801191e+001
      vertex   -3.200000e+002 3.630525e+002 -2.801191e+001
      vertex   -3.200000e+002 3.632641e+002 -2.816838e+001
    endloop
  endfacet
  facet normal -1.387779e-017 5.916342e-001 7.998943e-001
    outer loop
      vertex   -3.226000e+002 3.630525e+002 -2.801191e+001
      vertex   -3.200000e+002 3.632641e+002 -2.816838e+001
      vertex   -3.226000e+002 3.632641e+002 -2.816838e+001
    endloop
  endfacet
  facet normal -0.000000e+000 5.279333e-002 8.575038e-002
    outer loop
      vertex   -3.226000e+002 3.632641e+002 -2.816838e+001
      vertex   -3.200000e+002 3.632641e+002 -2.816838e+001
      vertex   -3.200000e+002 3.634882e+002 -2.830634e+001
    endloop
  endfacet
  facet normal -6.938894e-018 5.216044e-001 8.472241e-001
    outer loop
      vertex   -3.226000e+002 3.632641e+002 -2.816838e+001
      vertex   -3.200000e+002 3.634882e+002 -2.830634e+001
      vertex   -3.226000e+002 3.634882e+002 -2.830634e+001
    endloop
  endfacet
  facet normal -0.000000e+000 4.533123e-002 8.990778e-002
    outer loop
      vertex   -3.226000e+002 3.634882e+002 -2.830634e+001
      vertex   -3.200000e+002 3.634882e+002 -2.830634e+001
      vertex   -3.200000e+002 3.637231e+002 -2.842481e+001
    endloop
  endfacet
  facet normal 6.938894e-018 4.479212e-001 8.883852e-001
    outer loop
      vertex   -3.226000e+002 3.634882e+002 -2.830634e+001
      vertex   -3.200000e+002 3.637231e+002 -2.842481e+001
      vertex   -3.226000e+002 3.637231e+002 -2.842481e+001
    endloop
  endfacet
  facet normal -0.000000e+000 3.754358e-002 9.342286e-002
    outer loop
      vertex   -3.226000e+002 3.637231e+002 -2.842481e+001
      vertex   -3.200000e+002 3.637231e+002 -2.842481e+001
      vertex   -3.200000e+002 3.639673e+002 -2.852292e+001
    endloop
  endfacet
  facet normal 0.000000e+000 3.709889e-001 9.231630e-001
    outer loop
      vertex   -3.226000e+002 3.637231e+002 -2.842481e+001
      vertex   -3.200000e+002 3.639673e+002 -2.852292e+001
      vertex   -3.226000e+002 3.639673e+002 -2.852292e+001
    endloop
  endfacet
  facet normal -0.000000e+000 2.948509e-002 9.628381e-002
    outer loop
      vertex   -3.226000e+002 3.639673e+002 -2.852292e+001
      vertex   -3.200000e+002 3.639673e+002 -2.852292e+001
      vertex   -3.200000e+002 3.642189e+002 -2.859997e+001
    endloop
  endfacet
  facet normal -3.469447e-018 2.913209e-001 9.513108e-001
    outer loop
      vertex   -3.226000e+002 3.639673e+002 -2.852292e+001
      vertex   -3.200000e+002 3.642189e+002 -2.859997e+001
      vertex   -3.226000e+002 3.642189e+002 -2.859997e+001
    endloop
  endfacet
  facet normal -0.000000e+000 2.121354e-002 9.843258e-002
    outer loop
      vertex   -3.226000e+002 3.642189e+002 -2.859997e+001
      vertex   -3.200000e+002 3.642189e+002 -2.859997e+001
      vertex   -3.200000e+002 3.644761e+002 -2.865541e+001
    endloop
  endfacet
  facet normal 0.000000e+000 2.096056e-001 9.725875e-001
    outer loop
      vertex   -3.226000e+002 3.642189e+002 -2.859997e+001
      vertex   -3.200000e+002 3.644761e+002 -2.865541e+001
      vertex   -3.226000e+002 3.644761e+002 -2.865541e+001
    endloop
  endfacet
  facet normal -0.000000e+000 1.278944e-002 9.986904e-002
    outer loop
      vertex   -3.226000e+002 3.644761e+002 -2.865541e+001
      vertex   -3.200000e+002 3.644761e+002 -2.865541e+001
      vertex   -3.200000e+002 3.647371e+002 -2.868883e+001
    endloop
  endfacet
  facet normal 1.734723e-018 1.263793e-001 9.868591e-001
    outer loop
      vertex   -3.226000e+002 3.644761e+002 -2.865541e+001
      vertex   -3.200000e+002 3.647371e+002 -2.868883e+001
      vertex   -3.226000e+002 3.647371e+002 -2.868883e+001
    endloop
  endfacet
  facet normal -0.000000e+000 4.273361e-003 1.006046e-001
    outer loop
      vertex   -3.226000e+002 3.647371e+002 -2.868883e+001
      vertex   -3.200000e+002 3.647371e+002 -2.868883e+001
      vertex   -3.200000e+002 3.650000e+002 -2.870000e+001
    endloop
  endfacet
  facet normal 9.990991e-001 0.000000e+000 -0.000000e+000
    outer loop
      vertex   -3.226000e+002 3.652629e+002 -2.868883e+001
      vertex   -3.226000e+002 3.652629e+002 -2.251117e+001
      vertex   -3.226000e+002 3.650000e+002 -2.870000e+001
    endloop
  endfacet
  facet normal 4.244291e-002 0.000000e+000 0.000000e+000
    outer loop
      vertex   -3.226000e+002 3.650000e+002 -2.870000e+001
      vertex   -3.226000e+002 3.652629e+002 -2.251117e+001
      vertex   -3.226000e+002 3.650000e+002 -2.250000e+001
    endloop
  endfacet
  facet normal 9.990991e-001 0.000000e+000 -0.000000e+000
    outer loop
      vertex   -3.226000e+002 3.650000e+002 -2.870000e+001
      vertex   -3.226000e+002 3.650000e+002 -2.250000e+001
      vertex   -3.226000e+002 3.647371e+002 -2.868883e+001
    endloop
  endfacet
  facet normal 4.244290e-002 0.000000e+000 0.000000e+000
    outer loop
      vertex   -3.226000e+002 3.647371e+002 -2.868883e+001
      vertex   -3.226000e+002 3.650000e+002 -2.250000e+001
      vertex   -3.226000e+002 3.647371e+002 -2.251117e+001
    endloop
  endfacet
  facet normal 9.918995e-001 0.000000e+000 -0.000000e+000
    outer loop
      vertex   -3.226000e+002 3.647371e+002 -2.868883e+001
      vertex   -3.226000e+002 3.647371e+002 -2.251117e+001
      vertex   -3.226000e+002 3.644761e+002 -2.865541e+001
    endloop
  endfacet
  facet normal 4.243831e-002 0.000000e+000 0.000000e+000
    outer loop
      vertex   -3.226000e+002 3.644761e+002 -2.865541e+001
      vertex   -3.226000e+002 3.647371e+002 -2.251117e+001
      vertex   -3.226000e+002 3.644761e+002 -2.254459e+001
    endloop
  endfacet
  facet normal 9.775559e-001 0.000000e+000 -0.000000e+000
    outer loop
      vertex   -3.226000e+002 3.644761e+002 -2.865541e+001
      vertex   -3.226000e+002 3.644761e+002 -2.254459e+001
      vertex   -3.226000e+002 3.642189e+002 -2.859997e+001
    endloop
  endfacet
  facet normal 4.244173e-002 0.000000e+000 0.000000e+000
    outer loop
      vertex   -3.226000e+002 3.642189e+002 -2.859997e+001
      vertex   -3.226000e+002 3.644761e+002 -2.254459e+001
      vertex   -3.226000e+002 3.642189e+002 -2.260003e+001
    endloop
  endfacet
  facet normal 9.561709e-001 0.000000e+000 -0.000000e+000
    outer loop
      vertex   -3.226000e+002 3.642189e+002 -2.859997e+001
      vertex   -3.226000e+002 3.642189e+002 -2.260003e+001
      vertex   -3.226000e+002 3.639673e+002 -2.852292e+001
    endloop
  endfacet
  facet normal 4.244391e-002 0.000000e+000 0.000000e+000
    outer loop
      vertex   -3.226000e+002 3.639673e+002 -2.852292e+001
      vertex   -3.226000e+002 3.642189e+002 -2.260003e+001
      vertex   -3.226000e+002 3.639673e+002 -2.267708e+001
    endloop
  endfacet
  facet normal 9.278781e-001 0.000000e+000 -0.000000e+000
    outer loop
      vertex   -3.226000e+002 3.639673e+002 -2.852292e+001
      vertex   -3.226000e+002 3.639673e+002 -2.267708e+001
      vertex   -3.226000e+002 3.637231e+002 -2.842481e+001
    endloop
  endfacet
  facet normal 4.243775e-002 0.000000e+000 0.000000e+000
    outer loop
      vertex   -3.226000e+002 3.637231e+002 -2.842481e+001
      vertex   -3.226000e+002 3.639673e+002 -2.267708e+001
      vertex   -3.226000e+002 3.637231e+002 -2.277519e+001
    endloop
  endfacet
  facet normal 8.929231e-001 0.000000e+000 -0.000000e+000
    outer loop
      vertex   -3.226000e+002 3.637231e+002 -2.842481e+001
      vertex   -3.226000e+002 3.637231e+002 -2.277519e+001
      vertex   -3.226000e+002 3.634882e+002 -2.830634e+001
    endloop
  endfacet
  facet normal 4.244018e-002 0.000000e+000 0.000000e+000
    outer loop
      vertex   -3.226000e+002 3.634882e+002 -2.830634e+001
      vertex   -3.226000e+002 3.637231e+002 -2.277519e+001
      vertex   -3.226000e+002 3.634882e+002 -2.289366e+001
    endloop
  endfacet
  facet normal 8.515525e-001 0.000000e+000 -0.000000e+000
    outer loop
      vertex   -3.226000e+002 3.634882e+002 -2.830634e+001
      vertex   -3.226000e+002 3.634882e+002 -2.289366e+001
      vertex   -3.226000e+002 3.632641e+002 -2.816838e+001
    endloop
  endfacet
  facet normal 4.244557e-002 0.000000e+000 0.000000e+000
    outer loop
      vertex   -3.226000e+002 3.632641e+002 -2.816838e+001
      vertex   -3.226000e+002 3.634882e+002 -2.289366e+001
      vertex   -3.226000e+002 3.632641e+002 -2.303162e+001
    endloop
  endfacet
  facet normal 8.039801e-001 0.000000e+000 -0.000000e+000
    outer loop
      vertex   -3.226000e+002 3.632641e+002 -2.816838e+001
      vertex   -3.226000e+002 3.632641e+002 -2.303162e+001
      vertex   -3.226000e+002 3.630525e+002 -2.801191e+001
    endloop
  endfacet
  facet normal 4.243873e-002 0.000000e+000 0.000000e+000
    outer loop
      vertex   -3.226000e+002 3.630525e+002 -2.801191e+001
      vertex   -3.226000e+002 3.632641e+002 -2.303162e+001
      vertex   -3.226000e+002 3.630525e+002 -2.318809e+001
    endloop
  endfacet
  facet normal 7.506914e-001 0.000000e+000 -0.000000e+000
    outer loop
      vertex   -3.226000e+002 3.630525e+002 -2.801191e+001
      vertex   -3.226000e+002 3.630525e+002 -2.318809e+001
      vertex   -3.226000e+002 3.628550e+002 -2.783806e+001
    endloop
  endfacet
  facet normal 4.244373e-002 0.000000e+000 0.000000e+000
    outer loop
      vertex   -3.226000e+002 3.628550e+002 -2.783806e+001
      vertex   -3.226000e+002 3.630525e+002 -2.318809e+001
      vertex   -3.226000e+002 3.628550e+002 -2.336194e+001
    endloop
  endfacet
  facet normal 6.919280e-001 0.000000e+000 -0.000000e+000
    outer loop
      vertex   -3.226000e+002 3.628550e+002 -2.783806e+001
      vertex   -3.226000e+002 3.628550e+002 -2.336194e+001
      vertex   -3.226000e+002 3.626729e+002 -2.764809e+001
    endloop
  endfacet
  facet normal 4.243986e-002 0.000000e+000 0.000000e+000
    outer loop
      vertex   -3.226000e+002 3.626729e+002 -2.764809e+001
      vertex   -3.226000e+002 3.628550e+002 -2.336194e+001
      vertex   -3.226000e+002 3.626729e+002 -2.355191e+001
    endloop
  endfacet
  facet normal 6.282350e-001 0.000000e+000 -0.000000e+000
    outer loop
      vertex   -3.226000e+002 3.626729e+002 -2.764809e+001
      vertex   -3.226000e+002 3.626729e+002 -2.355191e+001
      vertex   -3.226000e+002 3.625076e+002 -2.744336e+001
    endloop
  endfacet
  facet normal 4.244293e-002 0.000000e+000 0.000000e+000
    outer loop
      vertex   -3.226000e+002 3.625076e+002 -2.744336e+001
      vertex   -3.226000e+002 3.626729e+002 -2.355191e+001
      vertex   -3.226000e+002 3.625076e+002 -2.375664e+001
    endloop
  endfacet
  facet normal 5.599483e-001 0.000000e+000 -0.000000e+000
    outer loop
      vertex   -3.226000e+002 3.625076e+002 -2.744336e+001
      vertex   -3.226000e+002 3.625076e+002 -2.375664e+001
      vertex   -3.226000e+002 3.623603e+002 -2.722535e+001
    endloop
  endfacet
  facet normal 4.243822e-002 0.000000e+000 0.000000e+000
    outer loop
      vertex   -3.226000e+002 3.623603e+002 -2.722535e+001
      vertex   -3.226000e+002 3.625076e+002 -2.375664e+001
      vertex   -3.226000e+002 3.623603e+002 -2.397465e+001
    endloop
  endfacet
  facet normal 4.876849e-001 0.000000e+000 -0.000000e+000
    outer loop
      vertex   -3.226000e+002 3.623603e+002 -2.722535e+001
      vertex   -3.226000e+002 3.623603e+002 -2.397465e+001
      vertex   -3.226000e+002 3.622319e+002 -2.699563e+001
    endloop
  endfacet
  facet normal 4.244007e-002 0.000000e+000 0.000000e+000
    outer loop
      vertex   -3.226000e+002 3.622319e+002 -2.699563e+001
      vertex   -3.226000e+002 3.623603e+002 -2.397465e+001
      vertex   -3.226000e+002 3.622319e+002 -2.420437e+001
    endloop
  endfacet
  facet normal 4.119409e-001 0.000000e+000 -0.000000e+000
    outer loop
      vertex   -3.226000e+002 3.622319e+002 -2.699563e+001
      vertex   -3.226000e+002 3.622319e+002 -2.420437e+001
      vertex   -3.226000e+002 3.621235e+002 -2.675586e+001
    endloop
  endfacet
  facet normal 4.244613e-002 0.000000e+000 0.000000e+000
    outer loop
      vertex   -3.226000e+002 3.621235e+002 -2.675586e+001
      vertex   -3.226000e+002 3.622319e+002 -2.420437e+001
      vertex   -3.226000e+002 3.621235e+002 -2.444415e+001
    endloop
  endfacet
  facet normal 3.330916e-001 0.000000e+000 -0.000000e+000
    outer loop
      vertex   -3.226000e+002 3.621235e+002 -2.675586e+001
      vertex   -3.226000e+002 3.621235e+002 -2.444415e+001
      vertex   -3.226000e+002 3.620359e+002 -2.650775e+001
    endloop
  endfacet
  facet normal 4.243423e-002 0.000000e+000 0.000000e+000
    outer loop
      vertex   -3.226000e+002 3.620359e+002 -2.650775e+001
      vertex   -3.226000e+002 3.621235e+002 -2.444415e+001
      vertex   -3.226000e+002 3.620359e+002 -2.469225e+001
    endloop
  endfacet
  facet normal 2.520153e-001 0.000000e+000 -0.000000e+000
    outer loop
      vertex   -3.226000e+002 3.620359e+002 -2.650775e+001
      vertex   -3.226000e+002 3.620359e+002 -2.469225e+001
      vertex   -3.226000e+002 3.619696e+002 -2.625311e+001
    endloop
  endfacet
  facet normal 4.244782e-002 0.000000e+000 0.000000e+000
    outer loop
      vertex   -3.226000e+002 3.619696e+002 -2.625311e+001
      vertex   -3.226000e+002 3.620359e+002 -2.469225e+001
      vertex   -3.226000e+002 3.619696e+002 -2.494690e+001
    endloop
  endfacet
  facet normal 1.689779e-001 0.000000e+000 -0.000000e+000
    outer loop
      vertex   -3.226000e+002 3.619696e+002 -2.625311e+001
      vertex   -3.226000e+002 3.619696e+002 -2.494690e+001
      vertex   -3.226000e+002 3.619251e+002 -2.599376e+001
    endloop
  endfacet
  facet normal 4.243554e-002 0.000000e+000 0.000000e+000
    outer loop
      vertex   -3.226000e+002 3.619251e+002 -2.599376e+001
      vertex   -3.226000e+002 3.619696e+002 -2.494690e+001
      vertex   -3.226000e+002 3.619251e+002 -2.520625e+001
    endloop
  endfacet
  facet normal 8.477962e-002 0.000000e+000 -0.000000e+000
    outer loop
      vertex   -3.226000e+002 3.619251e+002 -2.599376e+001
      vertex   -3.226000e+002 3.619251e+002 -2.520625e+001
      vertex   -3.226000e+002 3.619028e+002 -2.573157e+001
    endloop
  endfacet
  facet normal 4.242766e-002 0.000000e+000 0.000000e+000
    outer loop
      vertex   -3.226000e+002 3.619028e+002 -2.573157e+001
      vertex   -3.226000e+002 3.619251e+002 -2.520625e+001
      vertex   -3.226000e+002 3.619028e+002 -2.546843e+001
    endloop
  endfacet
  facet normal 9.918995e-001 0.000000e+000 0.000000e+000
    outer loop
      vertex   -3.226000e+002 3.652629e+002 -2.251117e+001
      vertex   -3.226000e+002 3.652629e+002 -2.868883e+001
      vertex   -3.226000e+002 3.655239e+002 -2.254459e+001
    endloop
  endfacet
  facet normal 4.243831e-002 0.000000e+000 0.000000e+000
    outer loop
      vertex   -3.226000e+002 3.655239e+002 -2.254459e+001
      vertex   -3.226000e+002 3.652629e+002 -2.868883e+001
      vertex   -3.226000e+002 3.655239e+002 -2.865541e+001
    endloop
  endfacet
  facet normal 9.775559e-001 0.000000e+000 0.000000e+000
    outer loop
      vertex   -3.226000e+002 3.655239e+002 -2.254459e+001
      vertex   -3.226000e+002 3.655239e+002 -2.865541e+001
      vertex   -3.226000e+002 3.657811e+002 -2.260003e+001
    endloop
  endfacet
  facet normal 4.244173e-002 0.000000e+000 0.000000e+000
    outer loop
      vertex   -3.226000e+002 3.657811e+002 -2.260003e+001
      vertex   -3.226000e+002 3.655239e+002 -2.865541e+001
      vertex   -3.226000e+002 3.657811e+002 -2.859997e+001
    endloop
  endfacet
  facet normal 9.561729e-001 0.000000e+000 0.000000e+000
    outer loop
      vertex   -3.226000e+002 3.657811e+002 -2.260003e+001
      vertex   -3.226000e+002 3.657811e+002 -2.859997e+001
      vertex   -3.226000e+002 3.660327e+002 -2.267708e+001
    endloop
  endfacet
  facet normal 4.244390e-002 0.000000e+000 0.000000e+000
    outer loop
      vertex   -3.226000e+002 3.660327e+002 -2.267708e+001
      vertex   -3.226000e+002 3.657811e+002 -2.859997e+001
      vertex   -3.226000e+002 3.660327e+002 -2.852292e+001
    endloop
  endfacet
  facet normal 9.278781e-001 0.000000e+000 0.000000e+000
    outer loop
      vertex   -3.226000e+002 3.660327e+002 -2.267708e+001
      vertex   -3.226000e+002 3.660327e+002 -2.852292e+001
      vertex   -3.226000e+002 3.662769e+002 -2.277519e+001
    endloop
  endfacet
  facet normal 4.243775e-002 0.000000e+000 0.000000e+000
    outer loop
      vertex   -3.226000e+002 3.662769e+002 -2.277519e+001
      vertex   -3.226000e+002 3.660327e+002 -2.852292e+001
      vertex   -3.226000e+002 3.662769e+002 -2.842481e+001
    endloop
  endfacet
  facet normal 8.929202e-001 0.000000e+000 0.000000e+000
    outer loop
      vertex   -3.226000e+002 3.662769e+002 -2.277519e+001
      vertex   -3.226000e+002 3.662769e+002 -2.842481e+001
      vertex   -3.226000e+002 3.665118e+002 -2.289366e+001
    endloop
  endfacet
  facet normal 4.244020e-002 0.000000e+000 0.000000e+000
    outer loop
      vertex   -3.226000e+002 3.665118e+002 -2.289366e+001
      vertex   -3.226000e+002 3.662769e+002 -2.842481e+001
      vertex   -3.226000e+002 3.665118e+002 -2.830634e+001
    endloop
  endfacet
  facet normal 8.515558e-001 0.000000e+000 0.000000e+000
    outer loop
      vertex   -3.226000e+002 3.665118e+002 -2.289366e+001
      vertex   -3.226000e+002 3.665118e+002 -2.830634e+001
      vertex   -3.226000e+002 3.667359e+002 -2.303162e+001
    endloop
  endfacet
  facet normal 4.244556e-002 0.000000e+000 0.000000e+000
    outer loop
      vertex   -3.226000e+002 3.667359e+002 -2.303162e+001
      vertex   -3.226000e+002 3.665118e+002 -2.830634e+001
      vertex   -3.226000e+002 3.667359e+002 -2.816838e+001
    endloop
  endfacet
  facet normal 8.039801e-001 0.000000e+000 0.000000e+000
    outer loop
      vertex   -3.226000e+002 3.667359e+002 -2.303162e+001
      vertex   -3.226000e+002 3.667359e+002 -2.816838e+001
      vertex   -3.226000e+002 3.669475e+002 -2.318809e+001
    endloop
  endfacet
  facet normal 4.243873e-002 0.000000e+000 0.000000e+000
    outer loop
      vertex   -3.226000e+002 3.669475e+002 -2.318809e+001
      vertex   -3.226000e+002 3.667359e+002 -2.816838e+001
      vertex   -3.226000e+002 3.669475e+002 -2.801191e+001
    endloop
  endfacet
  facet normal 7.506914e-001 0.000000e+000 0.000000e+000
    outer loop
      vertex   -3.226000e+002 3.669475e+002 -2.318809e+001
      vertex   -3.226000e+002 3.669475e+002 -2.801191e+001
      vertex   -3.226000e+002 3.671450e+002 -2.336194e+001
    endloop
  endfacet
  facet normal 4.244373e-002 0.000000e+000 0.000000e+000
    outer loop
      vertex   -3.226000e+002 3.671450e+002 -2.336194e+001
      vertex   -3.226000e+002 3.669475e+002 -2.801191e+001
      vertex   -3.226000e+002 3.671450e+002 -2.783806e+001
    endloop
  endfacet
  facet normal 6.919280e-001 0.000000e+000 0.000000e+000
    outer loop
      vertex   -3.226000e+002 3.671450e+002 -2.336194e+001
      vertex   -3.226000e+002 3.671450e+002 -2.783806e+001
      vertex   -3.226000e+002 3.673271e+002 -2.355191e+001
    endloop
  endfacet
  facet normal 4.243986e-002 0.000000e+000 0.000000e+000
    outer loop
      vertex   -3.226000e+002 3.673271e+002 -2.355191e+001
      vertex   -3.226000e+002 3.671450e+002 -2.783806e+001
      vertex   -3.226000e+002 3.673271e+002 -2.764809e+001
    endloop
  endfacet
  facet normal 6.282350e-001 0.000000e+000 0.000000e+000
    outer loop
      vertex   -3.226000e+002 3.673271e+002 -2.355191e+001
      vertex   -3.226000e+002 3.673271e+002 -2.764809e+001
      vertex   -3.226000e+002 3.674924e+002 -2.375664e+001
    endloop
  endfacet
  facet normal 4.244293e-002 0.000000e+000 0.000000e+000
    outer loop
      vertex   -3.226000e+002 3.674924e+002 -2.375664e+001
      vertex   -3.226000e+002 3.673271e+002 -2.764809e+001
      vertex   -3.226000e+002 3.674924e+002 -2.744336e+001
    endloop
  endfacet
  facet normal 5.599483e-001 0.000000e+000 0.000000e+000
    outer loop
      vertex   -3.226000e+002 3.674924e+002 -2.375664e+001
      vertex   -3.226000e+002 3.674924e+002 -2.744336e+001
      vertex   -3.226000e+002 3.676397e+002 -2.397465e+001
    endloop
  endfacet
  facet normal 4.243822e-002 0.000000e+000 0.000000e+000
    outer loop
      vertex   -3.226000e+002 3.676397e+002 -2.397465e+001
      vertex   -3.226000e+002 3.674924e+002 -2.744336e+001
      vertex   -3.226000e+002 3.676397e+002 -2.722535e+001
    endloop
  endfacet
  facet normal 4.876849e-001 0.000000e+000 0.000000e+000
    outer loop
      vertex   -3.226000e+002 3.676397e+002 -2.397465e+001
      vertex   -3.226000e+002 3.676397e+002 -2.722535e+001
      vertex   -3.226000e+002 3.677681e+002 -2.420437e+001
    endloop
  endfacet
  facet normal 4.244007e-002 0.000000e+000 0.000000e+000
    outer loop
      vertex   -3.226000e+002 3.677681e+002 -2.420437e+001
      vertex   -3.226000e+002 3.676397e+002 -2.722535e+001
      vertex   -3.226000e+002 3.677681e+002 -2.699563e+001
    endloop
  endfacet
  facet normal 4.119409e-001 0.000000e+000 0.000000e+000
    outer loop
      vertex   -3.226000e+002 3.677681e+002 -2.420437e+001
      vertex   -3.226000e+002 3.677681e+002 -2.699563e+001
      vertex   -3.226000e+002 3.678765e+002 -2.444415e+001
    endloop
  endfacet
  facet normal 4.244613e-002 0.000000e+000 0.000000e+000
    outer loop
      vertex   -3.226000e+002 3.678765e+002 -2.444415e+001
      vertex   -3.226000e+002 3.677681e+002 -2.699563e+001
      vertex   -3.226000e+002 3.678765e+002 -2.675586e+001
    endloop
  endfacet
  facet normal 3.330893e-001 0.000000e+000 0.000000e+000
    outer loop
      vertex   -3.226000e+002 3.678765e+002 -2.444415e+001
      vertex   -3.226000e+002 3.678765e+002 -2.675586e+001
      vertex   -3.226000e+002 3.679641e+002 -2.469225e+001
    endloop
  endfacet
  facet normal 4.243427e-002 0.000000e+000 0.000000e+000
    outer loop
      vertex   -3.226000e+002 3.679641e+002 -2.469225e+001
      vertex   -3.226000e+002 3.678765e+002 -2.675586e+001
      vertex   -3.226000e+002 3.679641e+002 -2.650775e+001
    endloop
  endfacet
  facet normal 2.520153e-001 0.000000e+000 0.000000e+000
    outer loop
      vertex   -3.226000e+002 3.679641e+002 -2.469225e+001
      vertex   -3.226000e+002 3.679641e+002 -2.650775e+001
      vertex   -3.226000e+002 3.680304e+002 -2.494690e+001
    endloop
  endfacet
  facet normal 4.244782e-002 0.000000e+000 0.000000e+000
    outer loop
      vertex   -3.226000e+002 3.680304e+002 -2.494690e+001
      vertex   -3.226000e+002 3.679641e+002 -2.650775e+001
      vertex   -3.226000e+002 3.680304e+002 -2.625311e+001
    endloop
  endfacet
  facet normal 1.689791e-001 0.000000e+000 0.000000e+000
    outer loop
      vertex   -3.226000e+002 3.680304e+002 -2.494690e+001
      vertex   -3.226000e+002 3.680304e+002 -2.625311e+001
      vertex   -3.226000e+002 3.680749e+002 -2.520625e+001
    endloop
  endfacet
  facet normal 4.243546e-002 0.000000e+000 0.000000e+000
    outer loop
      vertex   -3.226000e+002 3.680749e+002 -2.520625e+001
      vertex   -3.226000e+002 3.680304e+002 -2.625311e+001
      vertex   -3.226000e+002 3.680749e+002 -2.599376e+001
    endloop
  endfacet
  facet normal 8.477901e-002 0.000000e+000 0.000000e+000
    outer loop
      vertex   -3.226000e+002 3.680749e+002 -2.520625e+001
      vertex   -3.226000e+002 3.680749e+002 -2.599376e+001
      vertex   -3.226000e+002 3.680972e+002 -2.546843e+001
    endloop
  endfacet
  facet normal 4.242781e-002 0.000000e+000 0.000000e+000
    outer loop
      vertex   -3.226000e+002 3.680972e+002 -2.546843e+001
      vertex   -3.226000e+002 3.680749e+002 -2.599376e+001
      vertex   -3.226000e+002 3.680972e+002 -2.573157e+001
    endloop
  endfacet
  facet normal 0.000000e+000 0.000000e+000 -1.000000e+000
    outer loop
      vertex   -3.200000e+002 3.590000e+002 -3.860000e+001
      vertex   -3.250000e+002 3.590000e+002 -3.860000e+001
      vertex   -3.200000e+002 3.710000e+002 -3.860000e+001
    endloop
  endfacet
  facet normal -0.000000e+000 0.000000e+000 -9.230769e-001
    outer loop
      vertex   -3.200000e+002 3.710000e+002 -3.860000e+001
      vertex   -3.250000e+002 3.590000e+002 -3.860000e+001
      vertex   -3.250000e+002 3.710000e+002 -3.860000e+001
    endloop
  endfacet
  facet normal -9.284767e-001 0.000000e+000 0.000000e+000
    outer loop
      vertex   -3.250000e+002 3.570000e+002 -2.710000e+001
      vertex   -3.250000e+002 3.560000e+002 -2.460000e+001
      vertex   -3.250000e+002 3.600000e+002 -2.710000e+001
    endloop
  endfacet
  facet normal -7.395109e-001 0.000000e+000 0.000000e+000
    outer loop
      vertex   -3.250000e+002 3.600000e+002 -2.710000e+001
      vertex   -3.250000e+002 3.560000e+002 -2.460000e+001
      vertex   -3.250000e+002 3.590000e+002 -2.160000e+001
    endloop
  endfacet
  facet normal -9.838699e-001 0.000000e+000 0.000000e+000
    outer loop
      vertex   -3.250000e+002 3.600000e+002 -2.710000e+001
      vertex   -3.250000e+002 3.590000e+002 -2.160000e+001
      vertex   -3.250000e+002 3.700000e+002 -2.710000e+001
    endloop
  endfacet
  facet normal -9.600000e-001 0.000000e+000 0.000000e+000
    outer loop
      vertex   -3.250000e+002 3.700000e+002 -2.710000e+001
      vertex   -3.250000e+002 3.590000e+002 -2.160000e+001
      vertex   -3.250000e+002 3.710000e+002 -2.160000e+001
    endloop
  endfacet
  facet normal -7.395109e-001 0.000000e+000 0.000000e+000
    outer loop
      vertex   -3.250000e+002 3.700000e+002 -2.710000e+001
      vertex   -3.250000e+002 3.710000e+002 -2.160000e+001
      vertex   -3.250000e+002 3.740000e+002 -2.460000e+001
    endloop
  endfacet
  facet normal -3.713907e-001 -0.000000e+000 -0.000000e+000
    outer loop
      vertex   -3.250000e+002 3.570000e+002 -2.710000e+001
      vertex   -3.250000e+002 3.570000e+002 -3.310000e+001
      vertex   -3.250000e+002 3.560000e+002 -2.460000e+001
    endloop
  endfacet
  facet normal -1.168412e-001 0.000000e+000 0.000000e+000
    outer loop
      vertex   -3.250000e+002 3.560000e+002 -2.460000e+001
      vertex   -3.250000e+002 3.570000e+002 -3.310000e+001
      vertex   -3.250000e+002 3.560000e+002 -3.560000e+001
    endloop
  endfacet
  facet normal -5.905100e-001 0.000000e+000 0.000000e+000
    outer loop
      vertex   -3.250000e+002 3.560000e+002 -3.560000e+001
      vertex   -3.250000e+002 3.570000e+002 -3.310000e+001
      vertex   -3.250000e+002 3.600000e+002 -3.310000e+001
    endloop
  endfacet
  facet normal -9.743912e-001 0.000000e+000 0.000000e+000
    outer loop
      vertex   -3.250000e+002 3.560000e+002 -3.560000e+001
      vertex   -3.250000e+002 3.600000e+002 -3.310000e+001
      vertex   -3.250000e+002 3.590000e+002 -3.860000e+001
    endloop
  endfacet
  facet normal -8.000000e-001 0.000000e+000 0.000000e+000
    outer loop
      vertex   -3.250000e+002 3.590000e+002 -3.860000e+001
      vertex   -3.250000e+002 3.600000e+002 -3.310000e+001
      vertex   -3.250000e+002 3.700000e+002 -3.310000e+001
    endloop
  endfacet
  facet normal -4.472136e-001 0.000000e+000 0.000000e+000
    outer loop
      vertex   -3.250000e+002 3.590000e+002 -3.860000e+001
      vertex   -3.250000e+002 3.700000e+002 -3.310000e+001
      vertex   -3.250000e+002 3.710000e+002 -3.860000e+001
    endloop
  endfacet
  facet normal -8.221922e-001 0.000000e+000 0.000000e+000
    outer loop
      vertex   -3.250000e+002 3.710000e+002 -3.860000e+001
      vertex   -3.250000e+002 3.700000e+002 -3.310000e+001
      vertex   -3.250000e+002 3.740000e+002 -3.560000e+001
    endloop
  endfacet
  facet normal -5.905100e-001 0.000000e+000 0.000000e+000
    outer loop
      vertex   -3.250000e+002 3.740000e+002 -3.560000e+001
      vertex   -3.250000e+002 3.700000e+002 -3.310000e+001
      vertex   -3.250000e+002 3.730000e+002 -3.310000e+001
    endloop
  endfacet
  facet normal -2.603625e-001 0.000000e+000 0.000000e+000
    outer loop
      vertex   -3.250000e+002 3.740000e+002 -3.560000e+001
      vertex   -3.250000e+002 3.730000e+002 -3.310000e+001
      vertex   -3.250000e+002 3.730000e+002 -2.710000e+001
    endloop
  endfacet
  facet normal -1.000000e+000 0.000000e+000 0.000000e+000
    outer loop
      vertex   -3.250000e+002 3.600000e+002 -3.310000e+001
      vertex   -3.250000e+002 3.600000e+002 -2.710000e+001
      vertex   -3.250000e+002 3.700000e+002 -3.310000e+001
    endloop
  endfacet
  facet normal -8.574929e-001 0.000000e+000 0.000000e+000
    outer loop
      vertex   -3.250000e+002 3.700000e+002 -3.310000e+001
      vertex   -3.250000e+002 3.600000e+002 -2.710000e+001
      vertex   -3.250000e+002 3.700000e+002 -2.710000e+001
    endloop
  endfacet
  facet normal -1.168412e-001 0.000000e+000 0.000000e+000
    outer loop
      vertex   -3.250000e+002 3.740000e+002 -3.560000e+001
      vertex   -3.250000e+002 3.730000e+002 -2.710000e+001
      vertex   -3.250000e+002 3.740000e+002 -2.460000e+001
    endloop
  endfacet
  facet normal -5.905100e-001 0.000000e+000 0.000000e+000
    outer loop
      vertex   -3.250000e+002 3.740000e+002 -2.460000e+001
      vertex   -3.250000e+002 3.730000e+002 -2.710000e+001
      vertex   -3.250000e+002 3.700000e+002 -2.710000e+001
    endloop
  endfacet
  facet normal 7.071068e-001 7.071068e-001 0.000000e+000
    outer loop
      vertex   -2.815000e+002 3.689500e+002 -3.015000e+001
      vertex   -2.815000e+002 3.689500e+002 -3.505000e+001
      vertex   -2.845000e+002 3.719500e+002 -3.015000e+001
    endloop
  endfacet
  facet normal 4.628551e-001 4.628551e-001 0.000000e+000
    outer loop
      vertex   -2.845000e+002 3.719500e+002 -3.015000e+001
      vertex   -2.815000e+002 3.689500e+002 -3.505000e+001
      vertex   -2.845000e+002 3.719500e+002 -3.505000e+001
    endloop
  endfacet
  facet normal 0.000000e+000 1.000000e+000 0.000000e+000
    outer loop
      vertex   -2.845000e+002 3.719500e+002 -3.015000e+001
      vertex   -2.845000e+002 3.719500e+002 -3.505000e+001
      vertex   -3.200000e+002 3.719500e+002 -3.015000e+001
    endloop
  endfacet
  facet normal 0.000000e+000 9.906081e-001 0.000000e+000
    outer loop
      vertex   -3.200000e+002 3.719500e+002 -3.015000e+001
      vertex   -2.845000e+002 3.719500e+002 -3.505000e+001
      vertex   -3.200000e+002 3.719500e+002 -3.505000e+001
    endloop
  endfacet
  facet normal -0.000000e+000 -0.000000e+000 -7.071068e-001
    outer loop
      vertex   -2.845000e+002 3.719500e+002 -3.505000e+001
      vertex   -2.815000e+002 3.689500e+002 -3.505000e+001
      vertex   -3.200000e+002 3.719500e+002 -3.505000e+001
    endloop
  endfacet
  facet normal 0.000000e+000 0.000000e+000 -9.969778e-001
    outer loop
      vertex   -3.200000e+002 3.719500e+002 -3.505000e+001
      vertex   -2.815000e+002 3.689500e+002 -3.505000e+001
      vertex   -3.200000e+002 3.580500e+002 -3.505000e+001
    endloop
  endfacet
  facet normal 0.000000e+000 0.000000e+000 -1.968385e-001
    outer loop
      vertex   -3.200000e+002 3.580500e+002 -3.505000e+001
      vertex   -2.815000e+002 3.689500e+002 -3.505000e+001
      vertex   -2.815000e+002 3.610500e+002 -3.505000e+001
    endloop
  endfacet
  facet normal 0.000000e+000 0.000000e+000 -7.768659e-002
    outer loop
      vertex   -3.200000e+002 3.580500e+002 -3.505000e+001
      vertex   -2.815000e+002 3.610500e+002 -3.505000e+001
      vertex   -2.845000e+002 3.580500e+002 -3.505000e+001
    endloop
  endfacet
  facet normal 7.071068e-001 -7.071068e-001 0.000000e+000
    outer loop
      vertex   -2.815000e+002 3.610500e+002 -3.505000e+001
      vertex   -2.815000e+002 3.610500e+002 -3.015000e+001
      vertex   -2.845000e+002 3.580500e+002 -3.505000e+001
    endloop
  endfacet
  facet normal 4.628551e-001 -4.628551e-001 0.000000e+000
    outer loop
      vertex   -2.845000e+002 3.580500e+002 -3.505000e+001
      vertex   -2.815000e+002 3.610500e+002 -3.015000e+001
      vertex   -2.845000e+002 3.580500e+002 -3.015000e+001
    endloop
  endfacet
  facet normal 0.000000e+000 -1.000000e+000 0.000000e+000
    outer loop
      vertex   -2.845000e+002 3.580500e+002 -3.505000e+001
      vertex   -2.845000e+002 3.580500e+002 -3.015000e+001
      vertex   -3.200000e+002 3.580500e+002 -3.505000e+001
    endloop
  endfacet
  facet normal 0.000000e+000 -9.906081e-001 0.000000e+000
    outer loop
      vertex   -3.200000e+002 3.580500e+002 -3.505000e+001
      vertex   -2.845000e+002 3.580500e+002 -3.015000e+001
      vertex   -3.200000e+002 3.580500e+002 -3.015000e+001
    endloop
  endfacet
  facet normal 1.000000e+000 0.000000e+000 -0.000000e+000
    outer loop
      vertex   -2.815000e+002 3.689500e+002 -3.505000e+001
      vertex   -2.815000e+002 3.689500e+002 -3.015000e+001
      vertex   -2.815000e+002 3.610500e+002 -3.505000e+001
    endloop
  endfacet
  facet normal 8.498071e-001 0.000000e+000 0.000000e+000
    outer loop
      vertex   -2.815000e+002 3.610500e+002 -3.505000e+001
      vertex   -2.815000e+002 3.689500e+002 -3.015000e+001
      vertex   -2.815000e+002 3.610500e+002 -3.015000e+001
    endloop
  endfacet
  facet normal 0.000000e+000 0.000000e+000 7.071068e-001
    outer loop
      vertex   -2.845000e+002 3.719500e+002 -3.015000e+001
      vertex   -3.200000e+002 3.719500e+002 -3.015000e+001
      vertex   -2.815000e+002 3.689500e+002 -3.015000e+001
    endloop
  endfacet
  facet normal 0.000000e+000 0.000000e+000 3.463356e-001
    outer loop
      vertex   -2.815000e+002 3.689500e+002 -3.015000e+001
      vertex   -3.200000e+002 3.719500e+002 -3.015000e+001
      vertex   -3.200000e+002 3.580500e+002 -3.015000e+001
    endloop
  endfacet
  facet normal 0.000000e+000 0.000000e+000 9.621812e-001
    outer loop
      vertex   -2.815000e+002 3.689500e+002 -3.015000e+001
      vertex   -3.200000e+002 3.580500e+002 -3.015000e+001
      vertex   -2.815000e+002 3.610500e+002 -3.015000e+001
    endloop
  endfacet
  facet normal 0.000000e+000 0.000000e+000 6.500371e-001
    outer loop
      vertex   -2.815000e+002 3.610500e+002 -3.015000e+001
      vertex   -3.200000e+002 3.580500e+002 -3.015000e+001
      vertex   -2.845000e+002 3.580500e+002 -3.015000e+001
    endloop
  endfacet
endsolid
