solid ascii
  facet normal -7.071068e-001 0.000000e+000 -7.071068e-001
    outer loop
      vertex   -1.786500e+002 1.555000e+002 2.169500e+001
      vertex   -1.806500e+002 1.555000e+002 2.369500e+001
      vertex   -1.786500e+002 1.748250e+002 2.169500e+001
    endloop
  endfacet
  facet normal -6.996527e-001 0.000000e+000 -6.996527e-001
    outer loop
      vertex   -1.786500e+002 1.748250e+002 2.169500e+001
      vertex   -1.806500e+002 1.555000e+002 2.369500e+001
      vertex   -1.806500e+002 1.748250e+002 2.369500e+001
    endloop
  endfacet
  facet normal -1.000000e+000 -0.000000e+000 -0.000000e+000
    outer loop
      vertex   -1.806500e+002 1.748250e+002 2.549500e+001
      vertex   -1.806500e+002 1.748250e+002 2.369500e+001
      vertex   -1.806500e+002 1.706250e+002 2.549500e+001
    endloop
  endfacet
  facet normal -4.997789e-001 0.000000e+000 -0.000000e+000
    outer loop
      vertex   -1.806500e+002 1.706250e+002 2.549500e+001
      vertex   -1.806500e+002 1.748250e+002 2.369500e+001
      vertex   -1.806500e+002 1.555000e+002 2.369500e+001
    endloop
  endfacet
  facet normal -3.832947e-001 -0.000000e+000 0.000000e+000
    outer loop
      vertex   -1.806500e+002 1.706250e+002 2.549500e+001
      vertex   -1.806500e+002 1.555000e+002 2.369500e+001
      vertex   -1.806500e+002 1.628250e+002 2.769500e+001
    endloop
  endfacet
  facet normal -8.776664e-001 -0.000000e+000 0.000000e+000
    outer loop
      vertex   -1.806500e+002 1.628250e+002 2.769500e+001
      vertex   -1.806500e+002 1.555000e+002 2.369500e+001
      vertex   -1.806500e+002 1.628250e+002 3.999500e+001
    endloop
  endfacet
  facet normal -9.754282e-001 -0.000000e+000 0.000000e+000
    outer loop
      vertex   -1.806500e+002 1.628250e+002 3.999500e+001
      vertex   -1.806500e+002 1.555000e+002 2.369500e+001
      vertex   -1.806500e+002 1.555000e+002 4.550000e+001
    endloop
  endfacet
  facet normal -9.516744e-001 0.000000e+000 0.000000e+000
    outer loop
      vertex   -1.806500e+002 1.628250e+002 3.999500e+001
      vertex   -1.806500e+002 1.555000e+002 4.550000e+001
      vertex   -1.806500e+002 1.706250e+002 4.549500e+001
    endloop
  endfacet
  facet normal -1.521379e-003 0.000000e+000 0.000000e+000
    outer loop
      vertex   -1.806500e+002 1.706250e+002 4.549500e+001
      vertex   -1.806500e+002 1.555000e+002 4.550000e+001
      vertex   -1.806500e+002 1.748250e+002 4.550000e+001
    endloop
  endfacet
  facet normal -1.190730e-003 0.000000e+000 0.000000e+000
    outer loop
      vertex   -1.806500e+002 1.706250e+002 4.549500e+001
      vertex   -1.806500e+002 1.748250e+002 4.550000e+001
      vertex   -1.806500e+002 1.748250e+002 4.549500e+001
    endloop
  endfacet
  facet normal -8.172582e-001 0.000000e+000 -0.000000e+000
    outer loop
      vertex   -1.806500e+002 1.706250e+002 4.549500e+001
      vertex   -1.806500e+002 1.706250e+002 3.999500e+001
      vertex   -1.806500e+002 1.628250e+002 3.999500e+001
    endloop
  endfacet
  facet normal -2.714599e-001 0.000000e+000 0.000000e+000
    outer loop
      vertex   -1.806500e+002 1.628250e+002 2.769500e+001
      vertex   -1.806500e+002 1.706250e+002 2.769500e+001
      vertex   -1.806500e+002 1.706250e+002 2.549500e+001
    endloop
  endfacet
  facet normal 0.000000e+000 -9.453726e-001 0.000000e+000
    outer loop
      vertex   -1.786500e+002 1.555000e+002 2.169500e+001
      vertex   -1.758000e+002 1.555000e+002 2.754500e+001
      vertex   -1.806500e+002 1.555000e+002 2.369500e+001
    endloop
  endfacet
  facet normal 0.000000e+000 -5.754289e-001 0.000000e+000
    outer loop
      vertex   -1.806500e+002 1.555000e+002 2.369500e+001
      vertex   -1.758000e+002 1.555000e+002 2.754500e+001
      vertex   -1.758000e+002 1.555000e+002 4.014500e+001
    endloop
  endfacet
  facet normal 0.000000e+000 -2.827971e-001 0.000000e+000
    outer loop
      vertex   -1.806500e+002 1.555000e+002 2.369500e+001
      vertex   -1.758000e+002 1.555000e+002 4.014500e+001
      vertex   -1.806500e+002 1.555000e+002 4.550000e+001
    endloop
  endfacet
  facet normal 0.000000e+000 -6.011046e-001 0.000000e+000
    outer loop
      vertex   -1.806500e+002 1.555000e+002 4.550000e+001
      vertex   -1.758000e+002 1.555000e+002 4.014500e+001
      vertex   -1.528000e+002 1.555000e+002 4.014500e+001
    endloop
  endfacet
  facet normal 0.000000e+000 -1.888213e-001 0.000000e+000
    outer loop
      vertex   -1.806500e+002 1.555000e+002 4.550000e+001
      vertex   -1.528000e+002 1.555000e+002 4.014500e+001
      vertex   -1.479500e+002 1.555000e+002 4.550000e+001
    endloop
  endfacet
  facet normal 0.000000e+000 -2.347767e-001 0.000000e+000
    outer loop
      vertex   -1.479500e+002 1.555000e+002 4.550000e+001
      vertex   -1.528000e+002 1.555000e+002 4.014500e+001
      vertex   -1.509500e+002 1.555000e+002 3.999500e+001
    endloop
  endfacet
  facet normal 0.000000e+000 -4.785168e-001 -0.000000e+000
    outer loop
      vertex   -1.479500e+002 1.555000e+002 4.550000e+001
      vertex   -1.509500e+002 1.555000e+002 3.999500e+001
      vertex   -1.479500e+002 1.555000e+002 2.369500e+001
    endloop
  endfacet
  facet normal 0.000000e+000 -4.452818e-001 0.000000e+000
    outer loop
      vertex   -1.479500e+002 1.555000e+002 2.369500e+001
      vertex   -1.509500e+002 1.555000e+002 3.999500e+001
      vertex   -1.509500e+002 1.555000e+002 2.769500e+001
    endloop
  endfacet
  facet normal 0.000000e+000 -2.535398e-001 0.000000e+000
    outer loop
      vertex   -1.479500e+002 1.555000e+002 2.369500e+001
      vertex   -1.509500e+002 1.555000e+002 2.769500e+001
      vertex   -1.528000e+002 1.555000e+002 2.754500e+001
    endloop
  endfacet
  facet normal 0.000000e+000 -9.967291e-001 0.000000e+000
    outer loop
      vertex   -1.528000e+002 1.555000e+002 2.754500e+001
      vertex   -1.509500e+002 1.555000e+002 2.769500e+001
      vertex   -1.528000e+002 1.555000e+002 2.769500e+001
    endloop
  endfacet
  facet normal 0.000000e+000 -8.989905e-001 -0.000000e+000
    outer loop
      vertex   -1.758000e+002 1.555000e+002 2.754500e+001
      vertex   -1.786500e+002 1.555000e+002 2.169500e+001
      vertex   -1.528000e+002 1.555000e+002 2.754500e+001
    endloop
  endfacet
  facet normal 0.000000e+000 -9.734877e-001 -0.000000e+000
    outer loop
      vertex   -1.528000e+002 1.555000e+002 2.754500e+001
      vertex   -1.786500e+002 1.555000e+002 2.169500e+001
      vertex   -1.499500e+002 1.555000e+002 2.169500e+001
    endloop
  endfacet
  facet normal 0.000000e+000 -4.318109e-001 0.000000e+000
    outer loop
      vertex   -1.528000e+002 1.555000e+002 2.754500e+001
      vertex   -1.499500e+002 1.555000e+002 2.169500e+001
      vertex   -1.479500e+002 1.555000e+002 2.369500e+001
    endloop
  endfacet
  facet normal 0.000000e+000 -9.967290e-001 0.000000e+000
    outer loop
      vertex   -1.528000e+002 1.555000e+002 4.014500e+001
      vertex   -1.528000e+002 1.555000e+002 3.999500e+001
      vertex   -1.509500e+002 1.555000e+002 3.999500e+001
    endloop
  endfacet
  facet normal 7.071068e-001 0.000000e+000 -7.071068e-001
    outer loop
      vertex   -1.479500e+002 1.555000e+002 2.369500e+001
      vertex   -1.499500e+002 1.555000e+002 2.169500e+001
      vertex   -1.479500e+002 1.748250e+002 2.369500e+001
    endloop
  endfacet
  facet normal 6.996527e-001 0.000000e+000 -6.996527e-001
    outer loop
      vertex   -1.479500e+002 1.748250e+002 2.369500e+001
      vertex   -1.499500e+002 1.555000e+002 2.169500e+001
      vertex   -1.499500e+002 1.748250e+002 2.169500e+001
    endloop
  endfacet
  facet normal 3.939198e-001 0.000000e+000 0.000000e+000
    outer loop
      vertex   -1.479500e+002 1.748250e+002 2.369500e+001
      vertex   -1.479500e+002 1.706250e+002 2.549500e+001
      vertex   -1.479500e+002 1.555000e+002 2.369500e+001
    endloop
  endfacet
  facet normal 3.721959e-001 0.000000e+000 0.000000e+000
    outer loop
      vertex   -1.479500e+002 1.555000e+002 2.369500e+001
      vertex   -1.479500e+002 1.706250e+002 2.549500e+001
      vertex   -1.479500e+002 1.628250e+002 2.769500e+001
    endloop
  endfacet
  facet normal 6.040935e-001 0.000000e+000 0.000000e+000
    outer loop
      vertex   -1.479500e+002 1.555000e+002 2.369500e+001
      vertex   -1.479500e+002 1.628250e+002 2.769500e+001
      vertex   -1.479500e+002 1.628250e+002 3.999500e+001
    endloop
  endfacet
  facet normal 9.191448e-001 0.000000e+000 -0.000000e+000
    outer loop
      vertex   -1.479500e+002 1.748250e+002 2.369500e+001
      vertex   -1.479500e+002 1.748250e+002 2.549500e+001
      vertex   -1.479500e+002 1.706250e+002 2.549500e+001
    endloop
  endfacet
  facet normal 9.624497e-001 0.000000e+000 -0.000000e+000
    outer loop
      vertex   -1.479500e+002 1.706250e+002 2.549500e+001
      vertex   -1.479500e+002 1.706250e+002 2.769500e+001
      vertex   -1.479500e+002 1.628250e+002 2.769500e+001
    endloop
  endfacet
  facet normal 1.000000e+000 0.000000e+000 -0.000000e+000
    outer loop
      vertex   -1.479500e+002 1.706250e+002 3.999500e+001
      vertex   -1.479500e+002 1.706250e+002 4.549500e+001
      vertex   -1.479500e+002 1.628250e+002 3.999500e+001
    endloop
  endfacet
  facet normal 9.516744e-001 0.000000e+000 -0.000000e+000
    outer loop
      vertex   -1.479500e+002 1.628250e+002 3.999500e+001
      vertex   -1.479500e+002 1.706250e+002 4.549500e+001
      vertex   -1.479500e+002 1.555000e+002 4.550000e+001
    endloop
  endfacet
  facet normal 9.754282e-001 0.000000e+000 0.000000e+000
    outer loop
      vertex   -1.479500e+002 1.628250e+002 3.999500e+001
      vertex   -1.479500e+002 1.555000e+002 4.550000e+001
      vertex   -1.479500e+002 1.555000e+002 2.369500e+001
    endloop
  endfacet
  facet normal 1.000000e+000 0.000000e+000 -0.000000e+000
    outer loop
      vertex   -1.479500e+002 1.748250e+002 4.549500e+001
      vertex   -1.479500e+002 1.748250e+002 4.550000e+001
      vertex   -1.479500e+002 1.706250e+002 4.549500e+001
    endloop
  endfacet
  facet normal 1.521379e-003 0.000000e+000 -0.000000e+000
    outer loop
      vertex   -1.479500e+002 1.706250e+002 4.549500e+001
      vertex   -1.479500e+002 1.748250e+002 4.550000e+001
      vertex   -1.479500e+002 1.555000e+002 4.550000e+001
    endloop
  endfacet
  facet normal 0.000000e+000 -5.773503e-001 5.773503e-001
    outer loop
      vertex   -2.049455e+002 1.525000e+002 4.836787e+001
      vertex   -1.754455e+002 1.525000e+002 4.836787e+001
      vertex   -2.034455e+002 1.540000e+002 4.986787e+001
    endloop
  endfacet
  facet normal 0.000000e+000 -5.341834e-002 5.341834e-002
    outer loop
      vertex   -2.034455e+002 1.540000e+002 4.986787e+001
      vertex   -1.754455e+002 1.525000e+002 4.836787e+001
      vertex   -1.769455e+002 1.540000e+002 4.986787e+001
    endloop
  endfacet
  facet normal 5.773503e-001 -5.773503e-001 0.000000e+000
    outer loop
      vertex   -2.034455e+002 1.540000e+002 4.986787e+001
      vertex   -2.034455e+002 1.540000e+002 5.616787e+001
      vertex   -2.049455e+002 1.525000e+002 4.836787e+001
    endloop
  endfacet
  facet normal 1.855674e-001 -1.855674e-001 0.000000e+000
    outer loop
      vertex   -2.049455e+002 1.525000e+002 4.836787e+001
      vertex   -2.034455e+002 1.540000e+002 5.616787e+001
      vertex   -2.049455e+002 1.525000e+002 5.766787e+001
    endloop
  endfacet
  facet normal -0.000000e+000 -5.773503e-001 -5.773503e-001
    outer loop
      vertex   -1.754455e+002 1.525000e+002 5.766787e+001
      vertex   -2.049455e+002 1.525000e+002 5.766787e+001
      vertex   -1.769455e+002 1.540000e+002 5.616787e+001
    endloop
  endfacet
  facet normal -0.000000e+000 -5.341834e-002 -5.341834e-002
    outer loop
      vertex   -1.769455e+002 1.540000e+002 5.616787e+001
      vertex   -2.049455e+002 1.525000e+002 5.766787e+001
      vertex   -2.034455e+002 1.540000e+002 5.616787e+001
    endloop
  endfacet
  facet normal -5.773503e-001 -5.773503e-001 0.000000e+000
    outer loop
      vertex   -1.754455e+002 1.525000e+002 4.836787e+001
      vertex   -1.754455e+002 1.525000e+002 5.766787e+001
      vertex   -1.769455e+002 1.540000e+002 4.986787e+001
    endloop
  endfacet
  facet normal -1.855674e-001 -1.855674e-001 0.000000e+000
    outer loop
      vertex   -1.769455e+002 1.540000e+002 4.986787e+001
      vertex   -1.754455e+002 1.525000e+002 5.766787e+001
      vertex   -1.769455e+002 1.540000e+002 5.616787e+001
    endloop
  endfacet
  facet normal 1.000000e+000 -0.000000e+000 0.000000e+000
    outer loop
      vertex   -2.034455e+002 1.540000e+002 5.616787e+001
      vertex   -2.034455e+002 1.540000e+002 4.986787e+001
      vertex   -2.034455e+002 1.710000e+002 5.616787e+001
    endloop
  endfacet
  facet normal 9.376822e-001 0.000000e+000 0.000000e+000
    outer loop
      vertex   -2.034455e+002 1.710000e+002 5.616787e+001
      vertex   -2.034455e+002 1.540000e+002 4.986787e+001
      vertex   -2.034455e+002 1.710000e+002 4.986787e+001
    endloop
  endfacet
  facet normal 0.000000e+000 0.000000e+000 1.000000e+000
    outer loop
      vertex   -2.034455e+002 1.540000e+002 4.986787e+001
      vertex   -1.769455e+002 1.540000e+002 4.986787e+001
      vertex   -2.034455e+002 1.710000e+002 4.986787e+001
    endloop
  endfacet
  facet normal -0.000000e+000 0.000000e+000 5.399547e-001
    outer loop
      vertex   -2.034455e+002 1.710000e+002 4.986787e+001
      vertex   -1.769455e+002 1.540000e+002 4.986787e+001
      vertex   -1.769455e+002 1.710000e+002 4.986787e+001
    endloop
  endfacet
  facet normal -0.000000e+000 -5.938198e-001 -0.000000e+000
    outer loop
      vertex   -9.801118e+001 1.525000e+002 6.309892e+001
      vertex   -1.008210e+002 1.525000e+002 6.662229e+001
      vertex   -9.800000e+001 1.525000e+002 6.280000e+001
    endloop
  endfacet
  facet normal -0.000000e+000 -9.845269e-001 0.000000e+000
    outer loop
      vertex   -9.800000e+001 1.525000e+002 6.280000e+001
      vertex   -1.008210e+002 1.525000e+002 6.662229e+001
      vertex   -1.090000e+002 1.525000e+002 5.120000e+001
    endloop
  endfacet
  facet normal 0.000000e+000 -6.880916e-001 -0.000000e+000
    outer loop
      vertex   -9.800000e+001 1.525000e+002 6.280000e+001
      vertex   -1.090000e+002 1.525000e+002 5.120000e+001
      vertex   -9.800000e+001 1.525000e+002 5.120000e+001
    endloop
  endfacet
  facet normal 0.000000e+000 -5.320282e-001 0.000000e+000
    outer loop
      vertex   -9.801118e+001 1.525000e+002 6.309892e+001
      vertex   -9.804468e+001 1.525000e+002 6.339617e+001
      vertex   -1.008210e+002 1.525000e+002 6.662229e+001
    endloop
  endfacet
  facet normal 0.000000e+000 -3.739135e-002 0.000000e+000
    outer loop
      vertex   -1.008210e+002 1.525000e+002 6.662229e+001
      vertex   -9.804468e+001 1.525000e+002 6.339617e+001
      vertex   -9.810029e+001 1.525000e+002 6.369008e+001
    endloop
  endfacet
  facet normal 0.000000e+000 -4.672759e-001 0.000000e+000
    outer loop
      vertex   -1.008210e+002 1.525000e+002 6.662229e+001
      vertex   -9.810029e+001 1.525000e+002 6.369008e+001
      vertex   -1.005386e+002 1.525000e+002 6.652350e+001
    endloop
  endfacet
  facet normal 0.000000e+000 -3.739046e-002 0.000000e+000
    outer loop
      vertex   -1.005386e+002 1.525000e+002 6.652350e+001
      vertex   -9.810029e+001 1.525000e+002 6.369008e+001
      vertex   -9.817771e+001 1.525000e+002 6.397902e+001
    endloop
  endfacet
  facet normal 0.000000e+000 -3.739290e-002 0.000000e+000
    outer loop
      vertex   -1.005386e+002 1.525000e+002 6.652350e+001
      vertex   -9.817771e+001 1.525000e+002 6.397902e+001
      vertex   -9.827650e+001 1.525000e+002 6.426137e+001
    endloop
  endfacet
  facet normal 0.000000e+000 -3.653349e-001 0.000000e+000
    outer loop
      vertex   -9.827650e+001 1.525000e+002 6.426137e+001
      vertex   -9.839613e+001 1.525000e+002 6.453554e+001
      vertex   -1.005386e+002 1.525000e+002 6.652350e+001
    endloop
  endfacet
  facet normal 0.000000e+000 -3.739205e-002 0.000000e+000
    outer loop
      vertex   -1.005386e+002 1.525000e+002 6.652350e+001
      vertex   -9.839613e+001 1.525000e+002 6.453554e+001
      vertex   -9.853590e+001 1.525000e+002 6.480000e+001
    endloop
  endfacet
  facet normal 0.000000e+000 -3.739063e-002 0.000000e+000
    outer loop
      vertex   -1.005386e+002 1.525000e+002 6.652350e+001
      vertex   -9.853590e+001 1.525000e+002 6.480000e+001
      vertex   -9.869505e+001 1.525000e+002 6.505328e+001
    endloop
  endfacet
  facet normal 0.000000e+000 -2.588189e-001 0.000000e+000
    outer loop
      vertex   -9.869505e+001 1.525000e+002 6.505328e+001
      vertex   -9.887267e+001 1.525000e+002 6.529396e+001
      vertex   -1.005386e+002 1.525000e+002 6.652350e+001
    endloop
  endfacet
  facet normal 0.000000e+000 -3.738934e-002 0.000000e+000
    outer loop
      vertex   -1.005386e+002 1.525000e+002 6.652350e+001
      vertex   -9.887267e+001 1.525000e+002 6.529396e+001
      vertex   -9.906779e+001 1.525000e+002 6.552069e+001
    endloop
  endfacet
  facet normal 0.000000e+000 -3.739087e-002 0.000000e+000
    outer loop
      vertex   -1.005386e+002 1.525000e+002 6.652350e+001
      vertex   -9.906779e+001 1.525000e+002 6.552069e+001
      vertex   -9.927931e+001 1.525000e+002 6.573221e+001
    endloop
  endfacet
  facet normal 0.000000e+000 -1.490316e-001 0.000000e+000
    outer loop
      vertex   -9.927931e+001 1.525000e+002 6.573221e+001
      vertex   -9.950604e+001 1.525000e+002 6.592732e+001
      vertex   -1.005386e+002 1.525000e+002 6.652350e+001
    endloop
  endfacet
  facet normal 0.000000e+000 -3.739614e-002 0.000000e+000
    outer loop
      vertex   -1.005386e+002 1.525000e+002 6.652350e+001
      vertex   -9.950604e+001 1.525000e+002 6.592732e+001
      vertex   -9.974672e+001 1.525000e+002 6.610496e+001
    endloop
  endfacet
  facet normal 0.000000e+000 -3.738280e-002 0.000000e+000
    outer loop
      vertex   -1.005386e+002 1.525000e+002 6.652350e+001
      vertex   -9.974672e+001 1.525000e+002 6.610496e+001
      vertex   -1.000000e+002 1.525000e+002 6.626410e+001
    endloop
  endfacet
  facet normal 0.000000e+000 -3.739383e-002 0.000000e+000
    outer loop
      vertex   -1.000000e+002 1.525000e+002 6.626410e+001
      vertex   -1.002645e+002 1.525000e+002 6.640388e+001
      vertex   -1.005386e+002 1.525000e+002 6.652350e+001
    endloop
  endfacet
  facet normal -0.000000e+000 -9.746115e-001 0.000000e+000
    outer loop
      vertex   -1.008210e+002 1.525000e+002 6.662229e+001
      vertex   -1.011099e+002 1.525000e+002 6.669971e+001
      vertex   -1.090000e+002 1.525000e+002 5.120000e+001
    endloop
  endfacet
  facet normal 0.000000e+000 -1.658824e-002 0.000000e+000
    outer loop
      vertex   -1.090000e+002 1.525000e+002 5.120000e+001
      vertex   -1.011099e+002 1.525000e+002 6.669971e+001
      vertex   -1.014038e+002 1.525000e+002 6.675533e+001
    endloop
  endfacet
  facet normal 0.000000e+000 -1.637136e-002 0.000000e+000
    outer loop
      vertex   -1.090000e+002 1.525000e+002 5.120000e+001
      vertex   -1.014038e+002 1.525000e+002 6.675533e+001
      vertex   -1.017011e+002 1.525000e+002 6.678882e+001
    endloop
  endfacet
  facet normal -0.000000e+000 -9.208668e-001 0.000000e+000
    outer loop
      vertex   -1.017011e+002 1.525000e+002 6.678882e+001
      vertex   -1.020000e+002 1.525000e+002 6.680000e+001
      vertex   -1.090000e+002 1.525000e+002 5.120000e+001
    endloop
  endfacet
  facet normal 0.000000e+000 -9.947108e-001 0.000000e+000
    outer loop
      vertex   -1.090000e+002 1.525000e+002 5.120000e+001
      vertex   -1.020000e+002 1.525000e+002 6.680000e+001
      vertex   -1.562500e+002 1.525000e+002 6.680000e+001
    endloop
  endfacet
  facet normal 0.000000e+000 -2.200401e-001 0.000000e+000
    outer loop
      vertex   -1.090000e+002 1.525000e+002 5.120000e+001
      vertex   -1.562500e+002 1.525000e+002 6.680000e+001
      vertex   -1.754455e+002 1.525000e+002 5.766787e+001
    endloop
  endfacet
  facet normal 0.000000e+000 -6.433778e-001 0.000000e+000
    outer loop
      vertex   -1.754455e+002 1.525000e+002 5.766787e+001
      vertex   -1.562500e+002 1.525000e+002 6.680000e+001
      vertex   -2.105000e+002 1.525000e+002 6.680000e+001
    endloop
  endfacet
  facet normal 0.000000e+000 -2.520987e-001 0.000000e+000
    outer loop
      vertex   -1.754455e+002 1.525000e+002 5.766787e+001
      vertex   -2.105000e+002 1.525000e+002 6.680000e+001
      vertex   -2.049455e+002 1.525000e+002 5.766787e+001
    endloop
  endfacet
  facet normal -0.000000e+000 -8.275251e-001 0.000000e+000
    outer loop
      vertex   -2.049455e+002 1.525000e+002 5.766787e+001
      vertex   -2.105000e+002 1.525000e+002 6.680000e+001
      vertex   -2.105000e+002 1.525000e+002 4.550000e+001
    endloop
  endfacet
  facet normal 0.000000e+000 -4.152653e-001 -0.000000e+000
    outer loop
      vertex   -2.049455e+002 1.525000e+002 5.766787e+001
      vertex   -2.105000e+002 1.525000e+002 4.550000e+001
      vertex   -2.049455e+002 1.525000e+002 4.836787e+001
    endloop
  endfacet
  facet normal 0.000000e+000 -4.587754e-001 -0.000000e+000
    outer loop
      vertex   -2.049455e+002 1.525000e+002 4.836787e+001
      vertex   -2.105000e+002 1.525000e+002 4.550000e+001
      vertex   -1.754455e+002 1.525000e+002 4.836787e+001
    endloop
  endfacet
  facet normal 0.000000e+000 -2.593555e-001 -0.000000e+000
    outer loop
      vertex   -1.754455e+002 1.525000e+002 4.836787e+001
      vertex   -2.105000e+002 1.525000e+002 4.550000e+001
      vertex   -1.597500e+002 1.525000e+002 4.550000e+001
    endloop
  endfacet
  facet normal 0.000000e+000 -9.837136e-001 0.000000e+000
    outer loop
      vertex   -1.754455e+002 1.525000e+002 4.836787e+001
      vertex   -1.597500e+002 1.525000e+002 4.550000e+001
      vertex   -1.754455e+002 1.525000e+002 5.766787e+001
    endloop
  endfacet
  facet normal 0.000000e+000 -5.332409e-001 0.000000e+000
    outer loop
      vertex   -1.754455e+002 1.525000e+002 5.766787e+001
      vertex   -1.597500e+002 1.525000e+002 4.550000e+001
      vertex   -1.090000e+002 1.525000e+002 5.120000e+001
    endloop
  endfacet
  facet normal 0.000000e+000 -1.116135e-001 0.000000e+000
    outer loop
      vertex   -1.597500e+002 1.525000e+002 4.550000e+001
      vertex   -1.090000e+002 1.525000e+002 4.550000e+001
      vertex   -1.090000e+002 1.525000e+002 5.120000e+001
    endloop
  endfacet
  facet normal 5.773503e-001 5.773503e-001 -0.000000e+000
    outer loop
      vertex   -2.049455e+002 2.215000e+002 4.836787e+001
      vertex   -2.049455e+002 2.215000e+002 5.766787e+001
      vertex   -2.034455e+002 2.200000e+002 4.986787e+001
    endloop
  endfacet
  facet normal 1.855674e-001 1.855674e-001 -0.000000e+000
    outer loop
      vertex   -2.034455e+002 2.200000e+002 4.986787e+001
      vertex   -2.049455e+002 2.215000e+002 5.766787e+001
      vertex   -2.034455e+002 2.200000e+002 5.616787e+001
    endloop
  endfacet
  facet normal 0.000000e+000 5.773503e-001 -5.773503e-001
    outer loop
      vertex   -2.049455e+002 2.215000e+002 5.766787e+001
      vertex   -1.754455e+002 2.215000e+002 5.766787e+001
      vertex   -2.034455e+002 2.200000e+002 5.616787e+001
    endloop
  endfacet
  facet normal 0.000000e+000 5.341834e-002 -5.341834e-002
    outer loop
      vertex   -2.034455e+002 2.200000e+002 5.616787e+001
      vertex   -1.754455e+002 2.215000e+002 5.766787e+001
      vertex   -1.769455e+002 2.200000e+002 5.616787e+001
    endloop
  endfacet
  facet normal -0.000000e+000 5.773503e-001 5.773503e-001
    outer loop
      vertex   -2.034455e+002 2.200000e+002 4.986787e+001
      vertex   -1.769455e+002 2.200000e+002 4.986787e+001
      vertex   -2.049455e+002 2.215000e+002 4.836787e+001
    endloop
  endfacet
  facet normal -0.000000e+000 5.341834e-002 5.341834e-002
    outer loop
      vertex   -2.049455e+002 2.215000e+002 4.836787e+001
      vertex   -1.769455e+002 2.200000e+002 4.986787e+001
      vertex   -1.754455e+002 2.215000e+002 4.836787e+001
    endloop
  endfacet
  facet normal -5.773503e-001 5.773503e-001 0.000000e+000
    outer loop
      vertex   -1.754455e+002 2.215000e+002 5.766787e+001
      vertex   -1.754455e+002 2.215000e+002 4.836787e+001
      vertex   -1.769455e+002 2.200000e+002 5.616787e+001
    endloop
  endfacet
  facet normal -1.855674e-001 1.855674e-001 0.000000e+000
    outer loop
      vertex   -1.769455e+002 2.200000e+002 5.616787e+001
      vertex   -1.754455e+002 2.215000e+002 4.836787e+001
      vertex   -1.769455e+002 2.200000e+002 4.986787e+001
    endloop
  endfacet
  facet normal 0.000000e+000 0.000000e+000 1.000000e+000
    outer loop
      vertex   -1.769455e+002 2.200000e+002 4.986787e+001
      vertex   -2.034455e+002 2.200000e+002 4.986787e+001
      vertex   -1.769455e+002 2.030000e+002 4.986787e+001
    endloop
  endfacet
  facet normal 0.000000e+000 0.000000e+000 5.399547e-001
    outer loop
      vertex   -1.769455e+002 2.030000e+002 4.986787e+001
      vertex   -2.034455e+002 2.200000e+002 4.986787e+001
      vertex   -2.034455e+002 2.030000e+002 4.986787e+001
    endloop
  endfacet
  facet normal 1.000000e+000 0.000000e+000 -0.000000e+000
    outer loop
      vertex   -2.034455e+002 2.200000e+002 4.986787e+001
      vertex   -2.034455e+002 2.200000e+002 5.616787e+001
      vertex   -2.034455e+002 2.030000e+002 4.986787e+001
    endloop
  endfacet
  facet normal 9.376822e-001 0.000000e+000 0.000000e+000
    outer loop
      vertex   -2.034455e+002 2.030000e+002 4.986787e+001
      vertex   -2.034455e+002 2.200000e+002 5.616787e+001
      vertex   -2.034455e+002 2.030000e+002 5.616787e+001
    endloop
  endfacet
  facet normal -0.000000e+000 3.135134e-001 0.000000e+000
    outer loop
      vertex   -1.562500e+002 2.215000e+002 6.680000e+001
      vertex   -1.020000e+002 2.215000e+002 6.680000e+001
      vertex   -1.090000e+002 2.215000e+002 5.120000e+001
    endloop
  endfacet
  facet normal 0.000000e+000 1.611002e-002 0.000000e+000
    outer loop
      vertex   -1.090000e+002 2.215000e+002 5.120000e+001
      vertex   -1.020000e+002 2.215000e+002 6.680000e+001
      vertex   -1.017011e+002 2.215000e+002 6.678882e+001
    endloop
  endfacet
  facet normal 0.000000e+000 1.637136e-002 0.000000e+000
    outer loop
      vertex   -1.090000e+002 2.215000e+002 5.120000e+001
      vertex   -1.017011e+002 2.215000e+002 6.678882e+001
      vertex   -1.014038e+002 2.215000e+002 6.675533e+001
    endloop
  endfacet
  facet normal 0.000000e+000 9.644945e-001 0.000000e+000
    outer loop
      vertex   -1.014038e+002 2.215000e+002 6.675533e+001
      vertex   -1.011099e+002 2.215000e+002 6.669971e+001
      vertex   -1.090000e+002 2.215000e+002 5.120000e+001
    endloop
  endfacet
  facet normal 0.000000e+000 1.676247e-002 0.000000e+000
    outer loop
      vertex   -1.090000e+002 2.215000e+002 5.120000e+001
      vertex   -1.011099e+002 2.215000e+002 6.669971e+001
      vertex   -1.008210e+002 2.215000e+002 6.662229e+001
    endloop
  endfacet
  facet normal 0.000000e+000 2.679201e-001 0.000000e+000
    outer loop
      vertex   -1.090000e+002 2.215000e+002 5.120000e+001
      vertex   -1.008210e+002 2.215000e+002 6.662229e+001
      vertex   -9.800000e+001 2.215000e+002 6.280000e+001
    endloop
  endfacet
  facet normal 0.000000e+000 5.633198e-001 0.000000e+000
    outer loop
      vertex   -9.800000e+001 2.215000e+002 6.280000e+001
      vertex   -1.008210e+002 2.215000e+002 6.662229e+001
      vertex   -9.801118e+001 2.215000e+002 6.309892e+001
    endloop
  endfacet
  facet normal 0.000000e+000 5.320282e-001 0.000000e+000
    outer loop
      vertex   -9.801118e+001 2.215000e+002 6.309892e+001
      vertex   -1.008210e+002 2.215000e+002 6.662229e+001
      vertex   -9.804468e+001 2.215000e+002 6.339617e+001
    endloop
  endfacet
  facet normal 0.000000e+000 3.739130e-002 0.000000e+000
    outer loop
      vertex   -9.804468e+001 2.215000e+002 6.339617e+001
      vertex   -1.008210e+002 2.215000e+002 6.662229e+001
      vertex   -1.005386e+002 2.215000e+002 6.652350e+001
    endloop
  endfacet
  facet normal 0.000000e+000 4.672706e-001 0.000000e+000
    outer loop
      vertex   -9.804468e+001 2.215000e+002 6.339617e+001
      vertex   -1.005386e+002 2.215000e+002 6.652350e+001
      vertex   -9.810029e+001 2.215000e+002 6.369008e+001
    endloop
  endfacet
  facet normal 0.000000e+000 4.338748e-001 0.000000e+000
    outer loop
      vertex   -9.810029e+001 2.215000e+002 6.369008e+001
      vertex   -1.005386e+002 2.215000e+002 6.652350e+001
      vertex   -9.817771e+001 2.215000e+002 6.397902e+001
    endloop
  endfacet
  facet normal 0.000000e+000 3.999050e-001 0.000000e+000
    outer loop
      vertex   -9.817771e+001 2.215000e+002 6.397902e+001
      vertex   -1.005386e+002 2.215000e+002 6.652350e+001
      vertex   -9.827650e+001 2.215000e+002 6.426137e+001
    endloop
  endfacet
  facet normal 0.000000e+000 3.653349e-001 0.000000e+000
    outer loop
      vertex   -9.827650e+001 2.215000e+002 6.426137e+001
      vertex   -1.005386e+002 2.215000e+002 6.652350e+001
      vertex   -9.839613e+001 2.215000e+002 6.453554e+001
    endloop
  endfacet
  facet normal 0.000000e+000 3.302882e-001 0.000000e+000
    outer loop
      vertex   -9.839613e+001 2.215000e+002 6.453554e+001
      vertex   -1.005386e+002 2.215000e+002 6.652350e+001
      vertex   -9.853590e+001 2.215000e+002 6.480000e+001
    endloop
  endfacet
  facet normal 0.000000e+000 2.947489e-001 0.000000e+000
    outer loop
      vertex   -9.853590e+001 2.215000e+002 6.480000e+001
      vertex   -1.005386e+002 2.215000e+002 6.652350e+001
      vertex   -9.869505e+001 2.215000e+002 6.505328e+001
    endloop
  endfacet
  facet normal 0.000000e+000 2.588189e-001 0.000000e+000
    outer loop
      vertex   -9.869505e+001 2.215000e+002 6.505328e+001
      vertex   -1.005386e+002 2.215000e+002 6.652350e+001
      vertex   -9.887267e+001 2.215000e+002 6.529396e+001
    endloop
  endfacet
  facet normal 0.000000e+000 2.225090e-001 0.000000e+000
    outer loop
      vertex   -9.887267e+001 2.215000e+002 6.529396e+001
      vertex   -1.005386e+002 2.215000e+002 6.652350e+001
      vertex   -9.906779e+001 2.215000e+002 6.552069e+001
    endloop
  endfacet
  facet normal 0.000000e+000 1.859091e-001 0.000000e+000
    outer loop
      vertex   -9.906779e+001 2.215000e+002 6.552069e+001
      vertex   -1.005386e+002 2.215000e+002 6.652350e+001
      vertex   -9.927931e+001 2.215000e+002 6.573221e+001
    endloop
  endfacet
  facet normal 0.000000e+000 1.490316e-001 0.000000e+000
    outer loop
      vertex   -9.927931e+001 2.215000e+002 6.573221e+001
      vertex   -1.005386e+002 2.215000e+002 6.652350e+001
      vertex   -9.950604e+001 2.215000e+002 6.592732e+001
    endloop
  endfacet
  facet normal 0.000000e+000 1.119786e-001 0.000000e+000
    outer loop
      vertex   -9.950604e+001 2.215000e+002 6.592732e+001
      vertex   -1.005386e+002 2.215000e+002 6.652350e+001
      vertex   -9.974672e+001 2.215000e+002 6.610496e+001
    endloop
  endfacet
  facet normal 0.000000e+000 7.471415e-002 0.000000e+000
    outer loop
      vertex   -9.974672e+001 2.215000e+002 6.610496e+001
      vertex   -1.005386e+002 2.215000e+002 6.652350e+001
      vertex   -1.000000e+002 2.215000e+002 6.626410e+001
    endloop
  endfacet
  facet normal 0.000000e+000 3.739383e-002 0.000000e+000
    outer loop
      vertex   -1.000000e+002 2.215000e+002 6.626410e+001
      vertex   -1.005386e+002 2.215000e+002 6.652350e+001
      vertex   -1.002645e+002 2.215000e+002 6.640388e+001
    endloop
  endfacet
  facet normal 0.000000e+000 6.880916e-001 0.000000e+000
    outer loop
      vertex   -9.800000e+001 2.215000e+002 6.280000e+001
      vertex   -9.800000e+001 2.215000e+002 5.120000e+001
      vertex   -1.090000e+002 2.215000e+002 5.120000e+001
    endloop
  endfacet
  facet normal 0.000000e+000 1.000000e+000 -0.000000e+000
    outer loop
      vertex   -1.090000e+002 2.215000e+002 4.550000e+001
      vertex   -1.597500e+002 2.215000e+002 4.550000e+001
      vertex   -1.090000e+002 2.215000e+002 5.120000e+001
    endloop
  endfacet
  facet normal 0.000000e+000 2.073660e-001 0.000000e+000
    outer loop
      vertex   -1.090000e+002 2.215000e+002 5.120000e+001
      vertex   -1.597500e+002 2.215000e+002 4.550000e+001
      vertex   -1.754455e+002 2.215000e+002 5.766787e+001
    endloop
  endfacet
  facet normal 0.000000e+000 2.200401e-001 0.000000e+000
    outer loop
      vertex   -1.090000e+002 2.215000e+002 5.120000e+001
      vertex   -1.754455e+002 2.215000e+002 5.766787e+001
      vertex   -1.562500e+002 2.215000e+002 6.680000e+001
    endloop
  endfacet
  facet normal 0.000000e+000 4.296039e-001 0.000000e+000
    outer loop
      vertex   -1.562500e+002 2.215000e+002 6.680000e+001
      vertex   -1.754455e+002 2.215000e+002 5.766787e+001
      vertex   -2.105000e+002 2.215000e+002 6.680000e+001
    endloop
  endfacet
  facet normal 0.000000e+000 6.957744e-001 0.000000e+000
    outer loop
      vertex   -2.105000e+002 2.215000e+002 6.680000e+001
      vertex   -1.754455e+002 2.215000e+002 5.766787e+001
      vertex   -2.049455e+002 2.215000e+002 5.766787e+001
    endloop
  endfacet
  facet normal 0.000000e+000 5.196579e-001 0.000000e+000
    outer loop
      vertex   -2.105000e+002 2.215000e+002 6.680000e+001
      vertex   -2.049455e+002 2.215000e+002 5.766787e+001
      vertex   -2.105000e+002 2.215000e+002 4.550000e+001
    endloop
  endfacet
  facet normal 0.000000e+000 6.178027e-001 0.000000e+000
    outer loop
      vertex   -2.105000e+002 2.215000e+002 4.550000e+001
      vertex   -2.049455e+002 2.215000e+002 5.766787e+001
      vertex   -2.049455e+002 2.215000e+002 4.836787e+001
    endloop
  endfacet
  facet normal 0.000000e+000 3.847958e-001 0.000000e+000
    outer loop
      vertex   -2.105000e+002 2.215000e+002 4.550000e+001
      vertex   -2.049455e+002 2.215000e+002 4.836787e+001
      vertex   -1.754455e+002 2.215000e+002 4.836787e+001
    endloop
  endfacet
  facet normal 0.000000e+000 7.903219e-001 0.000000e+000
    outer loop
      vertex   -1.754455e+002 2.215000e+002 5.766787e+001
      vertex   -1.597500e+002 2.215000e+002 4.550000e+001
      vertex   -1.754455e+002 2.215000e+002 4.836787e+001
    endloop
  endfacet
  facet normal 0.000000e+000 2.593555e-001 0.000000e+000
    outer loop
      vertex   -1.754455e+002 2.215000e+002 4.836787e+001
      vertex   -1.597500e+002 2.215000e+002 4.550000e+001
      vertex   -2.105000e+002 2.215000e+002 4.550000e+001
    endloop
  endfacet
  facet normal 0.000000e+000 0.000000e+000 -1.000000e+000
    outer loop
      vertex   -2.034455e+002 2.200000e+002 5.616787e+001
      vertex   -1.769455e+002 2.200000e+002 5.616787e+001
      vertex   -2.034455e+002 2.030000e+002 5.616787e+001
    endloop
  endfacet
  facet normal 0.000000e+000 0.000000e+000 -5.399547e-001
    outer loop
      vertex   -2.034455e+002 2.030000e+002 5.616787e+001
      vertex   -1.769455e+002 2.200000e+002 5.616787e+001
      vertex   -1.769455e+002 2.030000e+002 5.616787e+001
    endloop
  endfacet
  facet normal 0.000000e+000 1.000000e+000 0.000000e+000
    outer loop
      vertex   -1.769455e+002 2.030000e+002 5.616787e+001
      vertex   -1.769455e+002 2.030000e+002 4.986787e+001
      vertex   -2.034455e+002 2.030000e+002 5.616787e+001
    endloop
  endfacet
  facet normal 0.000000e+000 9.728850e-001 0.000000e+000
    outer loop
      vertex   -2.034455e+002 2.030000e+002 5.616787e+001
      vertex   -1.769455e+002 2.030000e+002 4.986787e+001
      vertex   -2.034455e+002 2.030000e+002 4.986787e+001
    endloop
  endfacet
  facet normal -1.000000e+000 -0.000000e+000 -0.000000e+000
    outer loop
      vertex   -1.769455e+002 2.200000e+002 5.616787e+001
      vertex   -1.769455e+002 2.200000e+002 4.986787e+001
      vertex   -1.769455e+002 2.030000e+002 5.616787e+001
    endloop
  endfacet
  facet normal -9.376822e-001 0.000000e+000 0.000000e+000
    outer loop
      vertex   -1.769455e+002 2.030000e+002 5.616787e+001
      vertex   -1.769455e+002 2.200000e+002 4.986787e+001
      vertex   -1.769455e+002 2.030000e+002 4.986787e+001
    endloop
  endfacet
  facet normal 0.000000e+000 0.000000e+000 -1.000000e+000
    outer loop
      vertex   -1.769455e+002 1.540000e+002 5.616787e+001
      vertex   -2.034455e+002 1.540000e+002 5.616787e+001
      vertex   -1.769455e+002 1.710000e+002 5.616787e+001
    endloop
  endfacet
  facet normal -0.000000e+000 0.000000e+000 -5.399547e-001
    outer loop
      vertex   -1.769455e+002 1.710000e+002 5.616787e+001
      vertex   -2.034455e+002 1.540000e+002 5.616787e+001
      vertex   -2.034455e+002 1.710000e+002 5.616787e+001
    endloop
  endfacet
  facet normal -1.000000e+000 0.000000e+000 0.000000e+000
    outer loop
      vertex   -1.769455e+002 1.540000e+002 4.986787e+001
      vertex   -1.769455e+002 1.540000e+002 5.616787e+001
      vertex   -1.769455e+002 1.710000e+002 4.986787e+001
    endloop
  endfacet
  facet normal -9.376822e-001 0.000000e+000 0.000000e+000
    outer loop
      vertex   -1.769455e+002 1.710000e+002 4.986787e+001
      vertex   -1.769455e+002 1.540000e+002 5.616787e+001
      vertex   -1.769455e+002 1.710000e+002 5.616787e+001
    endloop
  endfacet
  facet normal 0.000000e+000 -1.000000e+000 0.000000e+000
    outer loop
      vertex   -1.769455e+002 1.710000e+002 4.986787e+001
      vertex   -1.769455e+002 1.710000e+002 5.616787e+001
      vertex   -2.034455e+002 1.710000e+002 4.986787e+001
    endloop
  endfacet
  facet normal 0.000000e+000 -9.728850e-001 0.000000e+000
    outer loop
      vertex   -2.034455e+002 1.710000e+002 4.986787e+001
      vertex   -1.769455e+002 1.710000e+002 5.616787e+001
      vertex   -2.034455e+002 1.710000e+002 5.616787e+001
    endloop
  endfacet
  facet normal 9.990167e-001 4.453578e-004 3.738026e-002
    outer loop
      vertex   -9.801118e+001 2.215000e+002 6.309892e+001
      vertex   -9.800280e+001 2.152273e+002 6.294957e+001
      vertex   -9.800000e+001 2.215000e+002 6.280000e+001
    endloop
  endfacet
  facet normal 1.191777e-002 0.000000e+000 2.231087e-004
    outer loop
      vertex   -9.800000e+001 2.215000e+002 6.280000e+001
      vertex   -9.800280e+001 2.152273e+002 6.294957e+001
      vertex   -9.800280e+001 2.089545e+002 6.294957e+001
    endloop
  endfacet
  facet normal 3.973581e-003 0.000000e+000 7.438810e-005
    outer loop
      vertex   -9.800000e+001 2.215000e+002 6.280000e+001
      vertex   -9.800280e+001 2.089545e+002 6.294957e+001
      vertex   -9.800280e+001 2.026818e+002 6.294957e+001
    endloop
  endfacet
  facet normal 9.972037e-001 -0.000000e+000 7.473130e-002
    outer loop
      vertex   -9.800280e+001 2.026818e+002 6.294957e+001
      vertex   -9.800280e+001 2.089545e+002 6.294957e+001
      vertex   -9.802515e+001 2.026818e+002 6.324786e+001
    endloop
  endfacet
  facet normal 9.960718e-001 -4.336809e-019 7.464647e-002
    outer loop
      vertex   -9.800280e+001 2.026818e+002 6.294957e+001
      vertex   -9.802515e+001 2.026818e+002 6.324786e+001
      vertex   -9.802515e+001 1.964091e+002 6.324786e+001
    endloop
  endfacet
  facet normal 9.877108e-001 0.000000e+000 1.488572e-001
    outer loop
      vertex   -9.802515e+001 2.026818e+002 6.324786e+001
      vertex   -9.806973e+001 2.026818e+002 6.354365e+001
      vertex   -9.806973e+001 1.964091e+002 6.354365e+001
    endloop
  endfacet
  facet normal 9.877108e-001 0.000000e+000 1.488572e-001
    outer loop
      vertex   -9.806973e+001 1.964091e+002 6.354365e+001
      vertex   -9.802515e+001 1.964091e+002 6.324786e+001
      vertex   -9.802515e+001 2.026818e+002 6.324786e+001
    endloop
  endfacet
  facet normal 9.738185e-001 -1.734723e-018 2.222806e-001
    outer loop
      vertex   -9.806973e+001 2.026818e+002 6.354365e+001
      vertex   -9.813630e+001 2.026818e+002 6.383528e+001
      vertex   -9.813630e+001 1.964091e+002 6.383528e+001
    endloop
  endfacet
  facet normal 9.738185e-001 -1.734723e-018 2.222806e-001
    outer loop
      vertex   -9.813630e+001 1.964091e+002 6.383528e+001
      vertex   -9.806973e+001 1.964091e+002 6.354365e+001
      vertex   -9.806973e+001 2.026818e+002 6.354365e+001
    endloop
  endfacet
  facet normal 9.544923e-001 -1.734723e-018 2.944072e-001
    outer loop
      vertex   -9.813630e+001 2.026818e+002 6.383528e+001
      vertex   -9.822446e+001 2.026818e+002 6.412112e+001
      vertex   -9.822446e+001 1.964091e+002 6.412112e+001
    endloop
  endfacet
  facet normal 9.544923e-001 -1.734723e-018 2.944072e-001
    outer loop
      vertex   -9.822446e+001 1.964091e+002 6.412112e+001
      vertex   -9.813630e+001 1.964091e+002 6.383528e+001
      vertex   -9.813630e+001 2.026818e+002 6.383528e+001
    endloop
  endfacet
  facet normal 9.298173e-001 0.000000e+000 3.649260e-001
    outer loop
      vertex   -9.822446e+001 2.026818e+002 6.412112e+001
      vertex   -9.833375e+001 2.026818e+002 6.439957e+001
      vertex   -9.833375e+001 1.964091e+002 6.439957e+001
    endloop
  endfacet
  facet normal 9.298173e-001 0.000000e+000 3.649260e-001
    outer loop
      vertex   -9.833375e+001 1.964091e+002 6.439957e+001
      vertex   -9.822446e+001 1.964091e+002 6.412112e+001
      vertex   -9.822446e+001 2.026818e+002 6.412112e+001
    endloop
  endfacet
  facet normal 8.999424e-001 0.000000e+000 4.333990e-001
    outer loop
      vertex   -9.833375e+001 2.026818e+002 6.439957e+001
      vertex   -9.846354e+001 2.026818e+002 6.466908e+001
      vertex   -9.846354e+001 1.964091e+002 6.466908e+001
    endloop
  endfacet
  facet normal 8.999424e-001 0.000000e+000 4.333990e-001
    outer loop
      vertex   -9.846354e+001 1.964091e+002 6.466908e+001
      vertex   -9.833375e+001 1.964091e+002 6.439957e+001
      vertex   -9.833375e+001 2.026818e+002 6.439957e+001
    endloop
  endfacet
  facet normal 8.650416e-001 0.000000e+000 4.994338e-001
    outer loop
      vertex   -9.846354e+001 2.026818e+002 6.466908e+001
      vertex   -9.861311e+001 2.026818e+002 6.492813e+001
      vertex   -9.861311e+001 1.964091e+002 6.492813e+001
    endloop
  endfacet
  facet normal 8.650416e-001 0.000000e+000 4.994338e-001
    outer loop
      vertex   -9.861311e+001 1.964091e+002 6.492813e+001
      vertex   -9.846354e+001 1.964091e+002 6.466908e+001
      vertex   -9.846354e+001 2.026818e+002 6.466908e+001
    endloop
  endfacet
  facet normal 8.252992e-001 -3.469447e-018 5.626832e-001
    outer loop
      vertex   -9.861311e+001 2.026818e+002 6.492813e+001
      vertex   -9.878161e+001 2.026818e+002 6.517528e+001
      vertex   -9.878161e+001 1.964091e+002 6.517528e+001
    endloop
  endfacet
  facet normal 8.252992e-001 -3.469447e-018 5.626832e-001
    outer loop
      vertex   -9.878161e+001 1.964091e+002 6.517528e+001
      vertex   -9.861311e+001 1.964091e+002 6.492813e+001
      vertex   -9.861311e+001 2.026818e+002 6.492813e+001
    endloop
  endfacet
  facet normal 7.809409e-001 3.469447e-018 6.227860e-001
    outer loop
      vertex   -9.878161e+001 2.026818e+002 6.517528e+001
      vertex   -9.896812e+001 2.026818e+002 6.540915e+001
      vertex   -9.896812e+001 1.964091e+002 6.540915e+001
    endloop
  endfacet
  facet normal 7.809409e-001 3.469447e-018 6.227860e-001
    outer loop
      vertex   -9.896812e+001 1.964091e+002 6.540915e+001
      vertex   -9.878161e+001 1.964091e+002 6.517528e+001
      vertex   -9.878161e+001 2.026818e+002 6.517528e+001
    endloop
  endfacet
  facet normal 7.322294e-001 3.469447e-018 6.793904e-001
    outer loop
      vertex   -9.896812e+001 2.026818e+002 6.540915e+001
      vertex   -9.917157e+001 2.026818e+002 6.562843e+001
      vertex   -9.917157e+001 1.964091e+002 6.562843e+001
    endloop
  endfacet
  facet normal 7.322294e-001 3.469447e-018 6.793904e-001
    outer loop
      vertex   -9.917157e+001 1.964091e+002 6.562843e+001
      vertex   -9.896812e+001 1.964091e+002 6.540915e+001
      vertex   -9.896812e+001 2.026818e+002 6.540915e+001
    endloop
  endfacet
  facet normal 6.793913e-001 0.000000e+000 7.322284e-001
    outer loop
      vertex   -9.917157e+001 2.026818e+002 6.562843e+001
      vertex   -9.939085e+001 2.026818e+002 6.583189e+001
      vertex   -9.939085e+001 1.964091e+002 6.583189e+001
    endloop
  endfacet
  facet normal 6.793913e-001 0.000000e+000 7.322284e-001
    outer loop
      vertex   -9.939085e+001 1.964091e+002 6.583189e+001
      vertex   -9.917157e+001 1.964091e+002 6.562843e+001
      vertex   -9.917157e+001 2.026818e+002 6.562843e+001
    endloop
  endfacet
  facet normal 6.227984e-001 0.000000e+000 7.809310e-001
    outer loop
      vertex   -9.939085e+001 2.026818e+002 6.583189e+001
      vertex   -9.962472e+001 2.026818e+002 6.601839e+001
      vertex   -9.962472e+001 1.964091e+002 6.601839e+001
    endloop
  endfacet
  facet normal 6.227984e-001 0.000000e+000 7.809310e-001
    outer loop
      vertex   -9.962472e+001 1.964091e+002 6.601839e+001
      vertex   -9.939085e+001 1.964091e+002 6.583189e+001
      vertex   -9.939085e+001 2.026818e+002 6.583189e+001
    endloop
  endfacet
  facet normal 5.626713e-001 6.938894e-018 8.253073e-001
    outer loop
      vertex   -9.962472e+001 2.026818e+002 6.601839e+001
      vertex   -9.987187e+001 2.026818e+002 6.618690e+001
      vertex   -9.987187e+001 1.964091e+002 6.618690e+001
    endloop
  endfacet
  facet normal 5.626713e-001 6.938894e-018 8.253073e-001
    outer loop
      vertex   -9.987187e+001 1.964091e+002 6.618690e+001
      vertex   -9.962472e+001 1.964091e+002 6.601839e+001
      vertex   -9.962472e+001 2.026818e+002 6.601839e+001
    endloop
  endfacet
  facet normal 4.994338e-001 0.000000e+000 8.650416e-001
    outer loop
      vertex   -9.987187e+001 2.026818e+002 6.618690e+001
      vertex   -1.001309e+002 2.026818e+002 6.633646e+001
      vertex   -1.001309e+002 1.964091e+002 6.633646e+001
    endloop
  endfacet
  facet normal 4.994338e-001 0.000000e+000 8.650416e-001
    outer loop
      vertex   -1.001309e+002 1.964091e+002 6.633646e+001
      vertex   -9.987187e+001 1.964091e+002 6.618690e+001
      vertex   -9.987187e+001 2.026818e+002 6.618690e+001
    endloop
  endfacet
  facet normal 4.333883e-001 0.000000e+000 8.999476e-001
    outer loop
      vertex   -1.001309e+002 2.026818e+002 6.633646e+001
      vertex   -1.004004e+002 2.026818e+002 6.646625e+001
      vertex   -1.004004e+002 1.964091e+002 6.646625e+001
    endloop
  endfacet
  facet normal 4.333883e-001 0.000000e+000 8.999476e-001
    outer loop
      vertex   -1.004004e+002 1.964091e+002 6.646625e+001
      vertex   -1.001309e+002 1.964091e+002 6.633646e+001
      vertex   -1.001309e+002 2.026818e+002 6.633646e+001
    endloop
  endfacet
  facet normal 3.649173e-001 -3.469447e-018 9.298206e-001
    outer loop
      vertex   -1.004004e+002 2.026818e+002 6.646625e+001
      vertex   -1.006789e+002 2.026818e+002 6.657553e+001
      vertex   -1.006789e+002 1.964091e+002 6.657553e+001
    endloop
  endfacet
  facet normal 3.649173e-001 -3.469447e-018 9.298206e-001
    outer loop
      vertex   -1.006789e+002 1.964091e+002 6.657553e+001
      vertex   -1.004004e+002 1.964091e+002 6.646625e+001
      vertex   -1.004004e+002 2.026818e+002 6.646625e+001
    endloop
  endfacet
  facet normal 2.944340e-001 0.000000e+000 9.544840e-001
    outer loop
      vertex   -1.006789e+002 2.026818e+002 6.657553e+001
      vertex   -1.009647e+002 2.026818e+002 6.666370e+001
      vertex   -1.009647e+002 1.964091e+002 6.666370e+001
    endloop
  endfacet
  facet normal 2.944340e-001 0.000000e+000 9.544840e-001
    outer loop
      vertex   -1.009647e+002 1.964091e+002 6.666370e+001
      vertex   -1.006789e+002 1.964091e+002 6.657553e+001
      vertex   -1.006789e+002 2.026818e+002 6.657553e+001
    endloop
  endfacet
  facet normal 2.222537e-001 0.000000e+000 9.738246e-001
    outer loop
      vertex   -1.009647e+002 2.026818e+002 6.666370e+001
      vertex   -1.012564e+002 2.026818e+002 6.673026e+001
      vertex   -1.012564e+002 1.964091e+002 6.673026e+001
    endloop
  endfacet
  facet normal 2.222537e-001 0.000000e+000 9.738246e-001
    outer loop
      vertex   -1.012564e+002 1.964091e+002 6.673026e+001
      vertex   -1.009647e+002 1.964091e+002 6.666370e+001
      vertex   -1.009647e+002 2.026818e+002 6.666370e+001
    endloop
  endfacet
  facet normal 1.488859e-001 8.673617e-019 9.877065e-001
    outer loop
      vertex   -1.012564e+002 2.026818e+002 6.673026e+001
      vertex   -1.015521e+002 2.026818e+002 6.677485e+001
      vertex   -1.015521e+002 1.964091e+002 6.677485e+001
    endloop
  endfacet
  facet normal 1.488859e-001 8.673617e-019 9.877065e-001
    outer loop
      vertex   -1.015521e+002 1.964091e+002 6.677485e+001
      vertex   -1.012564e+002 1.964091e+002 6.673026e+001
      vertex   -1.012564e+002 2.026818e+002 6.673026e+001
    endloop
  endfacet
  facet normal 7.473034e-002 -0.000000e+000 9.972038e-001
    outer loop
      vertex   -1.015521e+002 1.964091e+002 6.677485e+001
      vertex   -1.015521e+002 2.026818e+002 6.677485e+001
      vertex   -1.018504e+002 1.964091e+002 6.679720e+001
    endloop
  endfacet
  facet normal 3.559651e-003 -0.000000e+000 4.750009e-002
    outer loop
      vertex   -1.018504e+002 1.964091e+002 6.679720e+001
      vertex   -1.015521e+002 2.026818e+002 6.677485e+001
      vertex   -1.018504e+002 2.026818e+002 6.679720e+001
    endloop
  endfacet
  facet normal 2.975457e-004 -0.000000e+000 1.589397e-002
    outer loop
      vertex   -1.018504e+002 1.964091e+002 6.679720e+001
      vertex   -1.018504e+002 2.026818e+002 6.679720e+001
      vertex   -1.020000e+002 1.870000e+002 6.680000e+001
    endloop
  endfacet
  facet normal 1.785418e-004 -0.000000e+000 9.537146e-003
    outer loop
      vertex   -1.020000e+002 1.870000e+002 6.680000e+001
      vertex   -1.018504e+002 2.026818e+002 6.679720e+001
      vertex   -1.020000e+002 2.215000e+002 6.680000e+001
    endloop
  endfacet
  facet normal 7.438810e-005 0.000000e+000 3.973581e-003
    outer loop
      vertex   -1.020000e+002 2.215000e+002 6.680000e+001
      vertex   -1.018504e+002 2.026818e+002 6.679720e+001
      vertex   -1.018504e+002 2.089545e+002 6.679720e+001
    endloop
  endfacet
  facet normal 2.231087e-004 0.000000e+000 1.191777e-002
    outer loop
      vertex   -1.020000e+002 2.215000e+002 6.680000e+001
      vertex   -1.018504e+002 2.089545e+002 6.679720e+001
      vertex   -1.018504e+002 2.152273e+002 6.679720e+001
    endloop
  endfacet
  facet normal 7.473034e-002 0.000000e+000 9.972038e-001
    outer loop
      vertex   -1.018504e+002 2.152273e+002 6.679720e+001
      vertex   -1.018504e+002 2.089545e+002 6.679720e+001
      vertex   -1.015521e+002 2.152273e+002 6.677485e+001
    endloop
  endfacet
  facet normal 7.470910e-002 -4.462416e-004 9.969203e-001
    outer loop
      vertex   -1.018504e+002 2.152273e+002 6.679720e+001
      vertex   -1.015521e+002 2.152273e+002 6.677485e+001
      vertex   -1.017011e+002 2.215000e+002 6.678882e+001
    endloop
  endfacet
  facet normal 1.119364e-001 4.454676e-004 9.934293e-001
    outer loop
      vertex   -1.017011e+002 2.215000e+002 6.678882e+001
      vertex   -1.015521e+002 2.152273e+002 6.677485e+001
      vertex   -1.014038e+002 2.215000e+002 6.675533e+001
    endloop
  endfacet
  facet normal 7.103910e-003 -2.127805e-005 4.712722e-002
    outer loop
      vertex   -1.014038e+002 2.215000e+002 6.675533e+001
      vertex   -1.015521e+002 2.152273e+002 6.677485e+001
      vertex   -1.012564e+002 2.152273e+002 6.673026e+001
    endloop
  endfacet
  facet normal 1.858555e-001 4.448801e-004 9.822878e-001
    outer loop
      vertex   -1.014038e+002 2.215000e+002 6.675533e+001
      vertex   -1.012564e+002 2.152273e+002 6.673026e+001
      vertex   -1.011099e+002 2.215000e+002 6.669971e+001
    endloop
  endfacet
  facet normal 1.060481e-002 -2.128383e-005 4.646594e-002
    outer loop
      vertex   -1.011099e+002 2.215000e+002 6.669971e+001
      vertex   -1.012564e+002 2.152273e+002 6.673026e+001
      vertex   -1.009647e+002 2.152273e+002 6.666370e+001
    endloop
  endfacet
  facet normal 2.587509e-001 4.456716e-004 9.656498e-001
    outer loop
      vertex   -1.011099e+002 2.215000e+002 6.669971e+001
      vertex   -1.009647e+002 2.152273e+002 6.666370e+001
      vertex   -1.008210e+002 2.215000e+002 6.662229e+001
    endloop
  endfacet
  facet normal 1.404858e-002 -2.126884e-005 4.554209e-002
    outer loop
      vertex   -1.008210e+002 2.215000e+002 6.662229e+001
      vertex   -1.009647e+002 2.152273e+002 6.666370e+001
      vertex   -1.006789e+002 2.152273e+002 6.657553e+001
    endloop
  endfacet
  facet normal 3.301782e-001 4.449235e-004 9.436175e-001
    outer loop
      vertex   -1.008210e+002 2.215000e+002 6.662229e+001
      vertex   -1.006789e+002 2.152273e+002 6.657553e+001
      vertex   -1.005386e+002 2.215000e+002 6.652350e+001
    endloop
  endfacet
  facet normal 1.741211e-002 -2.129296e-005 4.436661e-002
    outer loop
      vertex   -1.005386e+002 2.215000e+002 6.652350e+001
      vertex   -1.006789e+002 2.152273e+002 6.657553e+001
      vertex   -1.004004e+002 2.152273e+002 6.646625e+001
    endloop
  endfacet
  facet normal 3.997844e-001 4.453861e-004 9.162990e-001
    outer loop
      vertex   -1.005386e+002 2.215000e+002 6.652350e+001
      vertex   -1.004004e+002 2.152273e+002 6.646625e+001
      vertex   -1.002645e+002 2.215000e+002 6.640388e+001
    endloop
  endfacet
  facet normal 2.067841e-002 -2.125984e-005 4.293951e-002
    outer loop
      vertex   -1.002645e+002 2.215000e+002 6.640388e+001
      vertex   -1.004004e+002 2.152273e+002 6.646625e+001
      vertex   -1.001309e+002 2.152273e+002 6.633646e+001
    endloop
  endfacet
  facet normal 4.671466e-001 4.460033e-004 8.838584e-001
    outer loop
      vertex   -1.002645e+002 2.215000e+002 6.640388e+001
      vertex   -1.001309e+002 2.152273e+002 6.633646e+001
      vertex   -1.000000e+002 2.215000e+002 6.626410e+001
    endloop
  endfacet
  facet normal 2.383043e-002 -2.123284e-005 4.127537e-002
    outer loop
      vertex   -1.000000e+002 2.215000e+002 6.626410e+001
      vertex   -1.001309e+002 2.152273e+002 6.633646e+001
      vertex   -9.987187e+001 2.152273e+002 6.618690e+001
    endloop
  endfacet
  facet normal 5.318683e-001 4.458279e-004 8.464914e-001
    outer loop
      vertex   -1.000000e+002 2.215000e+002 6.626410e+001
      vertex   -9.987187e+001 2.152273e+002 6.618690e+001
      vertex   -9.974672e+001 2.215000e+002 6.610496e+001
    endloop
  endfacet
  facet normal 2.684753e-002 -2.125558e-005 3.937905e-002
    outer loop
      vertex   -9.974672e+001 2.215000e+002 6.610496e+001
      vertex   -9.987187e+001 2.152273e+002 6.618690e+001
      vertex   -9.962472e+001 2.152273e+002 6.601839e+001
    endloop
  endfacet
  facet normal 5.936678e-001 4.465056e-004 8.043570e-001
    outer loop
      vertex   -9.974672e+001 2.215000e+002 6.610496e+001
      vertex   -9.962472e+001 2.152273e+002 6.601839e+001
      vertex   -9.950604e+001 2.215000e+002 6.592732e+001
    endloop
  endfacet
  facet normal 2.971632e-002 -2.122042e-005 3.726149e-002
    outer loop
      vertex   -9.950604e+001 2.215000e+002 6.592732e+001
      vertex   -9.962472e+001 2.152273e+002 6.601839e+001
      vertex   -9.939085e+001 2.152273e+002 6.583189e+001
    endloop
  endfacet
  facet normal 6.520960e-001 4.457777e-004 7.577614e-001
    outer loop
      vertex   -9.950604e+001 2.215000e+002 6.592732e+001
      vertex   -9.939085e+001 2.152273e+002 6.583189e+001
      vertex   -9.927931e+001 2.215000e+002 6.573221e+001
    endloop
  endfacet
  facet normal 3.241736e-002 -2.124890e-005 3.493850e-002
    outer loop
      vertex   -9.927931e+001 2.215000e+002 6.573221e+001
      vertex   -9.939085e+001 2.152273e+002 6.583189e+001
      vertex   -9.917157e+001 2.152273e+002 6.562843e+001
    endloop
  endfacet
  facet normal 7.069058e-001 4.462344e-004 7.069058e-001
    outer loop
      vertex   -9.927931e+001 2.215000e+002 6.573221e+001
      vertex   -9.917157e+001 2.152273e+002 6.562843e+001
      vertex   -9.906779e+001 2.215000e+002 6.552069e+001
    endloop
  endfacet
  facet normal 3.493728e-002 -2.124660e-005 3.241615e-002
    outer loop
      vertex   -9.906779e+001 2.215000e+002 6.552069e+001
      vertex   -9.917157e+001 2.152273e+002 6.562843e+001
      vertex   -9.896812e+001 2.152273e+002 6.540915e+001
    endloop
  endfacet
  facet normal 7.577488e-001 4.453169e-004 6.521107e-001
    outer loop
      vertex   -9.906779e+001 2.215000e+002 6.552069e+001
      vertex   -9.896812e+001 2.152273e+002 6.540915e+001
      vertex   -9.887267e+001 2.215000e+002 6.529396e+001
    endloop
  endfacet
  facet normal 3.726270e-002 -2.128424e-005 2.971632e-002
    outer loop
      vertex   -9.887267e+001 2.215000e+002 6.529396e+001
      vertex   -9.896812e+001 2.152273e+002 6.540915e+001
      vertex   -9.878161e+001 2.152273e+002 6.517528e+001
    endloop
  endfacet
  facet normal 8.043692e-001 4.452944e-004 5.936513e-001
    outer loop
      vertex   -9.887267e+001 2.215000e+002 6.529396e+001
      vertex   -9.878161e+001 2.152273e+002 6.517528e+001
      vertex   -9.869505e+001 2.215000e+002 6.505328e+001
    endloop
  endfacet
  facet normal 3.937783e-002 -2.127145e-005 2.684753e-002
    outer loop
      vertex   -9.869505e+001 2.215000e+002 6.505328e+001
      vertex   -9.878161e+001 2.152273e+002 6.517528e+001
      vertex   -9.861311e+001 2.152273e+002 6.492813e+001
    endloop
  endfacet
  facet normal 8.464799e-001 4.453131e-004 5.318866e-001
    outer loop
      vertex   -9.869505e+001 2.215000e+002 6.505328e+001
      vertex   -9.861311e+001 2.152273e+002 6.492813e+001
      vertex   -9.853590e+001 2.215000e+002 6.480000e+001
    endloop
  endfacet
  facet normal 4.127537e-002 -2.128305e-005 2.383043e-002
    outer loop
      vertex   -9.853590e+001 2.215000e+002 6.480000e+001
      vertex   -9.861311e+001 2.152273e+002 6.492813e+001
      vertex   -9.846354e+001 2.152273e+002 6.466908e+001
    endloop
  endfacet
  facet normal 8.838689e-001 4.454658e-004 4.671267e-001
    outer loop
      vertex   -9.853590e+001 2.215000e+002 6.480000e+001
      vertex   -9.846354e+001 2.152273e+002 6.466908e+001
      vertex   -9.839613e+001 2.215000e+002 6.453554e+001
    endloop
  endfacet
  facet normal 4.294073e-002 -2.124703e-005 2.067962e-002
    outer loop
      vertex   -9.839613e+001 2.215000e+002 6.453554e+001
      vertex   -9.846354e+001 2.152273e+002 6.466908e+001
      vertex   -9.833375e+001 2.152273e+002 6.439957e+001
    endloop
  endfacet
  facet normal 9.162990e-001 4.460143e-004 3.997844e-001
    outer loop
      vertex   -9.839613e+001 2.215000e+002 6.453554e+001
      vertex   -9.833375e+001 2.152273e+002 6.439957e+001
      vertex   -9.827650e+001 2.215000e+002 6.426137e+001
    endloop
  endfacet
  facet normal 4.436540e-002 -2.124908e-005 1.741211e-002
    outer loop
      vertex   -9.827650e+001 2.215000e+002 6.426137e+001
      vertex   -9.833375e+001 2.152273e+002 6.439957e+001
      vertex   -9.822446e+001 2.152273e+002 6.412112e+001
    endloop
  endfacet
  facet normal 9.436203e-001 4.462720e-004 3.301702e-001
    outer loop
      vertex   -9.827650e+001 2.215000e+002 6.426137e+001
      vertex   -9.822446e+001 2.152273e+002 6.412112e+001
      vertex   -9.817771e+001 2.215000e+002 6.397902e+001
    endloop
  endfacet
  facet normal 4.554270e-002 -2.122843e-005 1.404736e-002
    outer loop
      vertex   -9.817771e+001 2.215000e+002 6.397902e+001
      vertex   -9.822446e+001 2.152273e+002 6.412112e+001
      vertex   -9.813630e+001 2.152273e+002 6.383528e+001
    endloop
  endfacet
  facet normal 9.656489e-001 4.457503e-004 2.587541e-001
    outer loop
      vertex   -9.817771e+001 2.215000e+002 6.397902e+001
      vertex   -9.813630e+001 2.152273e+002 6.383528e+001
      vertex   -9.810029e+001 2.215000e+002 6.369008e+001
    endloop
  endfacet
  facet normal 4.646533e-002 -2.125220e-005 1.060603e-002
    outer loop
      vertex   -9.810029e+001 2.215000e+002 6.369008e+001
      vertex   -9.813630e+001 2.152273e+002 6.383528e+001
      vertex   -9.806973e+001 2.152273e+002 6.354365e+001
    endloop
  endfacet
  facet normal 9.822878e-001 4.461879e-004 1.858555e-001
    outer loop
      vertex   -9.810029e+001 2.215000e+002 6.369008e+001
      vertex   -9.806973e+001 2.152273e+002 6.354365e+001
      vertex   -9.804468e+001 2.215000e+002 6.339617e+001
    endloop
  endfacet
  facet normal 4.712844e-002 -2.124985e-005 7.102694e-003
    outer loop
      vertex   -9.804468e+001 2.215000e+002 6.339617e+001
      vertex   -9.806973e+001 2.152273e+002 6.354365e+001
      vertex   -9.802515e+001 2.152273e+002 6.324786e+001
    endloop
  endfacet
  facet normal 9.934294e-001 4.453995e-004 1.119364e-001
    outer loop
      vertex   -9.804468e+001 2.215000e+002 6.339617e+001
      vertex   -9.802515e+001 2.152273e+002 6.324786e+001
      vertex   -9.801118e+001 2.215000e+002 6.309892e+001
    endloop
  endfacet
  facet normal 4.752654e-002 -2.127492e-005 3.561680e-003
    outer loop
      vertex   -9.801118e+001 2.215000e+002 6.309892e+001
      vertex   -9.802515e+001 2.152273e+002 6.324786e+001
      vertex   -9.800280e+001 2.152273e+002 6.294957e+001
    endloop
  endfacet
  facet normal 3.738026e-002 4.453578e-004 9.990167e-001
    outer loop
      vertex   -1.017011e+002 2.215000e+002 6.678882e+001
      vertex   -1.020000e+002 2.215000e+002 6.680000e+001
      vertex   -1.018504e+002 2.152273e+002 6.679720e+001
    endloop
  endfacet
  facet normal 1.487870e-004 -0.000000e+000 7.947737e-003
    outer loop
      vertex   -1.020000e+002 1.525000e+002 6.680000e+001
      vertex   -1.018504e+002 1.713182e+002 6.679720e+001
      vertex   -1.020000e+002 1.870000e+002 6.680000e+001
    endloop
  endfacet
  facet normal 1.190130e-004 0.000000e+000 6.357304e-003
    outer loop
      vertex   -1.020000e+002 1.870000e+002 6.680000e+001
      vertex   -1.018504e+002 1.713182e+002 6.679720e+001
      vertex   -1.018504e+002 1.775909e+002 6.679720e+001
    endloop
  endfacet
  facet normal 5.944142e-004 0.000000e+000 3.175176e-002
    outer loop
      vertex   -1.020000e+002 1.870000e+002 6.680000e+001
      vertex   -1.018504e+002 1.775909e+002 6.679720e+001
      vertex   -1.018504e+002 1.838636e+002 6.679720e+001
    endloop
  endfacet
  facet normal 7.473034e-002 0.000000e+000 9.972038e-001
    outer loop
      vertex   -1.018504e+002 1.838636e+002 6.679720e+001
      vertex   -1.018504e+002 1.775909e+002 6.679720e+001
      vertex   -1.015521e+002 1.838636e+002 6.677485e+001
    endloop
  endfacet
  facet normal 7.464552e-002 4.336809e-019 9.960718e-001
    outer loop
      vertex   -1.018504e+002 1.838636e+002 6.679720e+001
      vertex   -1.015521e+002 1.838636e+002 6.677485e+001
      vertex   -1.015521e+002 1.901364e+002 6.677485e+001
    endloop
  endfacet
  facet normal 1.488859e-001 8.673617e-019 9.877065e-001
    outer loop
      vertex   -1.015521e+002 1.838636e+002 6.677485e+001
      vertex   -1.012564e+002 1.838636e+002 6.673026e+001
      vertex   -1.012564e+002 1.901364e+002 6.673026e+001
    endloop
  endfacet
  facet normal 1.488859e-001 8.673617e-019 9.877065e-001
    outer loop
      vertex   -1.012564e+002 1.901364e+002 6.673026e+001
      vertex   -1.015521e+002 1.901364e+002 6.677485e+001
      vertex   -1.015521e+002 1.838636e+002 6.677485e+001
    endloop
  endfacet
  facet normal 2.222537e-001 0.000000e+000 9.738246e-001
    outer loop
      vertex   -1.012564e+002 1.838636e+002 6.673026e+001
      vertex   -1.009647e+002 1.838636e+002 6.666370e+001
      vertex   -1.009647e+002 1.901364e+002 6.666370e+001
    endloop
  endfacet
  facet normal 2.222537e-001 0.000000e+000 9.738246e-001
    outer loop
      vertex   -1.009647e+002 1.901364e+002 6.666370e+001
      vertex   -1.012564e+002 1.901364e+002 6.673026e+001
      vertex   -1.012564e+002 1.838636e+002 6.673026e+001
    endloop
  endfacet
  facet normal 2.944340e-001 0.000000e+000 9.544840e-001
    outer loop
      vertex   -1.009647e+002 1.838636e+002 6.666370e+001
      vertex   -1.006789e+002 1.838636e+002 6.657553e+001
      vertex   -1.006789e+002 1.901364e+002 6.657553e+001
    endloop
  endfacet
  facet normal 2.944340e-001 0.000000e+000 9.544840e-001
    outer loop
      vertex   -1.006789e+002 1.901364e+002 6.657553e+001
      vertex   -1.009647e+002 1.901364e+002 6.666370e+001
      vertex   -1.009647e+002 1.838636e+002 6.666370e+001
    endloop
  endfacet
  facet normal 3.649173e-001 -3.469447e-018 9.298206e-001
    outer loop
      vertex   -1.006789e+002 1.838636e+002 6.657553e+001
      vertex   -1.004004e+002 1.838636e+002 6.646625e+001
      vertex   -1.004004e+002 1.901364e+002 6.646625e+001
    endloop
  endfacet
  facet normal 3.649173e-001 -3.469447e-018 9.298206e-001
    outer loop
      vertex   -1.004004e+002 1.901364e+002 6.646625e+001
      vertex   -1.006789e+002 1.901364e+002 6.657553e+001
      vertex   -1.006789e+002 1.838636e+002 6.657553e+001
    endloop
  endfacet
  facet normal 4.333883e-001 0.000000e+000 8.999476e-001
    outer loop
      vertex   -1.004004e+002 1.838636e+002 6.646625e+001
      vertex   -1.001309e+002 1.838636e+002 6.633646e+001
      vertex   -1.001309e+002 1.901364e+002 6.633646e+001
    endloop
  endfacet
  facet normal 4.333883e-001 0.000000e+000 8.999476e-001
    outer loop
      vertex   -1.001309e+002 1.901364e+002 6.633646e+001
      vertex   -1.004004e+002 1.901364e+002 6.646625e+001
      vertex   -1.004004e+002 1.838636e+002 6.646625e+001
    endloop
  endfacet
  facet normal 4.994338e-001 0.000000e+000 8.650416e-001
    outer loop
      vertex   -1.001309e+002 1.838636e+002 6.633646e+001
      vertex   -9.987187e+001 1.838636e+002 6.618690e+001
      vertex   -9.987187e+001 1.901364e+002 6.618690e+001
    endloop
  endfacet
  facet normal 4.994338e-001 0.000000e+000 8.650416e-001
    outer loop
      vertex   -9.987187e+001 1.901364e+002 6.618690e+001
      vertex   -1.001309e+002 1.901364e+002 6.633646e+001
      vertex   -1.001309e+002 1.838636e+002 6.633646e+001
    endloop
  endfacet
  facet normal 5.626713e-001 6.938894e-018 8.253073e-001
    outer loop
      vertex   -9.987187e+001 1.838636e+002 6.618690e+001
      vertex   -9.962472e+001 1.838636e+002 6.601839e+001
      vertex   -9.962472e+001 1.901364e+002 6.601839e+001
    endloop
  endfacet
  facet normal 5.626713e-001 6.938894e-018 8.253073e-001
    outer loop
      vertex   -9.962472e+001 1.901364e+002 6.601839e+001
      vertex   -9.987187e+001 1.901364e+002 6.618690e+001
      vertex   -9.987187e+001 1.838636e+002 6.618690e+001
    endloop
  endfacet
  facet normal 6.227984e-001 0.000000e+000 7.809310e-001
    outer loop
      vertex   -9.962472e+001 1.838636e+002 6.601839e+001
      vertex   -9.939085e+001 1.838636e+002 6.583189e+001
      vertex   -9.939085e+001 1.901364e+002 6.583189e+001
    endloop
  endfacet
  facet normal 6.227984e-001 0.000000e+000 7.809310e-001
    outer loop
      vertex   -9.939085e+001 1.901364e+002 6.583189e+001
      vertex   -9.962472e+001 1.901364e+002 6.601839e+001
      vertex   -9.962472e+001 1.838636e+002 6.601839e+001
    endloop
  endfacet
  facet normal 6.793913e-001 0.000000e+000 7.322284e-001
    outer loop
      vertex   -9.939085e+001 1.838636e+002 6.583189e+001
      vertex   -9.917157e+001 1.838636e+002 6.562843e+001
      vertex   -9.917157e+001 1.901364e+002 6.562843e+001
    endloop
  endfacet
  facet normal 6.793913e-001 0.000000e+000 7.322284e-001
    outer loop
      vertex   -9.917157e+001 1.901364e+002 6.562843e+001
      vertex   -9.939085e+001 1.901364e+002 6.583189e+001
      vertex   -9.939085e+001 1.838636e+002 6.583189e+001
    endloop
  endfacet
  facet normal 7.322294e-001 3.469447e-018 6.793904e-001
    outer loop
      vertex   -9.917157e+001 1.838636e+002 6.562843e+001
      vertex   -9.896812e+001 1.838636e+002 6.540915e+001
      vertex   -9.896812e+001 1.901364e+002 6.540915e+001
    endloop
  endfacet
  facet normal 7.322294e-001 3.469447e-018 6.793904e-001
    outer loop
      vertex   -9.896812e+001 1.901364e+002 6.540915e+001
      vertex   -9.917157e+001 1.901364e+002 6.562843e+001
      vertex   -9.917157e+001 1.838636e+002 6.562843e+001
    endloop
  endfacet
  facet normal 7.809409e-001 3.469447e-018 6.227860e-001
    outer loop
      vertex   -9.896812e+001 1.838636e+002 6.540915e+001
      vertex   -9.878161e+001 1.838636e+002 6.517528e+001
      vertex   -9.878161e+001 1.901364e+002 6.517528e+001
    endloop
  endfacet
  facet normal 7.809409e-001 3.469447e-018 6.227860e-001
    outer loop
      vertex   -9.878161e+001 1.901364e+002 6.517528e+001
      vertex   -9.896812e+001 1.901364e+002 6.540915e+001
      vertex   -9.896812e+001 1.838636e+002 6.540915e+001
    endloop
  endfacet
  facet normal 8.252992e-001 -3.469447e-018 5.626832e-001
    outer loop
      vertex   -9.878161e+001 1.838636e+002 6.517528e+001
      vertex   -9.861311e+001 1.838636e+002 6.492813e+001
      vertex   -9.861311e+001 1.901364e+002 6.492813e+001
    endloop
  endfacet
  facet normal 8.252992e-001 -3.469447e-018 5.626832e-001
    outer loop
      vertex   -9.861311e+001 1.901364e+002 6.492813e+001
      vertex   -9.878161e+001 1.901364e+002 6.517528e+001
      vertex   -9.878161e+001 1.838636e+002 6.517528e+001
    endloop
  endfacet
  facet normal 8.650416e-001 0.000000e+000 4.994338e-001
    outer loop
      vertex   -9.861311e+001 1.838636e+002 6.492813e+001
      vertex   -9.846354e+001 1.838636e+002 6.466908e+001
      vertex   -9.846354e+001 1.901364e+002 6.466908e+001
    endloop
  endfacet
  facet normal 8.650416e-001 0.000000e+000 4.994338e-001
    outer loop
      vertex   -9.846354e+001 1.901364e+002 6.466908e+001
      vertex   -9.861311e+001 1.901364e+002 6.492813e+001
      vertex   -9.861311e+001 1.838636e+002 6.492813e+001
    endloop
  endfacet
  facet normal 8.999424e-001 0.000000e+000 4.333990e-001
    outer loop
      vertex   -9.846354e+001 1.838636e+002 6.466908e+001
      vertex   -9.833375e+001 1.838636e+002 6.439957e+001
      vertex   -9.833375e+001 1.901364e+002 6.439957e+001
    endloop
  endfacet
  facet normal 8.999424e-001 0.000000e+000 4.333990e-001
    outer loop
      vertex   -9.833375e+001 1.901364e+002 6.439957e+001
      vertex   -9.846354e+001 1.901364e+002 6.466908e+001
      vertex   -9.846354e+001 1.838636e+002 6.466908e+001
    endloop
  endfacet
  facet normal 9.298173e-001 0.000000e+000 3.649260e-001
    outer loop
      vertex   -9.833375e+001 1.838636e+002 6.439957e+001
      vertex   -9.822446e+001 1.838636e+002 6.412112e+001
      vertex   -9.822446e+001 1.901364e+002 6.412112e+001
    endloop
  endfacet
  facet normal 9.298173e-001 0.000000e+000 3.649260e-001
    outer loop
      vertex   -9.822446e+001 1.901364e+002 6.412112e+001
      vertex   -9.833375e+001 1.901364e+002 6.439957e+001
      vertex   -9.833375e+001 1.838636e+002 6.439957e+001
    endloop
  endfacet
  facet normal 9.544923e-001 -1.734723e-018 2.944072e-001
    outer loop
      vertex   -9.822446e+001 1.838636e+002 6.412112e+001
      vertex   -9.813630e+001 1.838636e+002 6.383528e+001
      vertex   -9.813630e+001 1.901364e+002 6.383528e+001
    endloop
  endfacet
  facet normal 9.544923e-001 -1.734723e-018 2.944072e-001
    outer loop
      vertex   -9.813630e+001 1.901364e+002 6.383528e+001
      vertex   -9.822446e+001 1.901364e+002 6.412112e+001
      vertex   -9.822446e+001 1.838636e+002 6.412112e+001
    endloop
  endfacet
  facet normal 9.738185e-001 -1.734723e-018 2.222806e-001
    outer loop
      vertex   -9.813630e+001 1.838636e+002 6.383528e+001
      vertex   -9.806973e+001 1.838636e+002 6.354365e+001
      vertex   -9.806973e+001 1.901364e+002 6.354365e+001
    endloop
  endfacet
  facet normal 9.738185e-001 -1.734723e-018 2.222806e-001
    outer loop
      vertex   -9.806973e+001 1.901364e+002 6.354365e+001
      vertex   -9.813630e+001 1.901364e+002 6.383528e+001
      vertex   -9.813630e+001 1.838636e+002 6.383528e+001
    endloop
  endfacet
  facet normal 9.877108e-001 0.000000e+000 1.488572e-001
    outer loop
      vertex   -9.806973e+001 1.838636e+002 6.354365e+001
      vertex   -9.802515e+001 1.838636e+002 6.324786e+001
      vertex   -9.802515e+001 1.901364e+002 6.324786e+001
    endloop
  endfacet
  facet normal 9.877108e-001 0.000000e+000 1.488572e-001
    outer loop
      vertex   -9.802515e+001 1.901364e+002 6.324786e+001
      vertex   -9.806973e+001 1.901364e+002 6.354365e+001
      vertex   -9.806973e+001 1.838636e+002 6.354365e+001
    endloop
  endfacet
  facet normal 9.972037e-001 0.000000e+000 7.473130e-002
    outer loop
      vertex   -9.802515e+001 1.901364e+002 6.324786e+001
      vertex   -9.802515e+001 1.838636e+002 6.324786e+001
      vertex   -9.800280e+001 1.901364e+002 6.294957e+001
    endloop
  endfacet
  facet normal 4.749948e-002 0.000000e+000 3.559651e-003
    outer loop
      vertex   -9.800280e+001 1.901364e+002 6.294957e+001
      vertex   -9.802515e+001 1.838636e+002 6.324786e+001
      vertex   -9.800280e+001 1.838636e+002 6.294957e+001
    endloop
  endfacet
  facet normal 4.763370e-002 0.000000e+000 8.917348e-004
    outer loop
      vertex   -9.800280e+001 1.901364e+002 6.294957e+001
      vertex   -9.800280e+001 1.838636e+002 6.294957e+001
      vertex   -9.800000e+001 1.870000e+002 6.280000e+001
    endloop
  endfacet
  facet normal 3.175176e-002 0.000000e+000 5.944142e-004
    outer loop
      vertex   -9.800000e+001 1.870000e+002 6.280000e+001
      vertex   -9.800280e+001 1.838636e+002 6.294957e+001
      vertex   -9.800280e+001 1.775909e+002 6.294957e+001
    endloop
  endfacet
  facet normal 6.357304e-003 0.000000e+000 1.190130e-004
    outer loop
      vertex   -9.800000e+001 1.870000e+002 6.280000e+001
      vertex   -9.800280e+001 1.775909e+002 6.294957e+001
      vertex   -9.800280e+001 1.713182e+002 6.294957e+001
    endloop
  endfacet
  facet normal 9.972037e-001 -0.000000e+000 7.473130e-002
    outer loop
      vertex   -9.800280e+001 1.713182e+002 6.294957e+001
      vertex   -9.800280e+001 1.775909e+002 6.294957e+001
      vertex   -9.802515e+001 1.713182e+002 6.324786e+001
    endloop
  endfacet
  facet normal 9.960718e-001 -4.336809e-019 7.464647e-002
    outer loop
      vertex   -9.800280e+001 1.713182e+002 6.294957e+001
      vertex   -9.802515e+001 1.713182e+002 6.324786e+001
      vertex   -9.802515e+001 1.650455e+002 6.324786e+001
    endloop
  endfacet
  facet normal 9.877108e-001 0.000000e+000 1.488572e-001
    outer loop
      vertex   -9.802515e+001 1.713182e+002 6.324786e+001
      vertex   -9.806973e+001 1.713182e+002 6.354365e+001
      vertex   -9.806973e+001 1.650455e+002 6.354365e+001
    endloop
  endfacet
  facet normal 9.877108e-001 0.000000e+000 1.488572e-001
    outer loop
      vertex   -9.806973e+001 1.650455e+002 6.354365e+001
      vertex   -9.802515e+001 1.650455e+002 6.324786e+001
      vertex   -9.802515e+001 1.713182e+002 6.324786e+001
    endloop
  endfacet
  facet normal 9.738185e-001 -1.734723e-018 2.222806e-001
    outer loop
      vertex   -9.806973e+001 1.713182e+002 6.354365e+001
      vertex   -9.813630e+001 1.713182e+002 6.383528e+001
      vertex   -9.813630e+001 1.650455e+002 6.383528e+001
    endloop
  endfacet
  facet normal 9.738185e-001 -1.734723e-018 2.222806e-001
    outer loop
      vertex   -9.813630e+001 1.650455e+002 6.383528e+001
      vertex   -9.806973e+001 1.650455e+002 6.354365e+001
      vertex   -9.806973e+001 1.713182e+002 6.354365e+001
    endloop
  endfacet
  facet normal 9.544923e-001 0.000000e+000 2.944072e-001
    outer loop
      vertex   -9.813630e+001 1.713182e+002 6.383528e+001
      vertex   -9.822446e+001 1.713182e+002 6.412112e+001
      vertex   -9.822446e+001 1.650455e+002 6.412112e+001
    endloop
  endfacet
  facet normal 9.544923e-001 0.000000e+000 2.944072e-001
    outer loop
      vertex   -9.822446e+001 1.650455e+002 6.412112e+001
      vertex   -9.813630e+001 1.650455e+002 6.383528e+001
      vertex   -9.813630e+001 1.713182e+002 6.383528e+001
    endloop
  endfacet
  facet normal 9.298173e-001 3.469447e-018 3.649260e-001
    outer loop
      vertex   -9.822446e+001 1.713182e+002 6.412112e+001
      vertex   -9.833375e+001 1.713182e+002 6.439957e+001
      vertex   -9.833375e+001 1.650455e+002 6.439957e+001
    endloop
  endfacet
  facet normal 9.298173e-001 3.469447e-018 3.649260e-001
    outer loop
      vertex   -9.833375e+001 1.650455e+002 6.439957e+001
      vertex   -9.822446e+001 1.650455e+002 6.412112e+001
      vertex   -9.822446e+001 1.713182e+002 6.412112e+001
    endloop
  endfacet
  facet normal 8.999424e-001 3.469447e-018 4.333990e-001
    outer loop
      vertex   -9.833375e+001 1.713182e+002 6.439957e+001
      vertex   -9.846354e+001 1.713182e+002 6.466908e+001
      vertex   -9.846354e+001 1.650455e+002 6.466908e+001
    endloop
  endfacet
  facet normal 8.999424e-001 3.469447e-018 4.333990e-001
    outer loop
      vertex   -9.846354e+001 1.650455e+002 6.466908e+001
      vertex   -9.833375e+001 1.650455e+002 6.439957e+001
      vertex   -9.833375e+001 1.713182e+002 6.439957e+001
    endloop
  endfacet
  facet normal 8.650416e-001 0.000000e+000 4.994338e-001
    outer loop
      vertex   -9.846354e+001 1.713182e+002 6.466908e+001
      vertex   -9.861311e+001 1.713182e+002 6.492813e+001
      vertex   -9.861311e+001 1.650455e+002 6.492813e+001
    endloop
  endfacet
  facet normal 8.650416e-001 0.000000e+000 4.994338e-001
    outer loop
      vertex   -9.861311e+001 1.650455e+002 6.492813e+001
      vertex   -9.846354e+001 1.650455e+002 6.466908e+001
      vertex   -9.846354e+001 1.713182e+002 6.466908e+001
    endloop
  endfacet
  facet normal 8.252992e-001 3.469447e-018 5.626832e-001
    outer loop
      vertex   -9.861311e+001 1.713182e+002 6.492813e+001
      vertex   -9.878161e+001 1.713182e+002 6.517528e+001
      vertex   -9.878161e+001 1.650455e+002 6.517528e+001
    endloop
  endfacet
  facet normal 8.252992e-001 3.469447e-018 5.626832e-001
    outer loop
      vertex   -9.878161e+001 1.650455e+002 6.517528e+001
      vertex   -9.861311e+001 1.650455e+002 6.492813e+001
      vertex   -9.861311e+001 1.713182e+002 6.492813e+001
    endloop
  endfacet
  facet normal 7.809409e-001 3.469447e-018 6.227860e-001
    outer loop
      vertex   -9.878161e+001 1.713182e+002 6.517528e+001
      vertex   -9.896812e+001 1.713182e+002 6.540915e+001
      vertex   -9.896812e+001 1.650455e+002 6.540915e+001
    endloop
  endfacet
  facet normal 7.809409e-001 3.469447e-018 6.227860e-001
    outer loop
      vertex   -9.896812e+001 1.650455e+002 6.540915e+001
      vertex   -9.878161e+001 1.650455e+002 6.517528e+001
      vertex   -9.878161e+001 1.713182e+002 6.517528e+001
    endloop
  endfacet
  facet normal 7.322294e-001 6.938894e-018 6.793904e-001
    outer loop
      vertex   -9.896812e+001 1.713182e+002 6.540915e+001
      vertex   -9.917157e+001 1.713182e+002 6.562843e+001
      vertex   -9.917157e+001 1.650455e+002 6.562843e+001
    endloop
  endfacet
  facet normal 7.322294e-001 6.938894e-018 6.793904e-001
    outer loop
      vertex   -9.917157e+001 1.650455e+002 6.562843e+001
      vertex   -9.896812e+001 1.650455e+002 6.540915e+001
      vertex   -9.896812e+001 1.713182e+002 6.540915e+001
    endloop
  endfacet
  facet normal 6.793913e-001 0.000000e+000 7.322284e-001
    outer loop
      vertex   -9.917157e+001 1.713182e+002 6.562843e+001
      vertex   -9.939085e+001 1.713182e+002 6.583189e+001
      vertex   -9.939085e+001 1.650455e+002 6.583189e+001
    endloop
  endfacet
  facet normal 6.793913e-001 0.000000e+000 7.322284e-001
    outer loop
      vertex   -9.939085e+001 1.650455e+002 6.583189e+001
      vertex   -9.917157e+001 1.650455e+002 6.562843e+001
      vertex   -9.917157e+001 1.713182e+002 6.562843e+001
    endloop
  endfacet
  facet normal 6.227984e-001 -6.938894e-018 7.809310e-001
    outer loop
      vertex   -9.939085e+001 1.713182e+002 6.583189e+001
      vertex   -9.962472e+001 1.713182e+002 6.601839e+001
      vertex   -9.962472e+001 1.650455e+002 6.601839e+001
    endloop
  endfacet
  facet normal 6.227984e-001 -6.938894e-018 7.809310e-001
    outer loop
      vertex   -9.962472e+001 1.650455e+002 6.601839e+001
      vertex   -9.939085e+001 1.650455e+002 6.583189e+001
      vertex   -9.939085e+001 1.713182e+002 6.583189e+001
    endloop
  endfacet
  facet normal 5.626713e-001 0.000000e+000 8.253073e-001
    outer loop
      vertex   -9.962472e+001 1.713182e+002 6.601839e+001
      vertex   -9.987187e+001 1.713182e+002 6.618690e+001
      vertex   -9.987187e+001 1.650455e+002 6.618690e+001
    endloop
  endfacet
  facet normal 5.626713e-001 0.000000e+000 8.253073e-001
    outer loop
      vertex   -9.987187e+001 1.650455e+002 6.618690e+001
      vertex   -9.962472e+001 1.650455e+002 6.601839e+001
      vertex   -9.962472e+001 1.713182e+002 6.601839e+001
    endloop
  endfacet
  facet normal 4.994338e-001 0.000000e+000 8.650416e-001
    outer loop
      vertex   -9.987187e+001 1.713182e+002 6.618690e+001
      vertex   -1.001309e+002 1.713182e+002 6.633646e+001
      vertex   -1.001309e+002 1.650455e+002 6.633646e+001
    endloop
  endfacet
  facet normal 4.994338e-001 0.000000e+000 8.650416e-001
    outer loop
      vertex   -1.001309e+002 1.650455e+002 6.633646e+001
      vertex   -9.987187e+001 1.650455e+002 6.618690e+001
      vertex   -9.987187e+001 1.713182e+002 6.618690e+001
    endloop
  endfacet
  facet normal 4.333883e-001 0.000000e+000 8.999476e-001
    outer loop
      vertex   -1.001309e+002 1.713182e+002 6.633646e+001
      vertex   -1.004004e+002 1.713182e+002 6.646625e+001
      vertex   -1.004004e+002 1.650455e+002 6.646625e+001
    endloop
  endfacet
  facet normal 4.333883e-001 0.000000e+000 8.999476e-001
    outer loop
      vertex   -1.004004e+002 1.650455e+002 6.646625e+001
      vertex   -1.001309e+002 1.650455e+002 6.633646e+001
      vertex   -1.001309e+002 1.713182e+002 6.633646e+001
    endloop
  endfacet
  facet normal 3.649173e-001 0.000000e+000 9.298206e-001
    outer loop
      vertex   -1.004004e+002 1.713182e+002 6.646625e+001
      vertex   -1.006789e+002 1.713182e+002 6.657553e+001
      vertex   -1.006789e+002 1.650455e+002 6.657553e+001
    endloop
  endfacet
  facet normal 3.649173e-001 0.000000e+000 9.298206e-001
    outer loop
      vertex   -1.006789e+002 1.650455e+002 6.657553e+001
      vertex   -1.004004e+002 1.650455e+002 6.646625e+001
      vertex   -1.004004e+002 1.713182e+002 6.646625e+001
    endloop
  endfacet
  facet normal 2.944340e-001 0.000000e+000 9.544840e-001
    outer loop
      vertex   -1.006789e+002 1.713182e+002 6.657553e+001
      vertex   -1.009647e+002 1.713182e+002 6.666370e+001
      vertex   -1.009647e+002 1.650455e+002 6.666370e+001
    endloop
  endfacet
  facet normal 2.944340e-001 0.000000e+000 9.544840e-001
    outer loop
      vertex   -1.009647e+002 1.650455e+002 6.666370e+001
      vertex   -1.006789e+002 1.650455e+002 6.657553e+001
      vertex   -1.006789e+002 1.713182e+002 6.657553e+001
    endloop
  endfacet
  facet normal 2.222537e-001 0.000000e+000 9.738246e-001
    outer loop
      vertex   -1.009647e+002 1.713182e+002 6.666370e+001
      vertex   -1.012564e+002 1.713182e+002 6.673026e+001
      vertex   -1.012564e+002 1.650455e+002 6.673026e+001
    endloop
  endfacet
  facet normal 2.222537e-001 0.000000e+000 9.738246e-001
    outer loop
      vertex   -1.012564e+002 1.650455e+002 6.673026e+001
      vertex   -1.009647e+002 1.650455e+002 6.666370e+001
      vertex   -1.009647e+002 1.713182e+002 6.666370e+001
    endloop
  endfacet
  facet normal 1.488859e-001 0.000000e+000 9.877065e-001
    outer loop
      vertex   -1.012564e+002 1.713182e+002 6.673026e+001
      vertex   -1.015521e+002 1.713182e+002 6.677485e+001
      vertex   -1.015521e+002 1.650455e+002 6.677485e+001
    endloop
  endfacet
  facet normal 1.488859e-001 0.000000e+000 9.877065e-001
    outer loop
      vertex   -1.015521e+002 1.650455e+002 6.677485e+001
      vertex   -1.012564e+002 1.650455e+002 6.673026e+001
      vertex   -1.012564e+002 1.713182e+002 6.673026e+001
    endloop
  endfacet
  facet normal 7.473034e-002 -0.000000e+000 9.972038e-001
    outer loop
      vertex   -1.015521e+002 1.650455e+002 6.677485e+001
      vertex   -1.015521e+002 1.713182e+002 6.677485e+001
      vertex   -1.018504e+002 1.650455e+002 6.679720e+001
    endloop
  endfacet
  facet normal 3.559660e-003 -0.000000e+000 4.750020e-002
    outer loop
      vertex   -1.018504e+002 1.650455e+002 6.679720e+001
      vertex   -1.015521e+002 1.713182e+002 6.677485e+001
      vertex   -1.018504e+002 1.713182e+002 6.679720e+001
    endloop
  endfacet
  facet normal 2.231715e-004 -0.000000e+000 1.192113e-002
    outer loop
      vertex   -1.018504e+002 1.650455e+002 6.679720e+001
      vertex   -1.018504e+002 1.713182e+002 6.679720e+001
      vertex   -1.020000e+002 1.525000e+002 6.680000e+001
    endloop
  endfacet
  facet normal 2.231715e-004 0.000000e+000 1.192113e-002
    outer loop
      vertex   -1.018504e+002 1.650455e+002 6.679720e+001
      vertex   -1.020000e+002 1.525000e+002 6.680000e+001
      vertex   -1.018504e+002 1.587727e+002 6.679720e+001
    endloop
  endfacet
  facet normal 1.782055e-003 -2.123186e-005 4.762683e-002
    outer loop
      vertex   -1.018504e+002 1.587727e+002 6.679720e+001
      vertex   -1.020000e+002 1.525000e+002 6.680000e+001
      vertex   -1.017011e+002 1.525000e+002 6.678882e+001
    endloop
  endfacet
  facet normal 7.470910e-002 4.462416e-004 9.969203e-001
    outer loop
      vertex   -1.018504e+002 1.587727e+002 6.679720e+001
      vertex   -1.017011e+002 1.525000e+002 6.678882e+001
      vertex   -1.015521e+002 1.587727e+002 6.677485e+001
    endloop
  endfacet
  facet normal 5.336442e-003 -2.123716e-005 4.736061e-002
    outer loop
      vertex   -1.015521e+002 1.587727e+002 6.677485e+001
      vertex   -1.017011e+002 1.525000e+002 6.678882e+001
      vertex   -1.014038e+002 1.525000e+002 6.675533e+001
    endloop
  endfacet
  facet normal 1.490127e-001 4.463317e-004 9.885479e-001
    outer loop
      vertex   -1.015521e+002 1.587727e+002 6.677485e+001
      vertex   -1.014038e+002 1.525000e+002 6.675533e+001
      vertex   -1.012564e+002 1.587727e+002 6.673026e+001
    endloop
  endfacet
  facet normal 8.860438e-003 -2.120913e-005 4.682940e-002
    outer loop
      vertex   -1.012564e+002 1.587727e+002 6.673026e+001
      vertex   -1.014038e+002 1.525000e+002 6.675533e+001
      vertex   -1.011099e+002 1.525000e+002 6.669971e+001
    endloop
  endfacet
  facet normal 2.224430e-001 4.464426e-004 9.746541e-001
    outer loop
      vertex   -1.012564e+002 1.587727e+002 6.673026e+001
      vertex   -1.011099e+002 1.525000e+002 6.669971e+001
      vertex   -1.009647e+002 1.587727e+002 6.666370e+001
    endloop
  endfacet
  facet normal 1.233581e-002 -2.124715e-005 4.603684e-002
    outer loop
      vertex   -1.009647e+002 1.587727e+002 6.666370e+001
      vertex   -1.011099e+002 1.525000e+002 6.669971e+001
      vertex   -1.008210e+002 1.525000e+002 6.662229e+001
    endloop
  endfacet
  facet normal 2.946849e-001 4.461381e-004 9.552971e-001
    outer loop
      vertex   -1.009647e+002 1.587727e+002 6.666370e+001
      vertex   -1.008210e+002 1.525000e+002 6.662229e+001
      vertex   -1.006789e+002 1.587727e+002 6.657553e+001
    endloop
  endfacet
  facet normal 1.574068e-002 -2.121097e-005 4.498535e-002
    outer loop
      vertex   -1.006789e+002 1.587727e+002 6.657553e+001
      vertex   -1.008210e+002 1.525000e+002 6.662229e+001
      vertex   -1.005386e+002 1.525000e+002 6.652350e+001
    endloop
  endfacet
  facet normal 3.652281e-001 4.466309e-004 9.306127e-001
    outer loop
      vertex   -1.006789e+002 1.587727e+002 6.657553e+001
      vertex   -1.005386e+002 1.525000e+002 6.652350e+001
      vertex   -1.004004e+002 1.587727e+002 6.646625e+001
    endloop
  endfacet
  facet normal 1.905924e-002 -2.123325e-005 4.368345e-002
    outer loop
      vertex   -1.004004e+002 1.587727e+002 6.646625e+001
      vertex   -1.005386e+002 1.525000e+002 6.652350e+001
      vertex   -1.002645e+002 1.525000e+002 6.640388e+001
    endloop
  endfacet
  facet normal 4.337575e-001 4.459539e-004 9.007142e-001
    outer loop
      vertex   -1.004004e+002 1.587727e+002 6.646625e+001
      vertex   -1.002645e+002 1.525000e+002 6.640388e+001
      vertex   -1.001309e+002 1.587727e+002 6.633646e+001
    endloop
  endfacet
  facet normal 2.227083e-002 -2.126284e-005 4.213722e-002
    outer loop
      vertex   -1.001309e+002 1.587727e+002 6.633646e+001
      vertex   -1.002645e+002 1.525000e+002 6.640388e+001
      vertex   -1.000000e+002 1.525000e+002 6.626410e+001
    endloop
  endfacet
  facet normal 4.998592e-001 4.453731e-004 8.657784e-001
    outer loop
      vertex   -1.001309e+002 1.587727e+002 6.633646e+001
      vertex   -1.000000e+002 1.525000e+002 6.626410e+001
      vertex   -9.987187e+001 1.587727e+002 6.618690e+001
    endloop
  endfacet
  facet normal 2.535600e-002 -2.125416e-005 4.035517e-002
    outer loop
      vertex   -9.987187e+001 1.587727e+002 6.618690e+001
      vertex   -1.000000e+002 1.525000e+002 6.626410e+001
      vertex   -9.974672e+001 1.525000e+002 6.610496e+001
    endloop
  endfacet
  facet normal 5.631506e-001 4.458544e-004 8.260103e-001
    outer loop
      vertex   -9.987187e+001 1.587727e+002 6.618690e+001
      vertex   -9.974672e+001 1.525000e+002 6.610496e+001
      vertex   -9.962472e+001 1.587727e+002 6.601839e+001
    endloop
  endfacet
  facet normal 2.830259e-002 -2.128676e-005 3.834701e-002
    outer loop
      vertex   -9.962472e+001 1.587727e+002 6.601839e+001
      vertex   -9.974672e+001 1.525000e+002 6.610496e+001
      vertex   -9.950604e+001 1.525000e+002 6.592732e+001
    endloop
  endfacet
  facet normal 6.233289e-001 4.451192e-004 7.815962e-001
    outer loop
      vertex   -9.962472e+001 1.587727e+002 6.601839e+001
      vertex   -9.950604e+001 1.525000e+002 6.592732e+001
      vertex   -9.939085e+001 1.587727e+002 6.583189e+001
    endloop
  endfacet
  facet normal 3.108751e-002 -2.125165e-005 3.612491e-002
    outer loop
      vertex   -9.939085e+001 1.587727e+002 6.583189e+001
      vertex   -9.950604e+001 1.525000e+002 6.592732e+001
      vertex   -9.927931e+001 1.525000e+002 6.573221e+001
    endloop
  endfacet
  facet normal 6.799701e-001 4.457061e-004 7.328522e-001
    outer loop
      vertex   -9.939085e+001 1.587727e+002 6.583189e+001
      vertex   -9.927931e+001 1.525000e+002 6.573221e+001
      vertex   -9.917157e+001 1.587727e+002 6.562843e+001
    endloop
  endfacet
  facet normal 3.370102e-002 -2.127378e-005 3.370102e-002
    outer loop
      vertex   -9.917157e+001 1.587727e+002 6.562843e+001
      vertex   -9.927931e+001 1.525000e+002 6.573221e+001
      vertex   -9.906779e+001 1.525000e+002 6.552069e+001
    endloop
  endfacet
  facet normal 7.328531e-001 4.456740e-004 6.799691e-001
    outer loop
      vertex   -9.917157e+001 1.587727e+002 6.562843e+001
      vertex   -9.906779e+001 1.525000e+002 6.552069e+001
      vertex   -9.896812e+001 1.587727e+002 6.540915e+001
    endloop
  endfacet
  facet normal 3.612491e-002 -2.123003e-005 3.108872e-002
    outer loop
      vertex   -9.896812e+001 1.587727e+002 6.540915e+001
      vertex   -9.906779e+001 1.525000e+002 6.552069e+001
      vertex   -9.887267e+001 1.525000e+002 6.529396e+001
    endloop
  endfacet
  facet normal 7.816061e-001 4.464489e-004 6.233165e-001
    outer loop
      vertex   -9.896812e+001 1.587727e+002 6.540915e+001
      vertex   -9.887267e+001 1.525000e+002 6.529396e+001
      vertex   -9.878161e+001 1.587727e+002 6.517528e+001
    endloop
  endfacet
  facet normal 3.834701e-002 -2.122870e-005 2.830137e-002
    outer loop
      vertex   -9.878161e+001 1.587727e+002 6.517528e+001
      vertex   -9.887267e+001 1.525000e+002 6.529396e+001
      vertex   -9.869505e+001 1.525000e+002 6.505328e+001
    endloop
  endfacet
  facet normal 8.260022e-001 4.461969e-004 5.631624e-001
    outer loop
      vertex   -9.878161e+001 1.587727e+002 6.517528e+001
      vertex   -9.869505e+001 1.525000e+002 6.505328e+001
      vertex   -9.861311e+001 1.587727e+002 6.492813e+001
    endloop
  endfacet
  facet normal 4.035517e-002 -2.122990e-005 2.535721e-002
    outer loop
      vertex   -9.861311e+001 1.587727e+002 6.492813e+001
      vertex   -9.869505e+001 1.525000e+002 6.505328e+001
      vertex   -9.853590e+001 1.525000e+002 6.480000e+001
    endloop
  endfacet
  facet normal 8.657784e-001 4.464261e-004 4.998592e-001
    outer loop
      vertex   -9.861311e+001 1.587727e+002 6.492813e+001
      vertex   -9.853590e+001 1.525000e+002 6.480000e+001
      vertex   -9.846354e+001 1.587727e+002 6.466908e+001
    endloop
  endfacet
  facet normal 4.213722e-002 -2.123696e-005 2.226961e-002
    outer loop
      vertex   -9.846354e+001 1.587727e+002 6.466908e+001
      vertex   -9.853590e+001 1.525000e+002 6.480000e+001
      vertex   -9.839613e+001 1.525000e+002 6.453554e+001
    endloop
  endfacet
  facet normal 9.007090e-001 4.456699e-004 4.337682e-001
    outer loop
      vertex   -9.846354e+001 1.587727e+002 6.466908e+001
      vertex   -9.839613e+001 1.525000e+002 6.453554e+001
      vertex   -9.833375e+001 1.587727e+002 6.439957e+001
    endloop
  endfacet
  facet normal 4.368345e-002 -2.126319e-005 1.905924e-002
    outer loop
      vertex   -9.833375e+001 1.587727e+002 6.439957e+001
      vertex   -9.839613e+001 1.525000e+002 6.453554e+001
      vertex   -9.827650e+001 1.525000e+002 6.426137e+001
    endloop
  endfacet
  facet normal 9.306093e-001 4.457211e-004 3.652368e-001
    outer loop
      vertex   -9.833375e+001 1.587727e+002 6.439957e+001
      vertex   -9.827650e+001 1.525000e+002 6.426137e+001
      vertex   -9.822446e+001 1.587727e+002 6.412112e+001
    endloop
  endfacet
  facet normal 4.498656e-002 -2.127577e-005 1.574068e-002
    outer loop
      vertex   -9.822446e+001 1.587727e+002 6.412112e+001
      vertex   -9.827650e+001 1.525000e+002 6.426137e+001
      vertex   -9.817771e+001 1.525000e+002 6.397902e+001
    endloop
  endfacet
  facet normal 9.553053e-001 4.452883e-004 2.946580e-001
    outer loop
      vertex   -9.822446e+001 1.587727e+002 6.412112e+001
      vertex   -9.817771e+001 1.525000e+002 6.397902e+001
      vertex   -9.813630e+001 1.587727e+002 6.383528e+001
    endloop
  endfacet
  facet normal 4.603623e-002 -2.125064e-005 1.233581e-002
    outer loop
      vertex   -9.813630e+001 1.587727e+002 6.383528e+001
      vertex   -9.817771e+001 1.525000e+002 6.397902e+001
      vertex   -9.810029e+001 1.525000e+002 6.369008e+001
    endloop
  endfacet
  facet normal 9.746480e-001 4.457822e-004 2.224700e-001
    outer loop
      vertex   -9.813630e+001 1.587727e+002 6.383528e+001
      vertex   -9.810029e+001 1.525000e+002 6.369008e+001
      vertex   -9.806973e+001 1.587727e+002 6.354365e+001
    endloop
  endfacet
  facet normal 4.682940e-002 -2.127147e-005 8.860438e-003
    outer loop
      vertex   -9.806973e+001 1.587727e+002 6.354365e+001
      vertex   -9.810029e+001 1.525000e+002 6.369008e+001
      vertex   -9.804468e+001 1.525000e+002 6.339617e+001
    endloop
  endfacet
  facet normal 9.885522e-001 4.457305e-004 1.489840e-001
    outer loop
      vertex   -9.806973e+001 1.587727e+002 6.354365e+001
      vertex   -9.804468e+001 1.525000e+002 6.339617e+001
      vertex   -9.802515e+001 1.587727e+002 6.324786e+001
    endloop
  endfacet
  facet normal 4.736061e-002 -2.123391e-005 5.336442e-003
    outer loop
      vertex   -9.802515e+001 1.587727e+002 6.324786e+001
      vertex   -9.804468e+001 1.525000e+002 6.339617e+001
      vertex   -9.801118e+001 1.525000e+002 6.309892e+001
    endloop
  endfacet
  facet normal 9.969203e-001 4.462643e-004 7.471006e-002
    outer loop
      vertex   -9.802515e+001 1.587727e+002 6.324786e+001
      vertex   -9.801118e+001 1.525000e+002 6.309892e+001
      vertex   -9.800280e+001 1.587727e+002 6.294957e+001
    endloop
  endfacet
  facet normal 4.762683e-002 -2.123186e-005 1.782055e-003
    outer loop
      vertex   -9.800280e+001 1.587727e+002 6.294957e+001
      vertex   -9.801118e+001 1.525000e+002 6.309892e+001
      vertex   -9.800000e+001 1.525000e+002 6.280000e+001
    endloop
  endfacet
  facet normal 2.383721e-002 -0.000000e+000 4.462485e-004
    outer loop
      vertex   -9.800280e+001 1.587727e+002 6.294957e+001
      vertex   -9.800000e+001 1.525000e+002 6.280000e+001
      vertex   -9.800280e+001 1.650455e+002 6.294957e+001
    endloop
  endfacet
  facet normal 1.192113e-002 -0.000000e+000 2.231715e-004
    outer loop
      vertex   -9.800280e+001 1.650455e+002 6.294957e+001
      vertex   -9.800000e+001 1.525000e+002 6.280000e+001
      vertex   -9.800280e+001 1.713182e+002 6.294957e+001
    endloop
  endfacet
  facet normal 9.972037e-001 -0.000000e+000 7.473130e-002
    outer loop
      vertex   -9.800280e+001 1.650455e+002 6.294957e+001
      vertex   -9.800280e+001 1.713182e+002 6.294957e+001
      vertex   -9.802515e+001 1.650455e+002 6.324786e+001
    endloop
  endfacet
  facet normal 7.947737e-003 -0.000000e+000 1.487870e-004
    outer loop
      vertex   -9.800000e+001 1.525000e+002 6.280000e+001
      vertex   -9.800000e+001 1.870000e+002 6.280000e+001
      vertex   -9.800280e+001 1.713182e+002 6.294957e+001
    endloop
  endfacet
  facet normal 7.947737e-003 0.000000e+000 1.487870e-004
    outer loop
      vertex   -9.800000e+001 2.215000e+002 6.280000e+001
      vertex   -9.800280e+001 2.026818e+002 6.294957e+001
      vertex   -9.800000e+001 1.870000e+002 6.280000e+001
    endloop
  endfacet
  facet normal 6.357304e-003 0.000000e+000 1.190130e-004
    outer loop
      vertex   -9.800000e+001 1.870000e+002 6.280000e+001
      vertex   -9.800280e+001 2.026818e+002 6.294957e+001
      vertex   -9.800280e+001 1.964091e+002 6.294957e+001
    endloop
  endfacet
  facet normal 3.175176e-002 0.000000e+000 5.944142e-004
    outer loop
      vertex   -9.800000e+001 1.870000e+002 6.280000e+001
      vertex   -9.800280e+001 1.964091e+002 6.294957e+001
      vertex   -9.800280e+001 1.901364e+002 6.294957e+001
    endloop
  endfacet
  facet normal 9.972037e-001 -0.000000e+000 7.473130e-002
    outer loop
      vertex   -9.800280e+001 1.901364e+002 6.294957e+001
      vertex   -9.800280e+001 1.964091e+002 6.294957e+001
      vertex   -9.802515e+001 1.901364e+002 6.324786e+001
    endloop
  endfacet
  facet normal 9.972037e-001 -0.000000e+000 7.473130e-002
    outer loop
      vertex   -9.800280e+001 2.089545e+002 6.294957e+001
      vertex   -9.800280e+001 2.152273e+002 6.294957e+001
      vertex   -9.802515e+001 2.089545e+002 6.324786e+001
    endloop
  endfacet
  facet normal 4.749948e-002 -0.000000e+000 3.559651e-003
    outer loop
      vertex   -9.802515e+001 2.089545e+002 6.324786e+001
      vertex   -9.800280e+001 2.152273e+002 6.294957e+001
      vertex   -9.802515e+001 2.152273e+002 6.324786e+001
    endloop
  endfacet
  facet normal 9.888332e-001 -0.000000e+000 1.490264e-001
    outer loop
      vertex   -9.802515e+001 2.089545e+002 6.324786e+001
      vertex   -9.802515e+001 2.152273e+002 6.324786e+001
      vertex   -9.806973e+001 2.089545e+002 6.354365e+001
    endloop
  endfacet
  facet normal 4.710160e-002 -0.000000e+000 7.098649e-003
    outer loop
      vertex   -9.806973e+001 2.089545e+002 6.354365e+001
      vertex   -9.802515e+001 2.152273e+002 6.324786e+001
      vertex   -9.806973e+001 2.152273e+002 6.354365e+001
    endloop
  endfacet
  facet normal 9.749251e-001 -0.000000e+000 2.225332e-001
    outer loop
      vertex   -9.806973e+001 2.089545e+002 6.354365e+001
      vertex   -9.806973e+001 2.152273e+002 6.354365e+001
      vertex   -9.813630e+001 2.089545e+002 6.383528e+001
    endloop
  endfacet
  facet normal 4.643887e-002 -0.000000e+000 1.059999e-002
    outer loop
      vertex   -9.813630e+001 2.089545e+002 6.383528e+001
      vertex   -9.806973e+001 2.152273e+002 6.354365e+001
      vertex   -9.813630e+001 2.152273e+002 6.383528e+001
    endloop
  endfacet
  facet normal 9.555770e-001 -0.000000e+000 2.947417e-001
    outer loop
      vertex   -9.813630e+001 2.089545e+002 6.383528e+001
      vertex   -9.813630e+001 2.152273e+002 6.383528e+001
      vertex   -9.822446e+001 2.089545e+002 6.412112e+001
    endloop
  endfacet
  facet normal 4.551676e-002 -0.000000e+000 1.403936e-002
    outer loop
      vertex   -9.822446e+001 2.089545e+002 6.412112e+001
      vertex   -9.813630e+001 2.152273e+002 6.383528e+001
      vertex   -9.822446e+001 2.152273e+002 6.412112e+001
    endloop
  endfacet
  facet normal 9.308739e-001 -0.000000e+000 3.653407e-001
    outer loop
      vertex   -9.822446e+001 2.089545e+002 6.412112e+001
      vertex   -9.822446e+001 2.152273e+002 6.412112e+001
      vertex   -9.833375e+001 2.089545e+002 6.439957e+001
    endloop
  endfacet
  facet normal 4.434014e-002 -0.000000e+000 1.740220e-002
    outer loop
      vertex   -9.833375e+001 2.089545e+002 6.439957e+001
      vertex   -9.822446e+001 2.152273e+002 6.412112e+001
      vertex   -9.833375e+001 2.152273e+002 6.439957e+001
    endloop
  endfacet
  facet normal 9.009651e-001 -0.000000e+000 4.338915e-001
    outer loop
      vertex   -9.833375e+001 2.089545e+002 6.439957e+001
      vertex   -9.833375e+001 2.152273e+002 6.439957e+001
      vertex   -9.846354e+001 2.089545e+002 6.466908e+001
    endloop
  endfacet
  facet normal 4.291627e-002 -0.000000e+000 2.066785e-002
    outer loop
      vertex   -9.846354e+001 2.089545e+002 6.466908e+001
      vertex   -9.833375e+001 2.152273e+002 6.439957e+001
      vertex   -9.846354e+001 2.152273e+002 6.466908e+001
    endloop
  endfacet
  facet normal 8.660246e-001 -0.000000e+000 5.000014e-001
    outer loop
      vertex   -9.846354e+001 2.089545e+002 6.466908e+001
      vertex   -9.846354e+001 2.152273e+002 6.466908e+001
      vertex   -9.861311e+001 2.089545e+002 6.492813e+001
    endloop
  endfacet
  facet normal 4.125186e-002 -0.000000e+000 2.381686e-002
    outer loop
      vertex   -9.861311e+001 2.089545e+002 6.492813e+001
      vertex   -9.846354e+001 2.152273e+002 6.466908e+001
      vertex   -9.861311e+001 2.152273e+002 6.492813e+001
    endloop
  endfacet
  facet normal 8.262371e-001 -0.000000e+000 5.633226e-001
    outer loop
      vertex   -9.861311e+001 2.089545e+002 6.492813e+001
      vertex   -9.861311e+001 2.152273e+002 6.492813e+001
      vertex   -9.878161e+001 2.089545e+002 6.517528e+001
    endloop
  endfacet
  facet normal 3.935541e-002 -0.000000e+000 2.683224e-002
    outer loop
      vertex   -9.878161e+001 2.089545e+002 6.517528e+001
      vertex   -9.861311e+001 2.152273e+002 6.492813e+001
      vertex   -9.878161e+001 2.152273e+002 6.517528e+001
    endloop
  endfacet
  facet normal 7.818283e-001 -0.000000e+000 6.234937e-001
    outer loop
      vertex   -9.878161e+001 2.089545e+002 6.517528e+001
      vertex   -9.878161e+001 2.152273e+002 6.517528e+001
      vertex   -9.896812e+001 2.089545e+002 6.540915e+001
    endloop
  endfacet
  facet normal 3.724148e-002 -0.000000e+000 2.969940e-002
    outer loop
      vertex   -9.896812e+001 2.089545e+002 6.540915e+001
      vertex   -9.878161e+001 2.152273e+002 6.517528e+001
      vertex   -9.896812e+001 2.152273e+002 6.540915e+001
    endloop
  endfacet
  facet normal 7.330614e-001 -0.000000e+000 6.801624e-001
    outer loop
      vertex   -9.896812e+001 2.089545e+002 6.540915e+001
      vertex   -9.896812e+001 2.152273e+002 6.540915e+001
      vertex   -9.917157e+001 2.089545e+002 6.562843e+001
    endloop
  endfacet
  facet normal 3.491739e-002 -0.000000e+000 3.239769e-002
    outer loop
      vertex   -9.917157e+001 2.089545e+002 6.562843e+001
      vertex   -9.896812e+001 2.152273e+002 6.540915e+001
      vertex   -9.917157e+001 2.152273e+002 6.562843e+001
    endloop
  endfacet
  facet normal 6.801634e-001 -0.000000e+000 7.330605e-001
    outer loop
      vertex   -9.917157e+001 2.089545e+002 6.562843e+001
      vertex   -9.917157e+001 2.152273e+002 6.562843e+001
      vertex   -9.939085e+001 2.089545e+002 6.583189e+001
    endloop
  endfacet
  facet normal 3.239890e-002 -0.000000e+000 3.491860e-002
    outer loop
      vertex   -9.939085e+001 2.089545e+002 6.583189e+001
      vertex   -9.917157e+001 2.152273e+002 6.562843e+001
      vertex   -9.939085e+001 2.152273e+002 6.583189e+001
    endloop
  endfacet
  facet normal 6.235061e-001 -0.000000e+000 7.818184e-001
    outer loop
      vertex   -9.939085e+001 2.089545e+002 6.583189e+001
      vertex   -9.939085e+001 2.152273e+002 6.583189e+001
      vertex   -9.962472e+001 2.089545e+002 6.601839e+001
    endloop
  endfacet
  facet normal 2.969940e-002 -0.000000e+000 3.724027e-002
    outer loop
      vertex   -9.962472e+001 2.089545e+002 6.601839e+001
      vertex   -9.939085e+001 2.152273e+002 6.583189e+001
      vertex   -9.962472e+001 2.152273e+002 6.601839e+001
    endloop
  endfacet
  facet normal 5.633107e-001 -0.000000e+000 8.262451e-001
    outer loop
      vertex   -9.962472e+001 2.089545e+002 6.601839e+001
      vertex   -9.962472e+001 2.152273e+002 6.601839e+001
      vertex   -9.987187e+001 2.089545e+002 6.618690e+001
    endloop
  endfacet
  facet normal 2.683224e-002 -0.000000e+000 3.935662e-002
    outer loop
      vertex   -9.987187e+001 2.089545e+002 6.618690e+001
      vertex   -9.962472e+001 2.152273e+002 6.601839e+001
      vertex   -9.987187e+001 2.152273e+002 6.618690e+001
    endloop
  endfacet
  facet normal 5.000014e-001 -0.000000e+000 8.660246e-001
    outer loop
      vertex   -9.987187e+001 2.089545e+002 6.618690e+001
      vertex   -9.987187e+001 2.152273e+002 6.618690e+001
      vertex   -1.001309e+002 2.089545e+002 6.633646e+001
    endloop
  endfacet
  facet normal 2.381686e-002 -0.000000e+000 4.125186e-002
    outer loop
      vertex   -1.001309e+002 2.089545e+002 6.633646e+001
      vertex   -9.987187e+001 2.152273e+002 6.618690e+001
      vertex   -1.001309e+002 2.152273e+002 6.633646e+001
    endloop
  endfacet
  facet normal 4.338808e-001 -0.000000e+000 9.009703e-001
    outer loop
      vertex   -1.001309e+002 2.089545e+002 6.633646e+001
      vertex   -1.001309e+002 2.152273e+002 6.633646e+001
      vertex   -1.004004e+002 2.089545e+002 6.646625e+001
    endloop
  endfacet
  facet normal 2.066663e-002 -0.000000e+000 4.291506e-002
    outer loop
      vertex   -1.004004e+002 2.089545e+002 6.646625e+001
      vertex   -1.001309e+002 2.152273e+002 6.633646e+001
      vertex   -1.004004e+002 2.152273e+002 6.646625e+001
    endloop
  endfacet
  facet normal 3.653320e-001 -0.000000e+000 9.308773e-001
    outer loop
      vertex   -1.004004e+002 2.089545e+002 6.646625e+001
      vertex   -1.004004e+002 2.152273e+002 6.646625e+001
      vertex   -1.006789e+002 2.089545e+002 6.657553e+001
    endloop
  endfacet
  facet normal 1.740220e-002 -0.000000e+000 4.434135e-002
    outer loop
      vertex   -1.006789e+002 2.089545e+002 6.657553e+001
      vertex   -1.004004e+002 2.152273e+002 6.646625e+001
      vertex   -1.006789e+002 2.152273e+002 6.657553e+001
    endloop
  endfacet
  facet normal 2.947686e-001 -0.000000e+000 9.555687e-001
    outer loop
      vertex   -1.006789e+002 2.089545e+002 6.657553e+001
      vertex   -1.006789e+002 2.152273e+002 6.657553e+001
      vertex   -1.009647e+002 2.089545e+002 6.666370e+001
    endloop
  endfacet
  facet normal 1.404058e-002 -0.000000e+000 4.551616e-002
    outer loop
      vertex   -1.009647e+002 2.089545e+002 6.666370e+001
      vertex   -1.006789e+002 2.152273e+002 6.657553e+001
      vertex   -1.009647e+002 2.152273e+002 6.666370e+001
    endloop
  endfacet
  facet normal 2.225062e-001 -0.000000e+000 9.749312e-001
    outer loop
      vertex   -1.009647e+002 2.089545e+002 6.666370e+001
      vertex   -1.009647e+002 2.152273e+002 6.666370e+001
      vertex   -1.012564e+002 2.089545e+002 6.673026e+001
    endloop
  endfacet
  facet normal 1.059877e-002 -0.000000e+000 4.643948e-002
    outer loop
      vertex   -1.012564e+002 2.089545e+002 6.673026e+001
      vertex   -1.009647e+002 2.152273e+002 6.666370e+001
      vertex   -1.012564e+002 2.152273e+002 6.673026e+001
    endloop
  endfacet
  facet normal 1.490551e-001 -0.000000e+000 9.888289e-001
    outer loop
      vertex   -1.012564e+002 2.089545e+002 6.673026e+001
      vertex   -1.012564e+002 2.152273e+002 6.673026e+001
      vertex   -1.015521e+002 2.089545e+002 6.677485e+001
    endloop
  endfacet
  facet normal 7.099865e-003 -0.000000e+000 4.710038e-002
    outer loop
      vertex   -1.015521e+002 2.089545e+002 6.677485e+001
      vertex   -1.012564e+002 2.152273e+002 6.673026e+001
      vertex   -1.015521e+002 2.152273e+002 6.677485e+001
    endloop
  endfacet
  facet normal 7.473034e-002 -0.000000e+000 9.972038e-001
    outer loop
      vertex   -1.015521e+002 2.089545e+002 6.677485e+001
      vertex   -1.015521e+002 2.152273e+002 6.677485e+001
      vertex   -1.018504e+002 2.089545e+002 6.679720e+001
    endloop
  endfacet
  facet normal 4.749959e-002 -0.000000e+000 3.559660e-003
    outer loop
      vertex   -9.802515e+001 1.901364e+002 6.324786e+001
      vertex   -9.800280e+001 1.964091e+002 6.294957e+001
      vertex   -9.802515e+001 1.964091e+002 6.324786e+001
    endloop
  endfacet
  facet normal 9.960718e-001 -4.336809e-019 7.464647e-002
    outer loop
      vertex   -9.802515e+001 1.964091e+002 6.324786e+001
      vertex   -9.800280e+001 1.964091e+002 6.294957e+001
      vertex   -9.800280e+001 2.026818e+002 6.294957e+001
    endloop
  endfacet
  facet normal 9.972037e-001 -0.000000e+000 7.473130e-002
    outer loop
      vertex   -9.800280e+001 1.775909e+002 6.294957e+001
      vertex   -9.800280e+001 1.838636e+002 6.294957e+001
      vertex   -9.802515e+001 1.775909e+002 6.324786e+001
    endloop
  endfacet
  facet normal 4.749959e-002 -0.000000e+000 3.559660e-003
    outer loop
      vertex   -9.802515e+001 1.775909e+002 6.324786e+001
      vertex   -9.800280e+001 1.838636e+002 6.294957e+001
      vertex   -9.802515e+001 1.838636e+002 6.324786e+001
    endloop
  endfacet
  facet normal 9.877108e-001 0.000000e+000 1.488572e-001
    outer loop
      vertex   -9.802515e+001 1.838636e+002 6.324786e+001
      vertex   -9.806973e+001 1.838636e+002 6.354365e+001
      vertex   -9.806973e+001 1.775909e+002 6.354365e+001
    endloop
  endfacet
  facet normal 9.877108e-001 0.000000e+000 1.488572e-001
    outer loop
      vertex   -9.806973e+001 1.775909e+002 6.354365e+001
      vertex   -9.802515e+001 1.775909e+002 6.324786e+001
      vertex   -9.802515e+001 1.838636e+002 6.324786e+001
    endloop
  endfacet
  facet normal 9.738185e-001 -1.734723e-018 2.222806e-001
    outer loop
      vertex   -9.806973e+001 1.838636e+002 6.354365e+001
      vertex   -9.813630e+001 1.838636e+002 6.383528e+001
      vertex   -9.813630e+001 1.775909e+002 6.383528e+001
    endloop
  endfacet
  facet normal 9.738185e-001 -1.734723e-018 2.222806e-001
    outer loop
      vertex   -9.813630e+001 1.775909e+002 6.383528e+001
      vertex   -9.806973e+001 1.775909e+002 6.354365e+001
      vertex   -9.806973e+001 1.838636e+002 6.354365e+001
    endloop
  endfacet
  facet normal 9.544923e-001 0.000000e+000 2.944072e-001
    outer loop
      vertex   -9.813630e+001 1.838636e+002 6.383528e+001
      vertex   -9.822446e+001 1.838636e+002 6.412112e+001
      vertex   -9.822446e+001 1.775909e+002 6.412112e+001
    endloop
  endfacet
  facet normal 9.544923e-001 0.000000e+000 2.944072e-001
    outer loop
      vertex   -9.822446e+001 1.775909e+002 6.412112e+001
      vertex   -9.813630e+001 1.775909e+002 6.383528e+001
      vertex   -9.813630e+001 1.838636e+002 6.383528e+001
    endloop
  endfacet
  facet normal 9.298173e-001 3.469447e-018 3.649260e-001
    outer loop
      vertex   -9.822446e+001 1.838636e+002 6.412112e+001
      vertex   -9.833375e+001 1.838636e+002 6.439957e+001
      vertex   -9.833375e+001 1.775909e+002 6.439957e+001
    endloop
  endfacet
  facet normal 9.298173e-001 3.469447e-018 3.649260e-001
    outer loop
      vertex   -9.833375e+001 1.775909e+002 6.439957e+001
      vertex   -9.822446e+001 1.775909e+002 6.412112e+001
      vertex   -9.822446e+001 1.838636e+002 6.412112e+001
    endloop
  endfacet
  facet normal 8.999424e-001 3.469447e-018 4.333990e-001
    outer loop
      vertex   -9.833375e+001 1.838636e+002 6.439957e+001
      vertex   -9.846354e+001 1.838636e+002 6.466908e+001
      vertex   -9.846354e+001 1.775909e+002 6.466908e+001
    endloop
  endfacet
  facet normal 8.999424e-001 3.469447e-018 4.333990e-001
    outer loop
      vertex   -9.846354e+001 1.775909e+002 6.466908e+001
      vertex   -9.833375e+001 1.775909e+002 6.439957e+001
      vertex   -9.833375e+001 1.838636e+002 6.439957e+001
    endloop
  endfacet
  facet normal 8.650416e-001 0.000000e+000 4.994338e-001
    outer loop
      vertex   -9.846354e+001 1.838636e+002 6.466908e+001
      vertex   -9.861311e+001 1.838636e+002 6.492813e+001
      vertex   -9.861311e+001 1.775909e+002 6.492813e+001
    endloop
  endfacet
  facet normal 8.650416e-001 0.000000e+000 4.994338e-001
    outer loop
      vertex   -9.861311e+001 1.775909e+002 6.492813e+001
      vertex   -9.846354e+001 1.775909e+002 6.466908e+001
      vertex   -9.846354e+001 1.838636e+002 6.466908e+001
    endloop
  endfacet
  facet normal 8.252992e-001 3.469447e-018 5.626832e-001
    outer loop
      vertex   -9.861311e+001 1.838636e+002 6.492813e+001
      vertex   -9.878161e+001 1.838636e+002 6.517528e+001
      vertex   -9.878161e+001 1.775909e+002 6.517528e+001
    endloop
  endfacet
  facet normal 8.252992e-001 3.469447e-018 5.626832e-001
    outer loop
      vertex   -9.878161e+001 1.775909e+002 6.517528e+001
      vertex   -9.861311e+001 1.775909e+002 6.492813e+001
      vertex   -9.861311e+001 1.838636e+002 6.492813e+001
    endloop
  endfacet
  facet normal 7.809409e-001 3.469447e-018 6.227860e-001
    outer loop
      vertex   -9.878161e+001 1.838636e+002 6.517528e+001
      vertex   -9.896812e+001 1.838636e+002 6.540915e+001
      vertex   -9.896812e+001 1.775909e+002 6.540915e+001
    endloop
  endfacet
  facet normal 7.809409e-001 3.469447e-018 6.227860e-001
    outer loop
      vertex   -9.896812e+001 1.775909e+002 6.540915e+001
      vertex   -9.878161e+001 1.775909e+002 6.517528e+001
      vertex   -9.878161e+001 1.838636e+002 6.517528e+001
    endloop
  endfacet
  facet normal 7.322294e-001 6.938894e-018 6.793904e-001
    outer loop
      vertex   -9.896812e+001 1.838636e+002 6.540915e+001
      vertex   -9.917157e+001 1.838636e+002 6.562843e+001
      vertex   -9.917157e+001 1.775909e+002 6.562843e+001
    endloop
  endfacet
  facet normal 7.322294e-001 6.938894e-018 6.793904e-001
    outer loop
      vertex   -9.917157e+001 1.775909e+002 6.562843e+001
      vertex   -9.896812e+001 1.775909e+002 6.540915e+001
      vertex   -9.896812e+001 1.838636e+002 6.540915e+001
    endloop
  endfacet
  facet normal 6.793913e-001 0.000000e+000 7.322284e-001
    outer loop
      vertex   -9.917157e+001 1.838636e+002 6.562843e+001
      vertex   -9.939085e+001 1.838636e+002 6.583189e+001
      vertex   -9.939085e+001 1.775909e+002 6.583189e+001
    endloop
  endfacet
  facet normal 6.793913e-001 0.000000e+000 7.322284e-001
    outer loop
      vertex   -9.939085e+001 1.775909e+002 6.583189e+001
      vertex   -9.917157e+001 1.775909e+002 6.562843e+001
      vertex   -9.917157e+001 1.838636e+002 6.562843e+001
    endloop
  endfacet
  facet normal 6.227984e-001 -6.938894e-018 7.809310e-001
    outer loop
      vertex   -9.939085e+001 1.838636e+002 6.583189e+001
      vertex   -9.962472e+001 1.838636e+002 6.601839e+001
      vertex   -9.962472e+001 1.775909e+002 6.601839e+001
    endloop
  endfacet
  facet normal 6.227984e-001 -6.938894e-018 7.809310e-001
    outer loop
      vertex   -9.962472e+001 1.775909e+002 6.601839e+001
      vertex   -9.939085e+001 1.775909e+002 6.583189e+001
      vertex   -9.939085e+001 1.838636e+002 6.583189e+001
    endloop
  endfacet
  facet normal 5.626713e-001 0.000000e+000 8.253073e-001
    outer loop
      vertex   -9.962472e+001 1.838636e+002 6.601839e+001
      vertex   -9.987187e+001 1.838636e+002 6.618690e+001
      vertex   -9.987187e+001 1.775909e+002 6.618690e+001
    endloop
  endfacet
  facet normal 5.626713e-001 0.000000e+000 8.253073e-001
    outer loop
      vertex   -9.987187e+001 1.775909e+002 6.618690e+001
      vertex   -9.962472e+001 1.775909e+002 6.601839e+001
      vertex   -9.962472e+001 1.838636e+002 6.601839e+001
    endloop
  endfacet
  facet normal 4.994338e-001 0.000000e+000 8.650416e-001
    outer loop
      vertex   -9.987187e+001 1.838636e+002 6.618690e+001
      vertex   -1.001309e+002 1.838636e+002 6.633646e+001
      vertex   -1.001309e+002 1.775909e+002 6.633646e+001
    endloop
  endfacet
  facet normal 4.994338e-001 0.000000e+000 8.650416e-001
    outer loop
      vertex   -1.001309e+002 1.775909e+002 6.633646e+001
      vertex   -9.987187e+001 1.775909e+002 6.618690e+001
      vertex   -9.987187e+001 1.838636e+002 6.618690e+001
    endloop
  endfacet
  facet normal 4.333883e-001 0.000000e+000 8.999476e-001
    outer loop
      vertex   -1.001309e+002 1.838636e+002 6.633646e+001
      vertex   -1.004004e+002 1.838636e+002 6.646625e+001
      vertex   -1.004004e+002 1.775909e+002 6.646625e+001
    endloop
  endfacet
  facet normal 4.333883e-001 0.000000e+000 8.999476e-001
    outer loop
      vertex   -1.004004e+002 1.775909e+002 6.646625e+001
      vertex   -1.001309e+002 1.775909e+002 6.633646e+001
      vertex   -1.001309e+002 1.838636e+002 6.633646e+001
    endloop
  endfacet
  facet normal 3.649173e-001 0.000000e+000 9.298206e-001
    outer loop
      vertex   -1.004004e+002 1.838636e+002 6.646625e+001
      vertex   -1.006789e+002 1.838636e+002 6.657553e+001
      vertex   -1.006789e+002 1.775909e+002 6.657553e+001
    endloop
  endfacet
  facet normal 3.649173e-001 0.000000e+000 9.298206e-001
    outer loop
      vertex   -1.006789e+002 1.775909e+002 6.657553e+001
      vertex   -1.004004e+002 1.775909e+002 6.646625e+001
      vertex   -1.004004e+002 1.838636e+002 6.646625e+001
    endloop
  endfacet
  facet normal 2.944340e-001 0.000000e+000 9.544840e-001
    outer loop
      vertex   -1.006789e+002 1.838636e+002 6.657553e+001
      vertex   -1.009647e+002 1.838636e+002 6.666370e+001
      vertex   -1.009647e+002 1.775909e+002 6.666370e+001
    endloop
  endfacet
  facet normal 2.944340e-001 0.000000e+000 9.544840e-001
    outer loop
      vertex   -1.009647e+002 1.775909e+002 6.666370e+001
      vertex   -1.006789e+002 1.775909e+002 6.657553e+001
      vertex   -1.006789e+002 1.838636e+002 6.657553e+001
    endloop
  endfacet
  facet normal 2.222537e-001 0.000000e+000 9.738246e-001
    outer loop
      vertex   -1.009647e+002 1.838636e+002 6.666370e+001
      vertex   -1.012564e+002 1.838636e+002 6.673026e+001
      vertex   -1.012564e+002 1.775909e+002 6.673026e+001
    endloop
  endfacet
  facet normal 2.222537e-001 0.000000e+000 9.738246e-001
    outer loop
      vertex   -1.012564e+002 1.775909e+002 6.673026e+001
      vertex   -1.009647e+002 1.775909e+002 6.666370e+001
      vertex   -1.009647e+002 1.838636e+002 6.666370e+001
    endloop
  endfacet
  facet normal 1.488859e-001 0.000000e+000 9.877065e-001
    outer loop
      vertex   -1.012564e+002 1.838636e+002 6.673026e+001
      vertex   -1.015521e+002 1.838636e+002 6.677485e+001
      vertex   -1.015521e+002 1.775909e+002 6.677485e+001
    endloop
  endfacet
  facet normal 1.488859e-001 0.000000e+000 9.877065e-001
    outer loop
      vertex   -1.015521e+002 1.775909e+002 6.677485e+001
      vertex   -1.012564e+002 1.775909e+002 6.673026e+001
      vertex   -1.012564e+002 1.838636e+002 6.673026e+001
    endloop
  endfacet
  facet normal 7.473034e-002 -0.000000e+000 9.972038e-001
    outer loop
      vertex   -1.015521e+002 1.775909e+002 6.677485e+001
      vertex   -1.015521e+002 1.838636e+002 6.677485e+001
      vertex   -1.018504e+002 1.775909e+002 6.679720e+001
    endloop
  endfacet
  facet normal 9.960718e-001 -4.336809e-019 7.464647e-002
    outer loop
      vertex   -9.802515e+001 1.587727e+002 6.324786e+001
      vertex   -9.800280e+001 1.587727e+002 6.294957e+001
      vertex   -9.800280e+001 1.650455e+002 6.294957e+001
    endloop
  endfacet
  facet normal 4.749948e-002 -0.000000e+000 3.559651e-003
    outer loop
      vertex   -9.802515e+001 1.587727e+002 6.324786e+001
      vertex   -9.800280e+001 1.650455e+002 6.294957e+001
      vertex   -9.802515e+001 1.650455e+002 6.324786e+001
    endloop
  endfacet
  facet normal 4.710171e-002 -0.000000e+000 7.098666e-003
    outer loop
      vertex   -9.802515e+001 2.026818e+002 6.324786e+001
      vertex   -9.802515e+001 2.089545e+002 6.324786e+001
      vertex   -9.806973e+001 2.089545e+002 6.354365e+001
    endloop
  endfacet
  facet normal 4.710171e-002 0.000000e+000 7.098666e-003
    outer loop
      vertex   -9.806973e+001 2.089545e+002 6.354365e+001
      vertex   -9.806973e+001 2.026818e+002 6.354365e+001
      vertex   -9.802515e+001 2.026818e+002 6.324786e+001
    endloop
  endfacet
  facet normal 4.710171e-002 -0.000000e+000 7.098666e-003
    outer loop
      vertex   -9.802515e+001 1.901364e+002 6.324786e+001
      vertex   -9.802515e+001 1.964091e+002 6.324786e+001
      vertex   -9.806973e+001 1.964091e+002 6.354365e+001
    endloop
  endfacet
  facet normal 4.710171e-002 0.000000e+000 7.098666e-003
    outer loop
      vertex   -9.806973e+001 1.964091e+002 6.354365e+001
      vertex   -9.806973e+001 1.901364e+002 6.354365e+001
      vertex   -9.802515e+001 1.901364e+002 6.324786e+001
    endloop
  endfacet
  facet normal 4.710160e-002 -0.000000e+000 7.098649e-003
    outer loop
      vertex   -9.802515e+001 1.713182e+002 6.324786e+001
      vertex   -9.802515e+001 1.775909e+002 6.324786e+001
      vertex   -9.806973e+001 1.775909e+002 6.354365e+001
    endloop
  endfacet
  facet normal 4.710160e-002 0.000000e+000 7.098649e-003
    outer loop
      vertex   -9.806973e+001 1.775909e+002 6.354365e+001
      vertex   -9.806973e+001 1.713182e+002 6.354365e+001
      vertex   -9.802515e+001 1.713182e+002 6.324786e+001
    endloop
  endfacet
  facet normal 9.877108e-001 0.000000e+000 1.488572e-001
    outer loop
      vertex   -9.806973e+001 1.587727e+002 6.354365e+001
      vertex   -9.802515e+001 1.587727e+002 6.324786e+001
      vertex   -9.802515e+001 1.650455e+002 6.324786e+001
    endloop
  endfacet
  facet normal 9.960718e-001 -4.336809e-019 7.464647e-002
    outer loop
      vertex   -9.800280e+001 2.089545e+002 6.294957e+001
      vertex   -9.802515e+001 2.089545e+002 6.324786e+001
      vertex   -9.802515e+001 2.026818e+002 6.324786e+001
    endloop
  endfacet
  facet normal 9.960718e-001 -4.336809e-019 7.464647e-002
    outer loop
      vertex   -9.800280e+001 1.775909e+002 6.294957e+001
      vertex   -9.802515e+001 1.775909e+002 6.324786e+001
      vertex   -9.802515e+001 1.713182e+002 6.324786e+001
    endloop
  endfacet
  facet normal 9.738185e-001 -1.734723e-018 2.222806e-001
    outer loop
      vertex   -9.806973e+001 2.089545e+002 6.354365e+001
      vertex   -9.813630e+001 2.089545e+002 6.383528e+001
      vertex   -9.813630e+001 2.026818e+002 6.383528e+001
    endloop
  endfacet
  facet normal 9.738185e-001 -1.734723e-018 2.222806e-001
    outer loop
      vertex   -9.813630e+001 2.026818e+002 6.383528e+001
      vertex   -9.806973e+001 2.026818e+002 6.354365e+001
      vertex   -9.806973e+001 2.089545e+002 6.354365e+001
    endloop
  endfacet
  facet normal 9.544923e-001 0.000000e+000 2.944072e-001
    outer loop
      vertex   -9.813630e+001 2.089545e+002 6.383528e+001
      vertex   -9.822446e+001 2.089545e+002 6.412112e+001
      vertex   -9.822446e+001 2.026818e+002 6.412112e+001
    endloop
  endfacet
  facet normal 9.544923e-001 0.000000e+000 2.944072e-001
    outer loop
      vertex   -9.822446e+001 2.026818e+002 6.412112e+001
      vertex   -9.813630e+001 2.026818e+002 6.383528e+001
      vertex   -9.813630e+001 2.089545e+002 6.383528e+001
    endloop
  endfacet
  facet normal 9.298173e-001 3.469447e-018 3.649260e-001
    outer loop
      vertex   -9.822446e+001 2.089545e+002 6.412112e+001
      vertex   -9.833375e+001 2.089545e+002 6.439957e+001
      vertex   -9.833375e+001 2.026818e+002 6.439957e+001
    endloop
  endfacet
  facet normal 9.298173e-001 3.469447e-018 3.649260e-001
    outer loop
      vertex   -9.833375e+001 2.026818e+002 6.439957e+001
      vertex   -9.822446e+001 2.026818e+002 6.412112e+001
      vertex   -9.822446e+001 2.089545e+002 6.412112e+001
    endloop
  endfacet
  facet normal 8.999424e-001 3.469447e-018 4.333990e-001
    outer loop
      vertex   -9.833375e+001 2.089545e+002 6.439957e+001
      vertex   -9.846354e+001 2.089545e+002 6.466908e+001
      vertex   -9.846354e+001 2.026818e+002 6.466908e+001
    endloop
  endfacet
  facet normal 8.999424e-001 3.469447e-018 4.333990e-001
    outer loop
      vertex   -9.846354e+001 2.026818e+002 6.466908e+001
      vertex   -9.833375e+001 2.026818e+002 6.439957e+001
      vertex   -9.833375e+001 2.089545e+002 6.439957e+001
    endloop
  endfacet
  facet normal 8.650416e-001 0.000000e+000 4.994338e-001
    outer loop
      vertex   -9.846354e+001 2.089545e+002 6.466908e+001
      vertex   -9.861311e+001 2.089545e+002 6.492813e+001
      vertex   -9.861311e+001 2.026818e+002 6.492813e+001
    endloop
  endfacet
  facet normal 8.650416e-001 0.000000e+000 4.994338e-001
    outer loop
      vertex   -9.861311e+001 2.026818e+002 6.492813e+001
      vertex   -9.846354e+001 2.026818e+002 6.466908e+001
      vertex   -9.846354e+001 2.089545e+002 6.466908e+001
    endloop
  endfacet
  facet normal 8.252992e-001 3.469447e-018 5.626832e-001
    outer loop
      vertex   -9.861311e+001 2.089545e+002 6.492813e+001
      vertex   -9.878161e+001 2.089545e+002 6.517528e+001
      vertex   -9.878161e+001 2.026818e+002 6.517528e+001
    endloop
  endfacet
  facet normal 8.252992e-001 3.469447e-018 5.626832e-001
    outer loop
      vertex   -9.878161e+001 2.026818e+002 6.517528e+001
      vertex   -9.861311e+001 2.026818e+002 6.492813e+001
      vertex   -9.861311e+001 2.089545e+002 6.492813e+001
    endloop
  endfacet
  facet normal 7.809409e-001 3.469447e-018 6.227860e-001
    outer loop
      vertex   -9.878161e+001 2.089545e+002 6.517528e+001
      vertex   -9.896812e+001 2.089545e+002 6.540915e+001
      vertex   -9.896812e+001 2.026818e+002 6.540915e+001
    endloop
  endfacet
  facet normal 7.809409e-001 3.469447e-018 6.227860e-001
    outer loop
      vertex   -9.896812e+001 2.026818e+002 6.540915e+001
      vertex   -9.878161e+001 2.026818e+002 6.517528e+001
      vertex   -9.878161e+001 2.089545e+002 6.517528e+001
    endloop
  endfacet
  facet normal 7.322294e-001 6.938894e-018 6.793904e-001
    outer loop
      vertex   -9.896812e+001 2.089545e+002 6.540915e+001
      vertex   -9.917157e+001 2.089545e+002 6.562843e+001
      vertex   -9.917157e+001 2.026818e+002 6.562843e+001
    endloop
  endfacet
  facet normal 7.322294e-001 6.938894e-018 6.793904e-001
    outer loop
      vertex   -9.917157e+001 2.026818e+002 6.562843e+001
      vertex   -9.896812e+001 2.026818e+002 6.540915e+001
      vertex   -9.896812e+001 2.089545e+002 6.540915e+001
    endloop
  endfacet
  facet normal 6.793913e-001 0.000000e+000 7.322284e-001
    outer loop
      vertex   -9.917157e+001 2.089545e+002 6.562843e+001
      vertex   -9.939085e+001 2.089545e+002 6.583189e+001
      vertex   -9.939085e+001 2.026818e+002 6.583189e+001
    endloop
  endfacet
  facet normal 6.793913e-001 0.000000e+000 7.322284e-001
    outer loop
      vertex   -9.939085e+001 2.026818e+002 6.583189e+001
      vertex   -9.917157e+001 2.026818e+002 6.562843e+001
      vertex   -9.917157e+001 2.089545e+002 6.562843e+001
    endloop
  endfacet
  facet normal 6.227984e-001 -6.938894e-018 7.809310e-001
    outer loop
      vertex   -9.939085e+001 2.089545e+002 6.583189e+001
      vertex   -9.962472e+001 2.089545e+002 6.601839e+001
      vertex   -9.962472e+001 2.026818e+002 6.601839e+001
    endloop
  endfacet
  facet normal 6.227984e-001 -6.938894e-018 7.809310e-001
    outer loop
      vertex   -9.962472e+001 2.026818e+002 6.601839e+001
      vertex   -9.939085e+001 2.026818e+002 6.583189e+001
      vertex   -9.939085e+001 2.089545e+002 6.583189e+001
    endloop
  endfacet
  facet normal 5.626713e-001 0.000000e+000 8.253073e-001
    outer loop
      vertex   -9.962472e+001 2.089545e+002 6.601839e+001
      vertex   -9.987187e+001 2.089545e+002 6.618690e+001
      vertex   -9.987187e+001 2.026818e+002 6.618690e+001
    endloop
  endfacet
  facet normal 5.626713e-001 0.000000e+000 8.253073e-001
    outer loop
      vertex   -9.987187e+001 2.026818e+002 6.618690e+001
      vertex   -9.962472e+001 2.026818e+002 6.601839e+001
      vertex   -9.962472e+001 2.089545e+002 6.601839e+001
    endloop
  endfacet
  facet normal 4.994338e-001 0.000000e+000 8.650416e-001
    outer loop
      vertex   -9.987187e+001 2.089545e+002 6.618690e+001
      vertex   -1.001309e+002 2.089545e+002 6.633646e+001
      vertex   -1.001309e+002 2.026818e+002 6.633646e+001
    endloop
  endfacet
  facet normal 4.994338e-001 0.000000e+000 8.650416e-001
    outer loop
      vertex   -1.001309e+002 2.026818e+002 6.633646e+001
      vertex   -9.987187e+001 2.026818e+002 6.618690e+001
      vertex   -9.987187e+001 2.089545e+002 6.618690e+001
    endloop
  endfacet
  facet normal 4.333883e-001 0.000000e+000 8.999476e-001
    outer loop
      vertex   -1.001309e+002 2.089545e+002 6.633646e+001
      vertex   -1.004004e+002 2.089545e+002 6.646625e+001
      vertex   -1.004004e+002 2.026818e+002 6.646625e+001
    endloop
  endfacet
  facet normal 4.333883e-001 0.000000e+000 8.999476e-001
    outer loop
      vertex   -1.004004e+002 2.026818e+002 6.646625e+001
      vertex   -1.001309e+002 2.026818e+002 6.633646e+001
      vertex   -1.001309e+002 2.089545e+002 6.633646e+001
    endloop
  endfacet
  facet normal 3.649173e-001 0.000000e+000 9.298206e-001
    outer loop
      vertex   -1.004004e+002 2.089545e+002 6.646625e+001
      vertex   -1.006789e+002 2.089545e+002 6.657553e+001
      vertex   -1.006789e+002 2.026818e+002 6.657553e+001
    endloop
  endfacet
  facet normal 3.649173e-001 0.000000e+000 9.298206e-001
    outer loop
      vertex   -1.006789e+002 2.026818e+002 6.657553e+001
      vertex   -1.004004e+002 2.026818e+002 6.646625e+001
      vertex   -1.004004e+002 2.089545e+002 6.646625e+001
    endloop
  endfacet
  facet normal 2.944340e-001 0.000000e+000 9.544840e-001
    outer loop
      vertex   -1.006789e+002 2.089545e+002 6.657553e+001
      vertex   -1.009647e+002 2.089545e+002 6.666370e+001
      vertex   -1.009647e+002 2.026818e+002 6.666370e+001
    endloop
  endfacet
  facet normal 2.944340e-001 0.000000e+000 9.544840e-001
    outer loop
      vertex   -1.009647e+002 2.026818e+002 6.666370e+001
      vertex   -1.006789e+002 2.026818e+002 6.657553e+001
      vertex   -1.006789e+002 2.089545e+002 6.657553e+001
    endloop
  endfacet
  facet normal 2.222537e-001 0.000000e+000 9.738246e-001
    outer loop
      vertex   -1.009647e+002 2.089545e+002 6.666370e+001
      vertex   -1.012564e+002 2.089545e+002 6.673026e+001
      vertex   -1.012564e+002 2.026818e+002 6.673026e+001
    endloop
  endfacet
  facet normal 2.222537e-001 0.000000e+000 9.738246e-001
    outer loop
      vertex   -1.012564e+002 2.026818e+002 6.673026e+001
      vertex   -1.009647e+002 2.026818e+002 6.666370e+001
      vertex   -1.009647e+002 2.089545e+002 6.666370e+001
    endloop
  endfacet
  facet normal 1.488859e-001 0.000000e+000 9.877065e-001
    outer loop
      vertex   -1.012564e+002 2.089545e+002 6.673026e+001
      vertex   -1.015521e+002 2.089545e+002 6.677485e+001
      vertex   -1.015521e+002 2.026818e+002 6.677485e+001
    endloop
  endfacet
  facet normal 1.488859e-001 0.000000e+000 9.877065e-001
    outer loop
      vertex   -1.015521e+002 2.026818e+002 6.677485e+001
      vertex   -1.012564e+002 2.026818e+002 6.673026e+001
      vertex   -1.012564e+002 2.089545e+002 6.673026e+001
    endloop
  endfacet
  facet normal 7.473034e-002 -0.000000e+000 9.972038e-001
    outer loop
      vertex   -1.015521e+002 2.026818e+002 6.677485e+001
      vertex   -1.015521e+002 2.089545e+002 6.677485e+001
      vertex   -1.018504e+002 2.026818e+002 6.679720e+001
    endloop
  endfacet
  facet normal 3.559660e-003 -0.000000e+000 4.750020e-002
    outer loop
      vertex   -1.018504e+002 2.026818e+002 6.679720e+001
      vertex   -1.015521e+002 2.089545e+002 6.677485e+001
      vertex   -1.018504e+002 2.089545e+002 6.679720e+001
    endloop
  endfacet
  facet normal 9.738185e-001 -1.734723e-018 2.222806e-001
    outer loop
      vertex   -9.806973e+001 1.964091e+002 6.354365e+001
      vertex   -9.813630e+001 1.964091e+002 6.383528e+001
      vertex   -9.813630e+001 1.901364e+002 6.383528e+001
    endloop
  endfacet
  facet normal 9.738185e-001 -1.734723e-018 2.222806e-001
    outer loop
      vertex   -9.813630e+001 1.901364e+002 6.383528e+001
      vertex   -9.806973e+001 1.901364e+002 6.354365e+001
      vertex   -9.806973e+001 1.964091e+002 6.354365e+001
    endloop
  endfacet
  facet normal 9.544923e-001 0.000000e+000 2.944072e-001
    outer loop
      vertex   -9.813630e+001 1.964091e+002 6.383528e+001
      vertex   -9.822446e+001 1.964091e+002 6.412112e+001
      vertex   -9.822446e+001 1.901364e+002 6.412112e+001
    endloop
  endfacet
  facet normal 9.544923e-001 0.000000e+000 2.944072e-001
    outer loop
      vertex   -9.822446e+001 1.901364e+002 6.412112e+001
      vertex   -9.813630e+001 1.901364e+002 6.383528e+001
      vertex   -9.813630e+001 1.964091e+002 6.383528e+001
    endloop
  endfacet
  facet normal 9.298173e-001 3.469447e-018 3.649260e-001
    outer loop
      vertex   -9.822446e+001 1.964091e+002 6.412112e+001
      vertex   -9.833375e+001 1.964091e+002 6.439957e+001
      vertex   -9.833375e+001 1.901364e+002 6.439957e+001
    endloop
  endfacet
  facet normal 9.298173e-001 3.469447e-018 3.649260e-001
    outer loop
      vertex   -9.833375e+001 1.901364e+002 6.439957e+001
      vertex   -9.822446e+001 1.901364e+002 6.412112e+001
      vertex   -9.822446e+001 1.964091e+002 6.412112e+001
    endloop
  endfacet
  facet normal 8.999424e-001 3.469447e-018 4.333990e-001
    outer loop
      vertex   -9.833375e+001 1.964091e+002 6.439957e+001
      vertex   -9.846354e+001 1.964091e+002 6.466908e+001
      vertex   -9.846354e+001 1.901364e+002 6.466908e+001
    endloop
  endfacet
  facet normal 8.999424e-001 3.469447e-018 4.333990e-001
    outer loop
      vertex   -9.846354e+001 1.901364e+002 6.466908e+001
      vertex   -9.833375e+001 1.901364e+002 6.439957e+001
      vertex   -9.833375e+001 1.964091e+002 6.439957e+001
    endloop
  endfacet
  facet normal 8.650416e-001 0.000000e+000 4.994338e-001
    outer loop
      vertex   -9.846354e+001 1.964091e+002 6.466908e+001
      vertex   -9.861311e+001 1.964091e+002 6.492813e+001
      vertex   -9.861311e+001 1.901364e+002 6.492813e+001
    endloop
  endfacet
  facet normal 8.650416e-001 0.000000e+000 4.994338e-001
    outer loop
      vertex   -9.861311e+001 1.901364e+002 6.492813e+001
      vertex   -9.846354e+001 1.901364e+002 6.466908e+001
      vertex   -9.846354e+001 1.964091e+002 6.466908e+001
    endloop
  endfacet
  facet normal 8.252992e-001 3.469447e-018 5.626832e-001
    outer loop
      vertex   -9.861311e+001 1.964091e+002 6.492813e+001
      vertex   -9.878161e+001 1.964091e+002 6.517528e+001
      vertex   -9.878161e+001 1.901364e+002 6.517528e+001
    endloop
  endfacet
  facet normal 8.252992e-001 3.469447e-018 5.626832e-001
    outer loop
      vertex   -9.878161e+001 1.901364e+002 6.517528e+001
      vertex   -9.861311e+001 1.901364e+002 6.492813e+001
      vertex   -9.861311e+001 1.964091e+002 6.492813e+001
    endloop
  endfacet
  facet normal 7.809409e-001 3.469447e-018 6.227860e-001
    outer loop
      vertex   -9.878161e+001 1.964091e+002 6.517528e+001
      vertex   -9.896812e+001 1.964091e+002 6.540915e+001
      vertex   -9.896812e+001 1.901364e+002 6.540915e+001
    endloop
  endfacet
  facet normal 7.809409e-001 3.469447e-018 6.227860e-001
    outer loop
      vertex   -9.896812e+001 1.901364e+002 6.540915e+001
      vertex   -9.878161e+001 1.901364e+002 6.517528e+001
      vertex   -9.878161e+001 1.964091e+002 6.517528e+001
    endloop
  endfacet
  facet normal 7.322294e-001 6.938894e-018 6.793904e-001
    outer loop
      vertex   -9.896812e+001 1.964091e+002 6.540915e+001
      vertex   -9.917157e+001 1.964091e+002 6.562843e+001
      vertex   -9.917157e+001 1.901364e+002 6.562843e+001
    endloop
  endfacet
  facet normal 7.322294e-001 6.938894e-018 6.793904e-001
    outer loop
      vertex   -9.917157e+001 1.901364e+002 6.562843e+001
      vertex   -9.896812e+001 1.901364e+002 6.540915e+001
      vertex   -9.896812e+001 1.964091e+002 6.540915e+001
    endloop
  endfacet
  facet normal 6.793913e-001 0.000000e+000 7.322284e-001
    outer loop
      vertex   -9.917157e+001 1.964091e+002 6.562843e+001
      vertex   -9.939085e+001 1.964091e+002 6.583189e+001
      vertex   -9.939085e+001 1.901364e+002 6.583189e+001
    endloop
  endfacet
  facet normal 6.793913e-001 0.000000e+000 7.322284e-001
    outer loop
      vertex   -9.939085e+001 1.901364e+002 6.583189e+001
      vertex   -9.917157e+001 1.901364e+002 6.562843e+001
      vertex   -9.917157e+001 1.964091e+002 6.562843e+001
    endloop
  endfacet
  facet normal 6.227984e-001 -6.938894e-018 7.809310e-001
    outer loop
      vertex   -9.939085e+001 1.964091e+002 6.583189e+001
      vertex   -9.962472e+001 1.964091e+002 6.601839e+001
      vertex   -9.962472e+001 1.901364e+002 6.601839e+001
    endloop
  endfacet
  facet normal 6.227984e-001 -6.938894e-018 7.809310e-001
    outer loop
      vertex   -9.962472e+001 1.901364e+002 6.601839e+001
      vertex   -9.939085e+001 1.901364e+002 6.583189e+001
      vertex   -9.939085e+001 1.964091e+002 6.583189e+001
    endloop
  endfacet
  facet normal 5.626713e-001 0.000000e+000 8.253073e-001
    outer loop
      vertex   -9.962472e+001 1.964091e+002 6.601839e+001
      vertex   -9.987187e+001 1.964091e+002 6.618690e+001
      vertex   -9.987187e+001 1.901364e+002 6.618690e+001
    endloop
  endfacet
  facet normal 5.626713e-001 0.000000e+000 8.253073e-001
    outer loop
      vertex   -9.987187e+001 1.901364e+002 6.618690e+001
      vertex   -9.962472e+001 1.901364e+002 6.601839e+001
      vertex   -9.962472e+001 1.964091e+002 6.601839e+001
    endloop
  endfacet
  facet normal 4.994338e-001 0.000000e+000 8.650416e-001
    outer loop
      vertex   -9.987187e+001 1.964091e+002 6.618690e+001
      vertex   -1.001309e+002 1.964091e+002 6.633646e+001
      vertex   -1.001309e+002 1.901364e+002 6.633646e+001
    endloop
  endfacet
  facet normal 4.994338e-001 0.000000e+000 8.650416e-001
    outer loop
      vertex   -1.001309e+002 1.901364e+002 6.633646e+001
      vertex   -9.987187e+001 1.901364e+002 6.618690e+001
      vertex   -9.987187e+001 1.964091e+002 6.618690e+001
    endloop
  endfacet
  facet normal 4.333883e-001 0.000000e+000 8.999476e-001
    outer loop
      vertex   -1.001309e+002 1.964091e+002 6.633646e+001
      vertex   -1.004004e+002 1.964091e+002 6.646625e+001
      vertex   -1.004004e+002 1.901364e+002 6.646625e+001
    endloop
  endfacet
  facet normal 4.333883e-001 0.000000e+000 8.999476e-001
    outer loop
      vertex   -1.004004e+002 1.901364e+002 6.646625e+001
      vertex   -1.001309e+002 1.901364e+002 6.633646e+001
      vertex   -1.001309e+002 1.964091e+002 6.633646e+001
    endloop
  endfacet
  facet normal 3.649173e-001 0.000000e+000 9.298206e-001
    outer loop
      vertex   -1.004004e+002 1.964091e+002 6.646625e+001
      vertex   -1.006789e+002 1.964091e+002 6.657553e+001
      vertex   -1.006789e+002 1.901364e+002 6.657553e+001
    endloop
  endfacet
  facet normal 3.649173e-001 0.000000e+000 9.298206e-001
    outer loop
      vertex   -1.006789e+002 1.901364e+002 6.657553e+001
      vertex   -1.004004e+002 1.901364e+002 6.646625e+001
      vertex   -1.004004e+002 1.964091e+002 6.646625e+001
    endloop
  endfacet
  facet normal 2.944340e-001 0.000000e+000 9.544840e-001
    outer loop
      vertex   -1.006789e+002 1.964091e+002 6.657553e+001
      vertex   -1.009647e+002 1.964091e+002 6.666370e+001
      vertex   -1.009647e+002 1.901364e+002 6.666370e+001
    endloop
  endfacet
  facet normal 2.944340e-001 0.000000e+000 9.544840e-001
    outer loop
      vertex   -1.009647e+002 1.901364e+002 6.666370e+001
      vertex   -1.006789e+002 1.901364e+002 6.657553e+001
      vertex   -1.006789e+002 1.964091e+002 6.657553e+001
    endloop
  endfacet
  facet normal 2.222537e-001 0.000000e+000 9.738246e-001
    outer loop
      vertex   -1.009647e+002 1.964091e+002 6.666370e+001
      vertex   -1.012564e+002 1.964091e+002 6.673026e+001
      vertex   -1.012564e+002 1.901364e+002 6.673026e+001
    endloop
  endfacet
  facet normal 2.222537e-001 0.000000e+000 9.738246e-001
    outer loop
      vertex   -1.012564e+002 1.901364e+002 6.673026e+001
      vertex   -1.009647e+002 1.901364e+002 6.666370e+001
      vertex   -1.009647e+002 1.964091e+002 6.666370e+001
    endloop
  endfacet
  facet normal 1.488859e-001 0.000000e+000 9.877065e-001
    outer loop
      vertex   -1.012564e+002 1.964091e+002 6.673026e+001
      vertex   -1.015521e+002 1.964091e+002 6.677485e+001
      vertex   -1.015521e+002 1.901364e+002 6.677485e+001
    endloop
  endfacet
  facet normal 1.488859e-001 0.000000e+000 9.877065e-001
    outer loop
      vertex   -1.015521e+002 1.901364e+002 6.677485e+001
      vertex   -1.012564e+002 1.901364e+002 6.673026e+001
      vertex   -1.012564e+002 1.964091e+002 6.673026e+001
    endloop
  endfacet
  facet normal 7.473034e-002 -0.000000e+000 9.972038e-001
    outer loop
      vertex   -1.015521e+002 1.901364e+002 6.677485e+001
      vertex   -1.015521e+002 1.964091e+002 6.677485e+001
      vertex   -1.018504e+002 1.901364e+002 6.679720e+001
    endloop
  endfacet
  facet normal 3.559660e-003 -0.000000e+000 4.750020e-002
    outer loop
      vertex   -1.018504e+002 1.901364e+002 6.679720e+001
      vertex   -1.015521e+002 1.964091e+002 6.677485e+001
      vertex   -1.018504e+002 1.964091e+002 6.679720e+001
    endloop
  endfacet
  facet normal 8.917348e-004 -0.000000e+000 4.763370e-002
    outer loop
      vertex   -1.018504e+002 1.901364e+002 6.679720e+001
      vertex   -1.018504e+002 1.964091e+002 6.679720e+001
      vertex   -1.020000e+002 1.870000e+002 6.680000e+001
    endloop
  endfacet
  facet normal 9.738185e-001 -1.734723e-018 2.222806e-001
    outer loop
      vertex   -9.806973e+001 1.775909e+002 6.354365e+001
      vertex   -9.813630e+001 1.775909e+002 6.383528e+001
      vertex   -9.813630e+001 1.713182e+002 6.383528e+001
    endloop
  endfacet
  facet normal 9.738185e-001 -1.734723e-018 2.222806e-001
    outer loop
      vertex   -9.813630e+001 1.713182e+002 6.383528e+001
      vertex   -9.806973e+001 1.713182e+002 6.354365e+001
      vertex   -9.806973e+001 1.775909e+002 6.354365e+001
    endloop
  endfacet
  facet normal 9.544923e-001 -1.734723e-018 2.944072e-001
    outer loop
      vertex   -9.813630e+001 1.775909e+002 6.383528e+001
      vertex   -9.822446e+001 1.775909e+002 6.412112e+001
      vertex   -9.822446e+001 1.713182e+002 6.412112e+001
    endloop
  endfacet
  facet normal 9.544923e-001 -1.734723e-018 2.944072e-001
    outer loop
      vertex   -9.822446e+001 1.713182e+002 6.412112e+001
      vertex   -9.813630e+001 1.713182e+002 6.383528e+001
      vertex   -9.813630e+001 1.775909e+002 6.383528e+001
    endloop
  endfacet
  facet normal 9.298173e-001 0.000000e+000 3.649260e-001
    outer loop
      vertex   -9.822446e+001 1.775909e+002 6.412112e+001
      vertex   -9.833375e+001 1.775909e+002 6.439957e+001
      vertex   -9.833375e+001 1.713182e+002 6.439957e+001
    endloop
  endfacet
  facet normal 9.298173e-001 0.000000e+000 3.649260e-001
    outer loop
      vertex   -9.833375e+001 1.713182e+002 6.439957e+001
      vertex   -9.822446e+001 1.713182e+002 6.412112e+001
      vertex   -9.822446e+001 1.775909e+002 6.412112e+001
    endloop
  endfacet
  facet normal 8.999424e-001 0.000000e+000 4.333990e-001
    outer loop
      vertex   -9.833375e+001 1.775909e+002 6.439957e+001
      vertex   -9.846354e+001 1.775909e+002 6.466908e+001
      vertex   -9.846354e+001 1.713182e+002 6.466908e+001
    endloop
  endfacet
  facet normal 8.999424e-001 0.000000e+000 4.333990e-001
    outer loop
      vertex   -9.846354e+001 1.713182e+002 6.466908e+001
      vertex   -9.833375e+001 1.713182e+002 6.439957e+001
      vertex   -9.833375e+001 1.775909e+002 6.439957e+001
    endloop
  endfacet
  facet normal 8.650416e-001 0.000000e+000 4.994338e-001
    outer loop
      vertex   -9.846354e+001 1.775909e+002 6.466908e+001
      vertex   -9.861311e+001 1.775909e+002 6.492813e+001
      vertex   -9.861311e+001 1.713182e+002 6.492813e+001
    endloop
  endfacet
  facet normal 8.650416e-001 0.000000e+000 4.994338e-001
    outer loop
      vertex   -9.861311e+001 1.713182e+002 6.492813e+001
      vertex   -9.846354e+001 1.713182e+002 6.466908e+001
      vertex   -9.846354e+001 1.775909e+002 6.466908e+001
    endloop
  endfacet
  facet normal 8.252992e-001 -3.469447e-018 5.626832e-001
    outer loop
      vertex   -9.861311e+001 1.775909e+002 6.492813e+001
      vertex   -9.878161e+001 1.775909e+002 6.517528e+001
      vertex   -9.878161e+001 1.713182e+002 6.517528e+001
    endloop
  endfacet
  facet normal 8.252992e-001 -3.469447e-018 5.626832e-001
    outer loop
      vertex   -9.878161e+001 1.713182e+002 6.517528e+001
      vertex   -9.861311e+001 1.713182e+002 6.492813e+001
      vertex   -9.861311e+001 1.775909e+002 6.492813e+001
    endloop
  endfacet
  facet normal 7.809409e-001 3.469447e-018 6.227860e-001
    outer loop
      vertex   -9.878161e+001 1.775909e+002 6.517528e+001
      vertex   -9.896812e+001 1.775909e+002 6.540915e+001
      vertex   -9.896812e+001 1.713182e+002 6.540915e+001
    endloop
  endfacet
  facet normal 7.809409e-001 3.469447e-018 6.227860e-001
    outer loop
      vertex   -9.896812e+001 1.713182e+002 6.540915e+001
      vertex   -9.878161e+001 1.713182e+002 6.517528e+001
      vertex   -9.878161e+001 1.775909e+002 6.517528e+001
    endloop
  endfacet
  facet normal 7.322294e-001 3.469447e-018 6.793904e-001
    outer loop
      vertex   -9.896812e+001 1.775909e+002 6.540915e+001
      vertex   -9.917157e+001 1.775909e+002 6.562843e+001
      vertex   -9.917157e+001 1.713182e+002 6.562843e+001
    endloop
  endfacet
  facet normal 7.322294e-001 3.469447e-018 6.793904e-001
    outer loop
      vertex   -9.917157e+001 1.713182e+002 6.562843e+001
      vertex   -9.896812e+001 1.713182e+002 6.540915e+001
      vertex   -9.896812e+001 1.775909e+002 6.540915e+001
    endloop
  endfacet
  facet normal 6.793913e-001 0.000000e+000 7.322284e-001
    outer loop
      vertex   -9.917157e+001 1.775909e+002 6.562843e+001
      vertex   -9.939085e+001 1.775909e+002 6.583189e+001
      vertex   -9.939085e+001 1.713182e+002 6.583189e+001
    endloop
  endfacet
  facet normal 6.793913e-001 0.000000e+000 7.322284e-001
    outer loop
      vertex   -9.939085e+001 1.713182e+002 6.583189e+001
      vertex   -9.917157e+001 1.713182e+002 6.562843e+001
      vertex   -9.917157e+001 1.775909e+002 6.562843e+001
    endloop
  endfacet
  facet normal 6.227984e-001 0.000000e+000 7.809310e-001
    outer loop
      vertex   -9.939085e+001 1.775909e+002 6.583189e+001
      vertex   -9.962472e+001 1.775909e+002 6.601839e+001
      vertex   -9.962472e+001 1.713182e+002 6.601839e+001
    endloop
  endfacet
  facet normal 6.227984e-001 0.000000e+000 7.809310e-001
    outer loop
      vertex   -9.962472e+001 1.713182e+002 6.601839e+001
      vertex   -9.939085e+001 1.713182e+002 6.583189e+001
      vertex   -9.939085e+001 1.775909e+002 6.583189e+001
    endloop
  endfacet
  facet normal 5.626713e-001 6.938894e-018 8.253073e-001
    outer loop
      vertex   -9.962472e+001 1.775909e+002 6.601839e+001
      vertex   -9.987187e+001 1.775909e+002 6.618690e+001
      vertex   -9.987187e+001 1.713182e+002 6.618690e+001
    endloop
  endfacet
  facet normal 5.626713e-001 6.938894e-018 8.253073e-001
    outer loop
      vertex   -9.987187e+001 1.713182e+002 6.618690e+001
      vertex   -9.962472e+001 1.713182e+002 6.601839e+001
      vertex   -9.962472e+001 1.775909e+002 6.601839e+001
    endloop
  endfacet
  facet normal 4.994338e-001 0.000000e+000 8.650416e-001
    outer loop
      vertex   -9.987187e+001 1.775909e+002 6.618690e+001
      vertex   -1.001309e+002 1.775909e+002 6.633646e+001
      vertex   -1.001309e+002 1.713182e+002 6.633646e+001
    endloop
  endfacet
  facet normal 4.994338e-001 0.000000e+000 8.650416e-001
    outer loop
      vertex   -1.001309e+002 1.713182e+002 6.633646e+001
      vertex   -9.987187e+001 1.713182e+002 6.618690e+001
      vertex   -9.987187e+001 1.775909e+002 6.618690e+001
    endloop
  endfacet
  facet normal 4.333883e-001 0.000000e+000 8.999476e-001
    outer loop
      vertex   -1.001309e+002 1.775909e+002 6.633646e+001
      vertex   -1.004004e+002 1.775909e+002 6.646625e+001
      vertex   -1.004004e+002 1.713182e+002 6.646625e+001
    endloop
  endfacet
  facet normal 4.333883e-001 0.000000e+000 8.999476e-001
    outer loop
      vertex   -1.004004e+002 1.713182e+002 6.646625e+001
      vertex   -1.001309e+002 1.713182e+002 6.633646e+001
      vertex   -1.001309e+002 1.775909e+002 6.633646e+001
    endloop
  endfacet
  facet normal 3.649173e-001 -3.469447e-018 9.298206e-001
    outer loop
      vertex   -1.004004e+002 1.775909e+002 6.646625e+001
      vertex   -1.006789e+002 1.775909e+002 6.657553e+001
      vertex   -1.006789e+002 1.713182e+002 6.657553e+001
    endloop
  endfacet
  facet normal 3.649173e-001 -3.469447e-018 9.298206e-001
    outer loop
      vertex   -1.006789e+002 1.713182e+002 6.657553e+001
      vertex   -1.004004e+002 1.713182e+002 6.646625e+001
      vertex   -1.004004e+002 1.775909e+002 6.646625e+001
    endloop
  endfacet
  facet normal 2.944340e-001 0.000000e+000 9.544840e-001
    outer loop
      vertex   -1.006789e+002 1.775909e+002 6.657553e+001
      vertex   -1.009647e+002 1.775909e+002 6.666370e+001
      vertex   -1.009647e+002 1.713182e+002 6.666370e+001
    endloop
  endfacet
  facet normal 2.944340e-001 0.000000e+000 9.544840e-001
    outer loop
      vertex   -1.009647e+002 1.713182e+002 6.666370e+001
      vertex   -1.006789e+002 1.713182e+002 6.657553e+001
      vertex   -1.006789e+002 1.775909e+002 6.657553e+001
    endloop
  endfacet
  facet normal 2.222537e-001 0.000000e+000 9.738246e-001
    outer loop
      vertex   -1.009647e+002 1.775909e+002 6.666370e+001
      vertex   -1.012564e+002 1.775909e+002 6.673026e+001
      vertex   -1.012564e+002 1.713182e+002 6.673026e+001
    endloop
  endfacet
  facet normal 2.222537e-001 0.000000e+000 9.738246e-001
    outer loop
      vertex   -1.012564e+002 1.713182e+002 6.673026e+001
      vertex   -1.009647e+002 1.713182e+002 6.666370e+001
      vertex   -1.009647e+002 1.775909e+002 6.666370e+001
    endloop
  endfacet
  facet normal 1.488859e-001 8.673617e-019 9.877065e-001
    outer loop
      vertex   -1.012564e+002 1.775909e+002 6.673026e+001
      vertex   -1.015521e+002 1.775909e+002 6.677485e+001
      vertex   -1.015521e+002 1.713182e+002 6.677485e+001
    endloop
  endfacet
  facet normal 1.488859e-001 8.673617e-019 9.877065e-001
    outer loop
      vertex   -1.015521e+002 1.713182e+002 6.677485e+001
      vertex   -1.012564e+002 1.713182e+002 6.673026e+001
      vertex   -1.012564e+002 1.775909e+002 6.673026e+001
    endloop
  endfacet
  facet normal 7.473034e-002 -0.000000e+000 9.972038e-001
    outer loop
      vertex   -1.015521e+002 1.713182e+002 6.677485e+001
      vertex   -1.015521e+002 1.775909e+002 6.677485e+001
      vertex   -1.018504e+002 1.713182e+002 6.679720e+001
    endloop
  endfacet
  facet normal 3.559651e-003 -0.000000e+000 4.750009e-002
    outer loop
      vertex   -1.018504e+002 1.713182e+002 6.679720e+001
      vertex   -1.015521e+002 1.775909e+002 6.677485e+001
      vertex   -1.018504e+002 1.775909e+002 6.679720e+001
    endloop
  endfacet
  facet normal 9.738185e-001 -1.734723e-018 2.222806e-001
    outer loop
      vertex   -9.813630e+001 1.587727e+002 6.383528e+001
      vertex   -9.806973e+001 1.587727e+002 6.354365e+001
      vertex   -9.806973e+001 1.650455e+002 6.354365e+001
    endloop
  endfacet
  facet normal 9.888332e-001 0.000000e+000 1.490264e-001
    outer loop
      vertex   -9.806973e+001 1.650455e+002 6.354365e+001
      vertex   -9.806973e+001 1.587727e+002 6.354365e+001
      vertex   -9.802515e+001 1.650455e+002 6.324786e+001
    endloop
  endfacet
  facet normal 9.544923e-001 -1.734723e-018 2.944072e-001
    outer loop
      vertex   -9.822446e+001 1.587727e+002 6.412112e+001
      vertex   -9.813630e+001 1.587727e+002 6.383528e+001
      vertex   -9.813630e+001 1.650455e+002 6.383528e+001
    endloop
  endfacet
  facet normal 9.749251e-001 0.000000e+000 2.225332e-001
    outer loop
      vertex   -9.813630e+001 1.650455e+002 6.383528e+001
      vertex   -9.813630e+001 1.587727e+002 6.383528e+001
      vertex   -9.806973e+001 1.650455e+002 6.354365e+001
    endloop
  endfacet
  facet normal 9.298173e-001 0.000000e+000 3.649260e-001
    outer loop
      vertex   -9.833375e+001 1.587727e+002 6.439957e+001
      vertex   -9.822446e+001 1.587727e+002 6.412112e+001
      vertex   -9.822446e+001 1.650455e+002 6.412112e+001
    endloop
  endfacet
  facet normal 9.555770e-001 0.000000e+000 2.947417e-001
    outer loop
      vertex   -9.822446e+001 1.650455e+002 6.412112e+001
      vertex   -9.822446e+001 1.587727e+002 6.412112e+001
      vertex   -9.813630e+001 1.650455e+002 6.383528e+001
    endloop
  endfacet
  facet normal 8.999424e-001 0.000000e+000 4.333990e-001
    outer loop
      vertex   -9.846354e+001 1.587727e+002 6.466908e+001
      vertex   -9.833375e+001 1.587727e+002 6.439957e+001
      vertex   -9.833375e+001 1.650455e+002 6.439957e+001
    endloop
  endfacet
  facet normal 9.308739e-001 0.000000e+000 3.653407e-001
    outer loop
      vertex   -9.833375e+001 1.650455e+002 6.439957e+001
      vertex   -9.833375e+001 1.587727e+002 6.439957e+001
      vertex   -9.822446e+001 1.650455e+002 6.412112e+001
    endloop
  endfacet
  facet normal 8.650416e-001 0.000000e+000 4.994338e-001
    outer loop
      vertex   -9.861311e+001 1.587727e+002 6.492813e+001
      vertex   -9.846354e+001 1.587727e+002 6.466908e+001
      vertex   -9.846354e+001 1.650455e+002 6.466908e+001
    endloop
  endfacet
  facet normal 9.009651e-001 0.000000e+000 4.338915e-001
    outer loop
      vertex   -9.846354e+001 1.650455e+002 6.466908e+001
      vertex   -9.846354e+001 1.587727e+002 6.466908e+001
      vertex   -9.833375e+001 1.650455e+002 6.439957e+001
    endloop
  endfacet
  facet normal 8.252992e-001 -3.469447e-018 5.626832e-001
    outer loop
      vertex   -9.878161e+001 1.587727e+002 6.517528e+001
      vertex   -9.861311e+001 1.587727e+002 6.492813e+001
      vertex   -9.861311e+001 1.650455e+002 6.492813e+001
    endloop
  endfacet
  facet normal 8.660246e-001 0.000000e+000 5.000014e-001
    outer loop
      vertex   -9.861311e+001 1.650455e+002 6.492813e+001
      vertex   -9.861311e+001 1.587727e+002 6.492813e+001
      vertex   -9.846354e+001 1.650455e+002 6.466908e+001
    endloop
  endfacet
  facet normal 7.809409e-001 3.469447e-018 6.227860e-001
    outer loop
      vertex   -9.896812e+001 1.587727e+002 6.540915e+001
      vertex   -9.878161e+001 1.587727e+002 6.517528e+001
      vertex   -9.878161e+001 1.650455e+002 6.517528e+001
    endloop
  endfacet
  facet normal 8.262371e-001 0.000000e+000 5.633226e-001
    outer loop
      vertex   -9.878161e+001 1.650455e+002 6.517528e+001
      vertex   -9.878161e+001 1.587727e+002 6.517528e+001
      vertex   -9.861311e+001 1.650455e+002 6.492813e+001
    endloop
  endfacet
  facet normal 7.322294e-001 3.469447e-018 6.793904e-001
    outer loop
      vertex   -9.917157e+001 1.587727e+002 6.562843e+001
      vertex   -9.896812e+001 1.587727e+002 6.540915e+001
      vertex   -9.896812e+001 1.650455e+002 6.540915e+001
    endloop
  endfacet
  facet normal 7.818283e-001 0.000000e+000 6.234937e-001
    outer loop
      vertex   -9.896812e+001 1.650455e+002 6.540915e+001
      vertex   -9.896812e+001 1.587727e+002 6.540915e+001
      vertex   -9.878161e+001 1.650455e+002 6.517528e+001
    endloop
  endfacet
  facet normal 6.793913e-001 0.000000e+000 7.322284e-001
    outer loop
      vertex   -9.939085e+001 1.587727e+002 6.583189e+001
      vertex   -9.917157e+001 1.587727e+002 6.562843e+001
      vertex   -9.917157e+001 1.650455e+002 6.562843e+001
    endloop
  endfacet
  facet normal 7.330614e-001 0.000000e+000 6.801624e-001
    outer loop
      vertex   -9.917157e+001 1.650455e+002 6.562843e+001
      vertex   -9.917157e+001 1.587727e+002 6.562843e+001
      vertex   -9.896812e+001 1.650455e+002 6.540915e+001
    endloop
  endfacet
  facet normal 6.227984e-001 0.000000e+000 7.809310e-001
    outer loop
      vertex   -9.962472e+001 1.587727e+002 6.601839e+001
      vertex   -9.939085e+001 1.587727e+002 6.583189e+001
      vertex   -9.939085e+001 1.650455e+002 6.583189e+001
    endloop
  endfacet
  facet normal 6.801634e-001 0.000000e+000 7.330605e-001
    outer loop
      vertex   -9.939085e+001 1.650455e+002 6.583189e+001
      vertex   -9.939085e+001 1.587727e+002 6.583189e+001
      vertex   -9.917157e+001 1.650455e+002 6.562843e+001
    endloop
  endfacet
  facet normal 5.626713e-001 6.938894e-018 8.253073e-001
    outer loop
      vertex   -9.987187e+001 1.587727e+002 6.618690e+001
      vertex   -9.962472e+001 1.587727e+002 6.601839e+001
      vertex   -9.962472e+001 1.650455e+002 6.601839e+001
    endloop
  endfacet
  facet normal 6.235061e-001 0.000000e+000 7.818184e-001
    outer loop
      vertex   -9.962472e+001 1.650455e+002 6.601839e+001
      vertex   -9.962472e+001 1.587727e+002 6.601839e+001
      vertex   -9.939085e+001 1.650455e+002 6.583189e+001
    endloop
  endfacet
  facet normal 4.994338e-001 0.000000e+000 8.650416e-001
    outer loop
      vertex   -1.001309e+002 1.587727e+002 6.633646e+001
      vertex   -9.987187e+001 1.587727e+002 6.618690e+001
      vertex   -9.987187e+001 1.650455e+002 6.618690e+001
    endloop
  endfacet
  facet normal 5.633107e-001 0.000000e+000 8.262451e-001
    outer loop
      vertex   -9.987187e+001 1.650455e+002 6.618690e+001
      vertex   -9.987187e+001 1.587727e+002 6.618690e+001
      vertex   -9.962472e+001 1.650455e+002 6.601839e+001
    endloop
  endfacet
  facet normal 4.333883e-001 0.000000e+000 8.999476e-001
    outer loop
      vertex   -1.004004e+002 1.587727e+002 6.646625e+001
      vertex   -1.001309e+002 1.587727e+002 6.633646e+001
      vertex   -1.001309e+002 1.650455e+002 6.633646e+001
    endloop
  endfacet
  facet normal 5.000014e-001 0.000000e+000 8.660246e-001
    outer loop
      vertex   -1.001309e+002 1.650455e+002 6.633646e+001
      vertex   -1.001309e+002 1.587727e+002 6.633646e+001
      vertex   -9.987187e+001 1.650455e+002 6.618690e+001
    endloop
  endfacet
  facet normal 3.649173e-001 -3.469447e-018 9.298206e-001
    outer loop
      vertex   -1.006789e+002 1.587727e+002 6.657553e+001
      vertex   -1.004004e+002 1.587727e+002 6.646625e+001
      vertex   -1.004004e+002 1.650455e+002 6.646625e+001
    endloop
  endfacet
  facet normal 4.338808e-001 0.000000e+000 9.009703e-001
    outer loop
      vertex   -1.004004e+002 1.650455e+002 6.646625e+001
      vertex   -1.004004e+002 1.587727e+002 6.646625e+001
      vertex   -1.001309e+002 1.650455e+002 6.633646e+001
    endloop
  endfacet
  facet normal 2.944340e-001 0.000000e+000 9.544840e-001
    outer loop
      vertex   -1.009647e+002 1.587727e+002 6.666370e+001
      vertex   -1.006789e+002 1.587727e+002 6.657553e+001
      vertex   -1.006789e+002 1.650455e+002 6.657553e+001
    endloop
  endfacet
  facet normal 3.653320e-001 0.000000e+000 9.308773e-001
    outer loop
      vertex   -1.006789e+002 1.650455e+002 6.657553e+001
      vertex   -1.006789e+002 1.587727e+002 6.657553e+001
      vertex   -1.004004e+002 1.650455e+002 6.646625e+001
    endloop
  endfacet
  facet normal 2.222537e-001 0.000000e+000 9.738246e-001
    outer loop
      vertex   -1.012564e+002 1.587727e+002 6.673026e+001
      vertex   -1.009647e+002 1.587727e+002 6.666370e+001
      vertex   -1.009647e+002 1.650455e+002 6.666370e+001
    endloop
  endfacet
  facet normal 2.947686e-001 0.000000e+000 9.555687e-001
    outer loop
      vertex   -1.009647e+002 1.650455e+002 6.666370e+001
      vertex   -1.009647e+002 1.587727e+002 6.666370e+001
      vertex   -1.006789e+002 1.650455e+002 6.657553e+001
    endloop
  endfacet
  facet normal 1.488859e-001 8.673617e-019 9.877065e-001
    outer loop
      vertex   -1.015521e+002 1.587727e+002 6.677485e+001
      vertex   -1.012564e+002 1.587727e+002 6.673026e+001
      vertex   -1.012564e+002 1.650455e+002 6.673026e+001
    endloop
  endfacet
  facet normal 2.225062e-001 0.000000e+000 9.749312e-001
    outer loop
      vertex   -1.012564e+002 1.650455e+002 6.673026e+001
      vertex   -1.012564e+002 1.587727e+002 6.673026e+001
      vertex   -1.009647e+002 1.650455e+002 6.666370e+001
    endloop
  endfacet
  facet normal 3.559651e-003 -0.000000e+000 4.750009e-002
    outer loop
      vertex   -1.018504e+002 1.838636e+002 6.679720e+001
      vertex   -1.015521e+002 1.901364e+002 6.677485e+001
      vertex   -1.018504e+002 1.901364e+002 6.679720e+001
    endloop
  endfacet
  facet normal 7.464552e-002 4.336809e-019 9.960718e-001
    outer loop
      vertex   -1.018504e+002 1.587727e+002 6.679720e+001
      vertex   -1.015521e+002 1.587727e+002 6.677485e+001
      vertex   -1.015521e+002 1.650455e+002 6.677485e+001
    endloop
  endfacet
  facet normal 1.490551e-001 0.000000e+000 9.888289e-001
    outer loop
      vertex   -1.015521e+002 1.650455e+002 6.677485e+001
      vertex   -1.015521e+002 1.587727e+002 6.677485e+001
      vertex   -1.012564e+002 1.650455e+002 6.673026e+001
    endloop
  endfacet
  facet normal 3.559651e-003 -0.000000e+000 4.750009e-002
    outer loop
      vertex   -1.018504e+002 1.587727e+002 6.679720e+001
      vertex   -1.015521e+002 1.650455e+002 6.677485e+001
      vertex   -1.018504e+002 1.650455e+002 6.679720e+001
    endloop
  endfacet
  facet normal 1.781444e-003 0.000000e+000 9.515923e-002
    outer loop
      vertex   -1.020000e+002 1.870000e+002 6.680000e+001
      vertex   -1.018504e+002 1.838636e+002 6.679720e+001
      vertex   -1.018504e+002 1.901364e+002 6.679720e+001
    endloop
  endfacet
  facet normal 0.000000e+000 0.000000e+000 1.261517e-001
    outer loop
      vertex   -1.562500e+002 1.525000e+002 6.680000e+001
      vertex   -1.020000e+002 1.525000e+002 6.680000e+001
      vertex   -1.130000e+002 1.580000e+002 6.680000e+001
    endloop
  endfacet
  facet normal -0.000000e+000 0.000000e+000 9.948934e-001
    outer loop
      vertex   -1.130000e+002 1.580000e+002 6.680000e+001
      vertex   -1.020000e+002 1.525000e+002 6.680000e+001
      vertex   -1.020000e+002 1.870000e+002 6.680000e+001
    endloop
  endfacet
  facet normal 0.000000e+000 0.000000e+000 3.546542e-001
    outer loop
      vertex   -1.130000e+002 1.580000e+002 6.680000e+001
      vertex   -1.020000e+002 1.870000e+002 6.680000e+001
      vertex   -1.130000e+002 1.870000e+002 6.680000e+001
    endloop
  endfacet
  facet normal 0.000000e+000 0.000000e+000 1.000000e+000
    outer loop
      vertex   -1.130000e+002 1.870000e+002 6.680000e+001
      vertex   -1.020000e+002 1.870000e+002 6.680000e+001
      vertex   -1.130000e+002 2.160000e+002 6.680000e+001
    endloop
  endfacet
  facet normal -0.000000e+000 0.000000e+000 9.948934e-001
    outer loop
      vertex   -1.130000e+002 2.160000e+002 6.680000e+001
      vertex   -1.020000e+002 1.870000e+002 6.680000e+001
      vertex   -1.020000e+002 2.215000e+002 6.680000e+001
    endloop
  endfacet
  facet normal 0.000000e+000 -0.000000e+000 5.564743e-001
    outer loop
      vertex   -1.130000e+002 2.160000e+002 6.680000e+001
      vertex   -1.020000e+002 2.215000e+002 6.680000e+001
      vertex   -1.562500e+002 2.215000e+002 6.680000e+001
    endloop
  endfacet
  facet normal -0.000000e+000 0.000000e+000 6.459423e-001
    outer loop
      vertex   -2.105000e+002 2.215000e+002 6.680000e+001
      vertex   -2.040000e+002 2.160000e+002 6.680000e+001
      vertex   -1.562500e+002 2.215000e+002 6.680000e+001
    endloop
  endfacet
  facet normal 0.000000e+000 0.000000e+000 8.761420e-001
    outer loop
      vertex   -1.562500e+002 2.215000e+002 6.680000e+001
      vertex   -2.040000e+002 2.160000e+002 6.680000e+001
      vertex   -1.585000e+002 2.160000e+002 6.680000e+001
    endloop
  endfacet
  facet normal 0.000000e+000 0.000000e+000 9.659179e-001
    outer loop
      vertex   -1.562500e+002 2.215000e+002 6.680000e+001
      vertex   -1.585000e+002 2.160000e+002 6.680000e+001
      vertex   -1.130000e+002 2.160000e+002 6.680000e+001
    endloop
  endfacet
  facet normal 0.000000e+000 0.000000e+000 7.633863e-001
    outer loop
      vertex   -2.105000e+002 2.215000e+002 6.680000e+001
      vertex   -2.105000e+002 1.870000e+002 6.680000e+001
      vertex   -2.040000e+002 2.160000e+002 6.680000e+001
    endloop
  endfacet
  facet normal 0.000000e+000 0.000000e+000 2.187115e-001
    outer loop
      vertex   -2.040000e+002 2.160000e+002 6.680000e+001
      vertex   -2.105000e+002 1.870000e+002 6.680000e+001
      vertex   -2.040000e+002 1.870000e+002 6.680000e+001
    endloop
  endfacet
  facet normal 0.000000e+000 0.000000e+000 1.000000e+000
    outer loop
      vertex   -2.040000e+002 1.870000e+002 6.680000e+001
      vertex   -2.105000e+002 1.870000e+002 6.680000e+001
      vertex   -2.040000e+002 1.580000e+002 6.680000e+001
    endloop
  endfacet
  facet normal 0.000000e+000 0.000000e+000 8.861793e-001
    outer loop
      vertex   -2.040000e+002 1.580000e+002 6.680000e+001
      vertex   -2.105000e+002 1.870000e+002 6.680000e+001
      vertex   -2.105000e+002 1.525000e+002 6.680000e+001
    endloop
  endfacet
  facet normal 0.000000e+000 0.000000e+000 7.290512e-001
    outer loop
      vertex   -2.040000e+002 1.580000e+002 6.680000e+001
      vertex   -2.105000e+002 1.525000e+002 6.680000e+001
      vertex   -1.562500e+002 1.525000e+002 6.680000e+001
    endloop
  endfacet
  facet normal 0.000000e+000 0.000000e+000 1.261517e-001
    outer loop
      vertex   -1.130000e+002 1.580000e+002 6.680000e+001
      vertex   -1.585000e+002 1.580000e+002 6.680000e+001
      vertex   -1.562500e+002 1.525000e+002 6.680000e+001
    endloop
  endfacet
  facet normal 0.000000e+000 0.000000e+000 8.761420e-001
    outer loop
      vertex   -1.562500e+002 1.525000e+002 6.680000e+001
      vertex   -1.585000e+002 1.580000e+002 6.680000e+001
      vertex   -2.040000e+002 1.580000e+002 6.680000e+001
    endloop
  endfacet
  facet normal 0.000000e+000 0.000000e+000 1.000000e+000
    outer loop
      vertex   -1.758000e+002 1.555000e+002 2.754500e+001
      vertex   -1.528000e+002 1.555000e+002 2.754500e+001
      vertex   -1.758000e+002 1.748250e+002 2.754500e+001
    endloop
  endfacet
  facet normal -0.000000e+000 0.000000e+000 6.432896e-001
    outer loop
      vertex   -1.758000e+002 1.748250e+002 2.754500e+001
      vertex   -1.528000e+002 1.555000e+002 2.754500e+001
      vertex   -1.528000e+002 1.748250e+002 2.754500e+001
    endloop
  endfacet
  facet normal 1.249915e-002 0.000000e+000 0.000000e+000
    outer loop
      vertex   -1.758000e+002 1.748250e+002 4.014500e+001
      vertex   -1.758000e+002 1.555000e+002 4.014500e+001
      vertex   -1.758000e+002 1.628250e+002 3.999500e+001
    endloop
  endfacet
  facet normal 8.720913e-001 0.000000e+000 0.000000e+000
    outer loop
      vertex   -1.758000e+002 1.628250e+002 3.999500e+001
      vertex   -1.758000e+002 1.555000e+002 4.014500e+001
      vertex   -1.758000e+002 1.555000e+002 2.754500e+001
    endloop
  endfacet
  facet normal 5.070956e-001 0.000000e+000 0.000000e+000
    outer loop
      vertex   -1.758000e+002 1.628250e+002 3.999500e+001
      vertex   -1.758000e+002 1.555000e+002 2.754500e+001
      vertex   -1.758000e+002 1.628250e+002 2.769500e+001
    endloop
  endfacet
  facet normal 3.296825e-002 0.000000e+000 0.000000e+000
    outer loop
      vertex   -1.758000e+002 1.628250e+002 2.769500e+001
      vertex   -1.758000e+002 1.555000e+002 2.754500e+001
      vertex   -1.758000e+002 1.748250e+002 2.754500e+001
    endloop
  endfacet
  facet normal 1.249899e-002 -0.000000e+000 0.000000e+000
    outer loop
      vertex   -1.758000e+002 1.628250e+002 2.769500e+001
      vertex   -1.758000e+002 1.748250e+002 2.754500e+001
      vertex   -1.758000e+002 1.706250e+002 2.769500e+001
    endloop
  endfacet
  facet normal 9.583406e-001 -0.000000e+000 0.000000e+000
    outer loop
      vertex   -1.758000e+002 1.706250e+002 2.769500e+001
      vertex   -1.758000e+002 1.748250e+002 2.754500e+001
      vertex   -1.758000e+002 1.748250e+002 4.014500e+001
    endloop
  endfacet
  facet normal 3.196503e-001 0.000000e+000 0.000000e+000
    outer loop
      vertex   -1.758000e+002 1.706250e+002 2.769500e+001
      vertex   -1.758000e+002 1.748250e+002 4.014500e+001
      vertex   -1.758000e+002 1.706250e+002 3.999500e+001
    endloop
  endfacet
  facet normal 3.569192e-002 0.000000e+000 -0.000000e+000
    outer loop
      vertex   -1.758000e+002 1.706250e+002 3.999500e+001
      vertex   -1.758000e+002 1.748250e+002 4.014500e+001
      vertex   -1.758000e+002 1.628250e+002 3.999500e+001
    endloop
  endfacet
  facet normal 0.000000e+000 0.000000e+000 -1.000000e+000
    outer loop
      vertex   -1.528000e+002 1.555000e+002 4.014500e+001
      vertex   -1.758000e+002 1.555000e+002 4.014500e+001
      vertex   -1.528000e+002 1.748250e+002 4.014500e+001
    endloop
  endfacet
  facet normal -0.000000e+000 0.000000e+000 -6.432896e-001
    outer loop
      vertex   -1.528000e+002 1.748250e+002 4.014500e+001
      vertex   -1.758000e+002 1.555000e+002 4.014500e+001
      vertex   -1.758000e+002 1.748250e+002 4.014500e+001
    endloop
  endfacet
  facet normal -1.000000e+000 0.000000e+000 0.000000e+000
    outer loop
      vertex   -1.528000e+002 1.555000e+002 2.769500e+001
      vertex   -1.528000e+002 1.706250e+002 2.769500e+001
      vertex   -1.528000e+002 1.555000e+002 2.754500e+001
    endloop
  endfacet
  facet normal -9.916843e-003 0.000000e+000 0.000000e+000
    outer loop
      vertex   -1.528000e+002 1.555000e+002 2.754500e+001
      vertex   -1.528000e+002 1.706250e+002 2.769500e+001
      vertex   -1.528000e+002 1.748250e+002 2.754500e+001
    endloop
  endfacet
  facet normal -9.355231e-001 0.000000e+000 0.000000e+000
    outer loop
      vertex   -1.528000e+002 1.748250e+002 2.754500e+001
      vertex   -1.528000e+002 1.706250e+002 2.769500e+001
      vertex   -1.528000e+002 1.706250e+002 3.999500e+001
    endloop
  endfacet
  facet normal -3.196504e-001 0.000000e+000 0.000000e+000
    outer loop
      vertex   -1.528000e+002 1.748250e+002 2.754500e+001
      vertex   -1.528000e+002 1.706250e+002 3.999500e+001
      vertex   -1.528000e+002 1.748250e+002 4.014500e+001
    endloop
  endfacet
  facet normal -3.569192e-002 -0.000000e+000 0.000000e+000
    outer loop
      vertex   -1.528000e+002 1.748250e+002 4.014500e+001
      vertex   -1.528000e+002 1.706250e+002 3.999500e+001
      vertex   -1.528000e+002 1.555000e+002 4.014500e+001
    endloop
  endfacet
  facet normal -9.999508e-001 0.000000e+000 0.000000e+000
    outer loop
      vertex   -1.528000e+002 1.555000e+002 4.014500e+001
      vertex   -1.528000e+002 1.706250e+002 3.999500e+001
      vertex   -1.528000e+002 1.555000e+002 3.999500e+001
    endloop
  endfacet
  facet normal 0.000000e+000 0.000000e+000 1.000000e+000
    outer loop
      vertex   -1.758000e+002 1.706250e+002 2.769500e+001
      vertex   -1.806500e+002 1.706250e+002 2.769500e+001
      vertex   -1.758000e+002 1.628250e+002 2.769500e+001
    endloop
  endfacet
  facet normal 0.000000e+000 0.000000e+000 8.492199e-001
    outer loop
      vertex   -1.758000e+002 1.628250e+002 2.769500e+001
      vertex   -1.806500e+002 1.706250e+002 2.769500e+001
      vertex   -1.806500e+002 1.628250e+002 2.769500e+001
    endloop
  endfacet
  facet normal 0.000000e+000 0.000000e+000 9.333457e-001
    outer loop
      vertex   -1.479500e+002 1.706250e+002 2.769500e+001
      vertex   -1.528000e+002 1.706250e+002 2.769500e+001
      vertex   -1.509500e+002 1.628250e+002 2.769500e+001
    endloop
  endfacet
  facet normal 0.000000e+000 0.000000e+000 4.620136e-001
    outer loop
      vertex   -1.509500e+002 1.628250e+002 2.769500e+001
      vertex   -1.528000e+002 1.706250e+002 2.769500e+001
      vertex   -1.528000e+002 1.555000e+002 2.769500e+001
    endloop
  endfacet
  facet normal 0.000000e+000 0.000000e+000 2.448716e-001
    outer loop
      vertex   -1.509500e+002 1.628250e+002 2.769500e+001
      vertex   -1.528000e+002 1.555000e+002 2.769500e+001
      vertex   -1.509500e+002 1.555000e+002 2.769500e+001
    endloop
  endfacet
  facet normal 0.000000e+000 0.000000e+000 9.333457e-001
    outer loop
      vertex   -1.509500e+002 1.628250e+002 2.769500e+001
      vertex   -1.479500e+002 1.628250e+002 2.769500e+001
      vertex   -1.479500e+002 1.706250e+002 2.769500e+001
    endloop
  endfacet
  facet normal 0.000000e+000 -1.369085e-001 -0.000000e+000
    outer loop
      vertex   -1.758000e+002 1.706250e+002 3.999500e+001
      vertex   -1.766500e+002 1.706250e+002 3.384500e+001
      vertex   -1.758000e+002 1.706250e+002 2.769500e+001
    endloop
  endfacet
  facet normal 0.000000e+000 -5.901428e-003 0.000000e+000
    outer loop
      vertex   -1.758000e+002 1.706250e+002 2.769500e+001
      vertex   -1.766500e+002 1.706250e+002 3.384500e+001
      vertex   -1.766609e+002 1.706250e+002 3.366420e+001
    endloop
  endfacet
  facet normal 0.000000e+000 -9.856260e-003 0.000000e+000
    outer loop
      vertex   -1.758000e+002 1.706250e+002 2.769500e+001
      vertex   -1.766609e+002 1.706250e+002 3.366420e+001
      vertex   -1.766936e+002 1.706250e+002 3.348603e+001
    endloop
  endfacet
  facet normal 0.000000e+000 -8.807749e-001 0.000000e+000
    outer loop
      vertex   -1.806500e+002 1.706250e+002 3.999500e+001
      vertex   -1.781500e+002 1.706250e+002 3.534500e+001
      vertex   -1.758000e+002 1.706250e+002 3.999500e+001
    endloop
  endfacet
  facet normal 0.000000e+000 -3.234757e-002 0.000000e+000
    outer loop
      vertex   -1.758000e+002 1.706250e+002 3.999500e+001
      vertex   -1.781500e+002 1.706250e+002 3.534500e+001
      vertex   -1.779692e+002 1.706250e+002 3.533406e+001
    endloop
  endfacet
  facet normal 0.000000e+000 -3.438354e-002 0.000000e+000
    outer loop
      vertex   -1.758000e+002 1.706250e+002 3.999500e+001
      vertex   -1.779692e+002 1.706250e+002 3.533406e+001
      vertex   -1.777910e+002 1.706250e+002 3.530141e+001
    endloop
  endfacet
  facet normal 0.000000e+000 -7.866911e-001 -0.000000e+000
    outer loop
      vertex   -1.806500e+002 1.706250e+002 4.549500e+001
      vertex   -1.872343e+002 1.706250e+002 4.032804e+001
      vertex   -1.806500e+002 1.706250e+002 3.999500e+001
    endloop
  endfacet
  facet normal -0.000000e+000 -7.073878e-002 0.000000e+000
    outer loop
      vertex   -1.806500e+002 1.706250e+002 3.999500e+001
      vertex   -1.872343e+002 1.706250e+002 4.032804e+001
      vertex   -1.867462e+002 1.706250e+002 3.987148e+001
    endloop
  endfacet
  facet normal 0.000000e+000 -8.525190e-002 0.000000e+000
    outer loop
      vertex   -1.806500e+002 1.706250e+002 3.999500e+001
      vertex   -1.867462e+002 1.706250e+002 3.987148e+001
      vertex   -1.862735e+002 1.706250e+002 3.939885e+001
    endloop
  endfacet
  facet normal 0.000000e+000 -1.671114e-002 0.000000e+000
    outer loop
      vertex   -2.006500e+002 1.706250e+002 4.549500e+001
      vertex   -1.999817e+002 1.706250e+002 4.548383e+001
      vertex   -1.806500e+002 1.706250e+002 4.549500e+001
    endloop
  endfacet
  facet normal 0.000000e+000 -1.815171e-003 0.000000e+000
    outer loop
      vertex   -1.806500e+002 1.706250e+002 4.549500e+001
      vertex   -1.999817e+002 1.706250e+002 4.548383e+001
      vertex   -1.993141e+002 1.706250e+002 4.545034e+001
    endloop
  endfacet
  facet normal 0.000000e+000 -3.187632e-003 0.000000e+000
    outer loop
      vertex   -1.806500e+002 1.706250e+002 4.549500e+001
      vertex   -1.993141e+002 1.706250e+002 4.545034e+001
      vertex   -1.986481e+002 1.706250e+002 4.539456e+001
    endloop
  endfacet
  facet normal 0.000000e+000 -1.222497e-001 0.000000e+000
    outer loop
      vertex   -1.986481e+002 1.706250e+002 4.539456e+001
      vertex   -1.979843e+002 1.706250e+002 4.531655e+001
      vertex   -1.806500e+002 1.706250e+002 4.549500e+001
    endloop
  endfacet
  facet normal 0.000000e+000 -6.413194e-003 0.000000e+000
    outer loop
      vertex   -1.806500e+002 1.706250e+002 4.549500e+001
      vertex   -1.979843e+002 1.706250e+002 4.531655e+001
      vertex   -1.973234e+002 1.706250e+002 4.521640e+001
    endloop
  endfacet
  facet normal 0.000000e+000 -8.309624e-003 0.000000e+000
    outer loop
      vertex   -1.806500e+002 1.706250e+002 4.549500e+001
      vertex   -1.973234e+002 1.706250e+002 4.521640e+001
      vertex   -1.966663e+002 1.706250e+002 4.509423e+001
    endloop
  endfacet
  facet normal 0.000000e+000 -2.398952e-001 0.000000e+000
    outer loop
      vertex   -1.966663e+002 1.706250e+002 4.509423e+001
      vertex   -1.960136e+002 1.706250e+002 4.495017e+001
      vertex   -1.806500e+002 1.706250e+002 4.549500e+001
    endloop
  endfacet
  facet normal 0.000000e+000 -1.280329e-002 0.000000e+000
    outer loop
      vertex   -1.806500e+002 1.706250e+002 4.549500e+001
      vertex   -1.960136e+002 1.706250e+002 4.495017e+001
      vertex   -1.953661e+002 1.706250e+002 4.478438e+001
    endloop
  endfacet
  facet normal 0.000000e+000 -1.546184e-002 0.000000e+000
    outer loop
      vertex   -1.806500e+002 1.706250e+002 4.549500e+001
      vertex   -1.953661e+002 1.706250e+002 4.478438e+001
      vertex   -1.947245e+002 1.706250e+002 4.459705e+001
    endloop
  endfacet
  facet normal 0.000000e+000 -3.720506e-001 0.000000e+000
    outer loop
      vertex   -1.947245e+002 1.706250e+002 4.459705e+001
      vertex   -1.940895e+002 1.706250e+002 4.438838e+001
      vertex   -1.806500e+002 1.706250e+002 4.549500e+001
    endloop
  endfacet
  facet normal 0.000000e+000 -2.177598e-002 0.000000e+000
    outer loop
      vertex   -1.806500e+002 1.706250e+002 4.549500e+001
      vertex   -1.940895e+002 1.706250e+002 4.438838e+001
      vertex   -1.934618e+002 1.706250e+002 4.415861e+001
    endloop
  endfacet
  facet normal 0.000000e+000 -2.550175e-002 0.000000e+000
    outer loop
      vertex   -1.806500e+002 1.706250e+002 4.549500e+001
      vertex   -1.934618e+002 1.706250e+002 4.415861e+001
      vertex   -1.928422e+002 1.706250e+002 4.390800e+001
    endloop
  endfacet
  facet normal 0.000000e+000 -5.203044e-001 0.000000e+000
    outer loop
      vertex   -1.928422e+002 1.706250e+002 4.390800e+001
      vertex   -1.922313e+002 1.706250e+002 4.363682e+001
      vertex   -1.806500e+002 1.706250e+002 4.549500e+001
    endloop
  endfacet
  facet normal 0.000000e+000 -3.423727e-002 0.000000e+000
    outer loop
      vertex   -1.806500e+002 1.706250e+002 4.549500e+001
      vertex   -1.922313e+002 1.706250e+002 4.363682e+001
      vertex   -1.916298e+002 1.706250e+002 4.334538e+001
    endloop
  endfacet
  facet normal 0.000000e+000 -3.926664e-002 0.000000e+000
    outer loop
      vertex   -1.806500e+002 1.706250e+002 4.549500e+001
      vertex   -1.916298e+002 1.706250e+002 4.334538e+001
      vertex   -1.910384e+002 1.706250e+002 4.303400e+001
    endloop
  endfacet
  facet normal 0.000000e+000 -6.821118e-001 0.000000e+000
    outer loop
      vertex   -1.910384e+002 1.706250e+002 4.303400e+001
      vertex   -1.904577e+002 1.706250e+002 4.270303e+001
      vertex   -1.806500e+002 1.706250e+002 4.549500e+001
    endloop
  endfacet
  facet normal 0.000000e+000 -5.048982e-002 0.000000e+000
    outer loop
      vertex   -1.806500e+002 1.706250e+002 4.549500e+001
      vertex   -1.904577e+002 1.706250e+002 4.270303e+001
      vertex   -1.898884e+002 1.706250e+002 4.235284e+001
    endloop
  endfacet
  facet normal 0.000000e+000 -5.647145e-002 0.000000e+000
    outer loop
      vertex   -1.806500e+002 1.706250e+002 4.549500e+001
      vertex   -1.898884e+002 1.706250e+002 4.235284e+001
      vertex   -1.893311e+002 1.706250e+002 4.198383e+001
    endloop
  endfacet
  facet normal 0.000000e+000 -8.428960e-001 0.000000e+000
    outer loop
      vertex   -1.893311e+002 1.706250e+002 4.198383e+001
      vertex   -1.887864e+002 1.706250e+002 4.159640e+001
      vertex   -1.806500e+002 1.706250e+002 4.549500e+001
    endloop
  endfacet
  facet normal 0.000000e+000 -6.811681e-002 0.000000e+000
    outer loop
      vertex   -1.806500e+002 1.706250e+002 4.549500e+001
      vertex   -1.887864e+002 1.706250e+002 4.159640e+001
      vertex   -1.882550e+002 1.706250e+002 4.119099e+001
    endloop
  endfacet
  facet normal 0.000000e+000 -7.312960e-002 0.000000e+000
    outer loop
      vertex   -1.806500e+002 1.706250e+002 4.549500e+001
      vertex   -1.882550e+002 1.706250e+002 4.119099e+001
      vertex   -1.877374e+002 1.706250e+002 4.076804e+001
    endloop
  endfacet
  facet normal 0.000000e+000 -9.653413e-001 0.000000e+000
    outer loop
      vertex   -1.877374e+002 1.706250e+002 4.076804e+001
      vertex   -1.872343e+002 1.706250e+002 4.032804e+001
      vertex   -1.806500e+002 1.706250e+002 4.549500e+001
    endloop
  endfacet
  facet normal 0.000000e+000 -7.982779e-001 0.000000e+000
    outer loop
      vertex   -1.862735e+002 1.706250e+002 3.939885e+001
      vertex   -1.858170e+002 1.706250e+002 3.891069e+001
      vertex   -1.806500e+002 1.706250e+002 3.999500e+001
    endloop
  endfacet
  facet normal 0.000000e+000 -1.168736e-001 0.000000e+000
    outer loop
      vertex   -1.806500e+002 1.706250e+002 3.999500e+001
      vertex   -1.858170e+002 1.706250e+002 3.891069e+001
      vertex   -1.853770e+002 1.706250e+002 3.840756e+001
    endloop
  endfacet
  facet normal 0.000000e+000 -1.305054e-001 0.000000e+000
    outer loop
      vertex   -1.806500e+002 1.706250e+002 3.999500e+001
      vertex   -1.853770e+002 1.706250e+002 3.840756e+001
      vertex   -1.849540e+002 1.706250e+002 3.789000e+001
    endloop
  endfacet
  facet normal 0.000000e+000 -9.806898e-001 0.000000e+000
    outer loop
      vertex   -1.849540e+002 1.706250e+002 3.789000e+001
      vertex   -1.845486e+002 1.706250e+002 3.735860e+001
      vertex   -1.806500e+002 1.706250e+002 3.999500e+001
    endloop
  endfacet
  facet normal 0.000000e+000 -1.410359e-001 0.000000e+000
    outer loop
      vertex   -1.806500e+002 1.706250e+002 3.999500e+001
      vertex   -1.845486e+002 1.706250e+002 3.735860e+001
      vertex   -1.841612e+002 1.706250e+002 3.681394e+001
    endloop
  endfacet
  facet normal 0.000000e+000 -1.353043e-001 0.000000e+000
    outer loop
      vertex   -1.806500e+002 1.706250e+002 3.999500e+001
      vertex   -1.841612e+002 1.706250e+002 3.681394e+001
      vertex   -1.837922e+002 1.706250e+002 3.625665e+001
    endloop
  endfacet
  facet normal 0.000000e+000 -7.728241e-001 0.000000e+000
    outer loop
      vertex   -1.834420e+002 1.706250e+002 3.568733e+001
      vertex   -1.790021e+002 1.706250e+002 3.507948e+001
      vertex   -1.837922e+002 1.706250e+002 3.625665e+001
    endloop
  endfacet
  facet normal 0.000000e+000 -2.528283e-002 0.000000e+000
    outer loop
      vertex   -1.837922e+002 1.706250e+002 3.625665e+001
      vertex   -1.790021e+002 1.706250e+002 3.507948e+001
      vertex   -1.788471e+002 1.706250e+002 3.517318e+001
    endloop
  endfacet
  facet normal 0.000000e+000 -8.854782e-001 0.000000e+000
    outer loop
      vertex   -1.837922e+002 1.706250e+002 3.625665e+001
      vertex   -1.788471e+002 1.706250e+002 3.517318e+001
      vertex   -1.806500e+002 1.706250e+002 3.999500e+001
    endloop
  endfacet
  facet normal 0.000000e+000 -3.517348e-002 0.000000e+000
    outer loop
      vertex   -1.806500e+002 1.706250e+002 3.999500e+001
      vertex   -1.788471e+002 1.706250e+002 3.517318e+001
      vertex   -1.786819e+002 1.706250e+002 3.524752e+001
    endloop
  endfacet
  facet normal 0.000000e+000 -3.496568e-002 0.000000e+000
    outer loop
      vertex   -1.806500e+002 1.706250e+002 3.999500e+001
      vertex   -1.786819e+002 1.706250e+002 3.524752e+001
      vertex   -1.785090e+002 1.706250e+002 3.530141e+001
    endloop
  endfacet
  facet normal -0.000000e+000 -7.177793e-001 0.000000e+000
    outer loop
      vertex   -1.790021e+002 1.706250e+002 3.507948e+001
      vertex   -1.834420e+002 1.706250e+002 3.568733e+001
      vertex   -1.791447e+002 1.706250e+002 3.496777e+001
    endloop
  endfacet
  facet normal 0.000000e+000 -1.305359e-001 0.000000e+000
    outer loop
      vertex   -1.791447e+002 1.706250e+002 3.496777e+001
      vertex   -1.834420e+002 1.706250e+002 3.568733e+001
      vertex   -1.831110e+002 1.706250e+002 3.510664e+001
    endloop
  endfacet
  facet normal -0.000000e+000 -7.314160e-001 0.000000e+000
    outer loop
      vertex   -1.791447e+002 1.706250e+002 3.496777e+001
      vertex   -1.831110e+002 1.706250e+002 3.510664e+001
      vertex   -1.792728e+002 1.706250e+002 3.483968e+001
    endloop
  endfacet
  facet normal -0.000000e+000 -8.280744e-001 0.000000e+000
    outer loop
      vertex   -1.792728e+002 1.706250e+002 3.483968e+001
      vertex   -1.831110e+002 1.706250e+002 3.510664e+001
      vertex   -1.793845e+002 1.706250e+002 3.469710e+001
    endloop
  endfacet
  facet normal -0.000000e+000 -1.619536e-001 0.000000e+000
    outer loop
      vertex   -1.793845e+002 1.706250e+002 3.469710e+001
      vertex   -1.831110e+002 1.706250e+002 3.510664e+001
      vertex   -1.827996e+002 1.706250e+002 3.451520e+001
    endloop
  endfacet
  facet normal 0.000000e+000 -8.270681e-001 0.000000e+000
    outer loop
      vertex   -1.793845e+002 1.706250e+002 3.469710e+001
      vertex   -1.827996e+002 1.706250e+002 3.451520e+001
      vertex   -1.794782e+002 1.706250e+002 3.454208e+001
    endloop
  endfacet
  facet normal 0.000000e+000 -9.085464e-001 0.000000e+000
    outer loop
      vertex   -1.794782e+002 1.706250e+002 3.454208e+001
      vertex   -1.827996e+002 1.706250e+002 3.451520e+001
      vertex   -1.795525e+002 1.706250e+002 3.437691e+001
    endloop
  endfacet
  facet normal -0.000000e+000 -1.967284e-001 0.000000e+000
    outer loop
      vertex   -1.795525e+002 1.706250e+002 3.437691e+001
      vertex   -1.827996e+002 1.706250e+002 3.451520e+001
      vertex   -1.825082e+002 1.706250e+002 3.391370e+001
    endloop
  endfacet
  facet normal 0.000000e+000 -8.971335e-001 0.000000e+000
    outer loop
      vertex   -1.795525e+002 1.706250e+002 3.437691e+001
      vertex   -1.825082e+002 1.706250e+002 3.391370e+001
      vertex   -1.796064e+002 1.706250e+002 3.420397e+001
    endloop
  endfacet
  facet normal 0.000000e+000 -9.607873e-001 0.000000e+000
    outer loop
      vertex   -1.796064e+002 1.706250e+002 3.420397e+001
      vertex   -1.825082e+002 1.706250e+002 3.391370e+001
      vertex   -1.796391e+002 1.706250e+002 3.402581e+001
    endloop
  endfacet
  facet normal 0.000000e+000 -9.950631e-001 0.000000e+000
    outer loop
      vertex   -1.796391e+002 1.706250e+002 3.402581e+001
      vertex   -1.825082e+002 1.706250e+002 3.391370e+001
      vertex   -1.796500e+002 1.706250e+002 3.384500e+001
    endloop
  endfacet
  facet normal -0.000000e+000 -2.285927e-001 0.000000e+000
    outer loop
      vertex   -1.796500e+002 1.706250e+002 3.384500e+001
      vertex   -1.825082e+002 1.706250e+002 3.391370e+001
      vertex   -1.822370e+002 1.706250e+002 3.330278e+001
    endloop
  endfacet
  facet normal 0.000000e+000 -9.893246e-001 -0.000000e+000
    outer loop
      vertex   -1.796500e+002 1.706250e+002 3.384500e+001
      vertex   -1.822370e+002 1.706250e+002 3.330278e+001
      vertex   -1.796391e+002 1.706250e+002 3.366420e+001
    endloop
  endfacet
  facet normal 0.000000e+000 -9.990742e-001 -0.000000e+000
    outer loop
      vertex   -1.796391e+002 1.706250e+002 3.366420e+001
      vertex   -1.822370e+002 1.706250e+002 3.330278e+001
      vertex   -1.796064e+002 1.706250e+002 3.348603e+001
    endloop
  endfacet
  facet normal 0.000000e+000 -2.530293e-001 0.000000e+000
    outer loop
      vertex   -1.796064e+002 1.706250e+002 3.348603e+001
      vertex   -1.822370e+002 1.706250e+002 3.330278e+001
      vertex   -1.819864e+002 1.706250e+002 3.268316e+001
    endloop
  endfacet
  facet normal 0.000000e+000 -9.997296e-001 -0.000000e+000
    outer loop
      vertex   -1.796064e+002 1.706250e+002 3.348603e+001
      vertex   -1.819864e+002 1.706250e+002 3.268316e+001
      vertex   -1.795525e+002 1.706250e+002 3.331309e+001
    endloop
  endfacet
  facet normal 0.000000e+000 -9.856442e-001 -0.000000e+000
    outer loop
      vertex   -1.795525e+002 1.706250e+002 3.331309e+001
      vertex   -1.819864e+002 1.706250e+002 3.268316e+001
      vertex   -1.794782e+002 1.706250e+002 3.314791e+001
    endloop
  endfacet
  facet normal 0.000000e+000 -2.608112e-001 0.000000e+000
    outer loop
      vertex   -1.794782e+002 1.706250e+002 3.314791e+001
      vertex   -1.819864e+002 1.706250e+002 3.268316e+001
      vertex   -1.817566e+002 1.706250e+002 3.205550e+001
    endloop
  endfacet
  facet normal 0.000000e+000 -9.953336e-001 -0.000000e+000
    outer loop
      vertex   -1.794782e+002 1.706250e+002 3.314791e+001
      vertex   -1.817566e+002 1.706250e+002 3.205550e+001
      vertex   -1.793845e+002 1.706250e+002 3.299290e+001
    endloop
  endfacet
  facet normal 0.000000e+000 -9.587514e-001 -0.000000e+000
    outer loop
      vertex   -1.793845e+002 1.706250e+002 3.299290e+001
      vertex   -1.817566e+002 1.706250e+002 3.205550e+001
      vertex   -1.792728e+002 1.706250e+002 3.285032e+001
    endloop
  endfacet
  facet normal 0.000000e+000 -8.889720e-001 -0.000000e+000
    outer loop
      vertex   -1.792728e+002 1.706250e+002 3.285032e+001
      vertex   -1.817566e+002 1.706250e+002 3.205550e+001
      vertex   -1.791447e+002 1.706250e+002 3.272223e+001
    endloop
  endfacet
  facet normal 0.000000e+000 -2.439926e-001 0.000000e+000
    outer loop
      vertex   -1.791447e+002 1.706250e+002 3.272223e+001
      vertex   -1.817566e+002 1.706250e+002 3.205550e+001
      vertex   -1.815479e+002 1.706250e+002 3.142051e+001
    endloop
  endfacet
  facet normal 0.000000e+000 -9.171836e-001 -0.000000e+000
    outer loop
      vertex   -1.791447e+002 1.706250e+002 3.272223e+001
      vertex   -1.815479e+002 1.706250e+002 3.142051e+001
      vertex   -1.790021e+002 1.706250e+002 3.261052e+001
    endloop
  endfacet
  facet normal 0.000000e+000 -8.310707e-001 -0.000000e+000
    outer loop
      vertex   -1.790021e+002 1.706250e+002 3.261052e+001
      vertex   -1.815479e+002 1.706250e+002 3.142051e+001
      vertex   -1.788471e+002 1.706250e+002 3.251682e+001
    endloop
  endfacet
  facet normal 0.000000e+000 -2.176009e-001 0.000000e+000
    outer loop
      vertex   -1.788471e+002 1.706250e+002 3.251682e+001
      vertex   -1.815479e+002 1.706250e+002 3.142051e+001
      vertex   -1.813606e+002 1.706250e+002 3.077891e+001
    endloop
  endfacet
  facet normal 0.000000e+000 -8.561767e-001 -0.000000e+000
    outer loop
      vertex   -1.788471e+002 1.706250e+002 3.251682e+001
      vertex   -1.813606e+002 1.706250e+002 3.077891e+001
      vertex   -1.786819e+002 1.706250e+002 3.244247e+001
    endloop
  endfacet
  facet normal 0.000000e+000 -7.564164e-001 -0.000000e+000
    outer loop
      vertex   -1.786819e+002 1.706250e+002 3.244247e+001
      vertex   -1.813606e+002 1.706250e+002 3.077891e+001
      vertex   -1.785090e+002 1.706250e+002 3.238859e+001
    endloop
  endfacet
  facet normal 0.000000e+000 -1.839508e-001 0.000000e+000
    outer loop
      vertex   -1.785090e+002 1.706250e+002 3.238859e+001
      vertex   -1.813606e+002 1.706250e+002 3.077891e+001
      vertex   -1.811948e+002 1.706250e+002 3.013140e+001
    endloop
  endfacet
  facet normal 0.000000e+000 -7.708297e-001 -0.000000e+000
    outer loop
      vertex   -1.785090e+002 1.706250e+002 3.238859e+001
      vertex   -1.811948e+002 1.706250e+002 3.013140e+001
      vertex   -1.783308e+002 1.706250e+002 3.235594e+001
    endloop
  endfacet
  facet normal 0.000000e+000 -1.525068e-001 0.000000e+000
    outer loop
      vertex   -1.783308e+002 1.706250e+002 3.235594e+001
      vertex   -1.811948e+002 1.706250e+002 3.013140e+001
      vertex   -1.810508e+002 1.706250e+002 2.947872e+001
    endloop
  endfacet
  facet normal 0.000000e+000 -7.668374e-001 -0.000000e+000
    outer loop
      vertex   -1.783308e+002 1.706250e+002 3.235594e+001
      vertex   -1.810508e+002 1.706250e+002 2.947872e+001
      vertex   -1.781500e+002 1.706250e+002 3.234500e+001
    endloop
  endfacet
  facet normal 0.000000e+000 -9.518811e-001 -0.000000e+000
    outer loop
      vertex   -1.781500e+002 1.706250e+002 3.234500e+001
      vertex   -1.810508e+002 1.706250e+002 2.947872e+001
      vertex   -1.758000e+002 1.706250e+002 2.769500e+001
    endloop
  endfacet
  facet normal 0.000000e+000 -9.181061e-001 0.000000e+000
    outer loop
      vertex   -1.781500e+002 1.706250e+002 3.234500e+001
      vertex   -1.758000e+002 1.706250e+002 2.769500e+001
      vertex   -1.779692e+002 1.706250e+002 3.235594e+001
    endloop
  endfacet
  facet normal 0.000000e+000 -9.678308e-001 0.000000e+000
    outer loop
      vertex   -1.779692e+002 1.706250e+002 3.235594e+001
      vertex   -1.758000e+002 1.706250e+002 2.769500e+001
      vertex   -1.777910e+002 1.706250e+002 3.238859e+001
    endloop
  endfacet
  facet normal 0.000000e+000 -9.950893e-001 0.000000e+000
    outer loop
      vertex   -1.777910e+002 1.706250e+002 3.238859e+001
      vertex   -1.758000e+002 1.706250e+002 2.769500e+001
      vertex   -1.776181e+002 1.706250e+002 3.244247e+001
    endloop
  endfacet
  facet normal 0.000000e+000 -9.983655e-001 0.000000e+000
    outer loop
      vertex   -1.776181e+002 1.706250e+002 3.244247e+001
      vertex   -1.758000e+002 1.706250e+002 2.769500e+001
      vertex   -1.774529e+002 1.706250e+002 3.251682e+001
    endloop
  endfacet
  facet normal 0.000000e+000 -9.772981e-001 0.000000e+000
    outer loop
      vertex   -1.774529e+002 1.706250e+002 3.251682e+001
      vertex   -1.758000e+002 1.706250e+002 2.769500e+001
      vertex   -1.772979e+002 1.706250e+002 3.261052e+001
    endloop
  endfacet
  facet normal 0.000000e+000 -9.327574e-001 0.000000e+000
    outer loop
      vertex   -1.772979e+002 1.706250e+002 3.261052e+001
      vertex   -1.758000e+002 1.706250e+002 2.769500e+001
      vertex   -1.771553e+002 1.706250e+002 3.272223e+001
    endloop
  endfacet
  facet normal 0.000000e+000 -8.667918e-001 0.000000e+000
    outer loop
      vertex   -1.771553e+002 1.706250e+002 3.272223e+001
      vertex   -1.758000e+002 1.706250e+002 2.769500e+001
      vertex   -1.770272e+002 1.706250e+002 3.285032e+001
    endloop
  endfacet
  facet normal 0.000000e+000 -7.822444e-001 0.000000e+000
    outer loop
      vertex   -1.770272e+002 1.706250e+002 3.285032e+001
      vertex   -1.758000e+002 1.706250e+002 2.769500e+001
      vertex   -1.769155e+002 1.706250e+002 3.299290e+001
    endloop
  endfacet
  facet normal 0.000000e+000 -6.825545e-001 0.000000e+000
    outer loop
      vertex   -1.769155e+002 1.706250e+002 3.299290e+001
      vertex   -1.758000e+002 1.706250e+002 2.769500e+001
      vertex   -1.768218e+002 1.706250e+002 3.314791e+001
    endloop
  endfacet
  facet normal 0.000000e+000 -5.713525e-001 0.000000e+000
    outer loop
      vertex   -1.768218e+002 1.706250e+002 3.314791e+001
      vertex   -1.758000e+002 1.706250e+002 2.769500e+001
      vertex   -1.767475e+002 1.706250e+002 3.331309e+001
    endloop
  endfacet
  facet normal 0.000000e+000 -4.521543e-001 0.000000e+000
    outer loop
      vertex   -1.767475e+002 1.706250e+002 3.331309e+001
      vertex   -1.758000e+002 1.706250e+002 2.769500e+001
      vertex   -1.766936e+002 1.706250e+002 3.348603e+001
    endloop
  endfacet
  facet normal 0.000000e+000 -8.721086e-001 0.000000e+000
    outer loop
      vertex   -1.810508e+002 1.706250e+002 2.947872e+001
      vertex   -1.809286e+002 1.706250e+002 2.882159e+001
      vertex   -1.758000e+002 1.706250e+002 2.769500e+001
    endloop
  endfacet
  facet normal 0.000000e+000 -1.235595e-001 0.000000e+000
    outer loop
      vertex   -1.758000e+002 1.706250e+002 2.769500e+001
      vertex   -1.809286e+002 1.706250e+002 2.882159e+001
      vertex   -1.808284e+002 1.706250e+002 2.816074e+001
    endloop
  endfacet
  facet normal 0.000000e+000 -9.222642e-002 0.000000e+000
    outer loop
      vertex   -1.758000e+002 1.706250e+002 2.769500e+001
      vertex   -1.808284e+002 1.706250e+002 2.816074e+001
      vertex   -1.806500e+002 1.706250e+002 2.769500e+001
    endloop
  endfacet
  facet normal -0.000000e+000 -7.414383e-001 0.000000e+000
    outer loop
      vertex   -1.806500e+002 1.706250e+002 2.769500e+001
      vertex   -1.808284e+002 1.706250e+002 2.816074e+001
      vertex   -1.807504e+002 1.706250e+002 2.749691e+001
    endloop
  endfacet
  facet normal 0.000000e+000 -4.056325e-001 0.000000e+000
    outer loop
      vertex   -1.806500e+002 1.706250e+002 2.769500e+001
      vertex   -1.807504e+002 1.706250e+002 2.749691e+001
      vertex   -1.806947e+002 1.706250e+002 2.683085e+001
    endloop
  endfacet
  facet normal 0.000000e+000 -1.015932e-001 0.000000e+000
    outer loop
      vertex   -1.806947e+002 1.706250e+002 2.683085e+001
      vertex   -1.806612e+002 1.706250e+002 2.616330e+001
      vertex   -1.806500e+002 1.706250e+002 2.769500e+001
    endloop
  endfacet
  facet normal 0.000000e+000 -7.291987e-003 -0.000000e+000
    outer loop
      vertex   -1.806500e+002 1.706250e+002 2.769500e+001
      vertex   -1.806612e+002 1.706250e+002 2.616330e+001
      vertex   -1.806500e+002 1.706250e+002 2.549500e+001
    endloop
  endfacet
  facet normal 0.000000e+000 -9.697199e-001 0.000000e+000
    outer loop
      vertex   -1.785090e+002 1.706250e+002 3.530141e+001
      vertex   -1.783308e+002 1.706250e+002 3.533406e+001
      vertex   -1.806500e+002 1.706250e+002 3.999500e+001
    endloop
  endfacet
  facet normal 0.000000e+000 -3.158591e-002 0.000000e+000
    outer loop
      vertex   -1.806500e+002 1.706250e+002 3.999500e+001
      vertex   -1.783308e+002 1.706250e+002 3.533406e+001
      vertex   -1.781500e+002 1.706250e+002 3.534500e+001
    endloop
  endfacet
  facet normal 0.000000e+000 -9.950913e-001 0.000000e+000
    outer loop
      vertex   -1.777910e+002 1.706250e+002 3.530141e+001
      vertex   -1.776181e+002 1.706250e+002 3.524752e+001
      vertex   -1.758000e+002 1.706250e+002 3.999500e+001
    endloop
  endfacet
  facet normal 0.000000e+000 -3.547766e-002 0.000000e+000
    outer loop
      vertex   -1.758000e+002 1.706250e+002 3.999500e+001
      vertex   -1.776181e+002 1.706250e+002 3.524752e+001
      vertex   -1.774529e+002 1.706250e+002 3.517318e+001
    endloop
  endfacet
  facet normal 0.000000e+000 -3.444942e-002 0.000000e+000
    outer loop
      vertex   -1.758000e+002 1.706250e+002 3.999500e+001
      vertex   -1.774529e+002 1.706250e+002 3.517318e+001
      vertex   -1.772979e+002 1.706250e+002 3.507948e+001
    endloop
  endfacet
  facet normal 0.000000e+000 -9.327574e-001 0.000000e+000
    outer loop
      vertex   -1.772979e+002 1.706250e+002 3.507948e+001
      vertex   -1.771553e+002 1.706250e+002 3.496777e+001
      vertex   -1.758000e+002 1.706250e+002 3.999500e+001
    endloop
  endfacet
  facet normal 0.000000e+000 -2.962744e-002 0.000000e+000
    outer loop
      vertex   -1.758000e+002 1.706250e+002 3.999500e+001
      vertex   -1.771553e+002 1.706250e+002 3.496777e+001
      vertex   -1.770272e+002 1.706250e+002 3.483968e+001
    endloop
  endfacet
  facet normal 0.000000e+000 -2.617125e-002 0.000000e+000
    outer loop
      vertex   -1.758000e+002 1.706250e+002 3.999500e+001
      vertex   -1.770272e+002 1.706250e+002 3.483968e+001
      vertex   -1.769155e+002 1.706250e+002 3.469710e+001
    endloop
  endfacet
  facet normal 0.000000e+000 -6.825467e-001 0.000000e+000
    outer loop
      vertex   -1.769155e+002 1.706250e+002 3.469710e+001
      vertex   -1.768218e+002 1.706250e+002 3.454208e+001
      vertex   -1.758000e+002 1.706250e+002 3.999500e+001
    endloop
  endfacet
  facet normal 0.000000e+000 -1.816466e-002 0.000000e+000
    outer loop
      vertex   -1.758000e+002 1.706250e+002 3.999500e+001
      vertex   -1.768218e+002 1.706250e+002 3.454208e+001
      vertex   -1.767475e+002 1.706250e+002 3.437691e+001
    endloop
  endfacet
  facet normal 0.000000e+000 -1.397760e-002 0.000000e+000
    outer loop
      vertex   -1.758000e+002 1.706250e+002 3.999500e+001
      vertex   -1.767475e+002 1.706250e+002 3.437691e+001
      vertex   -1.766936e+002 1.706250e+002 3.420397e+001
    endloop
  endfacet
  facet normal 0.000000e+000 -3.281684e-001 0.000000e+000
    outer loop
      vertex   -1.766936e+002 1.706250e+002 3.420397e+001
      vertex   -1.766609e+002 1.706250e+002 3.402581e+001
      vertex   -1.758000e+002 1.706250e+002 3.999500e+001
    endloop
  endfacet
  facet normal 0.000000e+000 -5.901434e-003 0.000000e+000
    outer loop
      vertex   -1.758000e+002 1.706250e+002 3.999500e+001
      vertex   -1.766609e+002 1.706250e+002 3.402581e+001
      vertex   -1.766500e+002 1.706250e+002 3.384500e+001
    endloop
  endfacet
  facet normal 0.000000e+000 0.000000e+000 -1.000000e+000
    outer loop
      vertex   -1.758000e+002 1.628250e+002 3.999500e+001
      vertex   -1.806500e+002 1.628250e+002 3.999500e+001
      vertex   -1.758000e+002 1.706250e+002 3.999500e+001
    endloop
  endfacet
  facet normal -0.000000e+000 0.000000e+000 -8.492199e-001
    outer loop
      vertex   -1.758000e+002 1.706250e+002 3.999500e+001
      vertex   -1.806500e+002 1.628250e+002 3.999500e+001
      vertex   -1.806500e+002 1.706250e+002 3.999500e+001
    endloop
  endfacet
  facet normal -1.000000e+000 0.000000e+000 0.000000e+000
    outer loop
      vertex   -1.509500e+002 1.555000e+002 2.769500e+001
      vertex   -1.509500e+002 1.555000e+002 3.999500e+001
      vertex   -1.509500e+002 1.628250e+002 2.769500e+001
    endloop
  endfacet
  facet normal -5.116679e-001 0.000000e+000 0.000000e+000
    outer loop
      vertex   -1.509500e+002 1.628250e+002 2.769500e+001
      vertex   -1.509500e+002 1.555000e+002 3.999500e+001
      vertex   -1.509500e+002 1.628250e+002 3.999500e+001
    endloop
  endfacet
  facet normal 0.000000e+000 0.000000e+000 -1.000000e+000
    outer loop
      vertex   -1.509500e+002 1.555000e+002 3.999500e+001
      vertex   -1.528000e+002 1.555000e+002 3.999500e+001
      vertex   -1.509500e+002 1.628250e+002 3.999500e+001
    endloop
  endfacet
  facet normal -0.000000e+000 0.000000e+000 -4.620136e-001
    outer loop
      vertex   -1.509500e+002 1.628250e+002 3.999500e+001
      vertex   -1.528000e+002 1.555000e+002 3.999500e+001
      vertex   -1.528000e+002 1.706250e+002 3.999500e+001
    endloop
  endfacet
  facet normal 0.000000e+000 0.000000e+000 -5.646843e-001
    outer loop
      vertex   -1.509500e+002 1.628250e+002 3.999500e+001
      vertex   -1.528000e+002 1.706250e+002 3.999500e+001
      vertex   -1.479500e+002 1.706250e+002 3.999500e+001
    endloop
  endfacet
  facet normal 0.000000e+000 -0.000000e+000 -3.589790e-001
    outer loop
      vertex   -1.479500e+002 1.706250e+002 3.999500e+001
      vertex   -1.479500e+002 1.628250e+002 3.999500e+001
      vertex   -1.509500e+002 1.628250e+002 3.999500e+001
    endloop
  endfacet
  facet normal -9.998603e-001 0.000000e+000 -1.671090e-002
    outer loop
      vertex   -1.806500e+002 1.706250e+002 2.549500e+001
      vertex   -1.806612e+002 1.706250e+002 2.616330e+001
      vertex   -1.806500e+002 1.748250e+002 2.549500e+001
    endloop
  endfacet
  facet normal -9.874347e-001 0.000000e+000 -1.650323e-002
    outer loop
      vertex   -1.806500e+002 1.748250e+002 2.549500e+001
      vertex   -1.806612e+002 1.706250e+002 2.616330e+001
      vertex   -1.806612e+002 1.748250e+002 2.616330e+001
    endloop
  endfacet
  facet normal -1.569661e-001 -0.000000e+000 -7.875437e-003
    outer loop
      vertex   -1.806612e+002 1.748250e+002 2.616330e+001
      vertex   -1.806612e+002 1.706250e+002 2.616330e+001
      vertex   -1.806947e+002 1.706250e+002 2.683085e+001
    endloop
  endfacet
  facet normal -9.863319e-001 0.000000e+000 -4.948710e-002
    outer loop
      vertex   -1.806612e+002 1.748250e+002 2.616330e+001
      vertex   -1.806947e+002 1.706250e+002 2.683085e+001
      vertex   -1.806947e+002 1.748250e+002 2.683085e+001
    endloop
  endfacet
  facet normal -1.566153e-001 -0.000000e+000 -1.311736e-002
    outer loop
      vertex   -1.806947e+002 1.748250e+002 2.683085e+001
      vertex   -1.806947e+002 1.706250e+002 2.683085e+001
      vertex   -1.807504e+002 1.706250e+002 2.749691e+001
    endloop
  endfacet
  facet normal -9.841268e-001 1.734723e-018 -8.242577e-002
    outer loop
      vertex   -1.806947e+002 1.748250e+002 2.683085e+001
      vertex   -1.807504e+002 1.706250e+002 2.749691e+001
      vertex   -1.807504e+002 1.748250e+002 2.749691e+001
    endloop
  endfacet
  facet normal -1.560897e-001 -0.000000e+000 -1.834134e-002
    outer loop
      vertex   -1.807504e+002 1.748250e+002 2.749691e+001
      vertex   -1.807504e+002 1.706250e+002 2.749691e+001
      vertex   -1.808284e+002 1.706250e+002 2.816074e+001
    endloop
  endfacet
  facet normal -9.808245e-001 -3.469447e-018 -1.152519e-001
    outer loop
      vertex   -1.807504e+002 1.748250e+002 2.749691e+001
      vertex   -1.808284e+002 1.706250e+002 2.816074e+001
      vertex   -1.808284e+002 1.748250e+002 2.816074e+001
    endloop
  endfacet
  facet normal -1.553892e-001 -0.000000e+000 -2.354738e-002
    outer loop
      vertex   -1.808284e+002 1.748250e+002 2.816074e+001
      vertex   -1.808284e+002 1.706250e+002 2.816074e+001
      vertex   -1.809286e+002 1.706250e+002 2.882159e+001
    endloop
  endfacet
  facet normal -9.764251e-001 -3.469447e-018 -1.479656e-001
    outer loop
      vertex   -1.808284e+002 1.748250e+002 2.816074e+001
      vertex   -1.809286e+002 1.706250e+002 2.882159e+001
      vertex   -1.809286e+002 1.748250e+002 2.882159e+001
    endloop
  endfacet
  facet normal -1.545160e-001 -0.000000e+000 -2.872830e-002
    outer loop
      vertex   -1.809286e+002 1.748250e+002 2.882159e+001
      vertex   -1.809286e+002 1.706250e+002 2.882159e+001
      vertex   -1.810508e+002 1.706250e+002 2.947872e+001
    endloop
  endfacet
  facet normal -9.709336e-001 -3.469447e-018 -1.805203e-001
    outer loop
      vertex   -1.809286e+002 1.748250e+002 2.882159e+001
      vertex   -1.810508e+002 1.706250e+002 2.947872e+001
      vertex   -1.810508e+002 1.748250e+002 2.947872e+001
    endloop
  endfacet
  facet normal -1.534697e-001 -0.000000e+000 -3.387335e-002
    outer loop
      vertex   -1.810508e+002 1.748250e+002 2.947872e+001
      vertex   -1.810508e+002 1.706250e+002 2.947872e+001
      vertex   -1.811948e+002 1.706250e+002 3.013140e+001
    endloop
  endfacet
  facet normal -9.643620e-001 0.000000e+000 -2.128510e-001
    outer loop
      vertex   -1.810508e+002 1.748250e+002 2.947872e+001
      vertex   -1.811948e+002 1.706250e+002 3.013140e+001
      vertex   -1.811948e+002 1.748250e+002 3.013140e+001
    endloop
  endfacet
  facet normal -1.522520e-001 -0.000000e+000 -3.898251e-002
    outer loop
      vertex   -1.811948e+002 1.748250e+002 3.013140e+001
      vertex   -1.811948e+002 1.706250e+002 3.013140e+001
      vertex   -1.813606e+002 1.706250e+002 3.077891e+001
    endloop
  endfacet
  facet normal -9.567112e-001 6.938894e-018 -2.449558e-001
    outer loop
      vertex   -1.811948e+002 1.748250e+002 3.013140e+001
      vertex   -1.813606e+002 1.706250e+002 3.077891e+001
      vertex   -1.813606e+002 1.748250e+002 3.077891e+001
    endloop
  endfacet
  facet normal -1.508644e-001 -0.000000e+000 -4.404863e-002
    outer loop
      vertex   -1.813606e+002 1.748250e+002 3.077891e+001
      vertex   -1.813606e+002 1.706250e+002 3.077891e+001
      vertex   -1.815479e+002 1.706250e+002 3.142051e+001
    endloop
  endfacet
  facet normal -9.479911e-001 0.000000e+000 -2.767897e-001
    outer loop
      vertex   -1.813606e+002 1.748250e+002 3.077891e+001
      vertex   -1.815479e+002 1.706250e+002 3.142051e+001
      vertex   -1.815479e+002 1.748250e+002 3.142051e+001
    endloop
  endfacet
  facet normal -1.493081e-001 -0.000000e+000 -4.906809e-002
    outer loop
      vertex   -1.815479e+002 1.748250e+002 3.142051e+001
      vertex   -1.815479e+002 1.706250e+002 3.142051e+001
      vertex   -1.817566e+002 1.706250e+002 3.205550e+001
    endloop
  endfacet
  facet normal -9.382071e-001 6.938894e-018 -3.083290e-001
    outer loop
      vertex   -1.815479e+002 1.748250e+002 3.142051e+001
      vertex   -1.817566e+002 1.706250e+002 3.205550e+001
      vertex   -1.817566e+002 1.748250e+002 3.205550e+001
    endloop
  endfacet
  facet normal -1.475855e-001 -0.000000e+000 -5.402657e-002
    outer loop
      vertex   -1.817566e+002 1.748250e+002 3.205550e+001
      vertex   -1.817566e+002 1.706250e+002 3.205550e+001
      vertex   -1.819864e+002 1.706250e+002 3.268316e+001
    endloop
  endfacet
  facet normal -9.273874e-001 0.000000e+000 -3.394884e-001
    outer loop
      vertex   -1.817566e+002 1.748250e+002 3.205550e+001
      vertex   -1.819864e+002 1.706250e+002 3.268316e+001
      vertex   -1.819864e+002 1.748250e+002 3.268316e+001
    endloop
  endfacet
  facet normal -1.456974e-001 -0.000000e+000 -5.892765e-002
    outer loop
      vertex   -1.819864e+002 1.748250e+002 3.268316e+001
      vertex   -1.819864e+002 1.706250e+002 3.268316e+001
      vertex   -1.822370e+002 1.706250e+002 3.330278e+001
    endloop
  endfacet
  facet normal -9.155259e-001 0.000000e+000 -3.702866e-001
    outer loop
      vertex   -1.819864e+002 1.748250e+002 3.268316e+001
      vertex   -1.822370e+002 1.706250e+002 3.330278e+001
      vertex   -1.822370e+002 1.748250e+002 3.330278e+001
    endloop
  endfacet
  facet normal -1.436478e-001 -0.000000e+000 -6.376413e-002
    outer loop
      vertex   -1.822370e+002 1.748250e+002 3.330278e+001
      vertex   -1.822370e+002 1.706250e+002 3.330278e+001
      vertex   -1.825082e+002 1.706250e+002 3.391370e+001
    endloop
  endfacet
  facet normal -9.026401e-001 -6.938894e-018 -4.006749e-001
    outer loop
      vertex   -1.822370e+002 1.748250e+002 3.330278e+001
      vertex   -1.825082e+002 1.706250e+002 3.391370e+001
      vertex   -1.825082e+002 1.748250e+002 3.391370e+001
    endloop
  endfacet
  facet normal -1.414358e-001 -0.000000e+000 -6.852886e-002
    outer loop
      vertex   -1.825082e+002 1.748250e+002 3.391370e+001
      vertex   -1.825082e+002 1.706250e+002 3.391370e+001
      vertex   -1.827996e+002 1.706250e+002 3.451520e+001
    endloop
  endfacet
  facet normal -8.887455e-001 0.000000e+000 -4.306172e-001
    outer loop
      vertex   -1.825082e+002 1.748250e+002 3.391370e+001
      vertex   -1.827996e+002 1.706250e+002 3.451520e+001
      vertex   -1.827996e+002 1.748250e+002 3.451520e+001
    endloop
  endfacet
  facet normal -1.390678e-001 -0.000000e+000 -7.321823e-002
    outer loop
      vertex   -1.827996e+002 1.748250e+002 3.451520e+001
      vertex   -1.827996e+002 1.706250e+002 3.451520e+001
      vertex   -1.831110e+002 1.706250e+002 3.510664e+001
    endloop
  endfacet
  facet normal -8.738570e-001 0.000000e+000 -4.600796e-001
    outer loop
      vertex   -1.827996e+002 1.748250e+002 3.451520e+001
      vertex   -1.831110e+002 1.706250e+002 3.510664e+001
      vertex   -1.831110e+002 1.748250e+002 3.510664e+001
    endloop
  endfacet
  facet normal -1.365429e-001 -0.000000e+000 -7.782152e-002
    outer loop
      vertex   -1.831110e+002 1.748250e+002 3.510664e+001
      vertex   -1.831110e+002 1.706250e+002 3.510664e+001
      vertex   -1.834420e+002 1.706250e+002 3.568733e+001
    endloop
  endfacet
  facet normal -8.580021e-001 0.000000e+000 -4.890115e-001
    outer loop
      vertex   -1.831110e+002 1.748250e+002 3.510664e+001
      vertex   -1.834420e+002 1.706250e+002 3.568733e+001
      vertex   -1.834420e+002 1.748250e+002 3.568733e+001
    endloop
  endfacet
  facet normal -1.338663e-001 -0.000000e+000 -8.234227e-002
    outer loop
      vertex   -1.834420e+002 1.748250e+002 3.568733e+001
      vertex   -1.834420e+002 1.706250e+002 3.568733e+001
      vertex   -1.837922e+002 1.706250e+002 3.625665e+001
    endloop
  endfacet
  facet normal -8.411781e-001 -1.387779e-017 -5.174156e-001
    outer loop
      vertex   -1.834420e+002 1.748250e+002 3.568733e+001
      vertex   -1.837922e+002 1.706250e+002 3.625665e+001
      vertex   -1.837922e+002 1.748250e+002 3.625665e+001
    endloop
  endfacet
  facet normal -1.310408e-001 -0.000000e+000 -8.676616e-002
    outer loop
      vertex   -1.837922e+002 1.748250e+002 3.625665e+001
      vertex   -1.837922e+002 1.706250e+002 3.625665e+001
      vertex   -1.841612e+002 1.706250e+002 3.681394e+001
    endloop
  endfacet
  facet normal -8.234300e-001 0.000000e+000 -5.452183e-001
    outer loop
      vertex   -1.837922e+002 1.748250e+002 3.625665e+001
      vertex   -1.841612e+002 1.706250e+002 3.681394e+001
      vertex   -1.841612e+002 1.748250e+002 3.681394e+001
    endloop
  endfacet
  facet normal -1.280682e-001 -0.000000e+000 -9.110031e-002
    outer loop
      vertex   -1.841612e+002 1.748250e+002 3.681394e+001
      vertex   -1.841612e+002 1.706250e+002 3.681394e+001
      vertex   -1.845486e+002 1.706250e+002 3.735860e+001
    endloop
  endfacet
  facet normal -8.047396e-001 1.387779e-017 -5.724452e-001
    outer loop
      vertex   -1.841612e+002 1.748250e+002 3.681394e+001
      vertex   -1.845486e+002 1.706250e+002 3.735860e+001
      vertex   -1.845486e+002 1.748250e+002 3.735860e+001
    endloop
  endfacet
  facet normal -1.249522e-001 -0.000000e+000 -9.532688e-002
    outer loop
      vertex   -1.845486e+002 1.748250e+002 3.735860e+001
      vertex   -1.845486e+002 1.706250e+002 3.735860e+001
      vertex   -1.849540e+002 1.706250e+002 3.789000e+001
    endloop
  endfacet
  facet normal -7.851671e-001 0.000000e+000 -5.990095e-001
    outer loop
      vertex   -1.845486e+002 1.748250e+002 3.735860e+001
      vertex   -1.849540e+002 1.706250e+002 3.789000e+001
      vertex   -1.849540e+002 1.748250e+002 3.789000e+001
    endloop
  endfacet
  facet normal -1.216970e-001 -0.000000e+000 -9.944937e-002
    outer loop
      vertex   -1.849540e+002 1.748250e+002 3.789000e+001
      vertex   -1.849540e+002 1.706250e+002 3.789000e+001
      vertex   -1.853770e+002 1.706250e+002 3.840756e+001
    endloop
  endfacet
  facet normal -7.647113e-001 0.000000e+000 -6.249130e-001
    outer loop
      vertex   -1.849540e+002 1.748250e+002 3.789000e+001
      vertex   -1.853770e+002 1.706250e+002 3.840756e+001
      vertex   -1.853770e+002 1.748250e+002 3.840756e+001
    endloop
  endfacet
  facet normal -7.527556e-001 -0.000000e+000 -6.583002e-001
    outer loop
      vertex   -1.853770e+002 1.748250e+002 3.840756e+001
      vertex   -1.853770e+002 1.706250e+002 3.840756e+001
      vertex   -1.858170e+002 1.748250e+002 3.891069e+001
    endloop
  endfacet
  facet normal -1.183056e-001 -0.000000e+000 -1.034606e-001
    outer loop
      vertex   -1.858170e+002 1.748250e+002 3.891069e+001
      vertex   -1.853770e+002 1.706250e+002 3.840756e+001
      vertex   -1.858170e+002 1.706250e+002 3.891069e+001
    endloop
  endfacet
  facet normal -7.303371e-001 -0.000000e+000 -6.830869e-001
    outer loop
      vertex   -1.858170e+002 1.748250e+002 3.891069e+001
      vertex   -1.858170e+002 1.706250e+002 3.891069e+001
      vertex   -1.862735e+002 1.748250e+002 3.939885e+001
    endloop
  endfacet
  facet normal -1.147831e-001 -0.000000e+000 -1.073571e-001
    outer loop
      vertex   -1.862735e+002 1.748250e+002 3.939885e+001
      vertex   -1.858170e+002 1.706250e+002 3.891069e+001
      vertex   -1.862735e+002 1.706250e+002 3.939885e+001
    endloop
  endfacet
  facet normal -7.071068e-001 -0.000000e+000 -7.071068e-001
    outer loop
      vertex   -1.862735e+002 1.748250e+002 3.939885e+001
      vertex   -1.862735e+002 1.706250e+002 3.939885e+001
      vertex   -1.867462e+002 1.748250e+002 3.987148e+001
    endloop
  endfacet
  facet normal -1.111316e-001 -0.000000e+000 -1.111316e-001
    outer loop
      vertex   -1.867462e+002 1.748250e+002 3.987148e+001
      vertex   -1.862735e+002 1.706250e+002 3.939885e+001
      vertex   -1.867462e+002 1.706250e+002 3.987148e+001
    endloop
  endfacet
  facet normal -6.830894e-001 -0.000000e+000 -7.303348e-001
    outer loop
      vertex   -1.867462e+002 1.748250e+002 3.987148e+001
      vertex   -1.867462e+002 1.706250e+002 3.987148e+001
      vertex   -1.872343e+002 1.748250e+002 4.032804e+001
    endloop
  endfacet
  facet normal -1.073553e-001 -0.000000e+000 -1.147805e-001
    outer loop
      vertex   -1.872343e+002 1.748250e+002 4.032804e+001
      vertex   -1.867462e+002 1.706250e+002 3.987148e+001
      vertex   -1.872343e+002 1.706250e+002 4.032804e+001
    endloop
  endfacet
  facet normal -6.582945e-001 -0.000000e+000 -7.527605e-001
    outer loop
      vertex   -1.872343e+002 1.748250e+002 4.032804e+001
      vertex   -1.872343e+002 1.706250e+002 4.032804e+001
      vertex   -1.877374e+002 1.748250e+002 4.076804e+001
    endloop
  endfacet
  facet normal -1.034606e-001 -0.000000e+000 -1.183073e-001
    outer loop
      vertex   -1.877374e+002 1.748250e+002 4.076804e+001
      vertex   -1.872343e+002 1.706250e+002 4.032804e+001
      vertex   -1.877374e+002 1.706250e+002 4.076804e+001
    endloop
  endfacet
  facet normal -9.944936e-002 -0.000000e+000 -1.216979e-001
    outer loop
      vertex   -1.877374e+002 1.748250e+002 4.076804e+001
      vertex   -1.877374e+002 1.706250e+002 4.076804e+001
      vertex   -1.882550e+002 1.706250e+002 4.119099e+001
    endloop
  endfacet
  facet normal -6.249102e-001 1.387779e-017 -7.647135e-001
    outer loop
      vertex   -1.877374e+002 1.748250e+002 4.076804e+001
      vertex   -1.882550e+002 1.706250e+002 4.119099e+001
      vertex   -1.882550e+002 1.748250e+002 4.119099e+001
    endloop
  endfacet
  facet normal -9.532776e-002 -0.000000e+000 -1.249521e-001
    outer loop
      vertex   -1.882550e+002 1.748250e+002 4.119099e+001
      vertex   -1.882550e+002 1.706250e+002 4.119099e+001
      vertex   -1.887864e+002 1.706250e+002 4.159640e+001
    endloop
  endfacet
  facet normal -5.990130e-001 1.387779e-017 -7.851643e-001
    outer loop
      vertex   -1.882550e+002 1.748250e+002 4.119099e+001
      vertex   -1.887864e+002 1.706250e+002 4.159640e+001
      vertex   -1.887864e+002 1.748250e+002 4.159640e+001
    endloop
  endfacet
  facet normal -9.109855e-002 -0.000000e+000 -1.280665e-001
    outer loop
      vertex   -1.887864e+002 1.748250e+002 4.159640e+001
      vertex   -1.887864e+002 1.706250e+002 4.159640e+001
      vertex   -1.893311e+002 1.706250e+002 4.198383e+001
    endloop
  endfacet
  facet normal -5.724432e-001 0.000000e+000 -8.047414e-001
    outer loop
      vertex   -1.887864e+002 1.748250e+002 4.159640e+001
      vertex   -1.893311e+002 1.706250e+002 4.198383e+001
      vertex   -1.893311e+002 1.748250e+002 4.198383e+001
    endloop
  endfacet
  facet normal -8.676883e-002 -0.000000e+000 -1.310408e-001
    outer loop
      vertex   -1.893311e+002 1.748250e+002 4.198383e+001
      vertex   -1.893311e+002 1.706250e+002 4.198383e+001
      vertex   -1.898884e+002 1.706250e+002 4.235284e+001
    endloop
  endfacet
  facet normal -5.452299e-001 1.387779e-017 -8.234220e-001
    outer loop
      vertex   -1.893311e+002 1.748250e+002 4.198383e+001
      vertex   -1.898884e+002 1.706250e+002 4.235284e+001
      vertex   -1.898884e+002 1.748250e+002 4.235284e+001
    endloop
  endfacet
  facet normal -8.234224e-002 -0.000000e+000 -1.338680e-001
    outer loop
      vertex   -1.898884e+002 1.748250e+002 4.235284e+001
      vertex   -1.898884e+002 1.706250e+002 4.235284e+001
      vertex   -1.904577e+002 1.706250e+002 4.270303e+001
    endloop
  endfacet
  facet normal -5.174105e-001 0.000000e+000 -8.411810e-001
    outer loop
      vertex   -1.898884e+002 1.748250e+002 4.235284e+001
      vertex   -1.904577e+002 1.706250e+002 4.270303e+001
      vertex   -1.904577e+002 1.748250e+002 4.270303e+001
    endloop
  endfacet
  facet normal -7.782243e-002 -0.000000e+000 -1.365411e-001
    outer loop
      vertex   -1.904577e+002 1.748250e+002 4.270303e+001
      vertex   -1.904577e+002 1.706250e+002 4.270303e+001
      vertex   -1.910384e+002 1.706250e+002 4.303400e+001
    endloop
  endfacet
  facet normal -4.890207e-001 0.000000e+000 -8.579971e-001
    outer loop
      vertex   -1.904577e+002 1.748250e+002 4.270303e+001
      vertex   -1.910384e+002 1.706250e+002 4.303400e+001
      vertex   -1.910384e+002 1.748250e+002 4.303400e+001
    endloop
  endfacet
  facet normal -7.321556e-002 -0.000000e+000 -1.390669e-001
    outer loop
      vertex   -1.910384e+002 1.748250e+002 4.303400e+001
      vertex   -1.910384e+002 1.706250e+002 4.303400e+001
      vertex   -1.916298e+002 1.706250e+002 4.334538e+001
    endloop
  endfacet
  facet normal -4.600688e-001 -1.387779e-017 -8.738630e-001
    outer loop
      vertex   -1.910384e+002 1.748250e+002 4.303400e+001
      vertex   -1.916298e+002 1.706250e+002 4.334538e+001
      vertex   -1.916298e+002 1.748250e+002 4.334538e+001
    endloop
  endfacet
  facet normal -6.852883e-002 -0.000000e+000 -1.414385e-001
    outer loop
      vertex   -1.916298e+002 1.748250e+002 4.334538e+001
      vertex   -1.916298e+002 1.706250e+002 4.334538e+001
      vertex   -1.922313e+002 1.706250e+002 4.363682e+001
    endloop
  endfacet
  facet normal -4.306104e-001 -6.938894e-018 -8.887483e-001
    outer loop
      vertex   -1.916298e+002 1.748250e+002 4.334538e+001
      vertex   -1.922313e+002 1.706250e+002 4.363682e+001
      vertex   -1.922313e+002 1.748250e+002 4.363682e+001
    endloop
  endfacet
  facet normal -6.376415e-002 -0.000000e+000 -1.436451e-001
    outer loop
      vertex   -1.922313e+002 1.748250e+002 4.363682e+001
      vertex   -1.922313e+002 1.706250e+002 4.363682e+001
      vertex   -1.928422e+002 1.706250e+002 4.390800e+001
    endloop
  endfacet
  facet normal -4.006813e-001 6.938894e-018 -9.026377e-001
    outer loop
      vertex   -1.922313e+002 1.748250e+002 4.363682e+001
      vertex   -1.928422e+002 1.706250e+002 4.390800e+001
      vertex   -1.928422e+002 1.748250e+002 4.390800e+001
    endloop
  endfacet
  facet normal -5.892854e-002 -0.000000e+000 -1.456974e-001
    outer loop
      vertex   -1.928422e+002 1.748250e+002 4.390800e+001
      vertex   -1.928422e+002 1.706250e+002 4.390800e+001
      vertex   -1.934618e+002 1.706250e+002 4.415861e+001
    endloop
  endfacet
  facet normal -3.702914e-001 0.000000e+000 -9.155239e-001
    outer loop
      vertex   -1.928422e+002 1.748250e+002 4.390800e+001
      vertex   -1.934618e+002 1.706250e+002 4.415861e+001
      vertex   -1.934618e+002 1.748250e+002 4.415861e+001
    endloop
  endfacet
  facet normal -5.402745e-002 -0.000000e+000 -1.475881e-001
    outer loop
      vertex   -1.934618e+002 1.748250e+002 4.415861e+001
      vertex   -1.934618e+002 1.706250e+002 4.415861e+001
      vertex   -1.940895e+002 1.706250e+002 4.438838e+001
    endloop
  endfacet
  facet normal -3.394877e-001 0.000000e+000 -9.273871e-001
    outer loop
      vertex   -1.934618e+002 1.748250e+002 4.415861e+001
      vertex   -1.940895e+002 1.706250e+002 4.438838e+001
      vertex   -1.940895e+002 1.748250e+002 4.438838e+001
    endloop
  endfacet
  facet normal -4.906542e-002 -0.000000e+000 -1.493068e-001
    outer loop
      vertex   -1.940895e+002 1.748250e+002 4.438838e+001
      vertex   -1.940895e+002 1.706250e+002 4.438838e+001
      vertex   -1.947245e+002 1.706250e+002 4.459705e+001
    endloop
  endfacet
  facet normal -3.083164e-001 0.000000e+000 -9.382116e-001
    outer loop
      vertex   -1.940895e+002 1.748250e+002 4.438838e+001
      vertex   -1.947245e+002 1.706250e+002 4.459705e+001
      vertex   -1.947245e+002 1.748250e+002 4.459705e+001
    endloop
  endfacet
  facet normal -4.404863e-002 -0.000000e+000 -1.508640e-001
    outer loop
      vertex   -1.947245e+002 1.748250e+002 4.459705e+001
      vertex   -1.947245e+002 1.706250e+002 4.459705e+001
      vertex   -1.953661e+002 1.706250e+002 4.478438e+001
    endloop
  endfacet
  facet normal -2.767904e-001 0.000000e+000 -9.479910e-001
    outer loop
      vertex   -1.947245e+002 1.748250e+002 4.459705e+001
      vertex   -1.953661e+002 1.706250e+002 4.478438e+001
      vertex   -1.953661e+002 1.748250e+002 4.478438e+001
    endloop
  endfacet
  facet normal -3.898341e-002 -0.000000e+000 -1.522525e-001
    outer loop
      vertex   -1.953661e+002 1.748250e+002 4.478438e+001
      vertex   -1.953661e+002 1.706250e+002 4.478438e+001
      vertex   -1.960136e+002 1.706250e+002 4.495017e+001
    endloop
  endfacet
  facet normal -2.449604e-001 0.000000e+000 -9.567099e-001
    outer loop
      vertex   -1.953661e+002 1.748250e+002 4.478438e+001
      vertex   -1.960136e+002 1.706250e+002 4.495017e+001
      vertex   -1.960136e+002 1.748250e+002 4.495017e+001
    endloop
  endfacet
  facet normal -3.387425e-002 -0.000000e+000 -1.534688e-001
    outer loop
      vertex   -1.960136e+002 1.748250e+002 4.495017e+001
      vertex   -1.960136e+002 1.706250e+002 4.495017e+001
      vertex   -1.966663e+002 1.706250e+002 4.509423e+001
    endloop
  endfacet
  facet normal -2.128576e-001 0.000000e+000 -9.643607e-001
    outer loop
      vertex   -1.960136e+002 1.748250e+002 4.495017e+001
      vertex   -1.966663e+002 1.706250e+002 4.509423e+001
      vertex   -1.966663e+002 1.748250e+002 4.509423e+001
    endloop
  endfacet
  facet normal -2.872651e-002 -0.000000e+000 -1.545164e-001
    outer loop
      vertex   -1.966663e+002 1.748250e+002 4.509423e+001
      vertex   -1.966663e+002 1.706250e+002 4.509423e+001
      vertex   -1.973234e+002 1.706250e+002 4.521640e+001
    endloop
  endfacet
  facet normal -1.805089e-001 0.000000e+000 -9.709356e-001
    outer loop
      vertex   -1.966663e+002 1.748250e+002 4.509423e+001
      vertex   -1.973234e+002 1.706250e+002 4.521640e+001
      vertex   -1.973234e+002 1.748250e+002 4.521640e+001
    endloop
  endfacet
  facet normal -2.354826e-002 -0.000000e+000 -1.553918e-001
    outer loop
      vertex   -1.973234e+002 1.748250e+002 4.521640e+001
      vertex   -1.973234e+002 1.706250e+002 4.521640e+001
      vertex   -1.979843e+002 1.706250e+002 4.531655e+001
    endloop
  endfacet
  facet normal -1.479685e-001 -3.469447e-018 -9.764242e-001
    outer loop
      vertex   -1.973234e+002 1.748250e+002 4.521640e+001
      vertex   -1.979843e+002 1.706250e+002 4.531655e+001
      vertex   -1.979843e+002 1.748250e+002 4.531655e+001
    endloop
  endfacet
  facet normal -1.834224e-002 -0.000000e+000 -1.560880e-001
    outer loop
      vertex   -1.979843e+002 1.748250e+002 4.531655e+001
      vertex   -1.979843e+002 1.706250e+002 4.531655e+001
      vertex   -1.986481e+002 1.706250e+002 4.539456e+001
    endloop
  endfacet
  facet normal -1.152588e-001 0.000000e+000 -9.808239e-001
    outer loop
      vertex   -1.979843e+002 1.748250e+002 4.531655e+001
      vertex   -1.986481e+002 1.706250e+002 4.539456e+001
      vertex   -1.986481e+002 1.748250e+002 4.539456e+001
    endloop
  endfacet
  facet normal -1.311556e-002 -0.000000e+000 -1.566153e-001
    outer loop
      vertex   -1.986481e+002 1.748250e+002 4.539456e+001
      vertex   -1.986481e+002 1.706250e+002 4.539456e+001
      vertex   -1.993141e+002 1.706250e+002 4.545034e+001
    endloop
  endfacet
  facet normal -8.241458e-002 -1.734723e-018 -9.841278e-001
    outer loop
      vertex   -1.986481e+002 1.748250e+002 4.539456e+001
      vertex   -1.993141e+002 1.706250e+002 4.545034e+001
      vertex   -1.993141e+002 1.748250e+002 4.545034e+001
    endloop
  endfacet
  facet normal -7.875436e-003 -0.000000e+000 -1.569669e-001
    outer loop
      vertex   -1.993141e+002 1.748250e+002 4.545034e+001
      vertex   -1.993141e+002 1.706250e+002 4.545034e+001
      vertex   -1.999817e+002 1.706250e+002 4.548383e+001
    endloop
  endfacet
  facet normal -4.948680e-002 -1.734723e-018 -9.863318e-001
    outer loop
      vertex   -1.993141e+002 1.748250e+002 4.545034e+001
      vertex   -1.999817e+002 1.706250e+002 4.548383e+001
      vertex   -1.999817e+002 1.748250e+002 4.548383e+001
    endloop
  endfacet
  facet normal -2.626342e-003 -0.000000e+000 -1.571392e-001
    outer loop
      vertex   -1.999817e+002 1.748250e+002 4.548383e+001
      vertex   -1.999817e+002 1.706250e+002 4.548383e+001
      vertex   -2.006500e+002 1.706250e+002 4.549500e+001
    endloop
  endfacet
  facet normal -1.650347e-002 0.000000e+000 -9.874350e-001
    outer loop
      vertex   -1.999817e+002 1.748250e+002 4.548383e+001
      vertex   -2.006500e+002 1.706250e+002 4.549500e+001
      vertex   -2.006500e+002 1.748250e+002 4.549500e+001
    endloop
  endfacet
  facet normal 0.000000e+000 0.000000e+000 1.000000e+000
    outer loop
      vertex   -2.006500e+002 1.706250e+002 4.549500e+001
      vertex   -1.806500e+002 1.706250e+002 4.549500e+001
      vertex   -2.006500e+002 1.748250e+002 4.549500e+001
    endloop
  endfacet
  facet normal -0.000000e+000 0.000000e+000 2.055171e-001
    outer loop
      vertex   -2.006500e+002 1.748250e+002 4.549500e+001
      vertex   -1.806500e+002 1.706250e+002 4.549500e+001
      vertex   -1.806500e+002 1.748250e+002 4.549500e+001
    endloop
  endfacet
  facet normal 1.671076e-002 0.000000e+000 -9.998603e-001
    outer loop
      vertex   -1.279500e+002 1.706250e+002 4.549500e+001
      vertex   -1.286183e+002 1.706250e+002 4.548383e+001
      vertex   -1.279500e+002 1.748250e+002 4.549500e+001
    endloop
  endfacet
  facet normal 1.650308e-002 0.000000e+000 -9.874345e-001
    outer loop
      vertex   -1.279500e+002 1.748250e+002 4.549500e+001
      vertex   -1.286183e+002 1.706250e+002 4.548383e+001
      vertex   -1.286183e+002 1.748250e+002 4.548383e+001
    endloop
  endfacet
  facet normal 7.875436e-003 0.000000e+000 -1.569669e-001
    outer loop
      vertex   -1.286183e+002 1.748250e+002 4.548383e+001
      vertex   -1.286183e+002 1.706250e+002 4.548383e+001
      vertex   -1.292859e+002 1.706250e+002 4.545034e+001
    endloop
  endfacet
  facet normal 4.948680e-002 1.734723e-018 -9.863318e-001
    outer loop
      vertex   -1.286183e+002 1.748250e+002 4.548383e+001
      vertex   -1.292859e+002 1.706250e+002 4.545034e+001
      vertex   -1.292859e+002 1.748250e+002 4.545034e+001
    endloop
  endfacet
  facet normal 1.311556e-002 0.000000e+000 -1.566153e-001
    outer loop
      vertex   -1.292859e+002 1.748250e+002 4.545034e+001
      vertex   -1.292859e+002 1.706250e+002 4.545034e+001
      vertex   -1.299519e+002 1.706250e+002 4.539456e+001
    endloop
  endfacet
  facet normal 8.241458e-002 1.734723e-018 -9.841278e-001
    outer loop
      vertex   -1.292859e+002 1.748250e+002 4.545034e+001
      vertex   -1.299519e+002 1.706250e+002 4.539456e+001
      vertex   -1.299519e+002 1.748250e+002 4.539456e+001
    endloop
  endfacet
  facet normal 1.834224e-002 0.000000e+000 -1.560880e-001
    outer loop
      vertex   -1.299519e+002 1.748250e+002 4.539456e+001
      vertex   -1.299519e+002 1.706250e+002 4.539456e+001
      vertex   -1.306157e+002 1.706250e+002 4.531655e+001
    endloop
  endfacet
  facet normal 1.152588e-001 0.000000e+000 -9.808239e-001
    outer loop
      vertex   -1.299519e+002 1.748250e+002 4.539456e+001
      vertex   -1.306157e+002 1.706250e+002 4.531655e+001
      vertex   -1.306157e+002 1.748250e+002 4.531655e+001
    endloop
  endfacet
  facet normal 2.354828e-002 0.000000e+000 -1.553883e-001
    outer loop
      vertex   -1.306157e+002 1.748250e+002 4.531655e+001
      vertex   -1.306157e+002 1.706250e+002 4.531655e+001
      vertex   -1.312766e+002 1.706250e+002 4.521640e+001
    endloop
  endfacet
  facet normal 1.479719e-001 -3.469447e-018 -9.764242e-001
    outer loop
      vertex   -1.306157e+002 1.748250e+002 4.531655e+001
      vertex   -1.312766e+002 1.706250e+002 4.521640e+001
      vertex   -1.312766e+002 1.748250e+002 4.521640e+001
    endloop
  endfacet
  facet normal 2.872651e-002 0.000000e+000 -1.545164e-001
    outer loop
      vertex   -1.312766e+002 1.748250e+002 4.521640e+001
      vertex   -1.312766e+002 1.706250e+002 4.521640e+001
      vertex   -1.319337e+002 1.706250e+002 4.509423e+001
    endloop
  endfacet
  facet normal 1.805089e-001 0.000000e+000 -9.709356e-001
    outer loop
      vertex   -1.312766e+002 1.748250e+002 4.521640e+001
      vertex   -1.319337e+002 1.706250e+002 4.509423e+001
      vertex   -1.319337e+002 1.748250e+002 4.509423e+001
    endloop
  endfacet
  facet normal 3.387423e-002 0.000000e+000 -1.534723e-001
    outer loop
      vertex   -1.319337e+002 1.748250e+002 4.509423e+001
      vertex   -1.319337e+002 1.706250e+002 4.509423e+001
      vertex   -1.325864e+002 1.706250e+002 4.495017e+001
    endloop
  endfacet
  facet normal 2.128527e-001 6.938894e-018 -9.643612e-001
    outer loop
      vertex   -1.319337e+002 1.748250e+002 4.509423e+001
      vertex   -1.325864e+002 1.706250e+002 4.495017e+001
      vertex   -1.325864e+002 1.748250e+002 4.495017e+001
    endloop
  endfacet
  facet normal 3.898343e-002 0.000000e+000 -1.522489e-001
    outer loop
      vertex   -1.325864e+002 1.748250e+002 4.495017e+001
      vertex   -1.325864e+002 1.706250e+002 4.495017e+001
      vertex   -1.332339e+002 1.706250e+002 4.478438e+001
    endloop
  endfacet
  facet normal 2.449659e-001 0.000000e+000 -9.567091e-001
    outer loop
      vertex   -1.325864e+002 1.748250e+002 4.495017e+001
      vertex   -1.332339e+002 1.706250e+002 4.478438e+001
      vertex   -1.332339e+002 1.748250e+002 4.478438e+001
    endloop
  endfacet
  facet normal 4.404861e-002 0.000000e+000 -1.508675e-001
    outer loop
      vertex   -1.332339e+002 1.748250e+002 4.478438e+001
      vertex   -1.332339e+002 1.706250e+002 4.478438e+001
      vertex   -1.338755e+002 1.706250e+002 4.459705e+001
    endloop
  endfacet
  facet normal 2.767842e-001 0.000000e+000 -9.479922e-001
    outer loop
      vertex   -1.332339e+002 1.748250e+002 4.478438e+001
      vertex   -1.338755e+002 1.706250e+002 4.459705e+001
      vertex   -1.338755e+002 1.748250e+002 4.459705e+001
    endloop
  endfacet
  facet normal 4.906542e-002 0.000000e+000 -1.493068e-001
    outer loop
      vertex   -1.338755e+002 1.748250e+002 4.459705e+001
      vertex   -1.338755e+002 1.706250e+002 4.459705e+001
      vertex   -1.345105e+002 1.706250e+002 4.438838e+001
    endloop
  endfacet
  facet normal 3.083164e-001 0.000000e+000 -9.382116e-001
    outer loop
      vertex   -1.338755e+002 1.748250e+002 4.459705e+001
      vertex   -1.345105e+002 1.706250e+002 4.438838e+001
      vertex   -1.345105e+002 1.748250e+002 4.438838e+001
    endloop
  endfacet
  facet normal 5.402748e-002 0.000000e+000 -1.475846e-001
    outer loop
      vertex   -1.345105e+002 1.748250e+002 4.438838e+001
      vertex   -1.345105e+002 1.706250e+002 4.438838e+001
      vertex   -1.351382e+002 1.706250e+002 4.415861e+001
    endloop
  endfacet
  facet normal 3.394952e-001 -6.938894e-018 -9.273850e-001
    outer loop
      vertex   -1.345105e+002 1.748250e+002 4.438838e+001
      vertex   -1.351382e+002 1.706250e+002 4.415861e+001
      vertex   -1.351382e+002 1.748250e+002 4.415861e+001
    endloop
  endfacet
  facet normal 5.892854e-002 0.000000e+000 -1.456974e-001
    outer loop
      vertex   -1.351382e+002 1.748250e+002 4.415861e+001
      vertex   -1.351382e+002 1.706250e+002 4.415861e+001
      vertex   -1.357578e+002 1.706250e+002 4.390800e+001
    endloop
  endfacet
  facet normal 3.702914e-001 0.000000e+000 -9.155239e-001
    outer loop
      vertex   -1.351382e+002 1.748250e+002 4.415861e+001
      vertex   -1.357578e+002 1.706250e+002 4.390800e+001
      vertex   -1.357578e+002 1.748250e+002 4.390800e+001
    endloop
  endfacet
  facet normal 6.376412e-002 0.000000e+000 -1.436487e-001
    outer loop
      vertex   -1.357578e+002 1.748250e+002 4.390800e+001
      vertex   -1.357578e+002 1.706250e+002 4.390800e+001
      vertex   -1.363687e+002 1.706250e+002 4.363682e+001
    endloop
  endfacet
  facet normal 4.006727e-001 -6.938894e-018 -9.026409e-001
    outer loop
      vertex   -1.357578e+002 1.748250e+002 4.390800e+001
      vertex   -1.363687e+002 1.706250e+002 4.363682e+001
      vertex   -1.363687e+002 1.748250e+002 4.363682e+001
    endloop
  endfacet
  facet normal 6.852887e-002 0.000000e+000 -1.414350e-001
    outer loop
      vertex   -1.363687e+002 1.748250e+002 4.363682e+001
      vertex   -1.363687e+002 1.706250e+002 4.363682e+001
      vertex   -1.369702e+002 1.706250e+002 4.334538e+001
    endloop
  endfacet
  facet normal 4.306195e-001 -6.938894e-018 -8.887445e-001
    outer loop
      vertex   -1.363687e+002 1.748250e+002 4.363682e+001
      vertex   -1.369702e+002 1.706250e+002 4.334538e+001
      vertex   -1.369702e+002 1.748250e+002 4.334538e+001
    endloop
  endfacet
  facet normal 7.321556e-002 0.000000e+000 -1.390669e-001
    outer loop
      vertex   -1.369702e+002 1.748250e+002 4.334538e+001
      vertex   -1.369702e+002 1.706250e+002 4.334538e+001
      vertex   -1.375616e+002 1.706250e+002 4.303400e+001
    endloop
  endfacet
  facet normal 4.600688e-001 1.387779e-017 -8.738630e-001
    outer loop
      vertex   -1.369702e+002 1.748250e+002 4.334538e+001
      vertex   -1.375616e+002 1.706250e+002 4.303400e+001
      vertex   -1.375616e+002 1.748250e+002 4.303400e+001
    endloop
  endfacet
  facet normal 7.782239e-002 0.000000e+000 -1.365446e-001
    outer loop
      vertex   -1.375616e+002 1.748250e+002 4.303400e+001
      vertex   -1.375616e+002 1.706250e+002 4.303400e+001
      vertex   -1.381423e+002 1.706250e+002 4.270303e+001
    endloop
  endfacet
  facet normal 4.890108e-001 -1.387779e-017 -8.580022e-001
    outer loop
      vertex   -1.375616e+002 1.748250e+002 4.303400e+001
      vertex   -1.381423e+002 1.706250e+002 4.270303e+001
      vertex   -1.381423e+002 1.748250e+002 4.270303e+001
    endloop
  endfacet
  facet normal 8.234224e-002 0.000000e+000 -1.338680e-001
    outer loop
      vertex   -1.381423e+002 1.748250e+002 4.270303e+001
      vertex   -1.381423e+002 1.706250e+002 4.270303e+001
      vertex   -1.387117e+002 1.706250e+002 4.235284e+001
    endloop
  endfacet
  facet normal 5.174105e-001 0.000000e+000 -8.411810e-001
    outer loop
      vertex   -1.381423e+002 1.748250e+002 4.270303e+001
      vertex   -1.387117e+002 1.706250e+002 4.235284e+001
      vertex   -1.387117e+002 1.748250e+002 4.235284e+001
    endloop
  endfacet
  facet normal 8.676887e-002 0.000000e+000 -1.310373e-001
    outer loop
      vertex   -1.387117e+002 1.748250e+002 4.235284e+001
      vertex   -1.387117e+002 1.706250e+002 4.235284e+001
      vertex   -1.392689e+002 1.706250e+002 4.198383e+001
    endloop
  endfacet
  facet normal 5.452405e-001 1.387779e-017 -8.234155e-001
    outer loop
      vertex   -1.387117e+002 1.748250e+002 4.235284e+001
      vertex   -1.392689e+002 1.706250e+002 4.198383e+001
      vertex   -1.392689e+002 1.748250e+002 4.198383e+001
    endloop
  endfacet
  facet normal 9.109851e-002 0.000000e+000 -1.280700e-001
    outer loop
      vertex   -1.392689e+002 1.748250e+002 4.198383e+001
      vertex   -1.392689e+002 1.706250e+002 4.198383e+001
      vertex   -1.398136e+002 1.706250e+002 4.159640e+001
    endloop
  endfacet
  facet normal 5.724323e-001 0.000000e+000 -8.047487e-001
    outer loop
      vertex   -1.392689e+002 1.748250e+002 4.198383e+001
      vertex   -1.398136e+002 1.706250e+002 4.159640e+001
      vertex   -1.398136e+002 1.748250e+002 4.159640e+001
    endloop
  endfacet
  facet normal 9.532776e-002 0.000000e+000 -1.249521e-001
    outer loop
      vertex   -1.398136e+002 1.748250e+002 4.159640e+001
      vertex   -1.398136e+002 1.706250e+002 4.159640e+001
      vertex   -1.403450e+002 1.706250e+002 4.119099e+001
    endloop
  endfacet
  facet normal 5.990130e-001 -1.387779e-017 -7.851643e-001
    outer loop
      vertex   -1.398136e+002 1.748250e+002 4.159640e+001
      vertex   -1.403450e+002 1.706250e+002 4.119099e+001
      vertex   -1.403450e+002 1.748250e+002 4.119099e+001
    endloop
  endfacet
  facet normal 9.944936e-002 0.000000e+000 -1.216979e-001
    outer loop
      vertex   -1.403450e+002 1.748250e+002 4.119099e+001
      vertex   -1.403450e+002 1.706250e+002 4.119099e+001
      vertex   -1.408626e+002 1.706250e+002 4.076804e+001
    endloop
  endfacet
  facet normal 6.249102e-001 -1.387779e-017 -7.647135e-001
    outer loop
      vertex   -1.403450e+002 1.748250e+002 4.119099e+001
      vertex   -1.408626e+002 1.706250e+002 4.076804e+001
      vertex   -1.408626e+002 1.748250e+002 4.076804e+001
    endloop
  endfacet
  facet normal 6.583058e-001 0.000000e+000 -7.527506e-001
    outer loop
      vertex   -1.408626e+002 1.748250e+002 4.076804e+001
      vertex   -1.408626e+002 1.706250e+002 4.076804e+001
      vertex   -1.413657e+002 1.748250e+002 4.032804e+001
    endloop
  endfacet
  facet normal 1.034607e-001 0.000000e+000 -1.183038e-001
    outer loop
      vertex   -1.413657e+002 1.748250e+002 4.032804e+001
      vertex   -1.408626e+002 1.706250e+002 4.076804e+001
      vertex   -1.413657e+002 1.706250e+002 4.032804e+001
    endloop
  endfacet
  facet normal 6.830780e-001 0.000000e+000 -7.303454e-001
    outer loop
      vertex   -1.413657e+002 1.748250e+002 4.032804e+001
      vertex   -1.413657e+002 1.706250e+002 4.032804e+001
      vertex   -1.418539e+002 1.748250e+002 3.987148e+001
    endloop
  endfacet
  facet normal 1.073553e-001 0.000000e+000 -1.147840e-001
    outer loop
      vertex   -1.418539e+002 1.748250e+002 3.987148e+001
      vertex   -1.413657e+002 1.706250e+002 4.032804e+001
      vertex   -1.418539e+002 1.706250e+002 3.987148e+001
    endloop
  endfacet
  facet normal 7.071068e-001 0.000000e+000 -7.071068e-001
    outer loop
      vertex   -1.418539e+002 1.748250e+002 3.987148e+001
      vertex   -1.418539e+002 1.706250e+002 3.987148e+001
      vertex   -1.423265e+002 1.748250e+002 3.939885e+001
    endloop
  endfacet
  facet normal 1.111316e-001 0.000000e+000 -1.111316e-001
    outer loop
      vertex   -1.423265e+002 1.748250e+002 3.939885e+001
      vertex   -1.418539e+002 1.706250e+002 3.987148e+001
      vertex   -1.423265e+002 1.706250e+002 3.939885e+001
    endloop
  endfacet
  facet normal 7.303485e-001 0.000000e+000 -6.830748e-001
    outer loop
      vertex   -1.423265e+002 1.748250e+002 3.939885e+001
      vertex   -1.423265e+002 1.706250e+002 3.939885e+001
      vertex   -1.427830e+002 1.748250e+002 3.891069e+001
    endloop
  endfacet
  facet normal 1.147832e-001 0.000000e+000 -1.073535e-001
    outer loop
      vertex   -1.427830e+002 1.748250e+002 3.891069e+001
      vertex   -1.423265e+002 1.706250e+002 3.939885e+001
      vertex   -1.427830e+002 1.706250e+002 3.891069e+001
    endloop
  endfacet
  facet normal 7.527556e-001 0.000000e+000 -6.583002e-001
    outer loop
      vertex   -1.427830e+002 1.748250e+002 3.891069e+001
      vertex   -1.427830e+002 1.706250e+002 3.891069e+001
      vertex   -1.432230e+002 1.748250e+002 3.840756e+001
    endloop
  endfacet
  facet normal 1.183056e-001 0.000000e+000 -1.034606e-001
    outer loop
      vertex   -1.432230e+002 1.748250e+002 3.840756e+001
      vertex   -1.427830e+002 1.706250e+002 3.891069e+001
      vertex   -1.432230e+002 1.706250e+002 3.840756e+001
    endloop
  endfacet
  facet normal 1.216970e-001 0.000000e+000 -9.944937e-002
    outer loop
      vertex   -1.432230e+002 1.748250e+002 3.840756e+001
      vertex   -1.432230e+002 1.706250e+002 3.840756e+001
      vertex   -1.436460e+002 1.706250e+002 3.789000e+001
    endloop
  endfacet
  facet normal 7.647113e-001 0.000000e+000 -6.249130e-001
    outer loop
      vertex   -1.432230e+002 1.748250e+002 3.840756e+001
      vertex   -1.436460e+002 1.706250e+002 3.789000e+001
      vertex   -1.436460e+002 1.748250e+002 3.789000e+001
    endloop
  endfacet
  facet normal 1.249521e-001 0.000000e+000 -9.533043e-002
    outer loop
      vertex   -1.436460e+002 1.748250e+002 3.789000e+001
      vertex   -1.436460e+002 1.706250e+002 3.789000e+001
      vertex   -1.440514e+002 1.706250e+002 3.735860e+001
    endloop
  endfacet
  facet normal 7.851560e-001 -1.387779e-017 -5.990235e-001
    outer loop
      vertex   -1.436460e+002 1.748250e+002 3.789000e+001
      vertex   -1.440514e+002 1.706250e+002 3.735860e+001
      vertex   -1.440514e+002 1.748250e+002 3.735860e+001
    endloop
  endfacet
  facet normal 1.280683e-001 0.000000e+000 -9.109675e-002
    outer loop
      vertex   -1.440514e+002 1.748250e+002 3.735860e+001
      vertex   -1.440514e+002 1.706250e+002 3.735860e+001
      vertex   -1.444388e+002 1.706250e+002 3.681394e+001
    endloop
  endfacet
  facet normal 8.047505e-001 1.387779e-017 -5.724304e-001
    outer loop
      vertex   -1.440514e+002 1.748250e+002 3.735860e+001
      vertex   -1.444388e+002 1.706250e+002 3.681394e+001
      vertex   -1.444388e+002 1.748250e+002 3.681394e+001
    endloop
  endfacet
  facet normal 1.310408e-001 0.000000e+000 -8.676972e-002
    outer loop
      vertex   -1.444388e+002 1.748250e+002 3.681394e+001
      vertex   -1.444388e+002 1.706250e+002 3.681394e+001
      vertex   -1.448078e+002 1.706250e+002 3.625665e+001
    endloop
  endfacet
  facet normal 8.234193e-001 0.000000e+000 -5.452338e-001
    outer loop
      vertex   -1.444388e+002 1.748250e+002 3.681394e+001
      vertex   -1.448078e+002 1.706250e+002 3.625665e+001
      vertex   -1.448078e+002 1.748250e+002 3.625665e+001
    endloop
  endfacet
  facet normal 1.338663e-001 0.000000e+000 -8.234227e-002
    outer loop
      vertex   -1.448078e+002 1.748250e+002 3.625665e+001
      vertex   -1.448078e+002 1.706250e+002 3.625665e+001
      vertex   -1.451580e+002 1.706250e+002 3.568733e+001
    endloop
  endfacet
  facet normal 8.411781e-001 1.387779e-017 -5.174156e-001
    outer loop
      vertex   -1.448078e+002 1.748250e+002 3.625665e+001
      vertex   -1.451580e+002 1.706250e+002 3.568733e+001
      vertex   -1.451580e+002 1.748250e+002 3.568733e+001
    endloop
  endfacet
  facet normal 1.365429e-001 0.000000e+000 -7.782152e-002
    outer loop
      vertex   -1.451580e+002 1.748250e+002 3.568733e+001
      vertex   -1.451580e+002 1.706250e+002 3.568733e+001
      vertex   -1.454890e+002 1.706250e+002 3.510664e+001
    endloop
  endfacet
  facet normal 8.580021e-001 0.000000e+000 -4.890115e-001
    outer loop
      vertex   -1.451580e+002 1.748250e+002 3.568733e+001
      vertex   -1.454890e+002 1.706250e+002 3.510664e+001
      vertex   -1.454890e+002 1.748250e+002 3.510664e+001
    endloop
  endfacet
  facet normal 1.390678e-001 0.000000e+000 -7.321466e-002
    outer loop
      vertex   -1.454890e+002 1.748250e+002 3.510664e+001
      vertex   -1.454890e+002 1.706250e+002 3.510664e+001
      vertex   -1.458004e+002 1.706250e+002 3.451520e+001
    endloop
  endfacet
  facet normal 8.738665e-001 1.387779e-017 -4.600621e-001
    outer loop
      vertex   -1.454890e+002 1.748250e+002 3.510664e+001
      vertex   -1.458004e+002 1.706250e+002 3.451520e+001
      vertex   -1.458004e+002 1.748250e+002 3.451520e+001
    endloop
  endfacet
  facet normal 1.414358e-001 0.000000e+000 -6.852886e-002
    outer loop
      vertex   -1.458004e+002 1.748250e+002 3.451520e+001
      vertex   -1.458004e+002 1.706250e+002 3.451520e+001
      vertex   -1.460918e+002 1.706250e+002 3.391370e+001
    endloop
  endfacet
  facet normal 8.887455e-001 0.000000e+000 -4.306172e-001
    outer loop
      vertex   -1.458004e+002 1.748250e+002 3.451520e+001
      vertex   -1.460918e+002 1.706250e+002 3.391370e+001
      vertex   -1.460918e+002 1.748250e+002 3.391370e+001
    endloop
  endfacet
  facet normal 1.436478e-001 0.000000e+000 -6.376413e-002
    outer loop
      vertex   -1.460918e+002 1.748250e+002 3.391370e+001
      vertex   -1.460918e+002 1.706250e+002 3.391370e+001
      vertex   -1.463630e+002 1.706250e+002 3.330278e+001
    endloop
  endfacet
  facet normal 9.026401e-001 6.938894e-018 -4.006749e-001
    outer loop
      vertex   -1.460918e+002 1.748250e+002 3.391370e+001
      vertex   -1.463630e+002 1.706250e+002 3.330278e+001
      vertex   -1.463630e+002 1.748250e+002 3.330278e+001
    endloop
  endfacet
  facet normal 1.456974e-001 0.000000e+000 -5.893122e-002
    outer loop
      vertex   -1.463630e+002 1.748250e+002 3.330278e+001
      vertex   -1.463630e+002 1.706250e+002 3.330278e+001
      vertex   -1.466136e+002 1.706250e+002 3.268316e+001
    endloop
  endfacet
  facet normal 9.155179e-001 -6.938894e-018 -3.703059e-001
    outer loop
      vertex   -1.463630e+002 1.748250e+002 3.330278e+001
      vertex   -1.466136e+002 1.706250e+002 3.268316e+001
      vertex   -1.466136e+002 1.748250e+002 3.268316e+001
    endloop
  endfacet
  facet normal 1.475855e-001 0.000000e+000 -5.402657e-002
    outer loop
      vertex   -1.466136e+002 1.748250e+002 3.268316e+001
      vertex   -1.466136e+002 1.706250e+002 3.268316e+001
      vertex   -1.468434e+002 1.706250e+002 3.205550e+001
    endloop
  endfacet
  facet normal 9.273874e-001 0.000000e+000 -3.394884e-001
    outer loop
      vertex   -1.466136e+002 1.748250e+002 3.268316e+001
      vertex   -1.468434e+002 1.706250e+002 3.205550e+001
      vertex   -1.468434e+002 1.748250e+002 3.205550e+001
    endloop
  endfacet
  facet normal 1.493082e-001 0.000000e+000 -4.906451e-002
    outer loop
      vertex   -1.468434e+002 1.748250e+002 3.205550e+001
      vertex   -1.468434e+002 1.706250e+002 3.205550e+001
      vertex   -1.470520e+002 1.706250e+002 3.142051e+001
    endloop
  endfacet
  facet normal 9.382139e-001 6.938894e-018 -3.083088e-001
    outer loop
      vertex   -1.468434e+002 1.748250e+002 3.205550e+001
      vertex   -1.470520e+002 1.706250e+002 3.142051e+001
      vertex   -1.470520e+002 1.748250e+002 3.142051e+001
    endloop
  endfacet
  facet normal 1.508644e-001 0.000000e+000 -4.404863e-002
    outer loop
      vertex   -1.470520e+002 1.748250e+002 3.142051e+001
      vertex   -1.470520e+002 1.706250e+002 3.142051e+001
      vertex   -1.472394e+002 1.706250e+002 3.077891e+001
    endloop
  endfacet
  facet normal 9.479911e-001 0.000000e+000 -2.767897e-001
    outer loop
      vertex   -1.470520e+002 1.748250e+002 3.142051e+001
      vertex   -1.472394e+002 1.706250e+002 3.077891e+001
      vertex   -1.472394e+002 1.748250e+002 3.077891e+001
    endloop
  endfacet
  facet normal 1.522520e-001 0.000000e+000 -3.898251e-002
    outer loop
      vertex   -1.472394e+002 1.748250e+002 3.077891e+001
      vertex   -1.472394e+002 1.706250e+002 3.077891e+001
      vertex   -1.474052e+002 1.706250e+002 3.013140e+001
    endloop
  endfacet
  facet normal 9.567112e-001 -6.938894e-018 -2.449558e-001
    outer loop
      vertex   -1.472394e+002 1.748250e+002 3.077891e+001
      vertex   -1.474052e+002 1.706250e+002 3.013140e+001
      vertex   -1.474052e+002 1.748250e+002 3.013140e+001
    endloop
  endfacet
  facet normal 1.534696e-001 0.000000e+000 -3.387693e-002
    outer loop
      vertex   -1.474052e+002 1.748250e+002 3.013140e+001
      vertex   -1.474052e+002 1.706250e+002 3.013140e+001
      vertex   -1.475492e+002 1.706250e+002 2.947872e+001
    endloop
  endfacet
  facet normal 9.643571e-001 0.000000e+000 -2.128725e-001
    outer loop
      vertex   -1.474052e+002 1.748250e+002 3.013140e+001
      vertex   -1.475492e+002 1.706250e+002 2.947872e+001
      vertex   -1.475492e+002 1.748250e+002 2.947872e+001
    endloop
  endfacet
  facet normal 1.545160e-001 0.000000e+000 -2.872472e-002
    outer loop
      vertex   -1.475492e+002 1.748250e+002 2.947872e+001
      vertex   -1.475492e+002 1.706250e+002 2.947872e+001
      vertex   -1.476714e+002 1.706250e+002 2.882159e+001
    endloop
  endfacet
  facet normal 9.709377e-001 0.000000e+000 -1.804985e-001
    outer loop
      vertex   -1.475492e+002 1.748250e+002 2.947872e+001
      vertex   -1.476714e+002 1.706250e+002 2.882159e+001
      vertex   -1.476714e+002 1.748250e+002 2.882159e+001
    endloop
  endfacet
  facet normal 1.553892e-001 0.000000e+000 -2.354738e-002
    outer loop
      vertex   -1.476714e+002 1.748250e+002 2.882159e+001
      vertex   -1.476714e+002 1.706250e+002 2.882159e+001
      vertex   -1.477715e+002 1.706250e+002 2.816074e+001
    endloop
  endfacet
  facet normal 9.764251e-001 3.469447e-018 -1.479656e-001
    outer loop
      vertex   -1.476714e+002 1.748250e+002 2.882159e+001
      vertex   -1.477715e+002 1.706250e+002 2.816074e+001
      vertex   -1.477715e+002 1.748250e+002 2.816074e+001
    endloop
  endfacet
  facet normal 1.560897e-001 0.000000e+000 -1.834492e-002
    outer loop
      vertex   -1.477715e+002 1.748250e+002 2.816074e+001
      vertex   -1.477715e+002 1.706250e+002 2.816074e+001
      vertex   -1.478496e+002 1.706250e+002 2.749691e+001
    endloop
  endfacet
  facet normal 9.808218e-001 0.000000e+000 -1.152741e-001
    outer loop
      vertex   -1.477715e+002 1.748250e+002 2.816074e+001
      vertex   -1.478496e+002 1.706250e+002 2.749691e+001
      vertex   -1.478496e+002 1.748250e+002 2.749691e+001
    endloop
  endfacet
  facet normal 1.566153e-001 0.000000e+000 -1.311377e-002
    outer loop
      vertex   -1.478496e+002 1.748250e+002 2.749691e+001
      vertex   -1.478496e+002 1.706250e+002 2.749691e+001
      vertex   -1.479053e+002 1.706250e+002 2.683085e+001
    endloop
  endfacet
  facet normal 9.841287e-001 -1.734723e-018 -8.240339e-002
    outer loop
      vertex   -1.478496e+002 1.748250e+002 2.749691e+001
      vertex   -1.479053e+002 1.706250e+002 2.683085e+001
      vertex   -1.479053e+002 1.748250e+002 2.683085e+001
    endloop
  endfacet
  facet normal 1.569661e-001 0.000000e+000 -7.875437e-003
    outer loop
      vertex   -1.479053e+002 1.748250e+002 2.683085e+001
      vertex   -1.479053e+002 1.706250e+002 2.683085e+001
      vertex   -1.479388e+002 1.706250e+002 2.616330e+001
    endloop
  endfacet
  facet normal 9.863319e-001 0.000000e+000 -4.948710e-002
    outer loop
      vertex   -1.479053e+002 1.748250e+002 2.683085e+001
      vertex   -1.479388e+002 1.706250e+002 2.616330e+001
      vertex   -1.479388e+002 1.748250e+002 2.616330e+001
    endloop
  endfacet
  facet normal 1.571414e-001 0.000000e+000 -2.626342e-003
    outer loop
      vertex   -1.479388e+002 1.748250e+002 2.616330e+001
      vertex   -1.479388e+002 1.706250e+002 2.616330e+001
      vertex   -1.479500e+002 1.706250e+002 2.549500e+001
    endloop
  endfacet
  facet normal 9.874347e-001 0.000000e+000 -1.650323e-002
    outer loop
      vertex   -1.479388e+002 1.748250e+002 2.616330e+001
      vertex   -1.479500e+002 1.706250e+002 2.549500e+001
      vertex   -1.479500e+002 1.748250e+002 2.549500e+001
    endloop
  endfacet
  facet normal 0.000000e+000 0.000000e+000 1.000000e+000
    outer loop
      vertex   -1.279500e+002 1.748250e+002 4.549500e+001
      vertex   -1.479500e+002 1.748250e+002 4.549500e+001
      vertex   -1.279500e+002 1.706250e+002 4.549500e+001
    endloop
  endfacet
  facet normal 0.000000e+000 0.000000e+000 2.055171e-001
    outer loop
      vertex   -1.279500e+002 1.706250e+002 4.549500e+001
      vertex   -1.479500e+002 1.748250e+002 4.549500e+001
      vertex   -1.479500e+002 1.706250e+002 4.549500e+001
    endloop
  endfacet
  facet normal 6.037997e-002 0.000000e+000 -9.981754e-001
    outer loop
      vertex   -1.506308e+002 1.706250e+002 3.533406e+001
      vertex   -1.506308e+002 1.729250e+002 3.533406e+001
      vertex   -1.504500e+002 1.706250e+002 3.534500e+001
    endloop
  endfacet
  facet normal 4.740419e-003 0.000000e+000 -7.836656e-002
    outer loop
      vertex   -1.504500e+002 1.706250e+002 3.534500e+001
      vertex   -1.506308e+002 1.729250e+002 3.533406e+001
      vertex   -1.504500e+002 1.729250e+002 3.534500e+001
    endloop
  endfacet
  facet normal -6.037997e-002 0.000000e+000 -9.981754e-001
    outer loop
      vertex   -1.504500e+002 1.706250e+002 3.534500e+001
      vertex   -1.504500e+002 1.729250e+002 3.534500e+001
      vertex   -1.502692e+002 1.706250e+002 3.533406e+001
    endloop
  endfacet
  facet normal -4.740419e-003 0.000000e+000 -7.836656e-002
    outer loop
      vertex   -1.502692e+002 1.706250e+002 3.533406e+001
      vertex   -1.504500e+002 1.729250e+002 3.534500e+001
      vertex   -1.502692e+002 1.729250e+002 3.533406e+001
    endloop
  endfacet
  facet normal -1.802586e-001 0.000000e+000 -9.836193e-001
    outer loop
      vertex   -1.502692e+002 1.706250e+002 3.533406e+001
      vertex   -1.502692e+002 1.729250e+002 3.533406e+001
      vertex   -1.500910e+002 1.706250e+002 3.530141e+001
    endloop
  endfacet
  facet normal -1.415182e-002 0.000000e+000 -7.722238e-002
    outer loop
      vertex   -1.500910e+002 1.706250e+002 3.530141e+001
      vertex   -1.502692e+002 1.729250e+002 3.533406e+001
      vertex   -1.500910e+002 1.729250e+002 3.530141e+001
    endloop
  endfacet
  facet normal -2.974979e-001 0.000000e+000 -9.547225e-001
    outer loop
      vertex   -1.500910e+002 1.706250e+002 3.530141e+001
      vertex   -1.500910e+002 1.729250e+002 3.530141e+001
      vertex   -1.499181e+002 1.706250e+002 3.524752e+001
    endloop
  endfacet
  facet normal -2.335817e-002 0.000000e+000 -7.496043e-002
    outer loop
      vertex   -1.499181e+002 1.706250e+002 3.524752e+001
      vertex   -1.500910e+002 1.729250e+002 3.530141e+001
      vertex   -1.499181e+002 1.729250e+002 3.524752e+001
    endloop
  endfacet
  facet normal -4.104172e-001 0.000000e+000 -9.118978e-001
    outer loop
      vertex   -1.499181e+002 1.706250e+002 3.524752e+001
      vertex   -1.499181e+002 1.729250e+002 3.524752e+001
      vertex   -1.497529e+002 1.706250e+002 3.517318e+001
    endloop
  endfacet
  facet normal -3.222228e-002 0.000000e+000 -7.159405e-002
    outer loop
      vertex   -1.497529e+002 1.706250e+002 3.517318e+001
      vertex   -1.499181e+002 1.729250e+002 3.524752e+001
      vertex   -1.497529e+002 1.729250e+002 3.517318e+001
    endloop
  endfacet
  facet normal -5.173329e-001 0.000000e+000 -8.557842e-001
    outer loop
      vertex   -1.497529e+002 1.706250e+002 3.517318e+001
      vertex   -1.497529e+002 1.729250e+002 3.517318e+001
      vertex   -1.495979e+002 1.706250e+002 3.507948e+001
    endloop
  endfacet
  facet normal -4.061681e-002 0.000000e+000 -6.718928e-002
    outer loop
      vertex   -1.495979e+002 1.706250e+002 3.507948e+001
      vertex   -1.497529e+002 1.729250e+002 3.517318e+001
      vertex   -1.495979e+002 1.729250e+002 3.507948e+001
    endloop
  endfacet
  facet normal -6.167420e-001 0.000000e+000 -7.871653e-001
    outer loop
      vertex   -1.495979e+002 1.706250e+002 3.507948e+001
      vertex   -1.495979e+002 1.729250e+002 3.507948e+001
      vertex   -1.494553e+002 1.706250e+002 3.496777e+001
    endloop
  endfacet
  facet normal -4.841941e-002 0.000000e+000 -6.179907e-002
    outer loop
      vertex   -1.494553e+002 1.706250e+002 3.496777e+001
      vertex   -1.495979e+002 1.729250e+002 3.507948e+001
      vertex   -1.494553e+002 1.729250e+002 3.496777e+001
    endloop
  endfacet
  facet normal -7.071068e-001 0.000000e+000 -7.071068e-001
    outer loop
      vertex   -1.494553e+002 1.706250e+002 3.496777e+001
      vertex   -1.494553e+002 1.729250e+002 3.496777e+001
      vertex   -1.493272e+002 1.706250e+002 3.483968e+001
    endloop
  endfacet
  facet normal -5.551597e-002 0.000000e+000 -5.551597e-002
    outer loop
      vertex   -1.493272e+002 1.706250e+002 3.483968e+001
      vertex   -1.494553e+002 1.729250e+002 3.496777e+001
      vertex   -1.493272e+002 1.729250e+002 3.483968e+001
    endloop
  endfacet
  facet normal -7.871814e-001 0.000000e+000 -6.167216e-001
    outer loop
      vertex   -1.493272e+002 1.706250e+002 3.483968e+001
      vertex   -1.493272e+002 1.729250e+002 3.483968e+001
      vertex   -1.492155e+002 1.706250e+002 3.469710e+001
    endloop
  endfacet
  facet normal -6.180236e-002 0.000000e+000 -4.841940e-002
    outer loop
      vertex   -1.492155e+002 1.706250e+002 3.469710e+001
      vertex   -1.493272e+002 1.729250e+002 3.483968e+001
      vertex   -1.492155e+002 1.729250e+002 3.469710e+001
    endloop
  endfacet
  facet normal -8.557563e-001 0.000000e+000 -5.173792e-001
    outer loop
      vertex   -1.492155e+002 1.706250e+002 3.469710e+001
      vertex   -1.492155e+002 1.729250e+002 3.469710e+001
      vertex   -1.491218e+002 1.706250e+002 3.454208e+001
    endloop
  endfacet
  facet normal -6.718926e-002 0.000000e+000 -4.062176e-002
    outer loop
      vertex   -1.491218e+002 1.706250e+002 3.454208e+001
      vertex   -1.492155e+002 1.729250e+002 3.469710e+001
      vertex   -1.491218e+002 1.729250e+002 3.454208e+001
    endloop
  endfacet
  facet normal -9.118978e-001 0.000000e+000 -4.104172e-001
    outer loop
      vertex   -1.491218e+002 1.706250e+002 3.454208e+001
      vertex   -1.491218e+002 1.729250e+002 3.454208e+001
      vertex   -1.490475e+002 1.706250e+002 3.437691e+001
    endloop
  endfacet
  facet normal -7.159405e-002 0.000000e+000 -3.222228e-002
    outer loop
      vertex   -1.490475e+002 1.706250e+002 3.437691e+001
      vertex   -1.491218e+002 1.729250e+002 3.454208e+001
      vertex   -1.490475e+002 1.729250e+002 3.437691e+001
    endloop
  endfacet
  facet normal -9.547367e-001 0.000000e+000 -2.974523e-001
    outer loop
      vertex   -1.490475e+002 1.706250e+002 3.437691e+001
      vertex   -1.490475e+002 1.729250e+002 3.437691e+001
      vertex   -1.489936e+002 1.706250e+002 3.420397e+001
    endloop
  endfacet
  facet normal -7.495715e-002 0.000000e+000 -2.335322e-002
    outer loop
      vertex   -1.489936e+002 1.706250e+002 3.420397e+001
      vertex   -1.490475e+002 1.729250e+002 3.437691e+001
      vertex   -1.489936e+002 1.729250e+002 3.420397e+001
    endloop
  endfacet
  facet normal -9.836162e-001 0.000000e+000 -1.802752e-001
    outer loop
      vertex   -1.489936e+002 1.706250e+002 3.420397e+001
      vertex   -1.489936e+002 1.729250e+002 3.420397e+001
      vertex   -1.489609e+002 1.706250e+002 3.402581e+001
    endloop
  endfacet
  facet normal -7.722402e-002 0.000000e+000 -1.415347e-002
    outer loop
      vertex   -1.489609e+002 1.706250e+002 3.402581e+001
      vertex   -1.489936e+002 1.729250e+002 3.420397e+001
      vertex   -1.489609e+002 1.729250e+002 3.402581e+001
    endloop
  endfacet
  facet normal -9.981743e-001 0.000000e+000 -6.039969e-002
    outer loop
      vertex   -1.489609e+002 1.706250e+002 3.402581e+001
      vertex   -1.489609e+002 1.729250e+002 3.402581e+001
      vertex   -1.489500e+002 1.706250e+002 3.384500e+001
    endloop
  endfacet
  facet normal -7.836820e-002 0.000000e+000 -4.742072e-003
    outer loop
      vertex   -1.489500e+002 1.706250e+002 3.384500e+001
      vertex   -1.489609e+002 1.729250e+002 3.402581e+001
      vertex   -1.489500e+002 1.729250e+002 3.384500e+001
    endloop
  endfacet
  facet normal -9.981743e-001 0.000000e+000 6.039969e-002
    outer loop
      vertex   -1.489500e+002 1.706250e+002 3.384500e+001
      vertex   -1.489500e+002 1.729250e+002 3.384500e+001
      vertex   -1.489609e+002 1.706250e+002 3.366420e+001
    endloop
  endfacet
  facet normal -7.836820e-002 0.000000e+000 4.742072e-003
    outer loop
      vertex   -1.489609e+002 1.706250e+002 3.366420e+001
      vertex   -1.489500e+002 1.729250e+002 3.384500e+001
      vertex   -1.489609e+002 1.729250e+002 3.366420e+001
    endloop
  endfacet
  facet normal -9.836169e-001 0.000000e+000 1.802715e-001
    outer loop
      vertex   -1.489609e+002 1.706250e+002 3.366420e+001
      vertex   -1.489609e+002 1.729250e+002 3.366420e+001
      vertex   -1.489936e+002 1.706250e+002 3.348603e+001
    endloop
  endfacet
  facet normal -7.722567e-002 0.000000e+000 1.415346e-002
    outer loop
      vertex   -1.489936e+002 1.706250e+002 3.348603e+001
      vertex   -1.489609e+002 1.729250e+002 3.366420e+001
      vertex   -1.489936e+002 1.729250e+002 3.348603e+001
    endloop
  endfacet
  facet normal -9.547367e-001 0.000000e+000 2.974523e-001
    outer loop
      vertex   -1.489936e+002 1.706250e+002 3.348603e+001
      vertex   -1.489936e+002 1.729250e+002 3.348603e+001
      vertex   -1.490475e+002 1.706250e+002 3.331309e+001
    endloop
  endfacet
  facet normal -7.495715e-002 0.000000e+000 2.335322e-002
    outer loop
      vertex   -1.490475e+002 1.706250e+002 3.331309e+001
      vertex   -1.489936e+002 1.729250e+002 3.348603e+001
      vertex   -1.490475e+002 1.729250e+002 3.331309e+001
    endloop
  endfacet
  facet normal -9.118978e-001 0.000000e+000 4.104172e-001
    outer loop
      vertex   -1.490475e+002 1.706250e+002 3.331309e+001
      vertex   -1.490475e+002 1.729250e+002 3.331309e+001
      vertex   -1.491218e+002 1.706250e+002 3.314791e+001
    endloop
  endfacet
  facet normal -7.159405e-002 0.000000e+000 3.222228e-002
    outer loop
      vertex   -1.491218e+002 1.706250e+002 3.314791e+001
      vertex   -1.490475e+002 1.729250e+002 3.331309e+001
      vertex   -1.491218e+002 1.729250e+002 3.314791e+001
    endloop
  endfacet
  facet normal -8.557506e-001 0.000000e+000 5.173885e-001
    outer loop
      vertex   -1.491218e+002 1.706250e+002 3.314791e+001
      vertex   -1.491218e+002 1.729250e+002 3.314791e+001
      vertex   -1.492155e+002 1.706250e+002 3.299290e+001
    endloop
  endfacet
  facet normal -6.718761e-002 0.000000e+000 4.062176e-002
    outer loop
      vertex   -1.492155e+002 1.706250e+002 3.299290e+001
      vertex   -1.491218e+002 1.729250e+002 3.314791e+001
      vertex   -1.492155e+002 1.729250e+002 3.299290e+001
    endloop
  endfacet
  facet normal -7.871894e-001 0.000000e+000 6.167114e-001
    outer loop
      vertex   -1.492155e+002 1.706250e+002 3.299290e+001
      vertex   -1.492155e+002 1.729250e+002 3.299290e+001
      vertex   -1.493272e+002 1.706250e+002 3.285032e+001
    endloop
  endfacet
  facet normal -6.180401e-002 0.000000e+000 4.841940e-002
    outer loop
      vertex   -1.493272e+002 1.706250e+002 3.285032e+001
      vertex   -1.492155e+002 1.729250e+002 3.299290e+001
      vertex   -1.493272e+002 1.729250e+002 3.285032e+001
    endloop
  endfacet
  facet normal -7.071068e-001 0.000000e+000 7.071068e-001
    outer loop
      vertex   -1.493272e+002 1.706250e+002 3.285032e+001
      vertex   -1.493272e+002 1.729250e+002 3.285032e+001
      vertex   -1.494553e+002 1.706250e+002 3.272223e+001
    endloop
  endfacet
  facet normal -5.551597e-002 0.000000e+000 5.551597e-002
    outer loop
      vertex   -1.494553e+002 1.706250e+002 3.272223e+001
      vertex   -1.493272e+002 1.729250e+002 3.285032e+001
      vertex   -1.494553e+002 1.729250e+002 3.272223e+001
    endloop
  endfacet
  facet normal -6.167420e-001 0.000000e+000 7.871653e-001
    outer loop
      vertex   -1.494553e+002 1.706250e+002 3.272223e+001
      vertex   -1.494553e+002 1.729250e+002 3.272223e+001
      vertex   -1.495979e+002 1.706250e+002 3.261052e+001
    endloop
  endfacet
  facet normal -4.841941e-002 0.000000e+000 6.179907e-002
    outer loop
      vertex   -1.495979e+002 1.706250e+002 3.261052e+001
      vertex   -1.494553e+002 1.729250e+002 3.272223e+001
      vertex   -1.495979e+002 1.729250e+002 3.261052e+001
    endloop
  endfacet
  facet normal -5.173329e-001 0.000000e+000 8.557842e-001
    outer loop
      vertex   -1.495979e+002 1.706250e+002 3.261052e+001
      vertex   -1.495979e+002 1.729250e+002 3.261052e+001
      vertex   -1.497529e+002 1.706250e+002 3.251682e+001
    endloop
  endfacet
  facet normal -4.061681e-002 0.000000e+000 6.718928e-002
    outer loop
      vertex   -1.497529e+002 1.706250e+002 3.251682e+001
      vertex   -1.495979e+002 1.729250e+002 3.261052e+001
      vertex   -1.497529e+002 1.729250e+002 3.251682e+001
    endloop
  endfacet
  facet normal -4.104172e-001 0.000000e+000 9.118978e-001
    outer loop
      vertex   -1.497529e+002 1.706250e+002 3.251682e+001
      vertex   -1.497529e+002 1.729250e+002 3.251682e+001
      vertex   -1.499181e+002 1.706250e+002 3.244247e+001
    endloop
  endfacet
  facet normal -3.222228e-002 0.000000e+000 7.159405e-002
    outer loop
      vertex   -1.499181e+002 1.706250e+002 3.244247e+001
      vertex   -1.497529e+002 1.729250e+002 3.251682e+001
      vertex   -1.499181e+002 1.729250e+002 3.244247e+001
    endloop
  endfacet
  facet normal -2.974787e-001 0.000000e+000 9.547285e-001
    outer loop
      vertex   -1.499181e+002 1.706250e+002 3.244247e+001
      vertex   -1.499181e+002 1.729250e+002 3.244247e+001
      vertex   -1.500910e+002 1.706250e+002 3.238859e+001
    endloop
  endfacet
  facet normal -2.335652e-002 0.000000e+000 7.496043e-002
    outer loop
      vertex   -1.500910e+002 1.706250e+002 3.238859e+001
      vertex   -1.499181e+002 1.729250e+002 3.244247e+001
      vertex   -1.500910e+002 1.729250e+002 3.238859e+001
    endloop
  endfacet
  facet normal -1.802586e-001 0.000000e+000 9.836193e-001
    outer loop
      vertex   -1.500910e+002 1.706250e+002 3.238859e+001
      vertex   -1.500910e+002 1.729250e+002 3.238859e+001
      vertex   -1.502692e+002 1.706250e+002 3.235594e+001
    endloop
  endfacet
  facet normal -1.415182e-002 0.000000e+000 7.722238e-002
    outer loop
      vertex   -1.502692e+002 1.706250e+002 3.235594e+001
      vertex   -1.500910e+002 1.729250e+002 3.238859e+001
      vertex   -1.502692e+002 1.729250e+002 3.235594e+001
    endloop
  endfacet
  facet normal -6.037997e-002 0.000000e+000 9.981754e-001
    outer loop
      vertex   -1.502692e+002 1.706250e+002 3.235594e+001
      vertex   -1.502692e+002 1.729250e+002 3.235594e+001
      vertex   -1.504500e+002 1.706250e+002 3.234500e+001
    endloop
  endfacet
  facet normal -4.740419e-003 0.000000e+000 7.836656e-002
    outer loop
      vertex   -1.504500e+002 1.706250e+002 3.234500e+001
      vertex   -1.502692e+002 1.729250e+002 3.235594e+001
      vertex   -1.504500e+002 1.729250e+002 3.234500e+001
    endloop
  endfacet
  facet normal 6.037997e-002 -0.000000e+000 9.981754e-001
    outer loop
      vertex   -1.504500e+002 1.706250e+002 3.234500e+001
      vertex   -1.504500e+002 1.729250e+002 3.234500e+001
      vertex   -1.506308e+002 1.706250e+002 3.235594e+001
    endloop
  endfacet
  facet normal 4.740419e-003 -0.000000e+000 7.836656e-002
    outer loop
      vertex   -1.506308e+002 1.706250e+002 3.235594e+001
      vertex   -1.504500e+002 1.729250e+002 3.234500e+001
      vertex   -1.506308e+002 1.729250e+002 3.235594e+001
    endloop
  endfacet
  facet normal 1.802437e-001 -0.000000e+000 9.836220e-001
    outer loop
      vertex   -1.506308e+002 1.706250e+002 3.235594e+001
      vertex   -1.506308e+002 1.729250e+002 3.235594e+001
      vertex   -1.508090e+002 1.706250e+002 3.238859e+001
    endloop
  endfacet
  facet normal 1.415181e-002 -0.000000e+000 7.722896e-002
    outer loop
      vertex   -1.508090e+002 1.706250e+002 3.238859e+001
      vertex   -1.506308e+002 1.729250e+002 3.235594e+001
      vertex   -1.508090e+002 1.729250e+002 3.238859e+001
    endloop
  endfacet
  facet normal 2.975026e-001 -0.000000e+000 9.547210e-001
    outer loop
      vertex   -1.508090e+002 1.706250e+002 3.238859e+001
      vertex   -1.508090e+002 1.729250e+002 3.238859e+001
      vertex   -1.509819e+002 1.706250e+002 3.244247e+001
    endloop
  endfacet
  facet normal 2.335653e-002 -0.000000e+000 7.495386e-002
    outer loop
      vertex   -1.509819e+002 1.706250e+002 3.244247e+001
      vertex   -1.508090e+002 1.729250e+002 3.238859e+001
      vertex   -1.509819e+002 1.729250e+002 3.244247e+001
    endloop
  endfacet
  facet normal 4.104172e-001 -0.000000e+000 9.118978e-001
    outer loop
      vertex   -1.509819e+002 1.706250e+002 3.244247e+001
      vertex   -1.509819e+002 1.729250e+002 3.244247e+001
      vertex   -1.511471e+002 1.706250e+002 3.251682e+001
    endloop
  endfacet
  facet normal 3.222228e-002 -0.000000e+000 7.159405e-002
    outer loop
      vertex   -1.511471e+002 1.706250e+002 3.251682e+001
      vertex   -1.509819e+002 1.729250e+002 3.244247e+001
      vertex   -1.511471e+002 1.729250e+002 3.251682e+001
    endloop
  endfacet
  facet normal 5.173329e-001 -0.000000e+000 8.557842e-001
    outer loop
      vertex   -1.511471e+002 1.706250e+002 3.251682e+001
      vertex   -1.511471e+002 1.729250e+002 3.251682e+001
      vertex   -1.513021e+002 1.706250e+002 3.261052e+001
    endloop
  endfacet
  facet normal 4.061681e-002 -0.000000e+000 6.718928e-002
    outer loop
      vertex   -1.513021e+002 1.706250e+002 3.261052e+001
      vertex   -1.511471e+002 1.729250e+002 3.251682e+001
      vertex   -1.513021e+002 1.729250e+002 3.261052e+001
    endloop
  endfacet
  facet normal 6.167011e-001 -0.000000e+000 7.871974e-001
    outer loop
      vertex   -1.513021e+002 1.706250e+002 3.261052e+001
      vertex   -1.513021e+002 1.729250e+002 3.261052e+001
      vertex   -1.514447e+002 1.706250e+002 3.272223e+001
    endloop
  endfacet
  facet normal 4.841939e-002 -0.000000e+000 6.180566e-002
    outer loop
      vertex   -1.514447e+002 1.706250e+002 3.272223e+001
      vertex   -1.513021e+002 1.729250e+002 3.261052e+001
      vertex   -1.514447e+002 1.729250e+002 3.272223e+001
    endloop
  endfacet
  facet normal 7.071068e-001 -0.000000e+000 7.071068e-001
    outer loop
      vertex   -1.514447e+002 1.706250e+002 3.272223e+001
      vertex   -1.514447e+002 1.729250e+002 3.272223e+001
      vertex   -1.515728e+002 1.706250e+002 3.285032e+001
    endloop
  endfacet
  facet normal 5.551597e-002 -0.000000e+000 5.551597e-002
    outer loop
      vertex   -1.515728e+002 1.706250e+002 3.285032e+001
      vertex   -1.514447e+002 1.729250e+002 3.272223e+001
      vertex   -1.515728e+002 1.729250e+002 3.285032e+001
    endloop
  endfacet
  facet normal 7.871894e-001 -0.000000e+000 6.167114e-001
    outer loop
      vertex   -1.515728e+002 1.706250e+002 3.285032e+001
      vertex   -1.515728e+002 1.729250e+002 3.285032e+001
      vertex   -1.516845e+002 1.706250e+002 3.299290e+001
    endloop
  endfacet
  facet normal 6.180401e-002 -0.000000e+000 4.841940e-002
    outer loop
      vertex   -1.516845e+002 1.706250e+002 3.299290e+001
      vertex   -1.515728e+002 1.729250e+002 3.285032e+001
      vertex   -1.516845e+002 1.729250e+002 3.299290e+001
    endloop
  endfacet
  facet normal 8.557879e-001 -0.000000e+000 5.173268e-001
    outer loop
      vertex   -1.516845e+002 1.706250e+002 3.299290e+001
      vertex   -1.516845e+002 1.729250e+002 3.299290e+001
      vertex   -1.517782e+002 1.706250e+002 3.314791e+001
    endloop
  endfacet
  facet normal 6.718763e-002 -0.000000e+000 4.061516e-002
    outer loop
      vertex   -1.517782e+002 1.706250e+002 3.314791e+001
      vertex   -1.516845e+002 1.729250e+002 3.299290e+001
      vertex   -1.517782e+002 1.729250e+002 3.314791e+001
    endloop
  endfacet
  facet normal 9.118978e-001 -0.000000e+000 4.104172e-001
    outer loop
      vertex   -1.517782e+002 1.706250e+002 3.314791e+001
      vertex   -1.517782e+002 1.729250e+002 3.314791e+001
      vertex   -1.518525e+002 1.706250e+002 3.331309e+001
    endloop
  endfacet
  facet normal 7.159405e-002 -0.000000e+000 3.222228e-002
    outer loop
      vertex   -1.518525e+002 1.706250e+002 3.331309e+001
      vertex   -1.517782e+002 1.729250e+002 3.314791e+001
      vertex   -1.518525e+002 1.729250e+002 3.331309e+001
    endloop
  endfacet
  facet normal 9.547127e-001 -0.000000e+000 2.975290e-001
    outer loop
      vertex   -1.518525e+002 1.706250e+002 3.331309e+001
      vertex   -1.518525e+002 1.729250e+002 3.331309e+001
      vertex   -1.519064e+002 1.706250e+002 3.348603e+001
    endloop
  endfacet
  facet normal 7.495714e-002 -0.000000e+000 2.335983e-002
    outer loop
      vertex   -1.519064e+002 1.706250e+002 3.348603e+001
      vertex   -1.518525e+002 1.729250e+002 3.331309e+001
      vertex   -1.519064e+002 1.729250e+002 3.348603e+001
    endloop
  endfacet
  facet normal 9.836318e-001 -0.000000e+000 1.801900e-001
    outer loop
      vertex   -1.519064e+002 1.706250e+002 3.348603e+001
      vertex   -1.519064e+002 1.729250e+002 3.348603e+001
      vertex   -1.519391e+002 1.706250e+002 3.366420e+001
    endloop
  endfacet
  facet normal 7.722568e-002 -0.000000e+000 1.414685e-002
    outer loop
      vertex   -1.519391e+002 1.706250e+002 3.366420e+001
      vertex   -1.519064e+002 1.729250e+002 3.348603e+001
      vertex   -1.519391e+002 1.729250e+002 3.366420e+001
    endloop
  endfacet
  facet normal 9.981743e-001 -0.000000e+000 6.039969e-002
    outer loop
      vertex   -1.519391e+002 1.706250e+002 3.366420e+001
      vertex   -1.519391e+002 1.729250e+002 3.366420e+001
      vertex   -1.519500e+002 1.706250e+002 3.384500e+001
    endloop
  endfacet
  facet normal 7.836820e-002 -0.000000e+000 4.742072e-003
    outer loop
      vertex   -1.519500e+002 1.706250e+002 3.384500e+001
      vertex   -1.519391e+002 1.729250e+002 3.366420e+001
      vertex   -1.519500e+002 1.729250e+002 3.384500e+001
    endloop
  endfacet
  facet normal 9.981743e-001 0.000000e+000 -6.039969e-002
    outer loop
      vertex   -1.519500e+002 1.706250e+002 3.384500e+001
      vertex   -1.519500e+002 1.729250e+002 3.384500e+001
      vertex   -1.519391e+002 1.706250e+002 3.402581e+001
    endloop
  endfacet
  facet normal 7.836820e-002 0.000000e+000 -4.742072e-003
    outer loop
      vertex   -1.519391e+002 1.706250e+002 3.402581e+001
      vertex   -1.519500e+002 1.729250e+002 3.384500e+001
      vertex   -1.519391e+002 1.729250e+002 3.402581e+001
    endloop
  endfacet
  facet normal 9.836311e-001 0.000000e+000 -1.801937e-001
    outer loop
      vertex   -1.519391e+002 1.706250e+002 3.402581e+001
      vertex   -1.519391e+002 1.729250e+002 3.402581e+001
      vertex   -1.519064e+002 1.706250e+002 3.420397e+001
    endloop
  endfacet
  facet normal 7.722403e-002 0.000000e+000 -1.414685e-002
    outer loop
      vertex   -1.519064e+002 1.706250e+002 3.420397e+001
      vertex   -1.519391e+002 1.729250e+002 3.402581e+001
      vertex   -1.519064e+002 1.729250e+002 3.420397e+001
    endloop
  endfacet
  facet normal 9.547127e-001 0.000000e+000 -2.975290e-001
    outer loop
      vertex   -1.519064e+002 1.706250e+002 3.420397e+001
      vertex   -1.519064e+002 1.729250e+002 3.420397e+001
      vertex   -1.518525e+002 1.706250e+002 3.437691e+001
    endloop
  endfacet
  facet normal 7.495714e-002 0.000000e+000 -2.335983e-002
    outer loop
      vertex   -1.518525e+002 1.706250e+002 3.437691e+001
      vertex   -1.519064e+002 1.729250e+002 3.420397e+001
      vertex   -1.518525e+002 1.729250e+002 3.437691e+001
    endloop
  endfacet
  facet normal 9.118978e-001 0.000000e+000 -4.104172e-001
    outer loop
      vertex   -1.518525e+002 1.706250e+002 3.437691e+001
      vertex   -1.518525e+002 1.729250e+002 3.437691e+001
      vertex   -1.517782e+002 1.706250e+002 3.454208e+001
    endloop
  endfacet
  facet normal 7.159405e-002 0.000000e+000 -3.222228e-002
    outer loop
      vertex   -1.517782e+002 1.706250e+002 3.454208e+001
      vertex   -1.518525e+002 1.729250e+002 3.437691e+001
      vertex   -1.517782e+002 1.729250e+002 3.454208e+001
    endloop
  endfacet
  facet normal 8.557935e-001 0.000000e+000 -5.173175e-001
    outer loop
      vertex   -1.517782e+002 1.706250e+002 3.454208e+001
      vertex   -1.517782e+002 1.729250e+002 3.454208e+001
      vertex   -1.516845e+002 1.706250e+002 3.469710e+001
    endloop
  endfacet
  facet normal 6.718928e-002 0.000000e+000 -4.061516e-002
    outer loop
      vertex   -1.516845e+002 1.706250e+002 3.469710e+001
      vertex   -1.517782e+002 1.729250e+002 3.454208e+001
      vertex   -1.516845e+002 1.729250e+002 3.469710e+001
    endloop
  endfacet
  facet normal 7.871814e-001 0.000000e+000 -6.167216e-001
    outer loop
      vertex   -1.516845e+002 1.706250e+002 3.469710e+001
      vertex   -1.516845e+002 1.729250e+002 3.469710e+001
      vertex   -1.515728e+002 1.706250e+002 3.483968e+001
    endloop
  endfacet
  facet normal 6.180236e-002 0.000000e+000 -4.841940e-002
    outer loop
      vertex   -1.515728e+002 1.706250e+002 3.483968e+001
      vertex   -1.516845e+002 1.729250e+002 3.469710e+001
      vertex   -1.515728e+002 1.729250e+002 3.483968e+001
    endloop
  endfacet
  facet normal 7.071068e-001 0.000000e+000 -7.071068e-001
    outer loop
      vertex   -1.515728e+002 1.706250e+002 3.483968e+001
      vertex   -1.515728e+002 1.729250e+002 3.483968e+001
      vertex   -1.514447e+002 1.706250e+002 3.496777e+001
    endloop
  endfacet
  facet normal 5.551597e-002 0.000000e+000 -5.551597e-002
    outer loop
      vertex   -1.514447e+002 1.706250e+002 3.496777e+001
      vertex   -1.515728e+002 1.729250e+002 3.483968e+001
      vertex   -1.514447e+002 1.729250e+002 3.496777e+001
    endloop
  endfacet
  facet normal 6.167011e-001 0.000000e+000 -7.871974e-001
    outer loop
      vertex   -1.514447e+002 1.706250e+002 3.496777e+001
      vertex   -1.514447e+002 1.729250e+002 3.496777e+001
      vertex   -1.513021e+002 1.706250e+002 3.507948e+001
    endloop
  endfacet
  facet normal 4.841939e-002 0.000000e+000 -6.180566e-002
    outer loop
      vertex   -1.513021e+002 1.706250e+002 3.507948e+001
      vertex   -1.514447e+002 1.729250e+002 3.496777e+001
      vertex   -1.513021e+002 1.729250e+002 3.507948e+001
    endloop
  endfacet
  facet normal 5.173329e-001 0.000000e+000 -8.557842e-001
    outer loop
      vertex   -1.513021e+002 1.706250e+002 3.507948e+001
      vertex   -1.513021e+002 1.729250e+002 3.507948e+001
      vertex   -1.511471e+002 1.706250e+002 3.517318e+001
    endloop
  endfacet
  facet normal 4.061681e-002 0.000000e+000 -6.718928e-002
    outer loop
      vertex   -1.511471e+002 1.706250e+002 3.517318e+001
      vertex   -1.513021e+002 1.729250e+002 3.507948e+001
      vertex   -1.511471e+002 1.729250e+002 3.517318e+001
    endloop
  endfacet
  facet normal 4.104172e-001 0.000000e+000 -9.118978e-001
    outer loop
      vertex   -1.511471e+002 1.706250e+002 3.517318e+001
      vertex   -1.511471e+002 1.729250e+002 3.517318e+001
      vertex   -1.509819e+002 1.706250e+002 3.524752e+001
    endloop
  endfacet
  facet normal 3.222228e-002 0.000000e+000 -7.159405e-002
    outer loop
      vertex   -1.509819e+002 1.706250e+002 3.524752e+001
      vertex   -1.511471e+002 1.729250e+002 3.517318e+001
      vertex   -1.509819e+002 1.729250e+002 3.524752e+001
    endloop
  endfacet
  facet normal 2.975218e-001 0.000000e+000 -9.547150e-001
    outer loop
      vertex   -1.509819e+002 1.706250e+002 3.524752e+001
      vertex   -1.509819e+002 1.729250e+002 3.524752e+001
      vertex   -1.508090e+002 1.706250e+002 3.530141e+001
    endloop
  endfacet
  facet normal 2.335818e-002 0.000000e+000 -7.495385e-002
    outer loop
      vertex   -1.508090e+002 1.706250e+002 3.530141e+001
      vertex   -1.509819e+002 1.729250e+002 3.524752e+001
      vertex   -1.508090e+002 1.729250e+002 3.530141e+001
    endloop
  endfacet
  facet normal 1.802437e-001 0.000000e+000 -9.836220e-001
    outer loop
      vertex   -1.508090e+002 1.706250e+002 3.530141e+001
      vertex   -1.508090e+002 1.729250e+002 3.530141e+001
      vertex   -1.506308e+002 1.706250e+002 3.533406e+001
    endloop
  endfacet
  facet normal 1.415181e-002 0.000000e+000 -7.722896e-002
    outer loop
      vertex   -1.506308e+002 1.706250e+002 3.533406e+001
      vertex   -1.508090e+002 1.729250e+002 3.530141e+001
      vertex   -1.506308e+002 1.729250e+002 3.533406e+001
    endloop
  endfacet
  facet normal -6.037997e-002 -0.000000e+000 -9.981754e-001
    outer loop
      vertex   -1.502692e+002 1.748250e+002 3.533406e+001
      vertex   -1.502692e+002 1.729250e+002 3.533406e+001
      vertex   -1.504500e+002 1.748250e+002 3.534500e+001
    endloop
  endfacet
  facet normal -5.730215e-003 -0.000000e+000 -9.472944e-002
    outer loop
      vertex   -1.504500e+002 1.748250e+002 3.534500e+001
      vertex   -1.502692e+002 1.729250e+002 3.533406e+001
      vertex   -1.504500e+002 1.729250e+002 3.534500e+001
    endloop
  endfacet
  facet normal 6.037997e-002 0.000000e+000 -9.981754e-001
    outer loop
      vertex   -1.504500e+002 1.748250e+002 3.534500e+001
      vertex   -1.504500e+002 1.729250e+002 3.534500e+001
      vertex   -1.506308e+002 1.748250e+002 3.533406e+001
    endloop
  endfacet
  facet normal 5.730215e-003 0.000000e+000 -9.472944e-002
    outer loop
      vertex   -1.506308e+002 1.748250e+002 3.533406e+001
      vertex   -1.504500e+002 1.729250e+002 3.534500e+001
      vertex   -1.506308e+002 1.729250e+002 3.533406e+001
    endloop
  endfacet
  facet normal 1.802437e-001 0.000000e+000 -9.836220e-001
    outer loop
      vertex   -1.506308e+002 1.748250e+002 3.533406e+001
      vertex   -1.506308e+002 1.729250e+002 3.533406e+001
      vertex   -1.508090e+002 1.748250e+002 3.530141e+001
    endloop
  endfacet
  facet normal 1.710669e-002 0.000000e+000 -9.335429e-002
    outer loop
      vertex   -1.508090e+002 1.748250e+002 3.530141e+001
      vertex   -1.506308e+002 1.729250e+002 3.533406e+001
      vertex   -1.508090e+002 1.729250e+002 3.530141e+001
    endloop
  endfacet
  facet normal 2.975218e-001 0.000000e+000 -9.547150e-001
    outer loop
      vertex   -1.508090e+002 1.748250e+002 3.530141e+001
      vertex   -1.508090e+002 1.729250e+002 3.530141e+001
      vertex   -1.509819e+002 1.748250e+002 3.524752e+001
    endloop
  endfacet
  facet normal 2.823536e-002 0.000000e+000 -9.060417e-002
    outer loop
      vertex   -1.509819e+002 1.748250e+002 3.524752e+001
      vertex   -1.508090e+002 1.729250e+002 3.530141e+001
      vertex   -1.509819e+002 1.729250e+002 3.524752e+001
    endloop
  endfacet
  facet normal 4.104172e-001 0.000000e+000 -9.118978e-001
    outer loop
      vertex   -1.509819e+002 1.748250e+002 3.524752e+001
      vertex   -1.509819e+002 1.729250e+002 3.524752e+001
      vertex   -1.511471e+002 1.748250e+002 3.517318e+001
    endloop
  endfacet
  facet normal 3.895027e-002 0.000000e+000 -8.654283e-002
    outer loop
      vertex   -1.511471e+002 1.748250e+002 3.517318e+001
      vertex   -1.509819e+002 1.729250e+002 3.524752e+001
      vertex   -1.511471e+002 1.729250e+002 3.517318e+001
    endloop
  endfacet
  facet normal 5.173329e-001 0.000000e+000 -8.557842e-001
    outer loop
      vertex   -1.511471e+002 1.748250e+002 3.517318e+001
      vertex   -1.511471e+002 1.729250e+002 3.517318e+001
      vertex   -1.513021e+002 1.748250e+002 3.507948e+001
    endloop
  endfacet
  facet normal 4.909756e-002 0.000000e+000 -8.121834e-002
    outer loop
      vertex   -1.513021e+002 1.748250e+002 3.507948e+001
      vertex   -1.511471e+002 1.729250e+002 3.517318e+001
      vertex   -1.513021e+002 1.729250e+002 3.507948e+001
    endloop
  endfacet
  facet normal 6.167011e-001 0.000000e+000 -7.871974e-001
    outer loop
      vertex   -1.513021e+002 1.748250e+002 3.507948e+001
      vertex   -1.513021e+002 1.729250e+002 3.507948e+001
      vertex   -1.514447e+002 1.748250e+002 3.496777e+001
    endloop
  endfacet
  facet normal 5.852932e-002 0.000000e+000 -7.471063e-002
    outer loop
      vertex   -1.514447e+002 1.748250e+002 3.496777e+001
      vertex   -1.513021e+002 1.729250e+002 3.507948e+001
      vertex   -1.514447e+002 1.729250e+002 3.496777e+001
    endloop
  endfacet
  facet normal 7.071068e-001 0.000000e+000 -7.071068e-001
    outer loop
      vertex   -1.514447e+002 1.748250e+002 3.496777e+001
      vertex   -1.514447e+002 1.729250e+002 3.496777e+001
      vertex   -1.515728e+002 1.748250e+002 3.483968e+001
    endloop
  endfacet
  facet normal 6.710767e-002 0.000000e+000 -6.710767e-002
    outer loop
      vertex   -1.515728e+002 1.748250e+002 3.483968e+001
      vertex   -1.514447e+002 1.729250e+002 3.496777e+001
      vertex   -1.515728e+002 1.729250e+002 3.483968e+001
    endloop
  endfacet
  facet normal 7.871814e-001 0.000000e+000 -6.167216e-001
    outer loop
      vertex   -1.515728e+002 1.748250e+002 3.483968e+001
      vertex   -1.515728e+002 1.729250e+002 3.483968e+001
      vertex   -1.516845e+002 1.748250e+002 3.469710e+001
    endloop
  endfacet
  facet normal 7.470665e-002 0.000000e+000 -5.852934e-002
    outer loop
      vertex   -1.516845e+002 1.748250e+002 3.469710e+001
      vertex   -1.515728e+002 1.729250e+002 3.483968e+001
      vertex   -1.516845e+002 1.729250e+002 3.469710e+001
    endloop
  endfacet
  facet normal 8.557935e-001 0.000000e+000 -5.173175e-001
    outer loop
      vertex   -1.516845e+002 1.748250e+002 3.469710e+001
      vertex   -1.516845e+002 1.729250e+002 3.469710e+001
      vertex   -1.517782e+002 1.748250e+002 3.454208e+001
    endloop
  endfacet
  facet normal 8.121835e-002 0.000000e+000 -4.909557e-002
    outer loop
      vertex   -1.517782e+002 1.748250e+002 3.454208e+001
      vertex   -1.516845e+002 1.729250e+002 3.469710e+001
      vertex   -1.517782e+002 1.729250e+002 3.454208e+001
    endloop
  endfacet
  facet normal 9.118978e-001 0.000000e+000 -4.104172e-001
    outer loop
      vertex   -1.517782e+002 1.748250e+002 3.454208e+001
      vertex   -1.517782e+002 1.729250e+002 3.454208e+001
      vertex   -1.518525e+002 1.748250e+002 3.437691e+001
    endloop
  endfacet
  facet normal 8.654283e-002 0.000000e+000 -3.895027e-002
    outer loop
      vertex   -1.518525e+002 1.748250e+002 3.437691e+001
      vertex   -1.517782e+002 1.729250e+002 3.454208e+001
      vertex   -1.518525e+002 1.729250e+002 3.437691e+001
    endloop
  endfacet
  facet normal 9.547127e-001 0.000000e+000 -2.975290e-001
    outer loop
      vertex   -1.518525e+002 1.748250e+002 3.437691e+001
      vertex   -1.518525e+002 1.729250e+002 3.437691e+001
      vertex   -1.519064e+002 1.748250e+002 3.420397e+001
    endloop
  endfacet
  facet normal 9.060813e-002 0.000000e+000 -2.823734e-002
    outer loop
      vertex   -1.519064e+002 1.748250e+002 3.420397e+001
      vertex   -1.518525e+002 1.729250e+002 3.437691e+001
      vertex   -1.519064e+002 1.729250e+002 3.420397e+001
    endloop
  endfacet
  facet normal 9.836311e-001 0.000000e+000 -1.801937e-001
    outer loop
      vertex   -1.519064e+002 1.748250e+002 3.420397e+001
      vertex   -1.519064e+002 1.729250e+002 3.420397e+001
      vertex   -1.519391e+002 1.748250e+002 3.402581e+001
    endloop
  endfacet
  facet normal 9.334836e-002 0.000000e+000 -1.710071e-002
    outer loop
      vertex   -1.519391e+002 1.748250e+002 3.402581e+001
      vertex   -1.519064e+002 1.729250e+002 3.420397e+001
      vertex   -1.519391e+002 1.729250e+002 3.402581e+001
    endloop
  endfacet
  facet normal 9.981743e-001 0.000000e+000 -6.039969e-002
    outer loop
      vertex   -1.519391e+002 1.748250e+002 3.402581e+001
      vertex   -1.519391e+002 1.729250e+002 3.402581e+001
      vertex   -1.519500e+002 1.748250e+002 3.384500e+001
    endloop
  endfacet
  facet normal 9.473142e-002 0.000000e+000 -5.732213e-003
    outer loop
      vertex   -1.519500e+002 1.748250e+002 3.384500e+001
      vertex   -1.519391e+002 1.729250e+002 3.402581e+001
      vertex   -1.519500e+002 1.729250e+002 3.384500e+001
    endloop
  endfacet
  facet normal 9.981743e-001 0.000000e+000 6.039969e-002
    outer loop
      vertex   -1.519500e+002 1.748250e+002 3.384500e+001
      vertex   -1.519500e+002 1.729250e+002 3.384500e+001
      vertex   -1.519391e+002 1.748250e+002 3.366420e+001
    endloop
  endfacet
  facet normal 9.473142e-002 0.000000e+000 5.732213e-003
    outer loop
      vertex   -1.519391e+002 1.748250e+002 3.366420e+001
      vertex   -1.519500e+002 1.729250e+002 3.384500e+001
      vertex   -1.519391e+002 1.729250e+002 3.366420e+001
    endloop
  endfacet
  facet normal 9.836318e-001 0.000000e+000 1.801900e-001
    outer loop
      vertex   -1.519391e+002 1.748250e+002 3.366420e+001
      vertex   -1.519391e+002 1.729250e+002 3.366420e+001
      vertex   -1.519064e+002 1.748250e+002 3.348603e+001
    endloop
  endfacet
  facet normal 9.335034e-002 0.000000e+000 1.710070e-002
    outer loop
      vertex   -1.519064e+002 1.748250e+002 3.348603e+001
      vertex   -1.519391e+002 1.729250e+002 3.366420e+001
      vertex   -1.519064e+002 1.729250e+002 3.348603e+001
    endloop
  endfacet
  facet normal 9.547127e-001 0.000000e+000 2.975290e-001
    outer loop
      vertex   -1.519064e+002 1.748250e+002 3.348603e+001
      vertex   -1.519064e+002 1.729250e+002 3.348603e+001
      vertex   -1.518525e+002 1.748250e+002 3.331309e+001
    endloop
  endfacet
  facet normal 9.060813e-002 0.000000e+000 2.823734e-002
    outer loop
      vertex   -1.518525e+002 1.748250e+002 3.331309e+001
      vertex   -1.519064e+002 1.729250e+002 3.348603e+001
      vertex   -1.518525e+002 1.729250e+002 3.331309e+001
    endloop
  endfacet
  facet normal 9.118978e-001 0.000000e+000 4.104172e-001
    outer loop
      vertex   -1.518525e+002 1.748250e+002 3.331309e+001
      vertex   -1.518525e+002 1.729250e+002 3.331309e+001
      vertex   -1.517782e+002 1.748250e+002 3.314791e+001
    endloop
  endfacet
  facet normal 8.654283e-002 0.000000e+000 3.895027e-002
    outer loop
      vertex   -1.517782e+002 1.748250e+002 3.314791e+001
      vertex   -1.518525e+002 1.729250e+002 3.331309e+001
      vertex   -1.517782e+002 1.729250e+002 3.314791e+001
    endloop
  endfacet
  facet normal 8.557879e-001 0.000000e+000 5.173268e-001
    outer loop
      vertex   -1.517782e+002 1.748250e+002 3.314791e+001
      vertex   -1.517782e+002 1.729250e+002 3.314791e+001
      vertex   -1.516845e+002 1.748250e+002 3.299290e+001
    endloop
  endfacet
  facet normal 8.121637e-002 0.000000e+000 4.909558e-002
    outer loop
      vertex   -1.516845e+002 1.748250e+002 3.299290e+001
      vertex   -1.517782e+002 1.729250e+002 3.314791e+001
      vertex   -1.516845e+002 1.729250e+002 3.299290e+001
    endloop
  endfacet
  facet normal 7.871894e-001 0.000000e+000 6.167114e-001
    outer loop
      vertex   -1.516845e+002 1.748250e+002 3.299290e+001
      vertex   -1.516845e+002 1.729250e+002 3.299290e+001
      vertex   -1.515728e+002 1.748250e+002 3.285032e+001
    endloop
  endfacet
  facet normal 7.470864e-002 0.000000e+000 5.852933e-002
    outer loop
      vertex   -1.515728e+002 1.748250e+002 3.285032e+001
      vertex   -1.516845e+002 1.729250e+002 3.299290e+001
      vertex   -1.515728e+002 1.729250e+002 3.285032e+001
    endloop
  endfacet
  facet normal 7.071068e-001 0.000000e+000 7.071068e-001
    outer loop
      vertex   -1.515728e+002 1.748250e+002 3.285032e+001
      vertex   -1.515728e+002 1.729250e+002 3.285032e+001
      vertex   -1.514447e+002 1.748250e+002 3.272223e+001
    endloop
  endfacet
  facet normal 6.710767e-002 0.000000e+000 6.710767e-002
    outer loop
      vertex   -1.514447e+002 1.748250e+002 3.272223e+001
      vertex   -1.515728e+002 1.729250e+002 3.285032e+001
      vertex   -1.514447e+002 1.729250e+002 3.272223e+001
    endloop
  endfacet
  facet normal 6.167011e-001 0.000000e+000 7.871974e-001
    outer loop
      vertex   -1.514447e+002 1.748250e+002 3.272223e+001
      vertex   -1.514447e+002 1.729250e+002 3.272223e+001
      vertex   -1.513021e+002 1.748250e+002 3.261052e+001
    endloop
  endfacet
  facet normal 5.852932e-002 0.000000e+000 7.471063e-002
    outer loop
      vertex   -1.513021e+002 1.748250e+002 3.261052e+001
      vertex   -1.514447e+002 1.729250e+002 3.272223e+001
      vertex   -1.513021e+002 1.729250e+002 3.261052e+001
    endloop
  endfacet
  facet normal 5.173329e-001 0.000000e+000 8.557842e-001
    outer loop
      vertex   -1.513021e+002 1.748250e+002 3.261052e+001
      vertex   -1.513021e+002 1.729250e+002 3.261052e+001
      vertex   -1.511471e+002 1.748250e+002 3.251682e+001
    endloop
  endfacet
  facet normal 4.909756e-002 0.000000e+000 8.121834e-002
    outer loop
      vertex   -1.511471e+002 1.748250e+002 3.251682e+001
      vertex   -1.513021e+002 1.729250e+002 3.261052e+001
      vertex   -1.511471e+002 1.729250e+002 3.251682e+001
    endloop
  endfacet
  facet normal 4.104172e-001 0.000000e+000 9.118978e-001
    outer loop
      vertex   -1.511471e+002 1.748250e+002 3.251682e+001
      vertex   -1.511471e+002 1.729250e+002 3.251682e+001
      vertex   -1.509819e+002 1.748250e+002 3.244247e+001
    endloop
  endfacet
  facet normal 3.895027e-002 0.000000e+000 8.654283e-002
    outer loop
      vertex   -1.509819e+002 1.748250e+002 3.244247e+001
      vertex   -1.511471e+002 1.729250e+002 3.251682e+001
      vertex   -1.509819e+002 1.729250e+002 3.244247e+001
    endloop
  endfacet
  facet normal 2.975026e-001 0.000000e+000 9.547210e-001
    outer loop
      vertex   -1.509819e+002 1.748250e+002 3.244247e+001
      vertex   -1.509819e+002 1.729250e+002 3.244247e+001
      vertex   -1.508090e+002 1.748250e+002 3.238859e+001
    endloop
  endfacet
  facet normal 2.823336e-002 0.000000e+000 9.060418e-002
    outer loop
      vertex   -1.508090e+002 1.748250e+002 3.238859e+001
      vertex   -1.509819e+002 1.729250e+002 3.244247e+001
      vertex   -1.508090e+002 1.729250e+002 3.238859e+001
    endloop
  endfacet
  facet normal 1.802437e-001 0.000000e+000 9.836220e-001
    outer loop
      vertex   -1.508090e+002 1.748250e+002 3.238859e+001
      vertex   -1.508090e+002 1.729250e+002 3.238859e+001
      vertex   -1.506308e+002 1.748250e+002 3.235594e+001
    endloop
  endfacet
  facet normal 1.710669e-002 0.000000e+000 9.335429e-002
    outer loop
      vertex   -1.506308e+002 1.748250e+002 3.235594e+001
      vertex   -1.508090e+002 1.729250e+002 3.238859e+001
      vertex   -1.506308e+002 1.729250e+002 3.235594e+001
    endloop
  endfacet
  facet normal 6.037997e-002 0.000000e+000 9.981754e-001
    outer loop
      vertex   -1.506308e+002 1.748250e+002 3.235594e+001
      vertex   -1.506308e+002 1.729250e+002 3.235594e+001
      vertex   -1.504500e+002 1.748250e+002 3.234500e+001
    endloop
  endfacet
  facet normal 5.730215e-003 0.000000e+000 9.472944e-002
    outer loop
      vertex   -1.504500e+002 1.748250e+002 3.234500e+001
      vertex   -1.506308e+002 1.729250e+002 3.235594e+001
      vertex   -1.504500e+002 1.729250e+002 3.234500e+001
    endloop
  endfacet
  facet normal -6.037997e-002 0.000000e+000 9.981754e-001
    outer loop
      vertex   -1.504500e+002 1.748250e+002 3.234500e+001
      vertex   -1.504500e+002 1.729250e+002 3.234500e+001
      vertex   -1.502692e+002 1.748250e+002 3.235594e+001
    endloop
  endfacet
  facet normal -5.730215e-003 0.000000e+000 9.472944e-002
    outer loop
      vertex   -1.502692e+002 1.748250e+002 3.235594e+001
      vertex   -1.504500e+002 1.729250e+002 3.234500e+001
      vertex   -1.502692e+002 1.729250e+002 3.235594e+001
    endloop
  endfacet
  facet normal -1.802586e-001 0.000000e+000 9.836193e-001
    outer loop
      vertex   -1.502692e+002 1.748250e+002 3.235594e+001
      vertex   -1.502692e+002 1.729250e+002 3.235594e+001
      vertex   -1.500910e+002 1.748250e+002 3.238859e+001
    endloop
  endfacet
  facet normal -1.710670e-002 0.000000e+000 9.334636e-002
    outer loop
      vertex   -1.500910e+002 1.748250e+002 3.238859e+001
      vertex   -1.502692e+002 1.729250e+002 3.235594e+001
      vertex   -1.500910e+002 1.729250e+002 3.238859e+001
    endloop
  endfacet
  facet normal -2.974787e-001 0.000000e+000 9.547285e-001
    outer loop
      vertex   -1.500910e+002 1.748250e+002 3.238859e+001
      vertex   -1.500910e+002 1.729250e+002 3.238859e+001
      vertex   -1.499181e+002 1.748250e+002 3.244247e+001
    endloop
  endfacet
  facet normal -2.823334e-002 0.000000e+000 9.061211e-002
    outer loop
      vertex   -1.499181e+002 1.748250e+002 3.244247e+001
      vertex   -1.500910e+002 1.729250e+002 3.238859e+001
      vertex   -1.499181e+002 1.729250e+002 3.244247e+001
    endloop
  endfacet
  facet normal -4.104172e-001 0.000000e+000 9.118978e-001
    outer loop
      vertex   -1.499181e+002 1.748250e+002 3.244247e+001
      vertex   -1.499181e+002 1.729250e+002 3.244247e+001
      vertex   -1.497529e+002 1.748250e+002 3.251682e+001
    endloop
  endfacet
  facet normal -3.895027e-002 0.000000e+000 8.654283e-002
    outer loop
      vertex   -1.497529e+002 1.748250e+002 3.251682e+001
      vertex   -1.499181e+002 1.729250e+002 3.244247e+001
      vertex   -1.497529e+002 1.729250e+002 3.251682e+001
    endloop
  endfacet
  facet normal -5.173329e-001 0.000000e+000 8.557842e-001
    outer loop
      vertex   -1.497529e+002 1.748250e+002 3.251682e+001
      vertex   -1.497529e+002 1.729250e+002 3.251682e+001
      vertex   -1.495979e+002 1.748250e+002 3.261052e+001
    endloop
  endfacet
  facet normal -4.909756e-002 0.000000e+000 8.121834e-002
    outer loop
      vertex   -1.495979e+002 1.748250e+002 3.261052e+001
      vertex   -1.497529e+002 1.729250e+002 3.251682e+001
      vertex   -1.495979e+002 1.729250e+002 3.261052e+001
    endloop
  endfacet
  facet normal -6.167420e-001 0.000000e+000 7.871653e-001
    outer loop
      vertex   -1.495979e+002 1.748250e+002 3.261052e+001
      vertex   -1.495979e+002 1.729250e+002 3.261052e+001
      vertex   -1.494553e+002 1.748250e+002 3.272223e+001
    endloop
  endfacet
  facet normal -5.852935e-002 0.000000e+000 7.470268e-002
    outer loop
      vertex   -1.494553e+002 1.748250e+002 3.272223e+001
      vertex   -1.495979e+002 1.729250e+002 3.261052e+001
      vertex   -1.494553e+002 1.729250e+002 3.272223e+001
    endloop
  endfacet
  facet normal -7.071068e-001 0.000000e+000 7.071068e-001
    outer loop
      vertex   -1.494553e+002 1.748250e+002 3.272223e+001
      vertex   -1.494553e+002 1.729250e+002 3.272223e+001
      vertex   -1.493272e+002 1.748250e+002 3.285032e+001
    endloop
  endfacet
  facet normal -6.710767e-002 0.000000e+000 6.710767e-002
    outer loop
      vertex   -1.493272e+002 1.748250e+002 3.285032e+001
      vertex   -1.494553e+002 1.729250e+002 3.272223e+001
      vertex   -1.493272e+002 1.729250e+002 3.285032e+001
    endloop
  endfacet
  facet normal -7.871894e-001 0.000000e+000 6.167114e-001
    outer loop
      vertex   -1.493272e+002 1.748250e+002 3.285032e+001
      vertex   -1.493272e+002 1.729250e+002 3.285032e+001
      vertex   -1.492155e+002 1.748250e+002 3.299290e+001
    endloop
  endfacet
  facet normal -7.470864e-002 0.000000e+000 5.852933e-002
    outer loop
      vertex   -1.492155e+002 1.748250e+002 3.299290e+001
      vertex   -1.493272e+002 1.729250e+002 3.285032e+001
      vertex   -1.492155e+002 1.729250e+002 3.299290e+001
    endloop
  endfacet
  facet normal -8.557506e-001 0.000000e+000 5.173885e-001
    outer loop
      vertex   -1.492155e+002 1.748250e+002 3.299290e+001
      vertex   -1.492155e+002 1.729250e+002 3.299290e+001
      vertex   -1.491218e+002 1.748250e+002 3.314791e+001
    endloop
  endfacet
  facet normal -8.121634e-002 0.000000e+000 4.910355e-002
    outer loop
      vertex   -1.491218e+002 1.748250e+002 3.314791e+001
      vertex   -1.492155e+002 1.729250e+002 3.299290e+001
      vertex   -1.491218e+002 1.729250e+002 3.314791e+001
    endloop
  endfacet
  facet normal -9.118978e-001 0.000000e+000 4.104172e-001
    outer loop
      vertex   -1.491218e+002 1.748250e+002 3.314791e+001
      vertex   -1.491218e+002 1.729250e+002 3.314791e+001
      vertex   -1.490475e+002 1.748250e+002 3.331309e+001
    endloop
  endfacet
  facet normal -8.654283e-002 0.000000e+000 3.895027e-002
    outer loop
      vertex   -1.490475e+002 1.748250e+002 3.331309e+001
      vertex   -1.491218e+002 1.729250e+002 3.314791e+001
      vertex   -1.490475e+002 1.729250e+002 3.331309e+001
    endloop
  endfacet
  facet normal -9.547367e-001 0.000000e+000 2.974523e-001
    outer loop
      vertex   -1.490475e+002 1.748250e+002 3.331309e+001
      vertex   -1.490475e+002 1.729250e+002 3.331309e+001
      vertex   -1.489936e+002 1.748250e+002 3.348603e+001
    endloop
  endfacet
  facet normal -9.060815e-002 0.000000e+000 2.822935e-002
    outer loop
      vertex   -1.489936e+002 1.748250e+002 3.348603e+001
      vertex   -1.490475e+002 1.729250e+002 3.331309e+001
      vertex   -1.489936e+002 1.729250e+002 3.348603e+001
    endloop
  endfacet
  facet normal -9.836169e-001 0.000000e+000 1.802715e-001
    outer loop
      vertex   -1.489936e+002 1.748250e+002 3.348603e+001
      vertex   -1.489936e+002 1.729250e+002 3.348603e+001
      vertex   -1.489609e+002 1.748250e+002 3.366420e+001
    endloop
  endfacet
  facet normal -9.335033e-002 0.000000e+000 1.710870e-002
    outer loop
      vertex   -1.489609e+002 1.748250e+002 3.366420e+001
      vertex   -1.489936e+002 1.729250e+002 3.348603e+001
      vertex   -1.489609e+002 1.729250e+002 3.366420e+001
    endloop
  endfacet
  facet normal -9.981743e-001 0.000000e+000 6.039969e-002
    outer loop
      vertex   -1.489609e+002 1.748250e+002 3.366420e+001
      vertex   -1.489609e+002 1.729250e+002 3.366420e+001
      vertex   -1.489500e+002 1.748250e+002 3.384500e+001
    endloop
  endfacet
  facet normal -9.473142e-002 0.000000e+000 5.732213e-003
    outer loop
      vertex   -1.489500e+002 1.748250e+002 3.384500e+001
      vertex   -1.489609e+002 1.729250e+002 3.366420e+001
      vertex   -1.489500e+002 1.729250e+002 3.384500e+001
    endloop
  endfacet
  facet normal -9.981743e-001 -0.000000e+000 -6.039969e-002
    outer loop
      vertex   -1.489500e+002 1.748250e+002 3.384500e+001
      vertex   -1.489500e+002 1.729250e+002 3.384500e+001
      vertex   -1.489609e+002 1.748250e+002 3.402581e+001
    endloop
  endfacet
  facet normal -9.473142e-002 -0.000000e+000 -5.732213e-003
    outer loop
      vertex   -1.489609e+002 1.748250e+002 3.402581e+001
      vertex   -1.489500e+002 1.729250e+002 3.384500e+001
      vertex   -1.489609e+002 1.729250e+002 3.402581e+001
    endloop
  endfacet
  facet normal -9.836162e-001 -0.000000e+000 -1.802752e-001
    outer loop
      vertex   -1.489609e+002 1.748250e+002 3.402581e+001
      vertex   -1.489609e+002 1.729250e+002 3.402581e+001
      vertex   -1.489936e+002 1.748250e+002 3.420397e+001
    endloop
  endfacet
  facet normal -9.334835e-002 -0.000000e+000 -1.710870e-002
    outer loop
      vertex   -1.489936e+002 1.748250e+002 3.420397e+001
      vertex   -1.489609e+002 1.729250e+002 3.402581e+001
      vertex   -1.489936e+002 1.729250e+002 3.420397e+001
    endloop
  endfacet
  facet normal -9.547367e-001 -0.000000e+000 -2.974523e-001
    outer loop
      vertex   -1.489936e+002 1.748250e+002 3.420397e+001
      vertex   -1.489936e+002 1.729250e+002 3.420397e+001
      vertex   -1.490475e+002 1.748250e+002 3.437691e+001
    endloop
  endfacet
  facet normal -9.060815e-002 -0.000000e+000 -2.822935e-002
    outer loop
      vertex   -1.490475e+002 1.748250e+002 3.437691e+001
      vertex   -1.489936e+002 1.729250e+002 3.420397e+001
      vertex   -1.490475e+002 1.729250e+002 3.437691e+001
    endloop
  endfacet
  facet normal -9.118978e-001 -0.000000e+000 -4.104172e-001
    outer loop
      vertex   -1.490475e+002 1.748250e+002 3.437691e+001
      vertex   -1.490475e+002 1.729250e+002 3.437691e+001
      vertex   -1.491218e+002 1.748250e+002 3.454208e+001
    endloop
  endfacet
  facet normal -8.654283e-002 -0.000000e+000 -3.895027e-002
    outer loop
      vertex   -1.491218e+002 1.748250e+002 3.454208e+001
      vertex   -1.490475e+002 1.729250e+002 3.437691e+001
      vertex   -1.491218e+002 1.729250e+002 3.454208e+001
    endloop
  endfacet
  facet normal -8.557563e-001 -0.000000e+000 -5.173792e-001
    outer loop
      vertex   -1.491218e+002 1.748250e+002 3.454208e+001
      vertex   -1.491218e+002 1.729250e+002 3.454208e+001
      vertex   -1.492155e+002 1.748250e+002 3.469710e+001
    endloop
  endfacet
  facet normal -8.121832e-002 -0.000000e+000 -4.910354e-002
    outer loop
      vertex   -1.492155e+002 1.748250e+002 3.469710e+001
      vertex   -1.491218e+002 1.729250e+002 3.454208e+001
      vertex   -1.492155e+002 1.729250e+002 3.469710e+001
    endloop
  endfacet
  facet normal -7.871814e-001 -0.000000e+000 -6.167216e-001
    outer loop
      vertex   -1.492155e+002 1.748250e+002 3.469710e+001
      vertex   -1.492155e+002 1.729250e+002 3.469710e+001
      vertex   -1.493272e+002 1.748250e+002 3.483968e+001
    endloop
  endfacet
  facet normal -7.470665e-002 -0.000000e+000 -5.852934e-002
    outer loop
      vertex   -1.493272e+002 1.748250e+002 3.483968e+001
      vertex   -1.492155e+002 1.729250e+002 3.469710e+001
      vertex   -1.493272e+002 1.729250e+002 3.483968e+001
    endloop
  endfacet
  facet normal -7.071068e-001 -0.000000e+000 -7.071068e-001
    outer loop
      vertex   -1.493272e+002 1.748250e+002 3.483968e+001
      vertex   -1.493272e+002 1.729250e+002 3.483968e+001
      vertex   -1.494553e+002 1.748250e+002 3.496777e+001
    endloop
  endfacet
  facet normal -6.710767e-002 -0.000000e+000 -6.710767e-002
    outer loop
      vertex   -1.494553e+002 1.748250e+002 3.496777e+001
      vertex   -1.493272e+002 1.729250e+002 3.483968e+001
      vertex   -1.494553e+002 1.729250e+002 3.496777e+001
    endloop
  endfacet
  facet normal -6.167420e-001 -0.000000e+000 -7.871653e-001
    outer loop
      vertex   -1.494553e+002 1.748250e+002 3.496777e+001
      vertex   -1.494553e+002 1.729250e+002 3.496777e+001
      vertex   -1.495979e+002 1.748250e+002 3.507948e+001
    endloop
  endfacet
  facet normal -5.852935e-002 -0.000000e+000 -7.470268e-002
    outer loop
      vertex   -1.495979e+002 1.748250e+002 3.507948e+001
      vertex   -1.494553e+002 1.729250e+002 3.496777e+001
      vertex   -1.495979e+002 1.729250e+002 3.507948e+001
    endloop
  endfacet
  facet normal -5.173329e-001 -0.000000e+000 -8.557842e-001
    outer loop
      vertex   -1.495979e+002 1.748250e+002 3.507948e+001
      vertex   -1.495979e+002 1.729250e+002 3.507948e+001
      vertex   -1.497529e+002 1.748250e+002 3.517318e+001
    endloop
  endfacet
  facet normal -4.909756e-002 -0.000000e+000 -8.121834e-002
    outer loop
      vertex   -1.497529e+002 1.748250e+002 3.517318e+001
      vertex   -1.495979e+002 1.729250e+002 3.507948e+001
      vertex   -1.497529e+002 1.729250e+002 3.517318e+001
    endloop
  endfacet
  facet normal -4.104172e-001 -0.000000e+000 -9.118978e-001
    outer loop
      vertex   -1.497529e+002 1.748250e+002 3.517318e+001
      vertex   -1.497529e+002 1.729250e+002 3.517318e+001
      vertex   -1.499181e+002 1.748250e+002 3.524752e+001
    endloop
  endfacet
  facet normal -3.895027e-002 -0.000000e+000 -8.654283e-002
    outer loop
      vertex   -1.499181e+002 1.748250e+002 3.524752e+001
      vertex   -1.497529e+002 1.729250e+002 3.517318e+001
      vertex   -1.499181e+002 1.729250e+002 3.524752e+001
    endloop
  endfacet
  facet normal -2.974979e-001 -0.000000e+000 -9.547225e-001
    outer loop
      vertex   -1.499181e+002 1.748250e+002 3.524752e+001
      vertex   -1.499181e+002 1.729250e+002 3.524752e+001
      vertex   -1.500910e+002 1.748250e+002 3.530141e+001
    endloop
  endfacet
  facet normal -2.823533e-002 -0.000000e+000 -9.061210e-002
    outer loop
      vertex   -1.500910e+002 1.748250e+002 3.530141e+001
      vertex   -1.499181e+002 1.729250e+002 3.524752e+001
      vertex   -1.500910e+002 1.729250e+002 3.530141e+001
    endloop
  endfacet
  facet normal -1.802586e-001 -0.000000e+000 -9.836193e-001
    outer loop
      vertex   -1.500910e+002 1.748250e+002 3.530141e+001
      vertex   -1.500910e+002 1.729250e+002 3.530141e+001
      vertex   -1.502692e+002 1.748250e+002 3.533406e+001
    endloop
  endfacet
  facet normal -1.710670e-002 -0.000000e+000 -9.334636e-002
    outer loop
      vertex   -1.502692e+002 1.748250e+002 3.533406e+001
      vertex   -1.500910e+002 1.729250e+002 3.530141e+001
      vertex   -1.502692e+002 1.729250e+002 3.533406e+001
    endloop
  endfacet
  facet normal -6.037997e-002 0.000000e+000 9.981754e-001
    outer loop
      vertex   -1.779692e+002 1.706250e+002 3.235594e+001
      vertex   -1.779692e+002 1.736750e+002 3.235594e+001
      vertex   -1.781500e+002 1.706250e+002 3.234500e+001
    endloop
  endfacet
  facet normal -3.579505e-003 0.000000e+000 5.917483e-002
    outer loop
      vertex   -1.781500e+002 1.706250e+002 3.234500e+001
      vertex   -1.779692e+002 1.736750e+002 3.235594e+001
      vertex   -1.781500e+002 1.736750e+002 3.234500e+001
    endloop
  endfacet
  facet normal 6.037489e-002 -0.000000e+000 9.981758e-001
    outer loop
      vertex   -1.781500e+002 1.706250e+002 3.234500e+001
      vertex   -1.781500e+002 1.736750e+002 3.234500e+001
      vertex   -1.783308e+002 1.706250e+002 3.235594e+001
    endloop
  endfacet
  facet normal 3.579504e-003 -0.000000e+000 5.917980e-002
    outer loop
      vertex   -1.783308e+002 1.706250e+002 3.235594e+001
      vertex   -1.781500e+002 1.736750e+002 3.234500e+001
      vertex   -1.783308e+002 1.736750e+002 3.235594e+001
    endloop
  endfacet
  facet normal 1.802586e-001 -0.000000e+000 9.836193e-001
    outer loop
      vertex   -1.783308e+002 1.706250e+002 3.235594e+001
      vertex   -1.783308e+002 1.736750e+002 3.235594e+001
      vertex   -1.785090e+002 1.706250e+002 3.238859e+001
    endloop
  endfacet
  facet normal 1.068608e-002 -0.000000e+000 5.831086e-002
    outer loop
      vertex   -1.785090e+002 1.706250e+002 3.238859e+001
      vertex   -1.783308e+002 1.736750e+002 3.235594e+001
      vertex   -1.785090e+002 1.736750e+002 3.238859e+001
    endloop
  endfacet
  facet normal 2.975026e-001 -0.000000e+000 9.547210e-001
    outer loop
      vertex   -1.785090e+002 1.706250e+002 3.238859e+001
      vertex   -1.785090e+002 1.736750e+002 3.238859e+001
      vertex   -1.786819e+002 1.706250e+002 3.244247e+001
    endloop
  endfacet
  facet normal 1.763659e-002 -0.000000e+000 5.659788e-002
    outer loop
      vertex   -1.786819e+002 1.706250e+002 3.244247e+001
      vertex   -1.785090e+002 1.736750e+002 3.238859e+001
      vertex   -1.786819e+002 1.736750e+002 3.244247e+001
    endloop
  endfacet
  facet normal 4.103857e-001 -0.000000e+000 9.119120e-001
    outer loop
      vertex   -1.786819e+002 1.706250e+002 3.244247e+001
      vertex   -1.786819e+002 1.736750e+002 3.244247e+001
      vertex   -1.788471e+002 1.706250e+002 3.251682e+001
    endloop
  endfacet
  facet normal 2.433114e-002 -0.000000e+000 5.406587e-002
    outer loop
      vertex   -1.788471e+002 1.706250e+002 3.251682e+001
      vertex   -1.786819e+002 1.736750e+002 3.244247e+001
      vertex   -1.788471e+002 1.736750e+002 3.251682e+001
    endloop
  endfacet
  facet normal 5.173702e-001 -0.000000e+000 8.557617e-001
    outer loop
      vertex   -1.788471e+002 1.706250e+002 3.251682e+001
      vertex   -1.788471e+002 1.736750e+002 3.251682e+001
      vertex   -1.790021e+002 1.706250e+002 3.261052e+001
    endloop
  endfacet
  facet normal 3.066988e-002 -0.000000e+000 5.072985e-002
    outer loop
      vertex   -1.790021e+002 1.706250e+002 3.261052e+001
      vertex   -1.788471e+002 1.736750e+002 3.251682e+001
      vertex   -1.790021e+002 1.736750e+002 3.261052e+001
    endloop
  endfacet
  facet normal 6.167011e-001 -0.000000e+000 7.871974e-001
    outer loop
      vertex   -1.790021e+002 1.706250e+002 3.261052e+001
      vertex   -1.790021e+002 1.736750e+002 3.261052e+001
      vertex   -1.791447e+002 1.706250e+002 3.272223e+001
    endloop
  endfacet
  facet normal 3.656164e-002 -0.000000e+000 4.666965e-002
    outer loop
      vertex   -1.791447e+002 1.706250e+002 3.272223e+001
      vertex   -1.790021e+002 1.736750e+002 3.261052e+001
      vertex   -1.791447e+002 1.736750e+002 3.272223e+001
    endloop
  endfacet
  facet normal 7.071068e-001 -0.000000e+000 7.071068e-001
    outer loop
      vertex   -1.791447e+002 1.706250e+002 3.272223e+001
      vertex   -1.791447e+002 1.736750e+002 3.272223e+001
      vertex   -1.792728e+002 1.706250e+002 3.285032e+001
    endloop
  endfacet
  facet normal 4.192029e-002 -0.000000e+000 4.192029e-002
    outer loop
      vertex   -1.792728e+002 1.706250e+002 3.285032e+001
      vertex   -1.791447e+002 1.736750e+002 3.272223e+001
      vertex   -1.792728e+002 1.736750e+002 3.285032e+001
    endloop
  endfacet
  facet normal 7.871894e-001 -0.000000e+000 6.167114e-001
    outer loop
      vertex   -1.792728e+002 1.706250e+002 3.285032e+001
      vertex   -1.792728e+002 1.736750e+002 3.285032e+001
      vertex   -1.793845e+002 1.706250e+002 3.299290e+001
    endloop
  endfacet
  facet normal 4.666840e-002 -0.000000e+000 3.656164e-002
    outer loop
      vertex   -1.793845e+002 1.706250e+002 3.299290e+001
      vertex   -1.792728e+002 1.736750e+002 3.285032e+001
      vertex   -1.793845e+002 1.736750e+002 3.299290e+001
    endloop
  endfacet
  facet normal 8.557879e-001 -0.000000e+000 5.173268e-001
    outer loop
      vertex   -1.793845e+002 1.706250e+002 3.299290e+001
      vertex   -1.793845e+002 1.736750e+002 3.299290e+001
      vertex   -1.794782e+002 1.706250e+002 3.314791e+001
    endloop
  endfacet
  facet normal 5.073359e-002 -0.000000e+000 3.066863e-002
    outer loop
      vertex   -1.794782e+002 1.706250e+002 3.314791e+001
      vertex   -1.793845e+002 1.736750e+002 3.299290e+001
      vertex   -1.794782e+002 1.736750e+002 3.314791e+001
    endloop
  endfacet
  facet normal 9.118978e-001 -0.000000e+000 4.104172e-001
    outer loop
      vertex   -1.794782e+002 1.706250e+002 3.314791e+001
      vertex   -1.794782e+002 1.736750e+002 3.314791e+001
      vertex   -1.795525e+002 1.706250e+002 3.331309e+001
    endloop
  endfacet
  facet normal 5.406089e-002 -0.000000e+000 2.433114e-002
    outer loop
      vertex   -1.795525e+002 1.706250e+002 3.331309e+001
      vertex   -1.794782e+002 1.736750e+002 3.314791e+001
      vertex   -1.795525e+002 1.736750e+002 3.331309e+001
    endloop
  endfacet
  facet normal 9.547127e-001 -0.000000e+000 2.975290e-001
    outer loop
      vertex   -1.795525e+002 1.706250e+002 3.331309e+001
      vertex   -1.795525e+002 1.736750e+002 3.331309e+001
      vertex   -1.796064e+002 1.706250e+002 3.348603e+001
    endloop
  endfacet
  facet normal 5.660037e-002 -0.000000e+000 1.763908e-002
    outer loop
      vertex   -1.796064e+002 1.706250e+002 3.348603e+001
      vertex   -1.795525e+002 1.736750e+002 3.331309e+001
      vertex   -1.796064e+002 1.736750e+002 3.348603e+001
    endloop
  endfacet
  facet normal 9.836169e-001 -0.000000e+000 1.802715e-001
    outer loop
      vertex   -1.796064e+002 1.706250e+002 3.348603e+001
      vertex   -1.796064e+002 1.736750e+002 3.348603e+001
      vertex   -1.796391e+002 1.706250e+002 3.366420e+001
    endloop
  endfacet
  facet normal 5.831334e-002 -0.000000e+000 1.068733e-002
    outer loop
      vertex   -1.796391e+002 1.706250e+002 3.366420e+001
      vertex   -1.796064e+002 1.736750e+002 3.348603e+001
      vertex   -1.796391e+002 1.736750e+002 3.366420e+001
    endloop
  endfacet
  facet normal 9.981794e-001 -0.000000e+000 6.031575e-002
    outer loop
      vertex   -1.796391e+002 1.706250e+002 3.366420e+001
      vertex   -1.796391e+002 1.736750e+002 3.366420e+001
      vertex   -1.796500e+002 1.706250e+002 3.384500e+001
    endloop
  endfacet
  facet normal 5.917607e-002 -0.000000e+000 3.575759e-003
    outer loop
      vertex   -1.796500e+002 1.706250e+002 3.384500e+001
      vertex   -1.796391e+002 1.736750e+002 3.366420e+001
      vertex   -1.796500e+002 1.736750e+002 3.384500e+001
    endloop
  endfacet
  facet normal 9.981794e-001 0.000000e+000 -6.031575e-002
    outer loop
      vertex   -1.796500e+002 1.706250e+002 3.384500e+001
      vertex   -1.796500e+002 1.736750e+002 3.384500e+001
      vertex   -1.796391e+002 1.706250e+002 3.402581e+001
    endloop
  endfacet
  facet normal 5.917607e-002 0.000000e+000 -3.575759e-003
    outer loop
      vertex   -1.796391e+002 1.706250e+002 3.402581e+001
      vertex   -1.796500e+002 1.736750e+002 3.384500e+001
      vertex   -1.796391e+002 1.736750e+002 3.402581e+001
    endloop
  endfacet
  facet normal 9.836162e-001 0.000000e+000 -1.802752e-001
    outer loop
      vertex   -1.796391e+002 1.706250e+002 3.402581e+001
      vertex   -1.796391e+002 1.736750e+002 3.402581e+001
      vertex   -1.796064e+002 1.706250e+002 3.420397e+001
    endloop
  endfacet
  facet normal 5.831210e-002 0.000000e+000 -1.068733e-002
    outer loop
      vertex   -1.796064e+002 1.706250e+002 3.420397e+001
      vertex   -1.796391e+002 1.736750e+002 3.402581e+001
      vertex   -1.796064e+002 1.736750e+002 3.420397e+001
    endloop
  endfacet
  facet normal 9.547127e-001 0.000000e+000 -2.975290e-001
    outer loop
      vertex   -1.796064e+002 1.706250e+002 3.420397e+001
      vertex   -1.796064e+002 1.736750e+002 3.420397e+001
      vertex   -1.795525e+002 1.706250e+002 3.437691e+001
    endloop
  endfacet
  facet normal 5.660037e-002 0.000000e+000 -1.763908e-002
    outer loop
      vertex   -1.795525e+002 1.706250e+002 3.437691e+001
      vertex   -1.796064e+002 1.736750e+002 3.420397e+001
      vertex   -1.795525e+002 1.736750e+002 3.437691e+001
    endloop
  endfacet
  facet normal 9.118978e-001 0.000000e+000 -4.104172e-001
    outer loop
      vertex   -1.795525e+002 1.706250e+002 3.437691e+001
      vertex   -1.795525e+002 1.736750e+002 3.437691e+001
      vertex   -1.794782e+002 1.706250e+002 3.454208e+001
    endloop
  endfacet
  facet normal 5.406089e-002 0.000000e+000 -2.433114e-002
    outer loop
      vertex   -1.794782e+002 1.706250e+002 3.454208e+001
      vertex   -1.795525e+002 1.736750e+002 3.437691e+001
      vertex   -1.794782e+002 1.736750e+002 3.454208e+001
    endloop
  endfacet
  facet normal 8.557935e-001 0.000000e+000 -5.173175e-001
    outer loop
      vertex   -1.794782e+002 1.706250e+002 3.454208e+001
      vertex   -1.794782e+002 1.736750e+002 3.454208e+001
      vertex   -1.793845e+002 1.706250e+002 3.469710e+001
    endloop
  endfacet
  facet normal 5.073483e-002 0.000000e+000 -3.066863e-002
    outer loop
      vertex   -1.793845e+002 1.706250e+002 3.469710e+001
      vertex   -1.794782e+002 1.736750e+002 3.454208e+001
      vertex   -1.793845e+002 1.736750e+002 3.469710e+001
    endloop
  endfacet
  facet normal 7.871814e-001 0.000000e+000 -6.167216e-001
    outer loop
      vertex   -1.793845e+002 1.706250e+002 3.469710e+001
      vertex   -1.793845e+002 1.736750e+002 3.469710e+001
      vertex   -1.792728e+002 1.706250e+002 3.483968e+001
    endloop
  endfacet
  facet normal 4.666715e-002 0.000000e+000 -3.656164e-002
    outer loop
      vertex   -1.792728e+002 1.706250e+002 3.483968e+001
      vertex   -1.793845e+002 1.736750e+002 3.469710e+001
      vertex   -1.792728e+002 1.736750e+002 3.483968e+001
    endloop
  endfacet
  facet normal 7.071068e-001 0.000000e+000 -7.071068e-001
    outer loop
      vertex   -1.792728e+002 1.706250e+002 3.483968e+001
      vertex   -1.792728e+002 1.736750e+002 3.483968e+001
      vertex   -1.791447e+002 1.706250e+002 3.496777e+001
    endloop
  endfacet
  facet normal 4.192029e-002 0.000000e+000 -4.192029e-002
    outer loop
      vertex   -1.791447e+002 1.706250e+002 3.496777e+001
      vertex   -1.792728e+002 1.736750e+002 3.483968e+001
      vertex   -1.791447e+002 1.736750e+002 3.496777e+001
    endloop
  endfacet
  facet normal 6.167011e-001 0.000000e+000 -7.871974e-001
    outer loop
      vertex   -1.791447e+002 1.706250e+002 3.496777e+001
      vertex   -1.791447e+002 1.736750e+002 3.496777e+001
      vertex   -1.790021e+002 1.706250e+002 3.507948e+001
    endloop
  endfacet
  facet normal 3.656164e-002 0.000000e+000 -4.666965e-002
    outer loop
      vertex   -1.790021e+002 1.706250e+002 3.507948e+001
      vertex   -1.791447e+002 1.736750e+002 3.496777e+001
      vertex   -1.790021e+002 1.736750e+002 3.507948e+001
    endloop
  endfacet
  facet normal 5.173702e-001 0.000000e+000 -8.557617e-001
    outer loop
      vertex   -1.790021e+002 1.706250e+002 3.507948e+001
      vertex   -1.790021e+002 1.736750e+002 3.507948e+001
      vertex   -1.788471e+002 1.706250e+002 3.517318e+001
    endloop
  endfacet
  facet normal 3.066988e-002 0.000000e+000 -5.072985e-002
    outer loop
      vertex   -1.788471e+002 1.706250e+002 3.517318e+001
      vertex   -1.790021e+002 1.736750e+002 3.507948e+001
      vertex   -1.788471e+002 1.736750e+002 3.517318e+001
    endloop
  endfacet
  facet normal 4.103857e-001 0.000000e+000 -9.119120e-001
    outer loop
      vertex   -1.788471e+002 1.706250e+002 3.517318e+001
      vertex   -1.788471e+002 1.736750e+002 3.517318e+001
      vertex   -1.786819e+002 1.706250e+002 3.524752e+001
    endloop
  endfacet
  facet normal 2.433114e-002 0.000000e+000 -5.406587e-002
    outer loop
      vertex   -1.786819e+002 1.706250e+002 3.524752e+001
      vertex   -1.788471e+002 1.736750e+002 3.517318e+001
      vertex   -1.786819e+002 1.736750e+002 3.524752e+001
    endloop
  endfacet
  facet normal 2.975218e-001 0.000000e+000 -9.547150e-001
    outer loop
      vertex   -1.786819e+002 1.706250e+002 3.524752e+001
      vertex   -1.786819e+002 1.736750e+002 3.524752e+001
      vertex   -1.785090e+002 1.706250e+002 3.530141e+001
    endloop
  endfacet
  facet normal 1.763783e-002 0.000000e+000 -5.659788e-002
    outer loop
      vertex   -1.785090e+002 1.706250e+002 3.530141e+001
      vertex   -1.786819e+002 1.736750e+002 3.524752e+001
      vertex   -1.785090e+002 1.736750e+002 3.530141e+001
    endloop
  endfacet
  facet normal 1.802586e-001 0.000000e+000 -9.836193e-001
    outer loop
      vertex   -1.785090e+002 1.706250e+002 3.530141e+001
      vertex   -1.785090e+002 1.736750e+002 3.530141e+001
      vertex   -1.783308e+002 1.706250e+002 3.533406e+001
    endloop
  endfacet
  facet normal 1.068608e-002 0.000000e+000 -5.831086e-002
    outer loop
      vertex   -1.783308e+002 1.706250e+002 3.533406e+001
      vertex   -1.785090e+002 1.736750e+002 3.530141e+001
      vertex   -1.783308e+002 1.736750e+002 3.533406e+001
    endloop
  endfacet
  facet normal 6.037489e-002 0.000000e+000 -9.981758e-001
    outer loop
      vertex   -1.783308e+002 1.706250e+002 3.533406e+001
      vertex   -1.783308e+002 1.736750e+002 3.533406e+001
      vertex   -1.781500e+002 1.706250e+002 3.534500e+001
    endloop
  endfacet
  facet normal 3.579504e-003 0.000000e+000 -5.917980e-002
    outer loop
      vertex   -1.781500e+002 1.706250e+002 3.534500e+001
      vertex   -1.783308e+002 1.736750e+002 3.533406e+001
      vertex   -1.781500e+002 1.736750e+002 3.534500e+001
    endloop
  endfacet
  facet normal -6.037997e-002 0.000000e+000 -9.981754e-001
    outer loop
      vertex   -1.781500e+002 1.706250e+002 3.534500e+001
      vertex   -1.781500e+002 1.736750e+002 3.534500e+001
      vertex   -1.779692e+002 1.706250e+002 3.533406e+001
    endloop
  endfacet
  facet normal -3.579505e-003 0.000000e+000 -5.917483e-002
    outer loop
      vertex   -1.779692e+002 1.706250e+002 3.533406e+001
      vertex   -1.781500e+002 1.736750e+002 3.534500e+001
      vertex   -1.779692e+002 1.736750e+002 3.533406e+001
    endloop
  endfacet
  facet normal -1.802586e-001 0.000000e+000 -9.836193e-001
    outer loop
      vertex   -1.779692e+002 1.706250e+002 3.533406e+001
      vertex   -1.779692e+002 1.736750e+002 3.533406e+001
      vertex   -1.777910e+002 1.706250e+002 3.530141e+001
    endloop
  endfacet
  facet normal -1.068608e-002 0.000000e+000 -5.831086e-002
    outer loop
      vertex   -1.777910e+002 1.706250e+002 3.530141e+001
      vertex   -1.779692e+002 1.736750e+002 3.533406e+001
      vertex   -1.777910e+002 1.736750e+002 3.530141e+001
    endloop
  endfacet
  facet normal -2.974979e-001 0.000000e+000 -9.547225e-001
    outer loop
      vertex   -1.777910e+002 1.706250e+002 3.530141e+001
      vertex   -1.777910e+002 1.736750e+002 3.530141e+001
      vertex   -1.776181e+002 1.706250e+002 3.524752e+001
    endloop
  endfacet
  facet normal -1.763783e-002 0.000000e+000 -5.660286e-002
    outer loop
      vertex   -1.776181e+002 1.706250e+002 3.524752e+001
      vertex   -1.777910e+002 1.736750e+002 3.530141e+001
      vertex   -1.776181e+002 1.736750e+002 3.524752e+001
    endloop
  endfacet
  facet normal -4.104172e-001 0.000000e+000 -9.118978e-001
    outer loop
      vertex   -1.776181e+002 1.706250e+002 3.524752e+001
      vertex   -1.776181e+002 1.736750e+002 3.524752e+001
      vertex   -1.774529e+002 1.706250e+002 3.517318e+001
    endloop
  endfacet
  facet normal -2.433114e-002 0.000000e+000 -5.406089e-002
    outer loop
      vertex   -1.774529e+002 1.706250e+002 3.517318e+001
      vertex   -1.776181e+002 1.736750e+002 3.524752e+001
      vertex   -1.774529e+002 1.736750e+002 3.517318e+001
    endloop
  endfacet
  facet normal -5.173329e-001 0.000000e+000 -8.557842e-001
    outer loop
      vertex   -1.774529e+002 1.706250e+002 3.517318e+001
      vertex   -1.774529e+002 1.736750e+002 3.517318e+001
      vertex   -1.772979e+002 1.706250e+002 3.507948e+001
    endloop
  endfacet
  facet normal -3.066988e-002 0.000000e+000 -5.073483e-002
    outer loop
      vertex   -1.772979e+002 1.706250e+002 3.507948e+001
      vertex   -1.774529e+002 1.736750e+002 3.517318e+001
      vertex   -1.772979e+002 1.736750e+002 3.507948e+001
    endloop
  endfacet
  facet normal -6.167420e-001 0.000000e+000 -7.871653e-001
    outer loop
      vertex   -1.772979e+002 1.706250e+002 3.507948e+001
      vertex   -1.772979e+002 1.736750e+002 3.507948e+001
      vertex   -1.771553e+002 1.706250e+002 3.496777e+001
    endloop
  endfacet
  facet normal -3.656165e-002 0.000000e+000 -4.666467e-002
    outer loop
      vertex   -1.771553e+002 1.706250e+002 3.496777e+001
      vertex   -1.772979e+002 1.736750e+002 3.507948e+001
      vertex   -1.771553e+002 1.736750e+002 3.496777e+001
    endloop
  endfacet
  facet normal -7.071068e-001 0.000000e+000 -7.071068e-001
    outer loop
      vertex   -1.771553e+002 1.706250e+002 3.496777e+001
      vertex   -1.771553e+002 1.736750e+002 3.496777e+001
      vertex   -1.770272e+002 1.706250e+002 3.483968e+001
    endloop
  endfacet
  facet normal -4.192029e-002 0.000000e+000 -4.192029e-002
    outer loop
      vertex   -1.770272e+002 1.706250e+002 3.483968e+001
      vertex   -1.771553e+002 1.736750e+002 3.496777e+001
      vertex   -1.770272e+002 1.736750e+002 3.483968e+001
    endloop
  endfacet
  facet normal -7.871814e-001 0.000000e+000 -6.167216e-001
    outer loop
      vertex   -1.770272e+002 1.706250e+002 3.483968e+001
      vertex   -1.770272e+002 1.736750e+002 3.483968e+001
      vertex   -1.769155e+002 1.706250e+002 3.469710e+001
    endloop
  endfacet
  facet normal -4.666715e-002 0.000000e+000 -3.656164e-002
    outer loop
      vertex   -1.769155e+002 1.706250e+002 3.469710e+001
      vertex   -1.770272e+002 1.736750e+002 3.483968e+001
      vertex   -1.769155e+002 1.736750e+002 3.469710e+001
    endloop
  endfacet
  facet normal -8.557935e-001 0.000000e+000 -5.173175e-001
    outer loop
      vertex   -1.769155e+002 1.706250e+002 3.469710e+001
      vertex   -1.769155e+002 1.736750e+002 3.469710e+001
      vertex   -1.768218e+002 1.706250e+002 3.454208e+001
    endloop
  endfacet
  facet normal -5.073483e-002 0.000000e+000 -3.066863e-002
    outer loop
      vertex   -1.768218e+002 1.706250e+002 3.454208e+001
      vertex   -1.769155e+002 1.736750e+002 3.469710e+001
      vertex   -1.768218e+002 1.736750e+002 3.454208e+001
    endloop
  endfacet
  facet normal -9.118978e-001 0.000000e+000 -4.104172e-001
    outer loop
      vertex   -1.768218e+002 1.706250e+002 3.454208e+001
      vertex   -1.768218e+002 1.736750e+002 3.454208e+001
      vertex   -1.767475e+002 1.706250e+002 3.437691e+001
    endloop
  endfacet
  facet normal -5.406089e-002 0.000000e+000 -2.433114e-002
    outer loop
      vertex   -1.767475e+002 1.706250e+002 3.437691e+001
      vertex   -1.768218e+002 1.736750e+002 3.454208e+001
      vertex   -1.767475e+002 1.736750e+002 3.437691e+001
    endloop
  endfacet
  facet normal -9.547127e-001 0.000000e+000 -2.975290e-001
    outer loop
      vertex   -1.767475e+002 1.706250e+002 3.437691e+001
      vertex   -1.767475e+002 1.736750e+002 3.437691e+001
      vertex   -1.766936e+002 1.706250e+002 3.420397e+001
    endloop
  endfacet
  facet normal -5.660037e-002 0.000000e+000 -1.763908e-002
    outer loop
      vertex   -1.766936e+002 1.706250e+002 3.420397e+001
      vertex   -1.767475e+002 1.736750e+002 3.437691e+001
      vertex   -1.766936e+002 1.736750e+002 3.420397e+001
    endloop
  endfacet
  facet normal -9.836162e-001 0.000000e+000 -1.802752e-001
    outer loop
      vertex   -1.766936e+002 1.706250e+002 3.420397e+001
      vertex   -1.766936e+002 1.736750e+002 3.420397e+001
      vertex   -1.766609e+002 1.706250e+002 3.402581e+001
    endloop
  endfacet
  facet normal -5.831210e-002 0.000000e+000 -1.068733e-002
    outer loop
      vertex   -1.766609e+002 1.706250e+002 3.402581e+001
      vertex   -1.766936e+002 1.736750e+002 3.420397e+001
      vertex   -1.766609e+002 1.736750e+002 3.402581e+001
    endloop
  endfacet
  facet normal -9.981743e-001 0.000000e+000 -6.039969e-002
    outer loop
      vertex   -1.766609e+002 1.706250e+002 3.402581e+001
      vertex   -1.766609e+002 1.736750e+002 3.402581e+001
      vertex   -1.766500e+002 1.706250e+002 3.384500e+001
    endloop
  endfacet
  facet normal -5.917607e-002 0.000000e+000 -3.580753e-003
    outer loop
      vertex   -1.766500e+002 1.706250e+002 3.384500e+001
      vertex   -1.766609e+002 1.736750e+002 3.402581e+001
      vertex   -1.766500e+002 1.736750e+002 3.384500e+001
    endloop
  endfacet
  facet normal -9.981743e-001 0.000000e+000 6.039969e-002
    outer loop
      vertex   -1.766500e+002 1.706250e+002 3.384500e+001
      vertex   -1.766500e+002 1.736750e+002 3.384500e+001
      vertex   -1.766609e+002 1.706250e+002 3.366420e+001
    endloop
  endfacet
  facet normal -5.917607e-002 0.000000e+000 3.580753e-003
    outer loop
      vertex   -1.766609e+002 1.706250e+002 3.366420e+001
      vertex   -1.766500e+002 1.736750e+002 3.384500e+001
      vertex   -1.766609e+002 1.736750e+002 3.366420e+001
    endloop
  endfacet
  facet normal -9.836169e-001 0.000000e+000 1.802715e-001
    outer loop
      vertex   -1.766609e+002 1.706250e+002 3.366420e+001
      vertex   -1.766609e+002 1.736750e+002 3.366420e+001
      vertex   -1.766936e+002 1.706250e+002 3.348603e+001
    endloop
  endfacet
  facet normal -5.831334e-002 0.000000e+000 1.068733e-002
    outer loop
      vertex   -1.766936e+002 1.706250e+002 3.348603e+001
      vertex   -1.766609e+002 1.736750e+002 3.366420e+001
      vertex   -1.766936e+002 1.736750e+002 3.348603e+001
    endloop
  endfacet
  facet normal -9.547127e-001 0.000000e+000 2.975290e-001
    outer loop
      vertex   -1.766936e+002 1.706250e+002 3.348603e+001
      vertex   -1.766936e+002 1.736750e+002 3.348603e+001
      vertex   -1.767475e+002 1.706250e+002 3.331309e+001
    endloop
  endfacet
  facet normal -5.660037e-002 0.000000e+000 1.763908e-002
    outer loop
      vertex   -1.767475e+002 1.706250e+002 3.331309e+001
      vertex   -1.766936e+002 1.736750e+002 3.348603e+001
      vertex   -1.767475e+002 1.736750e+002 3.331309e+001
    endloop
  endfacet
  facet normal -9.118978e-001 0.000000e+000 4.104172e-001
    outer loop
      vertex   -1.767475e+002 1.706250e+002 3.331309e+001
      vertex   -1.767475e+002 1.736750e+002 3.331309e+001
      vertex   -1.768218e+002 1.706250e+002 3.314791e+001
    endloop
  endfacet
  facet normal -5.406089e-002 0.000000e+000 2.433114e-002
    outer loop
      vertex   -1.768218e+002 1.706250e+002 3.314791e+001
      vertex   -1.767475e+002 1.736750e+002 3.331309e+001
      vertex   -1.768218e+002 1.736750e+002 3.314791e+001
    endloop
  endfacet
  facet normal -8.557879e-001 0.000000e+000 5.173268e-001
    outer loop
      vertex   -1.768218e+002 1.706250e+002 3.314791e+001
      vertex   -1.768218e+002 1.736750e+002 3.314791e+001
      vertex   -1.769155e+002 1.706250e+002 3.299290e+001
    endloop
  endfacet
  facet normal -5.073359e-002 0.000000e+000 3.066863e-002
    outer loop
      vertex   -1.769155e+002 1.706250e+002 3.299290e+001
      vertex   -1.768218e+002 1.736750e+002 3.314791e+001
      vertex   -1.769155e+002 1.736750e+002 3.299290e+001
    endloop
  endfacet
  facet normal -7.871894e-001 0.000000e+000 6.167114e-001
    outer loop
      vertex   -1.769155e+002 1.706250e+002 3.299290e+001
      vertex   -1.769155e+002 1.736750e+002 3.299290e+001
      vertex   -1.770272e+002 1.706250e+002 3.285032e+001
    endloop
  endfacet
  facet normal -4.666840e-002 0.000000e+000 3.656164e-002
    outer loop
      vertex   -1.770272e+002 1.706250e+002 3.285032e+001
      vertex   -1.769155e+002 1.736750e+002 3.299290e+001
      vertex   -1.770272e+002 1.736750e+002 3.285032e+001
    endloop
  endfacet
  facet normal -7.071068e-001 0.000000e+000 7.071068e-001
    outer loop
      vertex   -1.770272e+002 1.706250e+002 3.285032e+001
      vertex   -1.770272e+002 1.736750e+002 3.285032e+001
      vertex   -1.771553e+002 1.706250e+002 3.272223e+001
    endloop
  endfacet
  facet normal -4.192029e-002 0.000000e+000 4.192029e-002
    outer loop
      vertex   -1.771553e+002 1.706250e+002 3.272223e+001
      vertex   -1.770272e+002 1.736750e+002 3.285032e+001
      vertex   -1.771553e+002 1.736750e+002 3.272223e+001
    endloop
  endfacet
  facet normal -6.167420e-001 0.000000e+000 7.871653e-001
    outer loop
      vertex   -1.771553e+002 1.706250e+002 3.272223e+001
      vertex   -1.771553e+002 1.736750e+002 3.272223e+001
      vertex   -1.772979e+002 1.706250e+002 3.261052e+001
    endloop
  endfacet
  facet normal -3.656165e-002 0.000000e+000 4.666467e-002
    outer loop
      vertex   -1.772979e+002 1.706250e+002 3.261052e+001
      vertex   -1.771553e+002 1.736750e+002 3.272223e+001
      vertex   -1.772979e+002 1.736750e+002 3.261052e+001
    endloop
  endfacet
  facet normal -5.173329e-001 0.000000e+000 8.557842e-001
    outer loop
      vertex   -1.772979e+002 1.706250e+002 3.261052e+001
      vertex   -1.772979e+002 1.736750e+002 3.261052e+001
      vertex   -1.774529e+002 1.706250e+002 3.251682e+001
    endloop
  endfacet
  facet normal -3.066988e-002 0.000000e+000 5.073483e-002
    outer loop
      vertex   -1.774529e+002 1.706250e+002 3.251682e+001
      vertex   -1.772979e+002 1.736750e+002 3.261052e+001
      vertex   -1.774529e+002 1.736750e+002 3.251682e+001
    endloop
  endfacet
  facet normal -4.104172e-001 0.000000e+000 9.118978e-001
    outer loop
      vertex   -1.774529e+002 1.706250e+002 3.251682e+001
      vertex   -1.774529e+002 1.736750e+002 3.251682e+001
      vertex   -1.776181e+002 1.706250e+002 3.244247e+001
    endloop
  endfacet
  facet normal -2.433114e-002 0.000000e+000 5.406089e-002
    outer loop
      vertex   -1.776181e+002 1.706250e+002 3.244247e+001
      vertex   -1.774529e+002 1.736750e+002 3.251682e+001
      vertex   -1.776181e+002 1.736750e+002 3.244247e+001
    endloop
  endfacet
  facet normal -2.974787e-001 0.000000e+000 9.547285e-001
    outer loop
      vertex   -1.776181e+002 1.706250e+002 3.244247e+001
      vertex   -1.776181e+002 1.736750e+002 3.244247e+001
      vertex   -1.777910e+002 1.706250e+002 3.238859e+001
    endloop
  endfacet
  facet normal -1.763658e-002 0.000000e+000 5.660286e-002
    outer loop
      vertex   -1.777910e+002 1.706250e+002 3.238859e+001
      vertex   -1.776181e+002 1.736750e+002 3.244247e+001
      vertex   -1.777910e+002 1.736750e+002 3.238859e+001
    endloop
  endfacet
  facet normal -1.802586e-001 0.000000e+000 9.836193e-001
    outer loop
      vertex   -1.777910e+002 1.706250e+002 3.238859e+001
      vertex   -1.777910e+002 1.736750e+002 3.238859e+001
      vertex   -1.779692e+002 1.706250e+002 3.235594e+001
    endloop
  endfacet
  facet normal -1.068608e-002 0.000000e+000 5.831086e-002
    outer loop
      vertex   -1.779692e+002 1.706250e+002 3.235594e+001
      vertex   -1.777910e+002 1.736750e+002 3.238859e+001
      vertex   -1.779692e+002 1.736750e+002 3.235594e+001
    endloop
  endfacet
  facet normal 6.037489e-002 0.000000e+000 9.981758e-001
    outer loop
      vertex   -1.783308e+002 1.748250e+002 3.235594e+001
      vertex   -1.783308e+002 1.736750e+002 3.235594e+001
      vertex   -1.781500e+002 1.748250e+002 3.234500e+001
    endloop
  endfacet
  facet normal 9.394421e-003 0.000000e+000 1.553176e-001
    outer loop
      vertex   -1.781500e+002 1.748250e+002 3.234500e+001
      vertex   -1.783308e+002 1.736750e+002 3.235594e+001
      vertex   -1.781500e+002 1.736750e+002 3.234500e+001
    endloop
  endfacet
  facet normal -6.037997e-002 0.000000e+000 9.981754e-001
    outer loop
      vertex   -1.781500e+002 1.748250e+002 3.234500e+001
      vertex   -1.781500e+002 1.736750e+002 3.234500e+001
      vertex   -1.779692e+002 1.748250e+002 3.235594e+001
    endloop
  endfacet
  facet normal -9.394440e-003 0.000000e+000 1.553048e-001
    outer loop
      vertex   -1.779692e+002 1.748250e+002 3.235594e+001
      vertex   -1.781500e+002 1.736750e+002 3.234500e+001
      vertex   -1.779692e+002 1.736750e+002 3.235594e+001
    endloop
  endfacet
  facet normal -1.802586e-001 0.000000e+000 9.836193e-001
    outer loop
      vertex   -1.779692e+002 1.748250e+002 3.235594e+001
      vertex   -1.779692e+002 1.736750e+002 3.235594e+001
      vertex   -1.777910e+002 1.748250e+002 3.238859e+001
    endloop
  endfacet
  facet normal -2.804571e-002 0.000000e+000 1.530374e-001
    outer loop
      vertex   -1.777910e+002 1.748250e+002 3.238859e+001
      vertex   -1.779692e+002 1.736750e+002 3.235594e+001
      vertex   -1.777910e+002 1.736750e+002 3.238859e+001
    endloop
  endfacet
  facet normal -2.974787e-001 0.000000e+000 9.547285e-001
    outer loop
      vertex   -1.777910e+002 1.748250e+002 3.238859e+001
      vertex   -1.777910e+002 1.736750e+002 3.238859e+001
      vertex   -1.776181e+002 1.748250e+002 3.244247e+001
    endloop
  endfacet
  facet normal -4.628729e-002 0.000000e+000 1.485545e-001
    outer loop
      vertex   -1.776181e+002 1.748250e+002 3.244247e+001
      vertex   -1.777910e+002 1.736750e+002 3.238859e+001
      vertex   -1.776181e+002 1.736750e+002 3.244247e+001
    endloop
  endfacet
  facet normal -4.104172e-001 0.000000e+000 9.118978e-001
    outer loop
      vertex   -1.776181e+002 1.748250e+002 3.244247e+001
      vertex   -1.776181e+002 1.736750e+002 3.244247e+001
      vertex   -1.774529e+002 1.748250e+002 3.251682e+001
    endloop
  endfacet
  facet normal -6.385726e-002 0.000000e+000 1.418832e-001
    outer loop
      vertex   -1.774529e+002 1.748250e+002 3.251682e+001
      vertex   -1.776181e+002 1.736750e+002 3.244247e+001
      vertex   -1.774529e+002 1.736750e+002 3.251682e+001
    endloop
  endfacet
  facet normal -5.173329e-001 0.000000e+000 8.557842e-001
    outer loop
      vertex   -1.774529e+002 1.748250e+002 3.251682e+001
      vertex   -1.774529e+002 1.736750e+002 3.251682e+001
      vertex   -1.772979e+002 1.748250e+002 3.261052e+001
    endloop
  endfacet
  facet normal -8.049329e-002 0.000000e+000 1.331539e-001
    outer loop
      vertex   -1.772979e+002 1.748250e+002 3.261052e+001
      vertex   -1.774529e+002 1.736750e+002 3.251682e+001
      vertex   -1.772979e+002 1.736750e+002 3.261052e+001
    endloop
  endfacet
  facet normal -6.167420e-001 0.000000e+000 7.871653e-001
    outer loop
      vertex   -1.772979e+002 1.748250e+002 3.261052e+001
      vertex   -1.772979e+002 1.736750e+002 3.261052e+001
      vertex   -1.771553e+002 1.748250e+002 3.272223e+001
    endloop
  endfacet
  facet normal -9.595637e-002 0.000000e+000 1.224718e-001
    outer loop
      vertex   -1.771553e+002 1.748250e+002 3.272223e+001
      vertex   -1.772979e+002 1.736750e+002 3.261052e+001
      vertex   -1.771553e+002 1.736750e+002 3.272223e+001
    endloop
  endfacet
  facet normal -7.071068e-001 0.000000e+000 7.071068e-001
    outer loop
      vertex   -1.771553e+002 1.748250e+002 3.272223e+001
      vertex   -1.771553e+002 1.736750e+002 3.272223e+001
      vertex   -1.770272e+002 1.748250e+002 3.285032e+001
    endloop
  endfacet
  facet normal -1.100201e-001 0.000000e+000 1.100201e-001
    outer loop
      vertex   -1.770272e+002 1.748250e+002 3.285032e+001
      vertex   -1.771553e+002 1.736750e+002 3.272223e+001
      vertex   -1.770272e+002 1.736750e+002 3.285032e+001
    endloop
  endfacet
  facet normal -7.871894e-001 0.000000e+000 6.167114e-001
    outer loop
      vertex   -1.770272e+002 1.748250e+002 3.285032e+001
      vertex   -1.770272e+002 1.736750e+002 3.285032e+001
      vertex   -1.769155e+002 1.748250e+002 3.299290e+001
    endloop
  endfacet
  facet normal -1.224815e-001 0.000000e+000 9.595625e-002
    outer loop
      vertex   -1.769155e+002 1.748250e+002 3.299290e+001
      vertex   -1.770272e+002 1.736750e+002 3.285032e+001
      vertex   -1.769155e+002 1.736750e+002 3.299290e+001
    endloop
  endfacet
  facet normal -8.557879e-001 0.000000e+000 5.173268e-001
    outer loop
      vertex   -1.769155e+002 1.748250e+002 3.299290e+001
      vertex   -1.769155e+002 1.736750e+002 3.299290e+001
      vertex   -1.768218e+002 1.748250e+002 3.314791e+001
    endloop
  endfacet
  facet normal -1.331507e-001 0.000000e+000 8.049007e-002
    outer loop
      vertex   -1.768218e+002 1.748250e+002 3.314791e+001
      vertex   -1.769155e+002 1.736750e+002 3.299290e+001
      vertex   -1.768218e+002 1.736750e+002 3.314791e+001
    endloop
  endfacet
  facet normal -9.118978e-001 0.000000e+000 4.104172e-001
    outer loop
      vertex   -1.768218e+002 1.748250e+002 3.314791e+001
      vertex   -1.768218e+002 1.736750e+002 3.314791e+001
      vertex   -1.767475e+002 1.748250e+002 3.331309e+001
    endloop
  endfacet
  facet normal -1.418832e-001 0.000000e+000 6.385726e-002
    outer loop
      vertex   -1.767475e+002 1.748250e+002 3.331309e+001
      vertex   -1.768218e+002 1.736750e+002 3.314791e+001
      vertex   -1.767475e+002 1.736750e+002 3.331309e+001
    endloop
  endfacet
  facet normal -9.547127e-001 0.000000e+000 2.975290e-001
    outer loop
      vertex   -1.767475e+002 1.748250e+002 3.331309e+001
      vertex   -1.767475e+002 1.736750e+002 3.331309e+001
      vertex   -1.766936e+002 1.748250e+002 3.348603e+001
    endloop
  endfacet
  facet normal -1.485480e-001 0.000000e+000 4.629387e-002
    outer loop
      vertex   -1.766936e+002 1.748250e+002 3.348603e+001
      vertex   -1.767475e+002 1.736750e+002 3.331309e+001
      vertex   -1.766936e+002 1.736750e+002 3.348603e+001
    endloop
  endfacet
  facet normal -9.836169e-001 0.000000e+000 1.802715e-001
    outer loop
      vertex   -1.766936e+002 1.748250e+002 3.348603e+001
      vertex   -1.766936e+002 1.736750e+002 3.348603e+001
      vertex   -1.766609e+002 1.748250e+002 3.366420e+001
    endloop
  endfacet
  facet normal -1.530437e-001 0.000000e+000 2.804895e-002
    outer loop
      vertex   -1.766609e+002 1.748250e+002 3.366420e+001
      vertex   -1.766936e+002 1.736750e+002 3.348603e+001
      vertex   -1.766609e+002 1.736750e+002 3.366420e+001
    endloop
  endfacet
  facet normal -9.981743e-001 0.000000e+000 6.039969e-002
    outer loop
      vertex   -1.766609e+002 1.748250e+002 3.366420e+001
      vertex   -1.766609e+002 1.736750e+002 3.366420e+001
      vertex   -1.766500e+002 1.748250e+002 3.384500e+001
    endloop
  endfacet
  facet normal -1.553080e-001 0.000000e+000 9.397712e-003
    outer loop
      vertex   -1.766500e+002 1.748250e+002 3.384500e+001
      vertex   -1.766609e+002 1.736750e+002 3.366420e+001
      vertex   -1.766500e+002 1.736750e+002 3.384500e+001
    endloop
  endfacet
  facet normal -9.981743e-001 -0.000000e+000 -6.039969e-002
    outer loop
      vertex   -1.766500e+002 1.748250e+002 3.384500e+001
      vertex   -1.766500e+002 1.736750e+002 3.384500e+001
      vertex   -1.766609e+002 1.748250e+002 3.402581e+001
    endloop
  endfacet
  facet normal -1.553080e-001 -0.000000e+000 -9.397712e-003
    outer loop
      vertex   -1.766609e+002 1.748250e+002 3.402581e+001
      vertex   -1.766500e+002 1.736750e+002 3.384500e+001
      vertex   -1.766609e+002 1.736750e+002 3.402581e+001
    endloop
  endfacet
  facet normal -9.836162e-001 -0.000000e+000 -1.802752e-001
    outer loop
      vertex   -1.766609e+002 1.748250e+002 3.402581e+001
      vertex   -1.766609e+002 1.736750e+002 3.402581e+001
      vertex   -1.766936e+002 1.748250e+002 3.420397e+001
    endloop
  endfacet
  facet normal -1.530405e-001 -0.000000e+000 -2.804897e-002
    outer loop
      vertex   -1.766936e+002 1.748250e+002 3.420397e+001
      vertex   -1.766609e+002 1.736750e+002 3.402581e+001
      vertex   -1.766936e+002 1.736750e+002 3.420397e+001
    endloop
  endfacet
  facet normal -9.547127e-001 -0.000000e+000 -2.975290e-001
    outer loop
      vertex   -1.766936e+002 1.748250e+002 3.420397e+001
      vertex   -1.766936e+002 1.736750e+002 3.420397e+001
      vertex   -1.767475e+002 1.748250e+002 3.437691e+001
    endloop
  endfacet
  facet normal -1.485480e-001 -0.000000e+000 -4.629387e-002
    outer loop
      vertex   -1.767475e+002 1.748250e+002 3.437691e+001
      vertex   -1.766936e+002 1.736750e+002 3.420397e+001
      vertex   -1.767475e+002 1.736750e+002 3.437691e+001
    endloop
  endfacet
  facet normal -9.118978e-001 -0.000000e+000 -4.104172e-001
    outer loop
      vertex   -1.767475e+002 1.748250e+002 3.437691e+001
      vertex   -1.767475e+002 1.736750e+002 3.437691e+001
      vertex   -1.768218e+002 1.748250e+002 3.454208e+001
    endloop
  endfacet
  facet normal -1.418832e-001 -0.000000e+000 -6.385726e-002
    outer loop
      vertex   -1.768218e+002 1.748250e+002 3.454208e+001
      vertex   -1.767475e+002 1.736750e+002 3.437691e+001
      vertex   -1.768218e+002 1.736750e+002 3.454208e+001
    endloop
  endfacet
  facet normal -8.557935e-001 -0.000000e+000 -5.173175e-001
    outer loop
      vertex   -1.768218e+002 1.748250e+002 3.454208e+001
      vertex   -1.768218e+002 1.736750e+002 3.454208e+001
      vertex   -1.769155e+002 1.748250e+002 3.469710e+001
    endloop
  endfacet
  facet normal -1.331539e-001 -0.000000e+000 -8.049004e-002
    outer loop
      vertex   -1.769155e+002 1.748250e+002 3.469710e+001
      vertex   -1.768218e+002 1.736750e+002 3.454208e+001
      vertex   -1.769155e+002 1.736750e+002 3.469710e+001
    endloop
  endfacet
  facet normal -7.871814e-001 -0.000000e+000 -6.167216e-001
    outer loop
      vertex   -1.769155e+002 1.748250e+002 3.469710e+001
      vertex   -1.769155e+002 1.736750e+002 3.469710e+001
      vertex   -1.770272e+002 1.748250e+002 3.483968e+001
    endloop
  endfacet
  facet normal -1.224783e-001 -0.000000e+000 -9.595629e-002
    outer loop
      vertex   -1.770272e+002 1.748250e+002 3.483968e+001
      vertex   -1.769155e+002 1.736750e+002 3.469710e+001
      vertex   -1.770272e+002 1.736750e+002 3.483968e+001
    endloop
  endfacet
  facet normal -7.071068e-001 -0.000000e+000 -7.071068e-001
    outer loop
      vertex   -1.770272e+002 1.748250e+002 3.483968e+001
      vertex   -1.770272e+002 1.736750e+002 3.483968e+001
      vertex   -1.771553e+002 1.748250e+002 3.496777e+001
    endloop
  endfacet
  facet normal -1.100201e-001 -0.000000e+000 -1.100201e-001
    outer loop
      vertex   -1.771553e+002 1.748250e+002 3.496777e+001
      vertex   -1.770272e+002 1.736750e+002 3.483968e+001
      vertex   -1.771553e+002 1.736750e+002 3.496777e+001
    endloop
  endfacet
  facet normal -6.167420e-001 -0.000000e+000 -7.871653e-001
    outer loop
      vertex   -1.771553e+002 1.748250e+002 3.496777e+001
      vertex   -1.771553e+002 1.736750e+002 3.496777e+001
      vertex   -1.772979e+002 1.748250e+002 3.507948e+001
    endloop
  endfacet
  facet normal -9.595637e-002 -0.000000e+000 -1.224718e-001
    outer loop
      vertex   -1.772979e+002 1.748250e+002 3.507948e+001
      vertex   -1.771553e+002 1.736750e+002 3.496777e+001
      vertex   -1.772979e+002 1.736750e+002 3.507948e+001
    endloop
  endfacet
  facet normal -5.173329e-001 -0.000000e+000 -8.557842e-001
    outer loop
      vertex   -1.772979e+002 1.748250e+002 3.507948e+001
      vertex   -1.772979e+002 1.736750e+002 3.507948e+001
      vertex   -1.774529e+002 1.748250e+002 3.517318e+001
    endloop
  endfacet
  facet normal -8.049329e-002 -0.000000e+000 -1.331539e-001
    outer loop
      vertex   -1.774529e+002 1.748250e+002 3.517318e+001
      vertex   -1.772979e+002 1.736750e+002 3.507948e+001
      vertex   -1.774529e+002 1.736750e+002 3.517318e+001
    endloop
  endfacet
  facet normal -4.104172e-001 -0.000000e+000 -9.118978e-001
    outer loop
      vertex   -1.774529e+002 1.748250e+002 3.517318e+001
      vertex   -1.774529e+002 1.736750e+002 3.517318e+001
      vertex   -1.776181e+002 1.748250e+002 3.524752e+001
    endloop
  endfacet
  facet normal -6.385726e-002 -0.000000e+000 -1.418832e-001
    outer loop
      vertex   -1.776181e+002 1.748250e+002 3.524752e+001
      vertex   -1.774529e+002 1.736750e+002 3.517318e+001
      vertex   -1.776181e+002 1.736750e+002 3.524752e+001
    endloop
  endfacet
  facet normal -2.974979e-001 -0.000000e+000 -9.547225e-001
    outer loop
      vertex   -1.776181e+002 1.748250e+002 3.524752e+001
      vertex   -1.776181e+002 1.736750e+002 3.524752e+001
      vertex   -1.777910e+002 1.748250e+002 3.530141e+001
    endloop
  endfacet
  facet normal -4.629055e-002 -0.000000e+000 -1.485544e-001
    outer loop
      vertex   -1.777910e+002 1.748250e+002 3.530141e+001
      vertex   -1.776181e+002 1.736750e+002 3.524752e+001
      vertex   -1.777910e+002 1.736750e+002 3.530141e+001
    endloop
  endfacet
  facet normal -1.802586e-001 -0.000000e+000 -9.836193e-001
    outer loop
      vertex   -1.777910e+002 1.748250e+002 3.530141e+001
      vertex   -1.777910e+002 1.736750e+002 3.530141e+001
      vertex   -1.779692e+002 1.748250e+002 3.533406e+001
    endloop
  endfacet
  facet normal -2.804571e-002 -0.000000e+000 -1.530374e-001
    outer loop
      vertex   -1.779692e+002 1.748250e+002 3.533406e+001
      vertex   -1.777910e+002 1.736750e+002 3.530141e+001
      vertex   -1.779692e+002 1.736750e+002 3.533406e+001
    endloop
  endfacet
  facet normal -6.037997e-002 -0.000000e+000 -9.981754e-001
    outer loop
      vertex   -1.779692e+002 1.748250e+002 3.533406e+001
      vertex   -1.779692e+002 1.736750e+002 3.533406e+001
      vertex   -1.781500e+002 1.748250e+002 3.534500e+001
    endloop
  endfacet
  facet normal -9.394440e-003 -0.000000e+000 -1.553048e-001
    outer loop
      vertex   -1.781500e+002 1.748250e+002 3.534500e+001
      vertex   -1.779692e+002 1.736750e+002 3.533406e+001
      vertex   -1.781500e+002 1.736750e+002 3.534500e+001
    endloop
  endfacet
  facet normal 6.037489e-002 0.000000e+000 -9.981758e-001
    outer loop
      vertex   -1.781500e+002 1.748250e+002 3.534500e+001
      vertex   -1.781500e+002 1.736750e+002 3.534500e+001
      vertex   -1.783308e+002 1.748250e+002 3.533406e+001
    endloop
  endfacet
  facet normal 9.394421e-003 0.000000e+000 -1.553176e-001
    outer loop
      vertex   -1.783308e+002 1.748250e+002 3.533406e+001
      vertex   -1.781500e+002 1.736750e+002 3.534500e+001
      vertex   -1.783308e+002 1.736750e+002 3.533406e+001
    endloop
  endfacet
  facet normal 1.802586e-001 0.000000e+000 -9.836193e-001
    outer loop
      vertex   -1.783308e+002 1.748250e+002 3.533406e+001
      vertex   -1.783308e+002 1.736750e+002 3.533406e+001
      vertex   -1.785090e+002 1.748250e+002 3.530141e+001
    endloop
  endfacet
  facet normal 2.804571e-002 0.000000e+000 -1.530374e-001
    outer loop
      vertex   -1.785090e+002 1.748250e+002 3.530141e+001
      vertex   -1.783308e+002 1.736750e+002 3.533406e+001
      vertex   -1.785090e+002 1.736750e+002 3.530141e+001
    endloop
  endfacet
  facet normal 2.975218e-001 0.000000e+000 -9.547150e-001
    outer loop
      vertex   -1.785090e+002 1.748250e+002 3.530141e+001
      vertex   -1.785090e+002 1.736750e+002 3.530141e+001
      vertex   -1.786819e+002 1.748250e+002 3.524752e+001
    endloop
  endfacet
  facet normal 4.629065e-002 0.000000e+000 -1.485416e-001
    outer loop
      vertex   -1.786819e+002 1.748250e+002 3.524752e+001
      vertex   -1.785090e+002 1.736750e+002 3.530141e+001
      vertex   -1.786819e+002 1.736750e+002 3.524752e+001
    endloop
  endfacet
  facet normal 4.103857e-001 0.000000e+000 -9.119120e-001
    outer loop
      vertex   -1.786819e+002 1.748250e+002 3.524752e+001
      vertex   -1.786819e+002 1.736750e+002 3.524752e+001
      vertex   -1.788471e+002 1.748250e+002 3.517318e+001
    endloop
  endfacet
  facet normal 6.385715e-002 0.000000e+000 -1.418960e-001
    outer loop
      vertex   -1.788471e+002 1.748250e+002 3.517318e+001
      vertex   -1.786819e+002 1.736750e+002 3.524752e+001
      vertex   -1.788471e+002 1.736750e+002 3.517318e+001
    endloop
  endfacet
  facet normal 5.173702e-001 0.000000e+000 -8.557617e-001
    outer loop
      vertex   -1.788471e+002 1.748250e+002 3.517318e+001
      vertex   -1.788471e+002 1.736750e+002 3.517318e+001
      vertex   -1.790021e+002 1.748250e+002 3.507948e+001
    endloop
  endfacet
  facet normal 8.049344e-002 0.000000e+000 -1.331410e-001
    outer loop
      vertex   -1.790021e+002 1.748250e+002 3.507948e+001
      vertex   -1.788471e+002 1.736750e+002 3.517318e+001
      vertex   -1.790021e+002 1.736750e+002 3.507948e+001
    endloop
  endfacet
  facet normal 6.167011e-001 0.000000e+000 -7.871974e-001
    outer loop
      vertex   -1.790021e+002 1.748250e+002 3.507948e+001
      vertex   -1.790021e+002 1.736750e+002 3.507948e+001
      vertex   -1.791447e+002 1.748250e+002 3.496777e+001
    endloop
  endfacet
  facet normal 9.595621e-002 0.000000e+000 -1.224847e-001
    outer loop
      vertex   -1.791447e+002 1.748250e+002 3.496777e+001
      vertex   -1.790021e+002 1.736750e+002 3.507948e+001
      vertex   -1.791447e+002 1.736750e+002 3.496777e+001
    endloop
  endfacet
  facet normal 7.071068e-001 0.000000e+000 -7.071068e-001
    outer loop
      vertex   -1.791447e+002 1.748250e+002 3.496777e+001
      vertex   -1.791447e+002 1.736750e+002 3.496777e+001
      vertex   -1.792728e+002 1.748250e+002 3.483968e+001
    endloop
  endfacet
  facet normal 1.100201e-001 0.000000e+000 -1.100201e-001
    outer loop
      vertex   -1.792728e+002 1.748250e+002 3.483968e+001
      vertex   -1.791447e+002 1.736750e+002 3.496777e+001
      vertex   -1.792728e+002 1.736750e+002 3.483968e+001
    endloop
  endfacet
  facet normal 7.871814e-001 0.000000e+000 -6.167216e-001
    outer loop
      vertex   -1.792728e+002 1.748250e+002 3.483968e+001
      vertex   -1.792728e+002 1.736750e+002 3.483968e+001
      vertex   -1.793845e+002 1.748250e+002 3.469710e+001
    endloop
  endfacet
  facet normal 1.224783e-001 0.000000e+000 -9.595629e-002
    outer loop
      vertex   -1.793845e+002 1.748250e+002 3.469710e+001
      vertex   -1.792728e+002 1.736750e+002 3.483968e+001
      vertex   -1.793845e+002 1.736750e+002 3.469710e+001
    endloop
  endfacet
  facet normal 8.557935e-001 0.000000e+000 -5.173175e-001
    outer loop
      vertex   -1.793845e+002 1.748250e+002 3.469710e+001
      vertex   -1.793845e+002 1.736750e+002 3.469710e+001
      vertex   -1.794782e+002 1.748250e+002 3.454208e+001
    endloop
  endfacet
  facet normal 1.331539e-001 0.000000e+000 -8.049004e-002
    outer loop
      vertex   -1.794782e+002 1.748250e+002 3.454208e+001
      vertex   -1.793845e+002 1.736750e+002 3.469710e+001
      vertex   -1.794782e+002 1.736750e+002 3.454208e+001
    endloop
  endfacet
  facet normal 9.118978e-001 0.000000e+000 -4.104172e-001
    outer loop
      vertex   -1.794782e+002 1.748250e+002 3.454208e+001
      vertex   -1.794782e+002 1.736750e+002 3.454208e+001
      vertex   -1.795525e+002 1.748250e+002 3.437691e+001
    endloop
  endfacet
  facet normal 1.418832e-001 0.000000e+000 -6.385726e-002
    outer loop
      vertex   -1.795525e+002 1.748250e+002 3.437691e+001
      vertex   -1.794782e+002 1.736750e+002 3.454208e+001
      vertex   -1.795525e+002 1.736750e+002 3.437691e+001
    endloop
  endfacet
  facet normal 9.547127e-001 0.000000e+000 -2.975290e-001
    outer loop
      vertex   -1.795525e+002 1.748250e+002 3.437691e+001
      vertex   -1.795525e+002 1.736750e+002 3.437691e+001
      vertex   -1.796064e+002 1.748250e+002 3.420397e+001
    endloop
  endfacet
  facet normal 1.485480e-001 0.000000e+000 -4.629387e-002
    outer loop
      vertex   -1.796064e+002 1.748250e+002 3.420397e+001
      vertex   -1.795525e+002 1.736750e+002 3.437691e+001
      vertex   -1.796064e+002 1.736750e+002 3.420397e+001
    endloop
  endfacet
  facet normal 9.836162e-001 0.000000e+000 -1.802752e-001
    outer loop
      vertex   -1.796064e+002 1.748250e+002 3.420397e+001
      vertex   -1.796064e+002 1.736750e+002 3.420397e+001
      vertex   -1.796391e+002 1.748250e+002 3.402581e+001
    endloop
  endfacet
  facet normal 1.530405e-001 0.000000e+000 -2.804897e-002
    outer loop
      vertex   -1.796391e+002 1.748250e+002 3.402581e+001
      vertex   -1.796064e+002 1.736750e+002 3.420397e+001
      vertex   -1.796391e+002 1.736750e+002 3.402581e+001
    endloop
  endfacet
  facet normal 9.981794e-001 0.000000e+000 -6.031575e-002
    outer loop
      vertex   -1.796391e+002 1.748250e+002 3.402581e+001
      vertex   -1.796391e+002 1.736750e+002 3.402581e+001
      vertex   -1.796500e+002 1.748250e+002 3.384500e+001
    endloop
  endfacet
  facet normal 1.553080e-001 0.000000e+000 -9.384606e-003
    outer loop
      vertex   -1.796500e+002 1.748250e+002 3.384500e+001
      vertex   -1.796391e+002 1.736750e+002 3.402581e+001
      vertex   -1.796500e+002 1.736750e+002 3.384500e+001
    endloop
  endfacet
  facet normal 9.981794e-001 0.000000e+000 6.031575e-002
    outer loop
      vertex   -1.796500e+002 1.748250e+002 3.384500e+001
      vertex   -1.796500e+002 1.736750e+002 3.384500e+001
      vertex   -1.796391e+002 1.748250e+002 3.366420e+001
    endloop
  endfacet
  facet normal 1.553080e-001 0.000000e+000 9.384606e-003
    outer loop
      vertex   -1.796391e+002 1.748250e+002 3.366420e+001
      vertex   -1.796500e+002 1.736750e+002 3.384500e+001
      vertex   -1.796391e+002 1.736750e+002 3.366420e+001
    endloop
  endfacet
  facet normal 9.836169e-001 0.000000e+000 1.802715e-001
    outer loop
      vertex   -1.796391e+002 1.748250e+002 3.366420e+001
      vertex   -1.796391e+002 1.736750e+002 3.366420e+001
      vertex   -1.796064e+002 1.748250e+002 3.348603e+001
    endloop
  endfacet
  facet normal 1.530437e-001 0.000000e+000 2.804895e-002
    outer loop
      vertex   -1.796064e+002 1.748250e+002 3.348603e+001
      vertex   -1.796391e+002 1.736750e+002 3.366420e+001
      vertex   -1.796064e+002 1.736750e+002 3.348603e+001
    endloop
  endfacet
  facet normal 9.547127e-001 0.000000e+000 2.975290e-001
    outer loop
      vertex   -1.796064e+002 1.748250e+002 3.348603e+001
      vertex   -1.796064e+002 1.736750e+002 3.348603e+001
      vertex   -1.795525e+002 1.748250e+002 3.331309e+001
    endloop
  endfacet
  facet normal 1.485480e-001 0.000000e+000 4.629387e-002
    outer loop
      vertex   -1.795525e+002 1.748250e+002 3.331309e+001
      vertex   -1.796064e+002 1.736750e+002 3.348603e+001
      vertex   -1.795525e+002 1.736750e+002 3.331309e+001
    endloop
  endfacet
  facet normal 9.118978e-001 0.000000e+000 4.104172e-001
    outer loop
      vertex   -1.795525e+002 1.748250e+002 3.331309e+001
      vertex   -1.795525e+002 1.736750e+002 3.331309e+001
      vertex   -1.794782e+002 1.748250e+002 3.314791e+001
    endloop
  endfacet
  facet normal 1.418832e-001 0.000000e+000 6.385726e-002
    outer loop
      vertex   -1.794782e+002 1.748250e+002 3.314791e+001
      vertex   -1.795525e+002 1.736750e+002 3.331309e+001
      vertex   -1.794782e+002 1.736750e+002 3.314791e+001
    endloop
  endfacet
  facet normal 8.557879e-001 0.000000e+000 5.173268e-001
    outer loop
      vertex   -1.794782e+002 1.748250e+002 3.314791e+001
      vertex   -1.794782e+002 1.736750e+002 3.314791e+001
      vertex   -1.793845e+002 1.748250e+002 3.299290e+001
    endloop
  endfacet
  facet normal 1.331507e-001 0.000000e+000 8.049007e-002
    outer loop
      vertex   -1.793845e+002 1.748250e+002 3.299290e+001
      vertex   -1.794782e+002 1.736750e+002 3.314791e+001
      vertex   -1.793845e+002 1.736750e+002 3.299290e+001
    endloop
  endfacet
  facet normal 7.871894e-001 0.000000e+000 6.167114e-001
    outer loop
      vertex   -1.793845e+002 1.748250e+002 3.299290e+001
      vertex   -1.793845e+002 1.736750e+002 3.299290e+001
      vertex   -1.792728e+002 1.748250e+002 3.285032e+001
    endloop
  endfacet
  facet normal 1.224815e-001 0.000000e+000 9.595625e-002
    outer loop
      vertex   -1.792728e+002 1.748250e+002 3.285032e+001
      vertex   -1.793845e+002 1.736750e+002 3.299290e+001
      vertex   -1.792728e+002 1.736750e+002 3.285032e+001
    endloop
  endfacet
  facet normal 7.071068e-001 0.000000e+000 7.071068e-001
    outer loop
      vertex   -1.792728e+002 1.748250e+002 3.285032e+001
      vertex   -1.792728e+002 1.736750e+002 3.285032e+001
      vertex   -1.791447e+002 1.748250e+002 3.272223e+001
    endloop
  endfacet
  facet normal 1.100201e-001 0.000000e+000 1.100201e-001
    outer loop
      vertex   -1.791447e+002 1.748250e+002 3.272223e+001
      vertex   -1.792728e+002 1.736750e+002 3.285032e+001
      vertex   -1.791447e+002 1.736750e+002 3.272223e+001
    endloop
  endfacet
  facet normal 6.167011e-001 0.000000e+000 7.871974e-001
    outer loop
      vertex   -1.791447e+002 1.748250e+002 3.272223e+001
      vertex   -1.791447e+002 1.736750e+002 3.272223e+001
      vertex   -1.790021e+002 1.748250e+002 3.261052e+001
    endloop
  endfacet
  facet normal 9.595621e-002 0.000000e+000 1.224847e-001
    outer loop
      vertex   -1.790021e+002 1.748250e+002 3.261052e+001
      vertex   -1.791447e+002 1.736750e+002 3.272223e+001
      vertex   -1.790021e+002 1.736750e+002 3.261052e+001
    endloop
  endfacet
  facet normal 5.173702e-001 0.000000e+000 8.557617e-001
    outer loop
      vertex   -1.790021e+002 1.748250e+002 3.261052e+001
      vertex   -1.790021e+002 1.736750e+002 3.261052e+001
      vertex   -1.788471e+002 1.748250e+002 3.251682e+001
    endloop
  endfacet
  facet normal 8.049344e-002 0.000000e+000 1.331410e-001
    outer loop
      vertex   -1.788471e+002 1.748250e+002 3.251682e+001
      vertex   -1.790021e+002 1.736750e+002 3.261052e+001
      vertex   -1.788471e+002 1.736750e+002 3.251682e+001
    endloop
  endfacet
  facet normal 4.103857e-001 0.000000e+000 9.119120e-001
    outer loop
      vertex   -1.788471e+002 1.748250e+002 3.251682e+001
      vertex   -1.788471e+002 1.736750e+002 3.251682e+001
      vertex   -1.786819e+002 1.748250e+002 3.244247e+001
    endloop
  endfacet
  facet normal 6.385715e-002 0.000000e+000 1.418960e-001
    outer loop
      vertex   -1.786819e+002 1.748250e+002 3.244247e+001
      vertex   -1.788471e+002 1.736750e+002 3.251682e+001
      vertex   -1.786819e+002 1.736750e+002 3.244247e+001
    endloop
  endfacet
  facet normal 2.975026e-001 0.000000e+000 9.547210e-001
    outer loop
      vertex   -1.786819e+002 1.748250e+002 3.244247e+001
      vertex   -1.786819e+002 1.736750e+002 3.244247e+001
      vertex   -1.785090e+002 1.748250e+002 3.238859e+001
    endloop
  endfacet
  facet normal 4.628738e-002 0.000000e+000 1.485416e-001
    outer loop
      vertex   -1.785090e+002 1.748250e+002 3.238859e+001
      vertex   -1.786819e+002 1.736750e+002 3.244247e+001
      vertex   -1.785090e+002 1.736750e+002 3.238859e+001
    endloop
  endfacet
  facet normal 1.802586e-001 0.000000e+000 9.836193e-001
    outer loop
      vertex   -1.785090e+002 1.748250e+002 3.238859e+001
      vertex   -1.785090e+002 1.736750e+002 3.238859e+001
      vertex   -1.783308e+002 1.748250e+002 3.235594e+001
    endloop
  endfacet
  facet normal 2.804571e-002 0.000000e+000 1.530374e-001
    outer loop
      vertex   -1.783308e+002 1.748250e+002 3.235594e+001
      vertex   -1.785090e+002 1.736750e+002 3.238859e+001
      vertex   -1.783308e+002 1.736750e+002 3.235594e+001
    endloop
  endfacet
  facet normal 0.000000e+000 1.000000e+000 0.000000e+000
    outer loop
      vertex   -1.758000e+002 1.628250e+002 3.999500e+001
      vertex   -1.758000e+002 1.628250e+002 2.769500e+001
      vertex   -1.806500e+002 1.628250e+002 3.999500e+001
    endloop
  endfacet
  facet normal 0.000000e+000 3.668215e-001 0.000000e+000
    outer loop
      vertex   -1.806500e+002 1.628250e+002 3.999500e+001
      vertex   -1.758000e+002 1.628250e+002 2.769500e+001
      vertex   -1.806500e+002 1.628250e+002 2.769500e+001
    endloop
  endfacet
  facet normal 0.000000e+000 1.000000e+000 0.000000e+000
    outer loop
      vertex   -1.509500e+002 1.628250e+002 2.769500e+001
      vertex   -1.509500e+002 1.628250e+002 3.999500e+001
      vertex   -1.479500e+002 1.628250e+002 2.769500e+001
    endloop
  endfacet
  facet normal 0.000000e+000 2.369562e-001 -0.000000e+000
    outer loop
      vertex   -1.479500e+002 1.628250e+002 2.769500e+001
      vertex   -1.509500e+002 1.628250e+002 3.999500e+001
      vertex   -1.479500e+002 1.628250e+002 3.999500e+001
    endloop
  endfacet
  facet normal 0.000000e+000 -1.369108e-001 0.000000e+000
    outer loop
      vertex   -1.528000e+002 1.706250e+002 2.769500e+001
      vertex   -1.519500e+002 1.706250e+002 3.384500e+001
      vertex   -1.528000e+002 1.706250e+002 3.999500e+001
    endloop
  endfacet
  facet normal 0.000000e+000 -5.901504e-003 0.000000e+000
    outer loop
      vertex   -1.528000e+002 1.706250e+002 3.999500e+001
      vertex   -1.519500e+002 1.706250e+002 3.384500e+001
      vertex   -1.519391e+002 1.706250e+002 3.402581e+001
    endloop
  endfacet
  facet normal 0.000000e+000 -9.853666e-003 0.000000e+000
    outer loop
      vertex   -1.528000e+002 1.706250e+002 3.999500e+001
      vertex   -1.519391e+002 1.706250e+002 3.402581e+001
      vertex   -1.519064e+002 1.706250e+002 3.420397e+001
    endloop
  endfacet
  facet normal 0.000000e+000 -9.338012e-001 0.000000e+000
    outer loop
      vertex   -1.479500e+002 1.706250e+002 2.769500e+001
      vertex   -1.477715e+002 1.706250e+002 2.816074e+001
      vertex   -1.528000e+002 1.706250e+002 2.769500e+001
    endloop
  endfacet
  facet normal 0.000000e+000 -1.235592e-001 0.000000e+000
    outer loop
      vertex   -1.528000e+002 1.706250e+002 2.769500e+001
      vertex   -1.477715e+002 1.706250e+002 2.816074e+001
      vertex   -1.476714e+002 1.706250e+002 2.882159e+001
    endloop
  endfacet
  facet normal 0.000000e+000 -1.110133e-001 0.000000e+000
    outer loop
      vertex   -1.528000e+002 1.706250e+002 2.769500e+001
      vertex   -1.476714e+002 1.706250e+002 2.882159e+001
      vertex   -1.475492e+002 1.706250e+002 2.947872e+001
    endloop
  endfacet
  facet normal 0.000000e+000 -1.671090e-002 0.000000e+000
    outer loop
      vertex   -1.479500e+002 1.706250e+002 2.549500e+001
      vertex   -1.479388e+002 1.706250e+002 2.616330e+001
      vertex   -1.479500e+002 1.706250e+002 2.769500e+001
    endloop
  endfacet
  facet normal 0.000000e+000 -4.433135e-002 0.000000e+000
    outer loop
      vertex   -1.479500e+002 1.706250e+002 2.769500e+001
      vertex   -1.479388e+002 1.706250e+002 2.616330e+001
      vertex   -1.479053e+002 1.706250e+002 2.683085e+001
    endloop
  endfacet
  facet normal 0.000000e+000 -4.055765e-001 0.000000e+000
    outer loop
      vertex   -1.479500e+002 1.706250e+002 2.769500e+001
      vertex   -1.479053e+002 1.706250e+002 2.683085e+001
      vertex   -1.478496e+002 1.706250e+002 2.749691e+001
    endloop
  endfacet
  facet normal 0.000000e+000 -5.532318e-001 0.000000e+000
    outer loop
      vertex   -1.478496e+002 1.706250e+002 2.749691e+001
      vertex   -1.477715e+002 1.706250e+002 2.816074e+001
      vertex   -1.479500e+002 1.706250e+002 2.769500e+001
    endloop
  endfacet
  facet normal -0.000000e+000 -9.034164e-001 0.000000e+000
    outer loop
      vertex   -1.474052e+002 1.706250e+002 3.013140e+001
      vertex   -1.502692e+002 1.706250e+002 3.235594e+001
      vertex   -1.475492e+002 1.706250e+002 2.947872e+001
    endloop
  endfacet
  facet normal 0.000000e+000 -3.406077e-002 0.000000e+000
    outer loop
      vertex   -1.475492e+002 1.706250e+002 2.947872e+001
      vertex   -1.502692e+002 1.706250e+002 3.235594e+001
      vertex   -1.504500e+002 1.706250e+002 3.234500e+001
    endloop
  endfacet
  facet normal -0.000000e+000 -8.943141e-001 0.000000e+000
    outer loop
      vertex   -1.475492e+002 1.706250e+002 2.947872e+001
      vertex   -1.504500e+002 1.706250e+002 3.234500e+001
      vertex   -1.528000e+002 1.706250e+002 2.769500e+001
    endloop
  endfacet
  facet normal 0.000000e+000 -3.234747e-002 0.000000e+000
    outer loop
      vertex   -1.528000e+002 1.706250e+002 2.769500e+001
      vertex   -1.504500e+002 1.706250e+002 3.234500e+001
      vertex   -1.506308e+002 1.706250e+002 3.235594e+001
    endloop
  endfacet
  facet normal 0.000000e+000 -3.438621e-002 0.000000e+000
    outer loop
      vertex   -1.528000e+002 1.706250e+002 2.769500e+001
      vertex   -1.506308e+002 1.706250e+002 3.235594e+001
      vertex   -1.508090e+002 1.706250e+002 3.238859e+001
    endloop
  endfacet
  facet normal 0.000000e+000 -7.457302e-001 0.000000e+000
    outer loop
      vertex   -1.502692e+002 1.706250e+002 3.235594e+001
      vertex   -1.474052e+002 1.706250e+002 3.013140e+001
      vertex   -1.500910e+002 1.706250e+002 3.238859e+001
    endloop
  endfacet
  facet normal 0.000000e+000 -1.839503e-001 0.000000e+000
    outer loop
      vertex   -1.500910e+002 1.706250e+002 3.238859e+001
      vertex   -1.474052e+002 1.706250e+002 3.013140e+001
      vertex   -1.472394e+002 1.706250e+002 3.077891e+001
    endloop
  endfacet
  facet normal 0.000000e+000 -7.283681e-001 0.000000e+000
    outer loop
      vertex   -1.500910e+002 1.706250e+002 3.238859e+001
      vertex   -1.472394e+002 1.706250e+002 3.077891e+001
      vertex   -1.499181e+002 1.706250e+002 3.244247e+001
    endloop
  endfacet
  facet normal 0.000000e+000 -8.297462e-001 0.000000e+000
    outer loop
      vertex   -1.499181e+002 1.706250e+002 3.244247e+001
      vertex   -1.472394e+002 1.706250e+002 3.077891e+001
      vertex   -1.497529e+002 1.706250e+002 3.251682e+001
    endloop
  endfacet
  facet normal 0.000000e+000 -2.176000e-001 0.000000e+000
    outer loop
      vertex   -1.497529e+002 1.706250e+002 3.251682e+001
      vertex   -1.472394e+002 1.706250e+002 3.077891e+001
      vertex   -1.470520e+002 1.706250e+002 3.142051e+001
    endloop
  endfacet
  facet normal 0.000000e+000 -8.012136e-001 0.000000e+000
    outer loop
      vertex   -1.497529e+002 1.706250e+002 3.251682e+001
      vertex   -1.470520e+002 1.706250e+002 3.142051e+001
      vertex   -1.495979e+002 1.706250e+002 3.261052e+001
    endloop
  endfacet
  facet normal 0.000000e+000 -8.920460e-001 0.000000e+000
    outer loop
      vertex   -1.495979e+002 1.706250e+002 3.261052e+001
      vertex   -1.470520e+002 1.706250e+002 3.142051e+001
      vertex   -1.494553e+002 1.706250e+002 3.272223e+001
    endloop
  endfacet
  facet normal 0.000000e+000 -2.439901e-001 0.000000e+000
    outer loop
      vertex   -1.494553e+002 1.706250e+002 3.272223e+001
      vertex   -1.470520e+002 1.706250e+002 3.142051e+001
      vertex   -1.468434e+002 1.706250e+002 3.205550e+001
    endloop
  endfacet
  facet normal 0.000000e+000 -8.600287e-001 0.000000e+000
    outer loop
      vertex   -1.494553e+002 1.706250e+002 3.272223e+001
      vertex   -1.468434e+002 1.706250e+002 3.205550e+001
      vertex   -1.493272e+002 1.706250e+002 3.285032e+001
    endloop
  endfacet
  facet normal 0.000000e+000 -9.376949e-001 0.000000e+000
    outer loop
      vertex   -1.493272e+002 1.706250e+002 3.285032e+001
      vertex   -1.468434e+002 1.706250e+002 3.205550e+001
      vertex   -1.492155e+002 1.706250e+002 3.299290e+001
    endloop
  endfacet
  facet normal 0.000000e+000 -9.860116e-001 0.000000e+000
    outer loop
      vertex   -1.492155e+002 1.706250e+002 3.299290e+001
      vertex   -1.468434e+002 1.706250e+002 3.205550e+001
      vertex   -1.491218e+002 1.706250e+002 3.314791e+001
    endloop
  endfacet
  facet normal 0.000000e+000 -2.608126e-001 0.000000e+000
    outer loop
      vertex   -1.491218e+002 1.706250e+002 3.314791e+001
      vertex   -1.468434e+002 1.706250e+002 3.205550e+001
      vertex   -1.466136e+002 1.706250e+002 3.268316e+001
    endloop
  endfacet
  facet normal 0.000000e+000 -9.714109e-001 0.000000e+000
    outer loop
      vertex   -1.491218e+002 1.706250e+002 3.314791e+001
      vertex   -1.466136e+002 1.706250e+002 3.268316e+001
      vertex   -1.490475e+002 1.706250e+002 3.331309e+001
    endloop
  endfacet
  facet normal 0.000000e+000 -9.988115e-001 0.000000e+000
    outer loop
      vertex   -1.490475e+002 1.706250e+002 3.331309e+001
      vertex   -1.466136e+002 1.706250e+002 3.268316e+001
      vertex   -1.489936e+002 1.706250e+002 3.348603e+001
    endloop
  endfacet
  facet normal 0.000000e+000 -2.530297e-001 0.000000e+000
    outer loop
      vertex   -1.489936e+002 1.706250e+002 3.348603e+001
      vertex   -1.466136e+002 1.706250e+002 3.268316e+001
      vertex   -1.463630e+002 1.706250e+002 3.330278e+001
    endloop
  endfacet
  facet normal 0.000000e+000 -9.937662e-001 0.000000e+000
    outer loop
      vertex   -1.489936e+002 1.706250e+002 3.348603e+001
      vertex   -1.463630e+002 1.706250e+002 3.330278e+001
      vertex   -1.489609e+002 1.706250e+002 3.366420e+001
    endloop
  endfacet
  facet normal 0.000000e+000 -9.969758e-001 0.000000e+000
    outer loop
      vertex   -1.489609e+002 1.706250e+002 3.366420e+001
      vertex   -1.463630e+002 1.706250e+002 3.330278e+001
      vertex   -1.489500e+002 1.706250e+002 3.384500e+001
    endloop
  endfacet
  facet normal 0.000000e+000 -2.285927e-001 0.000000e+000
    outer loop
      vertex   -1.489500e+002 1.706250e+002 3.384500e+001
      vertex   -1.463630e+002 1.706250e+002 3.330278e+001
      vertex   -1.460918e+002 1.706250e+002 3.391370e+001
    endloop
  endfacet
  facet normal 0.000000e+000 -9.993374e-001 0.000000e+000
    outer loop
      vertex   -1.489500e+002 1.706250e+002 3.384500e+001
      vertex   -1.460918e+002 1.706250e+002 3.391370e+001
      vertex   -1.489609e+002 1.706250e+002 3.402581e+001
    endloop
  endfacet
  facet normal 0.000000e+000 -9.758273e-001 0.000000e+000
    outer loop
      vertex   -1.489609e+002 1.706250e+002 3.402581e+001
      vertex   -1.460918e+002 1.706250e+002 3.391370e+001
      vertex   -1.489936e+002 1.706250e+002 3.420397e+001
    endloop
  endfacet
  facet normal 0.000000e+000 -9.203879e-001 0.000000e+000
    outer loop
      vertex   -1.489936e+002 1.706250e+002 3.420397e+001
      vertex   -1.460918e+002 1.706250e+002 3.391370e+001
      vertex   -1.490475e+002 1.706250e+002 3.437691e+001
    endloop
  endfacet
  facet normal 0.000000e+000 -1.967284e-001 0.000000e+000
    outer loop
      vertex   -1.490475e+002 1.706250e+002 3.437691e+001
      vertex   -1.460918e+002 1.706250e+002 3.391370e+001
      vertex   -1.458004e+002 1.706250e+002 3.451520e+001
    endloop
  endfacet
  facet normal 0.000000e+000 -9.285358e-001 0.000000e+000
    outer loop
      vertex   -1.490475e+002 1.706250e+002 3.437691e+001
      vertex   -1.458004e+002 1.706250e+002 3.451520e+001
      vertex   -1.491218e+002 1.706250e+002 3.454208e+001
    endloop
  endfacet
  facet normal 0.000000e+000 -8.515410e-001 0.000000e+000
    outer loop
      vertex   -1.491218e+002 1.706250e+002 3.454208e+001
      vertex   -1.458004e+002 1.706250e+002 3.451520e+001
      vertex   -1.492155e+002 1.706250e+002 3.469710e+001
    endloop
  endfacet
  facet normal 0.000000e+000 -1.619533e-001 0.000000e+000
    outer loop
      vertex   -1.492155e+002 1.706250e+002 3.469710e+001
      vertex   -1.458004e+002 1.706250e+002 3.451520e+001
      vertex   -1.454890e+002 1.706250e+002 3.510664e+001
    endloop
  endfacet
  facet normal 0.000000e+000 -8.498412e-001 0.000000e+000
    outer loop
      vertex   -1.492155e+002 1.706250e+002 3.469710e+001
      vertex   -1.454890e+002 1.706250e+002 3.510664e+001
      vertex   -1.493272e+002 1.706250e+002 3.483968e+001
    endloop
  endfacet
  facet normal 0.000000e+000 -7.544640e-001 0.000000e+000
    outer loop
      vertex   -1.493272e+002 1.706250e+002 3.483968e+001
      vertex   -1.454890e+002 1.706250e+002 3.510664e+001
      vertex   -1.494553e+002 1.706250e+002 3.496777e+001
    endloop
  endfacet
  facet normal 0.000000e+000 -1.305359e-001 0.000000e+000
    outer loop
      vertex   -1.494553e+002 1.706250e+002 3.496777e+001
      vertex   -1.454890e+002 1.706250e+002 3.510664e+001
      vertex   -1.451580e+002 1.706250e+002 3.568733e+001
    endloop
  endfacet
  facet normal 0.000000e+000 -7.382718e-001 0.000000e+000
    outer loop
      vertex   -1.494553e+002 1.706250e+002 3.496777e+001
      vertex   -1.451580e+002 1.706250e+002 3.568733e+001
      vertex   -1.495979e+002 1.706250e+002 3.507948e+001
    endloop
  endfacet
  facet normal 0.000000e+000 -1.047221e-001 0.000000e+000
    outer loop
      vertex   -1.495979e+002 1.706250e+002 3.507948e+001
      vertex   -1.451580e+002 1.706250e+002 3.568733e+001
      vertex   -1.448078e+002 1.706250e+002 3.625665e+001
    endloop
  endfacet
  facet normal 0.000000e+000 -7.066192e-001 0.000000e+000
    outer loop
      vertex   -1.495979e+002 1.706250e+002 3.507948e+001
      vertex   -1.448078e+002 1.706250e+002 3.625665e+001
      vertex   -1.497529e+002 1.706250e+002 3.517318e+001
    endloop
  endfacet
  facet normal 0.000000e+000 -8.400047e-001 0.000000e+000
    outer loop
      vertex   -1.497529e+002 1.706250e+002 3.517318e+001
      vertex   -1.448078e+002 1.706250e+002 3.625665e+001
      vertex   -1.479500e+002 1.706250e+002 3.999500e+001
    endloop
  endfacet
  facet normal 0.000000e+000 -9.978819e-001 0.000000e+000
    outer loop
      vertex   -1.497529e+002 1.706250e+002 3.517318e+001
      vertex   -1.479500e+002 1.706250e+002 3.999500e+001
      vertex   -1.499181e+002 1.706250e+002 3.524752e+001
    endloop
  endfacet
  facet normal 0.000000e+000 -9.958696e-001 0.000000e+000
    outer loop
      vertex   -1.499181e+002 1.706250e+002 3.524752e+001
      vertex   -1.479500e+002 1.706250e+002 3.999500e+001
      vertex   -1.500910e+002 1.706250e+002 3.530141e+001
    endloop
  endfacet
  facet normal 0.000000e+000 -9.697193e-001 0.000000e+000
    outer loop
      vertex   -1.500910e+002 1.706250e+002 3.530141e+001
      vertex   -1.479500e+002 1.706250e+002 3.999500e+001
      vertex   -1.502692e+002 1.706250e+002 3.533406e+001
    endloop
  endfacet
  facet normal 0.000000e+000 -9.205559e-001 0.000000e+000
    outer loop
      vertex   -1.502692e+002 1.706250e+002 3.533406e+001
      vertex   -1.479500e+002 1.706250e+002 3.999500e+001
      vertex   -1.504500e+002 1.706250e+002 3.534500e+001
    endloop
  endfacet
  facet normal 0.000000e+000 -8.199025e-001 0.000000e+000
    outer loop
      vertex   -1.504500e+002 1.706250e+002 3.534500e+001
      vertex   -1.479500e+002 1.706250e+002 3.999500e+001
      vertex   -1.528000e+002 1.706250e+002 3.999500e+001
    endloop
  endfacet
  facet normal -0.000000e+000 -9.181050e-001 0.000000e+000
    outer loop
      vertex   -1.504500e+002 1.706250e+002 3.534500e+001
      vertex   -1.528000e+002 1.706250e+002 3.999500e+001
      vertex   -1.506308e+002 1.706250e+002 3.533406e+001
    endloop
  endfacet
  facet normal -0.000000e+000 -9.678262e-001 0.000000e+000
    outer loop
      vertex   -1.506308e+002 1.706250e+002 3.533406e+001
      vertex   -1.528000e+002 1.706250e+002 3.999500e+001
      vertex   -1.508090e+002 1.706250e+002 3.530141e+001
    endloop
  endfacet
  facet normal -0.000000e+000 -9.950938e-001 0.000000e+000
    outer loop
      vertex   -1.508090e+002 1.706250e+002 3.530141e+001
      vertex   -1.528000e+002 1.706250e+002 3.999500e+001
      vertex   -1.509819e+002 1.706250e+002 3.524752e+001
    endloop
  endfacet
  facet normal -0.000000e+000 -9.983657e-001 0.000000e+000
    outer loop
      vertex   -1.509819e+002 1.706250e+002 3.524752e+001
      vertex   -1.528000e+002 1.706250e+002 3.999500e+001
      vertex   -1.511471e+002 1.706250e+002 3.517318e+001
    endloop
  endfacet
  facet normal -0.000000e+000 -9.772987e-001 0.000000e+000
    outer loop
      vertex   -1.511471e+002 1.706250e+002 3.517318e+001
      vertex   -1.528000e+002 1.706250e+002 3.999500e+001
      vertex   -1.513021e+002 1.706250e+002 3.507948e+001
    endloop
  endfacet
  facet normal -0.000000e+000 -9.327771e-001 0.000000e+000
    outer loop
      vertex   -1.513021e+002 1.706250e+002 3.507948e+001
      vertex   -1.528000e+002 1.706250e+002 3.999500e+001
      vertex   -1.514447e+002 1.706250e+002 3.496777e+001
    endloop
  endfacet
  facet normal -0.000000e+000 -8.667918e-001 0.000000e+000
    outer loop
      vertex   -1.514447e+002 1.706250e+002 3.496777e+001
      vertex   -1.528000e+002 1.706250e+002 3.999500e+001
      vertex   -1.515728e+002 1.706250e+002 3.483968e+001
    endloop
  endfacet
  facet normal -0.000000e+000 -7.822526e-001 0.000000e+000
    outer loop
      vertex   -1.515728e+002 1.706250e+002 3.483968e+001
      vertex   -1.528000e+002 1.706250e+002 3.999500e+001
      vertex   -1.516845e+002 1.706250e+002 3.469710e+001
    endloop
  endfacet
  facet normal -0.000000e+000 -6.825467e-001 0.000000e+000
    outer loop
      vertex   -1.516845e+002 1.706250e+002 3.469710e+001
      vertex   -1.528000e+002 1.706250e+002 3.999500e+001
      vertex   -1.517782e+002 1.706250e+002 3.454208e+001
    endloop
  endfacet
  facet normal -0.000000e+000 -5.713525e-001 0.000000e+000
    outer loop
      vertex   -1.517782e+002 1.706250e+002 3.454208e+001
      vertex   -1.528000e+002 1.706250e+002 3.999500e+001
      vertex   -1.518525e+002 1.706250e+002 3.437691e+001
    endloop
  endfacet
  facet normal -0.000000e+000 -4.521543e-001 0.000000e+000
    outer loop
      vertex   -1.518525e+002 1.706250e+002 3.437691e+001
      vertex   -1.528000e+002 1.706250e+002 3.999500e+001
      vertex   -1.519064e+002 1.706250e+002 3.420397e+001
    endloop
  endfacet
  facet normal 0.000000e+000 -9.591092e-001 0.000000e+000
    outer loop
      vertex   -1.448078e+002 1.706250e+002 3.625665e+001
      vertex   -1.444388e+002 1.706250e+002 3.681394e+001
      vertex   -1.479500e+002 1.706250e+002 3.999500e+001
    endloop
  endfacet
  facet normal 0.000000e+000 -1.410341e-001 0.000000e+000
    outer loop
      vertex   -1.479500e+002 1.706250e+002 3.999500e+001
      vertex   -1.444388e+002 1.706250e+002 3.681394e+001
      vertex   -1.440514e+002 1.706250e+002 3.735860e+001
    endloop
  endfacet
  facet normal 0.000000e+000 -1.392783e-001 0.000000e+000
    outer loop
      vertex   -1.479500e+002 1.706250e+002 3.999500e+001
      vertex   -1.440514e+002 1.706250e+002 3.735860e+001
      vertex   -1.436460e+002 1.706250e+002 3.789000e+001
    endloop
  endfacet
  facet normal 0.000000e+000 -9.736066e-001 0.000000e+000
    outer loop
      vertex   -1.436460e+002 1.706250e+002 3.789000e+001
      vertex   -1.432230e+002 1.706250e+002 3.840756e+001
      vertex   -1.479500e+002 1.706250e+002 3.999500e+001
    endloop
  endfacet
  facet normal 0.000000e+000 -1.168736e-001 0.000000e+000
    outer loop
      vertex   -1.479500e+002 1.706250e+002 3.999500e+001
      vertex   -1.432230e+002 1.706250e+002 3.840756e+001
      vertex   -1.427830e+002 1.706250e+002 3.891069e+001
    endloop
  endfacet
  facet normal 0.000000e+000 -1.010635e-001 0.000000e+000
    outer loop
      vertex   -1.479500e+002 1.706250e+002 3.999500e+001
      vertex   -1.427830e+002 1.706250e+002 3.891069e+001
      vertex   -1.423265e+002 1.706250e+002 3.939885e+001
    endloop
  endfacet
  facet normal 0.000000e+000 -7.777094e-001 0.000000e+000
    outer loop
      vertex   -1.423265e+002 1.706250e+002 3.939885e+001
      vertex   -1.418539e+002 1.706250e+002 3.987148e+001
      vertex   -1.479500e+002 1.706250e+002 3.999500e+001
    endloop
  endfacet
  facet normal 0.000000e+000 -7.073884e-002 0.000000e+000
    outer loop
      vertex   -1.479500e+002 1.706250e+002 3.999500e+001
      vertex   -1.418539e+002 1.706250e+002 3.987148e+001
      vertex   -1.413657e+002 1.706250e+002 4.032804e+001
    endloop
  endfacet
  facet normal 0.000000e+000 -9.987232e-001 0.000000e+000
    outer loop
      vertex   -1.479500e+002 1.706250e+002 3.999500e+001
      vertex   -1.413657e+002 1.706250e+002 4.032804e+001
      vertex   -1.479500e+002 1.706250e+002 4.549500e+001
    endloop
  endfacet
  facet normal 0.000000e+000 -7.709114e-002 0.000000e+000
    outer loop
      vertex   -1.479500e+002 1.706250e+002 4.549500e+001
      vertex   -1.413657e+002 1.706250e+002 4.032804e+001
      vertex   -1.408626e+002 1.706250e+002 4.076804e+001
    endloop
  endfacet
  facet normal 0.000000e+000 -7.312974e-002 0.000000e+000
    outer loop
      vertex   -1.479500e+002 1.706250e+002 4.549500e+001
      vertex   -1.408626e+002 1.706250e+002 4.076804e+001
      vertex   -1.403450e+002 1.706250e+002 4.119099e+001
    endloop
  endfacet
  facet normal 0.000000e+000 -9.194651e-001 0.000000e+000
    outer loop
      vertex   -1.403450e+002 1.706250e+002 4.119099e+001
      vertex   -1.398136e+002 1.706250e+002 4.159640e+001
      vertex   -1.479500e+002 1.706250e+002 4.549500e+001
    endloop
  endfacet
  facet normal 0.000000e+000 -6.244449e-002 0.000000e+000
    outer loop
      vertex   -1.479500e+002 1.706250e+002 4.549500e+001
      vertex   -1.398136e+002 1.706250e+002 4.159640e+001
      vertex   -1.392689e+002 1.706250e+002 4.198383e+001
    endloop
  endfacet
  facet normal 0.000000e+000 -5.647095e-002 0.000000e+000
    outer loop
      vertex   -1.479500e+002 1.706250e+002 4.549500e+001
      vertex   -1.392689e+002 1.706250e+002 4.198383e+001
      vertex   -1.387117e+002 1.706250e+002 4.235284e+001
    endloop
  endfacet
  facet normal 0.000000e+000 -7.702899e-001 0.000000e+000
    outer loop
      vertex   -1.387117e+002 1.706250e+002 4.235284e+001
      vertex   -1.381423e+002 1.706250e+002 4.270303e+001
      vertex   -1.479500e+002 1.706250e+002 4.549500e+001
    endloop
  endfacet
  facet normal 0.000000e+000 -4.470946e-002 0.000000e+000
    outer loop
      vertex   -1.479500e+002 1.706250e+002 4.549500e+001
      vertex   -1.381423e+002 1.706250e+002 4.270303e+001
      vertex   -1.375616e+002 1.706250e+002 4.303400e+001
    endloop
  endfacet
  facet normal 0.000000e+000 -3.926664e-002 0.000000e+000
    outer loop
      vertex   -1.479500e+002 1.706250e+002 4.549500e+001
      vertex   -1.375616e+002 1.706250e+002 4.303400e+001
      vertex   -1.369702e+002 1.706250e+002 4.334538e+001
    endloop
  endfacet
  facet normal 0.000000e+000 -6.008197e-001 0.000000e+000
    outer loop
      vertex   -1.369702e+002 1.706250e+002 4.334538e+001
      vertex   -1.363687e+002 1.706250e+002 4.363682e+001
      vertex   -1.479500e+002 1.706250e+002 4.549500e+001
    endloop
  endfacet
  facet normal 0.000000e+000 -2.964899e-002 0.000000e+000
    outer loop
      vertex   -1.479500e+002 1.706250e+002 4.549500e+001
      vertex   -1.363687e+002 1.706250e+002 4.363682e+001
      vertex   -1.357578e+002 1.706250e+002 4.390800e+001
    endloop
  endfacet
  facet normal 0.000000e+000 -2.550175e-002 0.000000e+000
    outer loop
      vertex   -1.479500e+002 1.706250e+002 4.549500e+001
      vertex   -1.357578e+002 1.706250e+002 4.390800e+001
      vertex   -1.351382e+002 1.706250e+002 4.415861e+001
    endloop
  endfacet
  facet normal 0.000000e+000 -4.393353e-001 0.000000e+000
    outer loop
      vertex   -1.351382e+002 1.706250e+002 4.415861e+001
      vertex   -1.345105e+002 1.706250e+002 4.438838e+001
      vertex   -1.479500e+002 1.706250e+002 4.549500e+001
    endloop
  endfacet
  facet normal 0.000000e+000 -1.844079e-002 0.000000e+000
    outer loop
      vertex   -1.479500e+002 1.706250e+002 4.549500e+001
      vertex   -1.345105e+002 1.706250e+002 4.438838e+001
      vertex   -1.338755e+002 1.706250e+002 4.459705e+001
    endloop
  endfacet
  facet normal 0.000000e+000 -1.546191e-002 0.000000e+000
    outer loop
      vertex   -1.479500e+002 1.706250e+002 4.549500e+001
      vertex   -1.338755e+002 1.706250e+002 4.459705e+001
      vertex   -1.332339e+002 1.706250e+002 4.478438e+001
    endloop
  endfacet
  facet normal 0.000000e+000 -2.944846e-001 0.000000e+000
    outer loop
      vertex   -1.332339e+002 1.706250e+002 4.478438e+001
      vertex   -1.325864e+002 1.706250e+002 4.495017e+001
      vertex   -1.479500e+002 1.706250e+002 4.549500e+001
    endloop
  endfacet
  facet normal 0.000000e+000 -1.043006e-002 0.000000e+000
    outer loop
      vertex   -1.479500e+002 1.706250e+002 4.549500e+001
      vertex   -1.325864e+002 1.706250e+002 4.495017e+001
      vertex   -1.319337e+002 1.706250e+002 4.509423e+001
    endloop
  endfacet
  facet normal 0.000000e+000 -8.309624e-003 0.000000e+000
    outer loop
      vertex   -1.479500e+002 1.706250e+002 4.549500e+001
      vertex   -1.319337e+002 1.706250e+002 4.509423e+001
      vertex   -1.312766e+002 1.706250e+002 4.521640e+001
    endloop
  endfacet
  facet normal 0.000000e+000 -1.663310e-001 0.000000e+000
    outer loop
      vertex   -1.312766e+002 1.706250e+002 4.521640e+001
      vertex   -1.306157e+002 1.706250e+002 4.531655e+001
      vertex   -1.479500e+002 1.706250e+002 4.549500e+001
    endloop
  endfacet
  facet normal 0.000000e+000 -4.713538e-003 0.000000e+000
    outer loop
      vertex   -1.479500e+002 1.706250e+002 4.549500e+001
      vertex   -1.306157e+002 1.706250e+002 4.531655e+001
      vertex   -1.299519e+002 1.706250e+002 4.539456e+001
    endloop
  endfacet
  facet normal 0.000000e+000 -3.187635e-003 0.000000e+000
    outer loop
      vertex   -1.479500e+002 1.706250e+002 4.549500e+001
      vertex   -1.299519e+002 1.706250e+002 4.539456e+001
      vertex   -1.292859e+002 1.706250e+002 4.545034e+001
    endloop
  endfacet
  facet normal 0.000000e+000 -5.249935e-002 0.000000e+000
    outer loop
      vertex   -1.292859e+002 1.706250e+002 4.545034e+001
      vertex   -1.286183e+002 1.706250e+002 4.548383e+001
      vertex   -1.479500e+002 1.706250e+002 4.549500e+001
    endloop
  endfacet
  facet normal 0.000000e+000 -5.777781e-004 0.000000e+000
    outer loop
      vertex   -1.479500e+002 1.706250e+002 4.549500e+001
      vertex   -1.286183e+002 1.706250e+002 4.548383e+001
      vertex   -1.279500e+002 1.706250e+002 4.549500e+001
    endloop
  endfacet
  facet normal -0.000000e+000 -9.950918e-001 0.000000e+000
    outer loop
      vertex   -1.508090e+002 1.706250e+002 3.238859e+001
      vertex   -1.509819e+002 1.706250e+002 3.244247e+001
      vertex   -1.528000e+002 1.706250e+002 2.769500e+001
    endloop
  endfacet
  facet normal 0.000000e+000 -3.547763e-002 0.000000e+000
    outer loop
      vertex   -1.528000e+002 1.706250e+002 2.769500e+001
      vertex   -1.509819e+002 1.706250e+002 3.244247e+001
      vertex   -1.511471e+002 1.706250e+002 3.251682e+001
    endloop
  endfacet
  facet normal 0.000000e+000 -3.444942e-002 0.000000e+000
    outer loop
      vertex   -1.528000e+002 1.706250e+002 2.769500e+001
      vertex   -1.511471e+002 1.706250e+002 3.251682e+001
      vertex   -1.513021e+002 1.706250e+002 3.261052e+001
    endloop
  endfacet
  facet normal -0.000000e+000 -9.327771e-001 0.000000e+000
    outer loop
      vertex   -1.513021e+002 1.706250e+002 3.261052e+001
      vertex   -1.514447e+002 1.706250e+002 3.272223e+001
      vertex   -1.528000e+002 1.706250e+002 2.769500e+001
    endloop
  endfacet
  facet normal 0.000000e+000 -2.962744e-002 0.000000e+000
    outer loop
      vertex   -1.528000e+002 1.706250e+002 2.769500e+001
      vertex   -1.514447e+002 1.706250e+002 3.272223e+001
      vertex   -1.515728e+002 1.706250e+002 3.285032e+001
    endloop
  endfacet
  facet normal 0.000000e+000 -2.617140e-002 0.000000e+000
    outer loop
      vertex   -1.528000e+002 1.706250e+002 2.769500e+001
      vertex   -1.515728e+002 1.706250e+002 3.285032e+001
      vertex   -1.516845e+002 1.706250e+002 3.299290e+001
    endloop
  endfacet
  facet normal -0.000000e+000 -6.825545e-001 0.000000e+000
    outer loop
      vertex   -1.516845e+002 1.706250e+002 3.299290e+001
      vertex   -1.517782e+002 1.706250e+002 3.314791e+001
      vertex   -1.528000e+002 1.706250e+002 2.769500e+001
    endloop
  endfacet
  facet normal 0.000000e+000 -1.816466e-002 0.000000e+000
    outer loop
      vertex   -1.528000e+002 1.706250e+002 2.769500e+001
      vertex   -1.517782e+002 1.706250e+002 3.314791e+001
      vertex   -1.518525e+002 1.706250e+002 3.331309e+001
    endloop
  endfacet
  facet normal 0.000000e+000 -1.397760e-002 0.000000e+000
    outer loop
      vertex   -1.528000e+002 1.706250e+002 2.769500e+001
      vertex   -1.518525e+002 1.706250e+002 3.331309e+001
      vertex   -1.519064e+002 1.706250e+002 3.348603e+001
    endloop
  endfacet
  facet normal -0.000000e+000 -3.280865e-001 0.000000e+000
    outer loop
      vertex   -1.519064e+002 1.706250e+002 3.348603e+001
      vertex   -1.519391e+002 1.706250e+002 3.366420e+001
      vertex   -1.528000e+002 1.706250e+002 2.769500e+001
    endloop
  endfacet
  facet normal 0.000000e+000 -5.901497e-003 0.000000e+000
    outer loop
      vertex   -1.528000e+002 1.706250e+002 2.769500e+001
      vertex   -1.519391e+002 1.706250e+002 3.366420e+001
      vertex   -1.519500e+002 1.706250e+002 3.384500e+001
    endloop
  endfacet
  facet normal 0.000000e+000 0.000000e+000 -1.000000e+000
    outer loop
      vertex   -1.786500e+002 1.748250e+002 2.169500e+001
      vertex   -1.499500e+002 1.748250e+002 2.169500e+001
      vertex   -1.786500e+002 1.555000e+002 2.169500e+001
    endloop
  endfacet
  facet normal 0.000000e+000 0.000000e+000 -5.585293e-001
    outer loop
      vertex   -1.786500e+002 1.555000e+002 2.169500e+001
      vertex   -1.499500e+002 1.748250e+002 2.169500e+001
      vertex   -1.499500e+002 1.555000e+002 2.169500e+001
    endloop
  endfacet
  facet normal -0.000000e+000 9.934590e-001 0.000000e+000
    outer loop
      vertex   -1.806500e+002 1.748250e+002 2.369500e+001
      vertex   -1.758000e+002 1.748250e+002 2.754500e+001
      vertex   -1.786500e+002 1.748250e+002 2.169500e+001
    endloop
  endfacet
  facet normal 0.000000e+000 7.801478e-001 0.000000e+000
    outer loop
      vertex   -1.786500e+002 1.748250e+002 2.169500e+001
      vertex   -1.758000e+002 1.748250e+002 2.754500e+001
      vertex   -1.528000e+002 1.748250e+002 2.754500e+001
    endloop
  endfacet
  facet normal 0.000000e+000 2.207242e-001 0.000000e+000
    outer loop
      vertex   -1.786500e+002 1.748250e+002 2.169500e+001
      vertex   -1.528000e+002 1.748250e+002 2.754500e+001
      vertex   -1.499500e+002 1.748250e+002 2.169500e+001
    endloop
  endfacet
  facet normal 0.000000e+000 9.453732e-001 -0.000000e+000
    outer loop
      vertex   -1.499500e+002 1.748250e+002 2.169500e+001
      vertex   -1.528000e+002 1.748250e+002 2.754500e+001
      vertex   -1.479500e+002 1.748250e+002 2.369500e+001
    endloop
  endfacet
  facet normal 0.000000e+000 7.832268e-001 -0.000000e+000
    outer loop
      vertex   -1.479500e+002 1.748250e+002 2.369500e+001
      vertex   -1.528000e+002 1.748250e+002 2.754500e+001
      vertex   -1.479500e+002 1.748250e+002 2.549500e+001
    endloop
  endfacet
  facet normal 0.000000e+000 9.274759e-001 -0.000000e+000
    outer loop
      vertex   -1.479500e+002 1.748250e+002 2.549500e+001
      vertex   -1.528000e+002 1.748250e+002 2.754500e+001
      vertex   -1.479388e+002 1.748250e+002 2.616330e+001
    endloop
  endfacet
  facet normal 0.000000e+000 9.743915e-001 -0.000000e+000
    outer loop
      vertex   -1.479388e+002 1.748250e+002 2.616330e+001
      vertex   -1.528000e+002 1.748250e+002 2.754500e+001
      vertex   -1.479053e+002 1.748250e+002 2.683085e+001
    endloop
  endfacet
  facet normal 0.000000e+000 9.981191e-001 -0.000000e+000
    outer loop
      vertex   -1.479053e+002 1.748250e+002 2.683085e+001
      vertex   -1.528000e+002 1.748250e+002 2.754500e+001
      vertex   -1.478496e+002 1.748250e+002 2.749691e+001
    endloop
  endfacet
  facet normal 0.000000e+000 9.942512e-001 -0.000000e+000
    outer loop
      vertex   -1.478496e+002 1.748250e+002 2.749691e+001
      vertex   -1.528000e+002 1.748250e+002 2.754500e+001
      vertex   -1.477715e+002 1.748250e+002 2.816074e+001
    endloop
  endfacet
  facet normal 0.000000e+000 9.631715e-001 -0.000000e+000
    outer loop
      vertex   -1.477715e+002 1.748250e+002 2.816074e+001
      vertex   -1.528000e+002 1.748250e+002 2.754500e+001
      vertex   -1.476714e+002 1.748250e+002 2.882159e+001
    endloop
  endfacet
  facet normal 0.000000e+000 9.098971e-001 -0.000000e+000
    outer loop
      vertex   -1.476714e+002 1.748250e+002 2.882159e+001
      vertex   -1.528000e+002 1.748250e+002 2.754500e+001
      vertex   -1.475492e+002 1.748250e+002 2.947872e+001
    endloop
  endfacet
  facet normal 0.000000e+000 8.930057e-001 0.000000e+000
    outer loop
      vertex   -1.475492e+002 1.748250e+002 2.947872e+001
      vertex   -1.528000e+002 1.748250e+002 2.754500e+001
      vertex   -1.506308e+002 1.748250e+002 3.235594e+001
    endloop
  endfacet
  facet normal 0.000000e+000 2.829714e-002 0.000000e+000
    outer loop
      vertex   -1.475492e+002 1.748250e+002 2.947872e+001
      vertex   -1.506308e+002 1.748250e+002 3.235594e+001
      vertex   -1.504500e+002 1.748250e+002 3.234500e+001
    endloop
  endfacet
  facet normal 0.000000e+000 7.832259e-001 0.000000e+000
    outer loop
      vertex   -1.806500e+002 1.748250e+002 2.369500e+001
      vertex   -1.806500e+002 1.748250e+002 2.549500e+001
      vertex   -1.758000e+002 1.748250e+002 2.754500e+001
    endloop
  endfacet
  facet normal 0.000000e+000 1.226658e-001 0.000000e+000
    outer loop
      vertex   -1.758000e+002 1.748250e+002 2.754500e+001
      vertex   -1.806500e+002 1.748250e+002 2.549500e+001
      vertex   -1.806612e+002 1.748250e+002 2.616330e+001
    endloop
  endfacet
  facet normal 0.000000e+000 1.316646e-001 0.000000e+000
    outer loop
      vertex   -1.758000e+002 1.748250e+002 2.754500e+001
      vertex   -1.806612e+002 1.748250e+002 2.616330e+001
      vertex   -1.806947e+002 1.748250e+002 2.683085e+001
    endloop
  endfacet
  facet normal 0.000000e+000 9.981204e-001 -0.000000e+000
    outer loop
      vertex   -1.806947e+002 1.748250e+002 2.683085e+001
      vertex   -1.807504e+002 1.748250e+002 2.749691e+001
      vertex   -1.758000e+002 1.748250e+002 2.754500e+001
    endloop
  endfacet
  facet normal 0.000000e+000 1.311789e-001 0.000000e+000
    outer loop
      vertex   -1.758000e+002 1.748250e+002 2.754500e+001
      vertex   -1.807504e+002 1.748250e+002 2.749691e+001
      vertex   -1.808284e+002 1.748250e+002 2.816074e+001
    endloop
  endfacet
  facet normal 0.000000e+000 1.218100e-001 0.000000e+000
    outer loop
      vertex   -1.758000e+002 1.748250e+002 2.754500e+001
      vertex   -1.808284e+002 1.748250e+002 2.816074e+001
      vertex   -1.809286e+002 1.748250e+002 2.882159e+001
    endloop
  endfacet
  facet normal -0.000000e+000 9.098875e-001 -0.000000e+000
    outer loop
      vertex   -1.809286e+002 1.748250e+002 2.882159e+001
      vertex   -1.810508e+002 1.748250e+002 2.947872e+001
      vertex   -1.758000e+002 1.748250e+002 2.754500e+001
    endloop
  endfacet
  facet normal 0.000000e+000 7.134041e-001 0.000000e+000
    outer loop
      vertex   -1.758000e+002 1.748250e+002 2.754500e+001
      vertex   -1.810508e+002 1.748250e+002 2.947872e+001
      vertex   -1.779692e+002 1.748250e+002 3.235594e+001
    endloop
  endfacet
  facet normal 0.000000e+000 3.357667e-002 0.000000e+000
    outer loop
      vertex   -1.758000e+002 1.748250e+002 2.754500e+001
      vertex   -1.779692e+002 1.748250e+002 3.235594e+001
      vertex   -1.777910e+002 1.748250e+002 3.238859e+001
    endloop
  endfacet
  facet normal 0.000000e+000 6.370770e-001 0.000000e+000
    outer loop
      vertex   -1.779692e+002 1.748250e+002 3.235594e+001
      vertex   -1.810508e+002 1.748250e+002 2.947872e+001
      vertex   -1.781500e+002 1.748250e+002 3.234500e+001
    endloop
  endfacet
  facet normal 0.000000e+000 1.502274e-001 0.000000e+000
    outer loop
      vertex   -1.781500e+002 1.748250e+002 3.234500e+001
      vertex   -1.810508e+002 1.748250e+002 2.947872e+001
      vertex   -1.811948e+002 1.748250e+002 3.013140e+001
    endloop
  endfacet
  facet normal 0.000000e+000 6.357895e-001 0.000000e+000
    outer loop
      vertex   -1.781500e+002 1.748250e+002 3.234500e+001
      vertex   -1.811948e+002 1.748250e+002 3.013140e+001
      vertex   -1.783308e+002 1.748250e+002 3.235594e+001
    endloop
  endfacet
  facet normal 0.000000e+000 1.794877e-001 0.000000e+000
    outer loop
      vertex   -1.783308e+002 1.748250e+002 3.235594e+001
      vertex   -1.811948e+002 1.748250e+002 3.013140e+001
      vertex   -1.813606e+002 1.748250e+002 3.077891e+001
    endloop
  endfacet
  facet normal 0.000000e+000 6.140384e-001 0.000000e+000
    outer loop
      vertex   -1.783308e+002 1.748250e+002 3.235594e+001
      vertex   -1.813606e+002 1.748250e+002 3.077891e+001
      vertex   -1.785090e+002 1.748250e+002 3.238859e+001
    endloop
  endfacet
  facet normal 0.000000e+000 7.283869e-001 0.000000e+000
    outer loop
      vertex   -1.785090e+002 1.748250e+002 3.238859e+001
      vertex   -1.813606e+002 1.748250e+002 3.077891e+001
      vertex   -1.786819e+002 1.748250e+002 3.244247e+001
    endloop
  endfacet
  facet normal 0.000000e+000 2.116079e-001 0.000000e+000
    outer loop
      vertex   -1.786819e+002 1.748250e+002 3.244247e+001
      vertex   -1.813606e+002 1.748250e+002 3.077891e+001
      vertex   -1.815479e+002 1.748250e+002 3.142051e+001
    endloop
  endfacet
  facet normal 0.000000e+000 6.928243e-001 0.000000e+000
    outer loop
      vertex   -1.786819e+002 1.748250e+002 3.244247e+001
      vertex   -1.815479e+002 1.748250e+002 3.142051e+001
      vertex   -1.788471e+002 1.748250e+002 3.251682e+001
    endloop
  endfacet
  facet normal 0.000000e+000 8.012409e-001 0.000000e+000
    outer loop
      vertex   -1.788471e+002 1.748250e+002 3.251682e+001
      vertex   -1.815479e+002 1.748250e+002 3.142051e+001
      vertex   -1.790021e+002 1.748250e+002 3.261052e+001
    endloop
  endfacet
  facet normal 0.000000e+000 2.361691e-001 0.000000e+000
    outer loop
      vertex   -1.790021e+002 1.748250e+002 3.261052e+001
      vertex   -1.815479e+002 1.748250e+002 3.142051e+001
      vertex   -1.817566e+002 1.748250e+002 3.205550e+001
    endloop
  endfacet
  facet normal 0.000000e+000 7.600426e-001 0.000000e+000
    outer loop
      vertex   -1.790021e+002 1.748250e+002 3.261052e+001
      vertex   -1.817566e+002 1.748250e+002 3.205550e+001
      vertex   -1.791447e+002 1.748250e+002 3.272223e+001
    endloop
  endfacet
  facet normal 0.000000e+000 8.600287e-001 0.000000e+000
    outer loop
      vertex   -1.791447e+002 1.748250e+002 3.272223e+001
      vertex   -1.817566e+002 1.748250e+002 3.205550e+001
      vertex   -1.792728e+002 1.748250e+002 3.285032e+001
    endloop
  endfacet
  facet normal 0.000000e+000 9.376949e-001 0.000000e+000
    outer loop
      vertex   -1.792728e+002 1.748250e+002 3.285032e+001
      vertex   -1.817566e+002 1.748250e+002 3.205550e+001
      vertex   -1.793845e+002 1.748250e+002 3.299290e+001
    endloop
  endfacet
  facet normal 0.000000e+000 2.550014e-001 0.000000e+000
    outer loop
      vertex   -1.793845e+002 1.748250e+002 3.299290e+001
      vertex   -1.817566e+002 1.748250e+002 3.205550e+001
      vertex   -1.819864e+002 1.748250e+002 3.268316e+001
    endloop
  endfacet
  facet normal 0.000000e+000 9.109418e-001 0.000000e+000
    outer loop
      vertex   -1.793845e+002 1.748250e+002 3.299290e+001
      vertex   -1.819864e+002 1.748250e+002 3.268316e+001
      vertex   -1.794782e+002 1.748250e+002 3.314791e+001
    endloop
  endfacet
  facet normal 0.000000e+000 9.714106e-001 0.000000e+000
    outer loop
      vertex   -1.794782e+002 1.748250e+002 3.314791e+001
      vertex   -1.819864e+002 1.748250e+002 3.268316e+001
      vertex   -1.795525e+002 1.748250e+002 3.331309e+001
    endloop
  endfacet
  facet normal 0.000000e+000 2.468456e-001 0.000000e+000
    outer loop
      vertex   -1.795525e+002 1.748250e+002 3.331309e+001
      vertex   -1.819864e+002 1.748250e+002 3.268316e+001
      vertex   -1.822370e+002 1.748250e+002 3.330278e+001
    endloop
  endfacet
  facet normal 0.000000e+000 9.558481e-001 0.000000e+000
    outer loop
      vertex   -1.795525e+002 1.748250e+002 3.331309e+001
      vertex   -1.822370e+002 1.748250e+002 3.330278e+001
      vertex   -1.796064e+002 1.748250e+002 3.348603e+001
    endloop
  endfacet
  facet normal 0.000000e+000 9.937662e-001 0.000000e+000
    outer loop
      vertex   -1.796064e+002 1.748250e+002 3.348603e+001
      vertex   -1.822370e+002 1.748250e+002 3.330278e+001
      vertex   -1.796391e+002 1.748250e+002 3.366420e+001
    endloop
  endfacet
  facet normal 0.000000e+000 9.969692e-001 0.000000e+000
    outer loop
      vertex   -1.796391e+002 1.748250e+002 3.366420e+001
      vertex   -1.822370e+002 1.748250e+002 3.330278e+001
      vertex   -1.796500e+002 1.748250e+002 3.384500e+001
    endloop
  endfacet
  facet normal 0.000000e+000 2.285927e-001 0.000000e+000
    outer loop
      vertex   -1.796500e+002 1.748250e+002 3.384500e+001
      vertex   -1.822370e+002 1.748250e+002 3.330278e+001
      vertex   -1.825082e+002 1.748250e+002 3.391370e+001
    endloop
  endfacet
  facet normal 0.000000e+000 9.993404e-001 -0.000000e+000
    outer loop
      vertex   -1.796500e+002 1.748250e+002 3.384500e+001
      vertex   -1.825082e+002 1.748250e+002 3.391370e+001
      vertex   -1.796391e+002 1.748250e+002 3.402581e+001
    endloop
  endfacet
  facet normal 0.000000e+000 9.758273e-001 -0.000000e+000
    outer loop
      vertex   -1.796391e+002 1.748250e+002 3.402581e+001
      vertex   -1.825082e+002 1.748250e+002 3.391370e+001
      vertex   -1.796064e+002 1.748250e+002 3.420397e+001
    endloop
  endfacet
  facet normal 0.000000e+000 9.203562e-001 -0.000000e+000
    outer loop
      vertex   -1.796064e+002 1.748250e+002 3.420397e+001
      vertex   -1.825082e+002 1.748250e+002 3.391370e+001
      vertex   -1.795525e+002 1.748250e+002 3.437691e+001
    endloop
  endfacet
  facet normal 0.000000e+000 1.967284e-001 0.000000e+000
    outer loop
      vertex   -1.795525e+002 1.748250e+002 3.437691e+001
      vertex   -1.825082e+002 1.748250e+002 3.391370e+001
      vertex   -1.827996e+002 1.748250e+002 3.451520e+001
    endloop
  endfacet
  facet normal 0.000000e+000 9.285358e-001 -0.000000e+000
    outer loop
      vertex   -1.795525e+002 1.748250e+002 3.437691e+001
      vertex   -1.827996e+002 1.748250e+002 3.451520e+001
      vertex   -1.794782e+002 1.748250e+002 3.454208e+001
    endloop
  endfacet
  facet normal 0.000000e+000 8.515788e-001 -0.000000e+000
    outer loop
      vertex   -1.794782e+002 1.748250e+002 3.454208e+001
      vertex   -1.827996e+002 1.748250e+002 3.451520e+001
      vertex   -1.793845e+002 1.748250e+002 3.469710e+001
    endloop
  endfacet
  facet normal 0.000000e+000 1.619536e-001 0.000000e+000
    outer loop
      vertex   -1.793845e+002 1.748250e+002 3.469710e+001
      vertex   -1.827996e+002 1.748250e+002 3.451520e+001
      vertex   -1.831110e+002 1.748250e+002 3.510664e+001
    endloop
  endfacet
  facet normal 0.000000e+000 8.498412e-001 -0.000000e+000
    outer loop
      vertex   -1.793845e+002 1.748250e+002 3.469710e+001
      vertex   -1.831110e+002 1.748250e+002 3.510664e+001
      vertex   -1.792728e+002 1.748250e+002 3.483968e+001
    endloop
  endfacet
  facet normal 0.000000e+000 7.544640e-001 -0.000000e+000
    outer loop
      vertex   -1.792728e+002 1.748250e+002 3.483968e+001
      vertex   -1.831110e+002 1.748250e+002 3.510664e+001
      vertex   -1.791447e+002 1.748250e+002 3.496777e+001
    endloop
  endfacet
  facet normal 0.000000e+000 1.305359e-001 0.000000e+000
    outer loop
      vertex   -1.791447e+002 1.748250e+002 3.496777e+001
      vertex   -1.831110e+002 1.748250e+002 3.510664e+001
      vertex   -1.834420e+002 1.748250e+002 3.568733e+001
    endloop
  endfacet
  facet normal 0.000000e+000 7.382368e-001 -0.000000e+000
    outer loop
      vertex   -1.791447e+002 1.748250e+002 3.496777e+001
      vertex   -1.834420e+002 1.748250e+002 3.568733e+001
      vertex   -1.790021e+002 1.748250e+002 3.507948e+001
    endloop
  endfacet
  facet normal 0.000000e+000 6.286666e-001 -0.000000e+000
    outer loop
      vertex   -1.790021e+002 1.748250e+002 3.507948e+001
      vertex   -1.834420e+002 1.748250e+002 3.568733e+001
      vertex   -1.788471e+002 1.748250e+002 3.517318e+001
    endloop
  endfacet
  facet normal 0.000000e+000 1.040699e-001 0.000000e+000
    outer loop
      vertex   -1.788471e+002 1.748250e+002 3.517318e+001
      vertex   -1.834420e+002 1.748250e+002 3.568733e+001
      vertex   -1.837922e+002 1.748250e+002 3.625665e+001
    endloop
  endfacet
  facet normal 0.000000e+000 5.960463e-001 -0.000000e+000
    outer loop
      vertex   -1.788471e+002 1.748250e+002 3.517318e+001
      vertex   -1.837922e+002 1.748250e+002 3.625665e+001
      vertex   -1.786819e+002 1.748250e+002 3.524752e+001
    endloop
  endfacet
  facet normal 0.000000e+000 8.339559e-002 0.000000e+000
    outer loop
      vertex   -1.786819e+002 1.748250e+002 3.524752e+001
      vertex   -1.837922e+002 1.748250e+002 3.625665e+001
      vertex   -1.841612e+002 1.748250e+002 3.681394e+001
    endloop
  endfacet
  facet normal 0.000000e+000 5.484837e-001 -0.000000e+000
    outer loop
      vertex   -1.786819e+002 1.748250e+002 3.524752e+001
      vertex   -1.841612e+002 1.748250e+002 3.681394e+001
      vertex   -1.785090e+002 1.748250e+002 3.530141e+001
    endloop
  endfacet
  facet normal 0.000000e+000 9.692888e-001 -0.000000e+000
    outer loop
      vertex   -1.785090e+002 1.748250e+002 3.530141e+001
      vertex   -1.841612e+002 1.748250e+002 3.681394e+001
      vertex   -1.758000e+002 1.748250e+002 4.014500e+001
    endloop
  endfacet
  facet normal 0.000000e+000 7.704836e-001 0.000000e+000
    outer loop
      vertex   -1.785090e+002 1.748250e+002 3.530141e+001
      vertex   -1.758000e+002 1.748250e+002 4.014500e+001
      vertex   -1.783308e+002 1.748250e+002 3.533406e+001
    endloop
  endfacet
  facet normal 0.000000e+000 8.552912e-001 0.000000e+000
    outer loop
      vertex   -1.783308e+002 1.748250e+002 3.533406e+001
      vertex   -1.758000e+002 1.748250e+002 4.014500e+001
      vertex   -1.781500e+002 1.748250e+002 3.534500e+001
    endloop
  endfacet
  facet normal -0.000000e+000 9.230499e-001 0.000000e+000
    outer loop
      vertex   -1.781500e+002 1.748250e+002 3.534500e+001
      vertex   -1.758000e+002 1.748250e+002 4.014500e+001
      vertex   -1.779692e+002 1.748250e+002 3.533406e+001
    endloop
  endfacet
  facet normal -0.000000e+000 9.707786e-001 0.000000e+000
    outer loop
      vertex   -1.779692e+002 1.748250e+002 3.533406e+001
      vertex   -1.758000e+002 1.748250e+002 4.014500e+001
      vertex   -1.777910e+002 1.748250e+002 3.530141e+001
    endloop
  endfacet
  facet normal -0.000000e+000 9.961360e-001 0.000000e+000
    outer loop
      vertex   -1.777910e+002 1.748250e+002 3.530141e+001
      vertex   -1.758000e+002 1.748250e+002 4.014500e+001
      vertex   -1.776181e+002 1.748250e+002 3.524752e+001
    endloop
  endfacet
  facet normal -0.000000e+000 9.977260e-001 0.000000e+000
    outer loop
      vertex   -1.776181e+002 1.748250e+002 3.524752e+001
      vertex   -1.758000e+002 1.748250e+002 4.014500e+001
      vertex   -1.774529e+002 1.748250e+002 3.517318e+001
    endloop
  endfacet
  facet normal -0.000000e+000 9.752890e-001 0.000000e+000
    outer loop
      vertex   -1.774529e+002 1.748250e+002 3.517318e+001
      vertex   -1.758000e+002 1.748250e+002 4.014500e+001
      vertex   -1.772979e+002 1.748250e+002 3.507948e+001
    endloop
  endfacet
  facet normal -0.000000e+000 9.297414e-001 0.000000e+000
    outer loop
      vertex   -1.772979e+002 1.748250e+002 3.507948e+001
      vertex   -1.758000e+002 1.748250e+002 4.014500e+001
      vertex   -1.771553e+002 1.748250e+002 3.496777e+001
    endloop
  endfacet
  facet normal -0.000000e+000 8.631305e-001 0.000000e+000
    outer loop
      vertex   -1.771553e+002 1.748250e+002 3.496777e+001
      vertex   -1.758000e+002 1.748250e+002 4.014500e+001
      vertex   -1.770272e+002 1.748250e+002 3.483968e+001
    endloop
  endfacet
  facet normal -0.000000e+000 7.782626e-001 0.000000e+000
    outer loop
      vertex   -1.770272e+002 1.748250e+002 3.483968e+001
      vertex   -1.758000e+002 1.748250e+002 4.014500e+001
      vertex   -1.769155e+002 1.748250e+002 3.469710e+001
    endloop
  endfacet
  facet normal -0.000000e+000 6.784743e-001 0.000000e+000
    outer loop
      vertex   -1.769155e+002 1.748250e+002 3.469710e+001
      vertex   -1.758000e+002 1.748250e+002 4.014500e+001
      vertex   -1.768218e+002 1.748250e+002 3.454208e+001
    endloop
  endfacet
  facet normal -0.000000e+000 5.673646e-001 0.000000e+000
    outer loop
      vertex   -1.768218e+002 1.748250e+002 3.454208e+001
      vertex   -1.758000e+002 1.748250e+002 4.014500e+001
      vertex   -1.767475e+002 1.748250e+002 3.437691e+001
    endloop
  endfacet
  facet normal -0.000000e+000 4.483438e-001 0.000000e+000
    outer loop
      vertex   -1.767475e+002 1.748250e+002 3.437691e+001
      vertex   -1.758000e+002 1.748250e+002 4.014500e+001
      vertex   -1.766936e+002 1.748250e+002 3.420397e+001
    endloop
  endfacet
  facet normal -0.000000e+000 3.245693e-001 0.000000e+000
    outer loop
      vertex   -1.766936e+002 1.748250e+002 3.420397e+001
      vertex   -1.758000e+002 1.748250e+002 4.014500e+001
      vertex   -1.766609e+002 1.748250e+002 3.402581e+001
    endloop
  endfacet
  facet normal -0.000000e+000 1.988777e-001 0.000000e+000
    outer loop
      vertex   -1.766609e+002 1.748250e+002 3.402581e+001
      vertex   -1.758000e+002 1.748250e+002 4.014500e+001
      vertex   -1.766500e+002 1.748250e+002 3.384500e+001
    endloop
  endfacet
  facet normal -0.000000e+000 2.650143e-001 0.000000e+000
    outer loop
      vertex   -1.766500e+002 1.748250e+002 3.384500e+001
      vertex   -1.758000e+002 1.748250e+002 4.014500e+001
      vertex   -1.758000e+002 1.748250e+002 2.754500e+001
    endloop
  endfacet
  facet normal 0.000000e+000 1.933209e-001 0.000000e+000
    outer loop
      vertex   -1.766500e+002 1.748250e+002 3.384500e+001
      vertex   -1.758000e+002 1.748250e+002 2.754500e+001
      vertex   -1.766609e+002 1.748250e+002 3.366420e+001
    endloop
  endfacet
  facet normal 0.000000e+000 3.155522e-001 0.000000e+000
    outer loop
      vertex   -1.766609e+002 1.748250e+002 3.366420e+001
      vertex   -1.758000e+002 1.748250e+002 2.754500e+001
      vertex   -1.766936e+002 1.748250e+002 3.348603e+001
    endloop
  endfacet
  facet normal 0.000000e+000 4.362200e-001 0.000000e+000
    outer loop
      vertex   -1.766936e+002 1.748250e+002 3.348603e+001
      vertex   -1.758000e+002 1.748250e+002 2.754500e+001
      vertex   -1.767475e+002 1.748250e+002 3.331309e+001
    endloop
  endfacet
  facet normal 0.000000e+000 5.527993e-001 0.000000e+000
    outer loop
      vertex   -1.767475e+002 1.748250e+002 3.331309e+001
      vertex   -1.758000e+002 1.748250e+002 2.754500e+001
      vertex   -1.768218e+002 1.748250e+002 3.314791e+001
    endloop
  endfacet
  facet normal 0.000000e+000 6.624726e-001 0.000000e+000
    outer loop
      vertex   -1.768218e+002 1.748250e+002 3.314791e+001
      vertex   -1.758000e+002 1.748250e+002 2.754500e+001
      vertex   -1.769155e+002 1.748250e+002 3.299290e+001
    endloop
  endfacet
  facet normal 0.000000e+000 7.620857e-001 0.000000e+000
    outer loop
      vertex   -1.769155e+002 1.748250e+002 3.299290e+001
      vertex   -1.758000e+002 1.748250e+002 2.754500e+001
      vertex   -1.770272e+002 1.748250e+002 3.285032e+001
    endloop
  endfacet
  facet normal 0.000000e+000 8.482761e-001 0.000000e+000
    outer loop
      vertex   -1.770272e+002 1.748250e+002 3.285032e+001
      vertex   -1.758000e+002 1.748250e+002 2.754500e+001
      vertex   -1.771553e+002 1.748250e+002 3.272223e+001
    endloop
  endfacet
  facet normal 0.000000e+000 9.176943e-001 0.000000e+000
    outer loop
      vertex   -1.771553e+002 1.748250e+002 3.272223e+001
      vertex   -1.758000e+002 1.748250e+002 2.754500e+001
      vertex   -1.772979e+002 1.748250e+002 3.261052e+001
    endloop
  endfacet
  facet normal 0.000000e+000 9.673547e-001 0.000000e+000
    outer loop
      vertex   -1.772979e+002 1.748250e+002 3.261052e+001
      vertex   -1.758000e+002 1.748250e+002 2.754500e+001
      vertex   -1.774529e+002 1.748250e+002 3.251682e+001
    endloop
  endfacet
  facet normal 0.000000e+000 9.948075e-001 0.000000e+000
    outer loop
      vertex   -1.774529e+002 1.748250e+002 3.251682e+001
      vertex   -1.758000e+002 1.748250e+002 2.754500e+001
      vertex   -1.776181e+002 1.748250e+002 3.244247e+001
    endloop
  endfacet
  facet normal 0.000000e+000 9.985740e-001 0.000000e+000
    outer loop
      vertex   -1.776181e+002 1.748250e+002 3.244247e+001
      vertex   -1.758000e+002 1.748250e+002 2.754500e+001
      vertex   -1.777910e+002 1.748250e+002 3.238859e+001
    endloop
  endfacet
  facet normal 0.000000e+000 9.715340e-001 -0.000000e+000
    outer loop
      vertex   -1.841612e+002 1.748250e+002 3.681394e+001
      vertex   -1.845486e+002 1.748250e+002 3.735860e+001
      vertex   -1.758000e+002 1.748250e+002 4.014500e+001
    endloop
  endfacet
  facet normal 0.000000e+000 6.675817e-002 0.000000e+000
    outer loop
      vertex   -1.758000e+002 1.748250e+002 4.014500e+001
      vertex   -1.845486e+002 1.748250e+002 3.735860e+001
      vertex   -1.849540e+002 1.748250e+002 3.789000e+001
    endloop
  endfacet
  facet normal 0.000000e+000 6.202428e-002 0.000000e+000
    outer loop
      vertex   -1.758000e+002 1.748250e+002 4.014500e+001
      vertex   -1.849540e+002 1.748250e+002 3.789000e+001
      vertex   -1.853770e+002 1.748250e+002 3.840756e+001
    endloop
  endfacet
  facet normal 0.000000e+000 8.581756e-001 -0.000000e+000
    outer loop
      vertex   -1.853770e+002 1.748250e+002 3.840756e+001
      vertex   -1.858170e+002 1.748250e+002 3.891069e+001
      vertex   -1.758000e+002 1.748250e+002 4.014500e+001
    endloop
  endfacet
  facet normal 0.000000e+000 5.145951e-002 0.000000e+000
    outer loop
      vertex   -1.758000e+002 1.748250e+002 4.014500e+001
      vertex   -1.858170e+002 1.748250e+002 3.891069e+001
      vertex   -1.862735e+002 1.748250e+002 3.939885e+001
    endloop
  endfacet
  facet normal 0.000000e+000 7.867344e-001 0.000000e+000
    outer loop
      vertex   -1.758000e+002 1.748250e+002 4.014500e+001
      vertex   -1.862735e+002 1.748250e+002 3.939885e+001
      vertex   -1.806500e+002 1.748250e+002 4.549500e+001
    endloop
  endfacet
  facet normal 0.000000e+000 8.052407e-002 0.000000e+000
    outer loop
      vertex   -1.806500e+002 1.748250e+002 4.549500e+001
      vertex   -1.862735e+002 1.748250e+002 3.939885e+001
      vertex   -1.867462e+002 1.748250e+002 3.987148e+001
    endloop
  endfacet
  facet normal 0.000000e+000 7.964142e-002 0.000000e+000
    outer loop
      vertex   -1.806500e+002 1.748250e+002 4.549500e+001
      vertex   -1.867462e+002 1.748250e+002 3.987148e+001
      vertex   -1.872343e+002 1.748250e+002 4.032804e+001
    endloop
  endfacet
  facet normal 0.000000e+000 9.825887e-001 -0.000000e+000
    outer loop
      vertex   -1.872343e+002 1.748250e+002 4.032804e+001
      vertex   -1.877374e+002 1.748250e+002 4.076804e+001
      vertex   -1.806500e+002 1.748250e+002 4.549500e+001
    endloop
  endfacet
  facet normal 0.000000e+000 7.312960e-002 0.000000e+000
    outer loop
      vertex   -1.806500e+002 1.748250e+002 4.549500e+001
      vertex   -1.877374e+002 1.748250e+002 4.076804e+001
      vertex   -1.882550e+002 1.748250e+002 4.119099e+001
    endloop
  endfacet
  facet normal 0.000000e+000 6.811681e-002 0.000000e+000
    outer loop
      vertex   -1.806500e+002 1.748250e+002 4.549500e+001
      vertex   -1.882550e+002 1.748250e+002 4.119099e+001
      vertex   -1.887864e+002 1.748250e+002 4.159640e+001
    endloop
  endfacet
  facet normal 0.000000e+000 8.748506e-001 -0.000000e+000
    outer loop
      vertex   -1.887864e+002 1.748250e+002 4.159640e+001
      vertex   -1.893311e+002 1.748250e+002 4.198383e+001
      vertex   -1.806500e+002 1.748250e+002 4.549500e+001
    endloop
  endfacet
  facet normal 0.000000e+000 5.647145e-002 0.000000e+000
    outer loop
      vertex   -1.806500e+002 1.748250e+002 4.549500e+001
      vertex   -1.893311e+002 1.748250e+002 4.198383e+001
      vertex   -1.898884e+002 1.748250e+002 4.235284e+001
    endloop
  endfacet
  facet normal 0.000000e+000 5.048982e-002 0.000000e+000
    outer loop
      vertex   -1.806500e+002 1.748250e+002 4.549500e+001
      vertex   -1.898884e+002 1.748250e+002 4.235284e+001
      vertex   -1.904577e+002 1.748250e+002 4.270303e+001
    endloop
  endfacet
  facet normal 0.000000e+000 7.141231e-001 -0.000000e+000
    outer loop
      vertex   -1.904577e+002 1.748250e+002 4.270303e+001
      vertex   -1.910384e+002 1.748250e+002 4.303400e+001
      vertex   -1.806500e+002 1.748250e+002 4.549500e+001
    endloop
  endfacet
  facet normal 0.000000e+000 3.926664e-002 0.000000e+000
    outer loop
      vertex   -1.806500e+002 1.748250e+002 4.549500e+001
      vertex   -1.910384e+002 1.748250e+002 4.303400e+001
      vertex   -1.916298e+002 1.748250e+002 4.334538e+001
    endloop
  endfacet
  facet normal 0.000000e+000 3.423727e-002 0.000000e+000
    outer loop
      vertex   -1.806500e+002 1.748250e+002 4.549500e+001
      vertex   -1.916298e+002 1.748250e+002 4.334538e+001
      vertex   -1.922313e+002 1.748250e+002 4.363682e+001
    endloop
  endfacet
  facet normal 0.000000e+000 5.453952e-001 -0.000000e+000
    outer loop
      vertex   -1.922313e+002 1.748250e+002 4.363682e+001
      vertex   -1.928422e+002 1.748250e+002 4.390800e+001
      vertex   -1.806500e+002 1.748250e+002 4.549500e+001
    endloop
  endfacet
  facet normal 0.000000e+000 2.550175e-002 0.000000e+000
    outer loop
      vertex   -1.806500e+002 1.748250e+002 4.549500e+001
      vertex   -1.928422e+002 1.748250e+002 4.390800e+001
      vertex   -1.934618e+002 1.748250e+002 4.415861e+001
    endloop
  endfacet
  facet normal 0.000000e+000 2.177598e-002 0.000000e+000
    outer loop
      vertex   -1.806500e+002 1.748250e+002 4.549500e+001
      vertex   -1.934618e+002 1.748250e+002 4.415861e+001
      vertex   -1.940895e+002 1.748250e+002 4.438838e+001
    endloop
  endfacet
  facet normal 0.000000e+000 3.891043e-001 -0.000000e+000
    outer loop
      vertex   -1.940895e+002 1.748250e+002 4.438838e+001
      vertex   -1.947245e+002 1.748250e+002 4.459705e+001
      vertex   -1.806500e+002 1.748250e+002 4.549500e+001
    endloop
  endfacet
  facet normal 0.000000e+000 1.546184e-002 0.000000e+000
    outer loop
      vertex   -1.806500e+002 1.748250e+002 4.549500e+001
      vertex   -1.947245e+002 1.748250e+002 4.459705e+001
      vertex   -1.953661e+002 1.748250e+002 4.478438e+001
    endloop
  endfacet
  facet normal 0.000000e+000 1.280329e-002 0.000000e+000
    outer loop
      vertex   -1.806500e+002 1.748250e+002 4.549500e+001
      vertex   -1.953661e+002 1.748250e+002 4.478438e+001
      vertex   -1.960136e+002 1.748250e+002 4.495017e+001
    endloop
  endfacet
  facet normal 0.000000e+000 2.500076e-001 -0.000000e+000
    outer loop
      vertex   -1.960136e+002 1.748250e+002 4.495017e+001
      vertex   -1.966663e+002 1.748250e+002 4.509423e+001
      vertex   -1.806500e+002 1.748250e+002 4.549500e+001
    endloop
  endfacet
  facet normal 0.000000e+000 8.309624e-003 0.000000e+000
    outer loop
      vertex   -1.806500e+002 1.748250e+002 4.549500e+001
      vertex   -1.966663e+002 1.748250e+002 4.509423e+001
      vertex   -1.973234e+002 1.748250e+002 4.521640e+001
    endloop
  endfacet
  facet normal 0.000000e+000 6.413194e-003 0.000000e+000
    outer loop
      vertex   -1.806500e+002 1.748250e+002 4.549500e+001
      vertex   -1.973234e+002 1.748250e+002 4.521640e+001
      vertex   -1.979843e+002 1.748250e+002 4.531655e+001
    endloop
  endfacet
  facet normal 0.000000e+000 1.269265e-001 -0.000000e+000
    outer loop
      vertex   -1.979843e+002 1.748250e+002 4.531655e+001
      vertex   -1.986481e+002 1.748250e+002 4.539456e+001
      vertex   -1.806500e+002 1.748250e+002 4.549500e+001
    endloop
  endfacet
  facet normal 0.000000e+000 3.187632e-003 0.000000e+000
    outer loop
      vertex   -1.806500e+002 1.748250e+002 4.549500e+001
      vertex   -1.986481e+002 1.748250e+002 4.539456e+001
      vertex   -1.993141e+002 1.748250e+002 4.545034e+001
    endloop
  endfacet
  facet normal 0.000000e+000 1.815171e-003 0.000000e+000
    outer loop
      vertex   -1.806500e+002 1.748250e+002 4.549500e+001
      vertex   -1.993141e+002 1.748250e+002 4.545034e+001
      vertex   -1.999817e+002 1.748250e+002 4.548383e+001
    endloop
  endfacet
  facet normal 0.000000e+000 1.728883e-002 -0.000000e+000
    outer loop
      vertex   -1.999817e+002 1.748250e+002 4.548383e+001
      vertex   -2.006500e+002 1.748250e+002 4.549500e+001
      vertex   -1.806500e+002 1.748250e+002 4.549500e+001
    endloop
  endfacet
  facet normal -0.000000e+000 6.716377e-001 0.000000e+000
    outer loop
      vertex   -1.806500e+002 1.748250e+002 4.549500e+001
      vertex   -1.806500e+002 1.748250e+002 4.550000e+001
      vertex   -1.758000e+002 1.748250e+002 4.014500e+001
    endloop
  endfacet
  facet normal 0.000000e+000 8.546134e-001 -0.000000e+000
    outer loop
      vertex   -1.758000e+002 1.748250e+002 4.014500e+001
      vertex   -1.806500e+002 1.748250e+002 4.550000e+001
      vertex   -1.479500e+002 1.748250e+002 4.550000e+001
    endloop
  endfacet
  facet normal 0.000000e+000 1.888212e-001 0.000000e+000
    outer loop
      vertex   -1.758000e+002 1.748250e+002 4.014500e+001
      vertex   -1.479500e+002 1.748250e+002 4.550000e+001
      vertex   -1.528000e+002 1.748250e+002 4.014500e+001
    endloop
  endfacet
  facet normal 0.000000e+000 4.649103e-004 0.000000e+000
    outer loop
      vertex   -1.528000e+002 1.748250e+002 4.014500e+001
      vertex   -1.479500e+002 1.748250e+002 4.550000e+001
      vertex   -1.479500e+002 1.748250e+002 4.549500e+001
    endloop
  endfacet
  facet normal -0.000000e+000 7.867334e-001 0.000000e+000
    outer loop
      vertex   -1.528000e+002 1.748250e+002 4.014500e+001
      vertex   -1.479500e+002 1.748250e+002 4.549500e+001
      vertex   -1.423265e+002 1.748250e+002 3.939885e+001
    endloop
  endfacet
  facet normal 0.000000e+000 9.991878e-001 -0.000000e+000
    outer loop
      vertex   -1.423265e+002 1.748250e+002 3.939885e+001
      vertex   -1.479500e+002 1.748250e+002 4.549500e+001
      vertex   -1.418539e+002 1.748250e+002 3.987148e+001
    endloop
  endfacet
  facet normal 0.000000e+000 9.972828e-001 -0.000000e+000
    outer loop
      vertex   -1.418539e+002 1.748250e+002 3.987148e+001
      vertex   -1.479500e+002 1.748250e+002 4.549500e+001
      vertex   -1.413657e+002 1.748250e+002 4.032804e+001
    endloop
  endfacet
  facet normal 0.000000e+000 9.825915e-001 -0.000000e+000
    outer loop
      vertex   -1.413657e+002 1.748250e+002 4.032804e+001
      vertex   -1.479500e+002 1.748250e+002 4.549500e+001
      vertex   -1.408626e+002 1.748250e+002 4.076804e+001
    endloop
  endfacet
  facet normal 0.000000e+000 9.560817e-001 -0.000000e+000
    outer loop
      vertex   -1.408626e+002 1.748250e+002 4.076804e+001
      vertex   -1.479500e+002 1.748250e+002 4.549500e+001
      vertex   -1.403450e+002 1.748250e+002 4.119099e+001
    endloop
  endfacet
  facet normal 0.000000e+000 9.194651e-001 -0.000000e+000
    outer loop
      vertex   -1.403450e+002 1.748250e+002 4.119099e+001
      vertex   -1.479500e+002 1.748250e+002 4.549500e+001
      vertex   -1.398136e+002 1.748250e+002 4.159640e+001
    endloop
  endfacet
  facet normal 0.000000e+000 8.748446e-001 -0.000000e+000
    outer loop
      vertex   -1.398136e+002 1.748250e+002 4.159640e+001
      vertex   -1.479500e+002 1.748250e+002 4.549500e+001
      vertex   -1.392689e+002 1.748250e+002 4.198383e+001
    endloop
  endfacet
  facet normal 0.000000e+000 8.244506e-001 -0.000000e+000
    outer loop
      vertex   -1.392689e+002 1.748250e+002 4.198383e+001
      vertex   -1.479500e+002 1.748250e+002 4.549500e+001
      vertex   -1.387117e+002 1.748250e+002 4.235284e+001
    endloop
  endfacet
  facet normal 0.000000e+000 7.702899e-001 -0.000000e+000
    outer loop
      vertex   -1.387117e+002 1.748250e+002 4.235284e+001
      vertex   -1.479500e+002 1.748250e+002 4.549500e+001
      vertex   -1.381423e+002 1.748250e+002 4.270303e+001
    endloop
  endfacet
  facet normal 0.000000e+000 7.141154e-001 -0.000000e+000
    outer loop
      vertex   -1.381423e+002 1.748250e+002 4.270303e+001
      vertex   -1.479500e+002 1.748250e+002 4.549500e+001
      vertex   -1.375616e+002 1.748250e+002 4.303400e+001
    endloop
  endfacet
  facet normal 0.000000e+000 6.572887e-001 -0.000000e+000
    outer loop
      vertex   -1.375616e+002 1.748250e+002 4.303400e+001
      vertex   -1.479500e+002 1.748250e+002 4.549500e+001
      vertex   -1.369702e+002 1.748250e+002 4.334538e+001
    endloop
  endfacet
  facet normal 0.000000e+000 6.008197e-001 -0.000000e+000
    outer loop
      vertex   -1.369702e+002 1.748250e+002 4.334538e+001
      vertex   -1.479500e+002 1.748250e+002 4.549500e+001
      vertex   -1.363687e+002 1.748250e+002 4.363682e+001
    endloop
  endfacet
  facet normal 0.000000e+000 5.453876e-001 -0.000000e+000
    outer loop
      vertex   -1.363687e+002 1.748250e+002 4.363682e+001
      vertex   -1.479500e+002 1.748250e+002 4.549500e+001
      vertex   -1.357578e+002 1.748250e+002 4.390800e+001
    endloop
  endfacet
  facet normal 0.000000e+000 4.914739e-001 -0.000000e+000
    outer loop
      vertex   -1.357578e+002 1.748250e+002 4.390800e+001
      vertex   -1.479500e+002 1.748250e+002 4.549500e+001
      vertex   -1.351382e+002 1.748250e+002 4.415861e+001
    endloop
  endfacet
  facet normal 0.000000e+000 4.393353e-001 -0.000000e+000
    outer loop
      vertex   -1.351382e+002 1.748250e+002 4.415861e+001
      vertex   -1.479500e+002 1.748250e+002 4.549500e+001
      vertex   -1.345105e+002 1.748250e+002 4.438838e+001
    endloop
  endfacet
  facet normal 0.000000e+000 3.891043e-001 -0.000000e+000
    outer loop
      vertex   -1.345105e+002 1.748250e+002 4.438838e+001
      vertex   -1.479500e+002 1.748250e+002 4.549500e+001
      vertex   -1.338755e+002 1.748250e+002 4.459705e+001
    endloop
  endfacet
  facet normal 0.000000e+000 3.408173e-001 -0.000000e+000
    outer loop
      vertex   -1.338755e+002 1.748250e+002 4.459705e+001
      vertex   -1.479500e+002 1.748250e+002 4.549500e+001
      vertex   -1.332339e+002 1.748250e+002 4.478438e+001
    endloop
  endfacet
  facet normal 0.000000e+000 2.944846e-001 -0.000000e+000
    outer loop
      vertex   -1.332339e+002 1.748250e+002 4.478438e+001
      vertex   -1.479500e+002 1.748250e+002 4.549500e+001
      vertex   -1.325864e+002 1.748250e+002 4.495017e+001
    endloop
  endfacet
  facet normal 0.000000e+000 2.500029e-001 -0.000000e+000
    outer loop
      vertex   -1.325864e+002 1.748250e+002 4.495017e+001
      vertex   -1.479500e+002 1.748250e+002 4.549500e+001
      vertex   -1.319337e+002 1.748250e+002 4.509423e+001
    endloop
  endfacet
  facet normal 0.000000e+000 2.073163e-001 -0.000000e+000
    outer loop
      vertex   -1.319337e+002 1.748250e+002 4.509423e+001
      vertex   -1.479500e+002 1.748250e+002 4.549500e+001
      vertex   -1.312766e+002 1.748250e+002 4.521640e+001
    endloop
  endfacet
  facet normal 0.000000e+000 1.663310e-001 -0.000000e+000
    outer loop
      vertex   -1.312766e+002 1.748250e+002 4.521640e+001
      vertex   -1.479500e+002 1.748250e+002 4.549500e+001
      vertex   -1.306157e+002 1.748250e+002 4.531655e+001
    endloop
  endfacet
  facet normal 0.000000e+000 1.269266e-001 -0.000000e+000
    outer loop
      vertex   -1.306157e+002 1.748250e+002 4.531655e+001
      vertex   -1.479500e+002 1.748250e+002 4.549500e+001
      vertex   -1.299519e+002 1.748250e+002 4.539456e+001
    endloop
  endfacet
  facet normal 0.000000e+000 8.901147e-002 -0.000000e+000
    outer loop
      vertex   -1.299519e+002 1.748250e+002 4.539456e+001
      vertex   -1.479500e+002 1.748250e+002 4.549500e+001
      vertex   -1.292859e+002 1.748250e+002 4.545034e+001
    endloop
  endfacet
  facet normal 0.000000e+000 5.249935e-002 -0.000000e+000
    outer loop
      vertex   -1.292859e+002 1.748250e+002 4.545034e+001
      vertex   -1.479500e+002 1.748250e+002 4.549500e+001
      vertex   -1.286183e+002 1.748250e+002 4.548383e+001
    endloop
  endfacet
  facet normal 0.000000e+000 1.728845e-002 -0.000000e+000
    outer loop
      vertex   -1.286183e+002 1.748250e+002 4.548383e+001
      vertex   -1.479500e+002 1.748250e+002 4.549500e+001
      vertex   -1.279500e+002 1.748250e+002 4.549500e+001
    endloop
  endfacet
  facet normal 0.000000e+000 7.770424e-001 0.000000e+000
    outer loop
      vertex   -1.423265e+002 1.748250e+002 3.939885e+001
      vertex   -1.427830e+002 1.748250e+002 3.891069e+001
      vertex   -1.528000e+002 1.748250e+002 4.014500e+001
    endloop
  endfacet
  facet normal 0.000000e+000 5.683275e-002 0.000000e+000
    outer loop
      vertex   -1.528000e+002 1.748250e+002 4.014500e+001
      vertex   -1.427830e+002 1.748250e+002 3.891069e+001
      vertex   -1.432230e+002 1.748250e+002 3.840756e+001
    endloop
  endfacet
  facet normal 0.000000e+000 6.202417e-002 0.000000e+000
    outer loop
      vertex   -1.528000e+002 1.748250e+002 4.014500e+001
      vertex   -1.432230e+002 1.748250e+002 3.840756e+001
      vertex   -1.436460e+002 1.748250e+002 3.789000e+001
    endloop
  endfacet
  facet normal 0.000000e+000 9.170420e-001 0.000000e+000
    outer loop
      vertex   -1.436460e+002 1.748250e+002 3.789000e+001
      vertex   -1.440514e+002 1.748250e+002 3.735860e+001
      vertex   -1.528000e+002 1.748250e+002 4.014500e+001
    endloop
  endfacet
  facet normal 0.000000e+000 7.072455e-002 0.000000e+000
    outer loop
      vertex   -1.528000e+002 1.748250e+002 4.014500e+001
      vertex   -1.440514e+002 1.748250e+002 3.735860e+001
      vertex   -1.444388e+002 1.748250e+002 3.681394e+001
    endloop
  endfacet
  facet normal 0.000000e+000 6.301340e-001 0.000000e+000
    outer loop
      vertex   -1.528000e+002 1.748250e+002 4.014500e+001
      vertex   -1.444388e+002 1.748250e+002 3.681394e+001
      vertex   -1.500910e+002 1.748250e+002 3.530141e+001
    endloop
  endfacet
  facet normal -0.000000e+000 5.341854e-001 0.000000e+000
    outer loop
      vertex   -1.500910e+002 1.748250e+002 3.530141e+001
      vertex   -1.444388e+002 1.748250e+002 3.681394e+001
      vertex   -1.499181e+002 1.748250e+002 3.524752e+001
    endloop
  endfacet
  facet normal 0.000000e+000 8.339503e-002 0.000000e+000
    outer loop
      vertex   -1.499181e+002 1.748250e+002 3.524752e+001
      vertex   -1.444388e+002 1.748250e+002 3.681394e+001
      vertex   -1.448078e+002 1.748250e+002 3.625665e+001
    endloop
  endfacet
  facet normal -0.000000e+000 5.793030e-001 0.000000e+000
    outer loop
      vertex   -1.499181e+002 1.748250e+002 3.524752e+001
      vertex   -1.448078e+002 1.748250e+002 3.625665e+001
      vertex   -1.497529e+002 1.748250e+002 3.517318e+001
    endloop
  endfacet
  facet normal 0.000000e+000 1.040699e-001 0.000000e+000
    outer loop
      vertex   -1.497529e+002 1.748250e+002 3.517318e+001
      vertex   -1.448078e+002 1.748250e+002 3.625665e+001
      vertex   -1.451580e+002 1.748250e+002 3.568733e+001
    endloop
  endfacet
  facet normal -0.000000e+000 6.092892e-001 0.000000e+000
    outer loop
      vertex   -1.497529e+002 1.748250e+002 3.517318e+001
      vertex   -1.451580e+002 1.748250e+002 3.568733e+001
      vertex   -1.495979e+002 1.748250e+002 3.507948e+001
    endloop
  endfacet
  facet normal -0.000000e+000 7.178158e-001 0.000000e+000
    outer loop
      vertex   -1.495979e+002 1.748250e+002 3.507948e+001
      vertex   -1.451580e+002 1.748250e+002 3.568733e+001
      vertex   -1.494553e+002 1.748250e+002 3.496777e+001
    endloop
  endfacet
  facet normal 0.000000e+000 1.305359e-001 0.000000e+000
    outer loop
      vertex   -1.494553e+002 1.748250e+002 3.496777e+001
      vertex   -1.451580e+002 1.748250e+002 3.568733e+001
      vertex   -1.454890e+002 1.748250e+002 3.510664e+001
    endloop
  endfacet
  facet normal -0.000000e+000 7.314160e-001 0.000000e+000
    outer loop
      vertex   -1.494553e+002 1.748250e+002 3.496777e+001
      vertex   -1.454890e+002 1.748250e+002 3.510664e+001
      vertex   -1.493272e+002 1.748250e+002 3.483968e+001
    endloop
  endfacet
  facet normal -0.000000e+000 8.280744e-001 0.000000e+000
    outer loop
      vertex   -1.493272e+002 1.748250e+002 3.483968e+001
      vertex   -1.454890e+002 1.748250e+002 3.510664e+001
      vertex   -1.492155e+002 1.748250e+002 3.469710e+001
    endloop
  endfacet
  facet normal -0.000000e+000 1.619533e-001 0.000000e+000
    outer loop
      vertex   -1.492155e+002 1.748250e+002 3.469710e+001
      vertex   -1.454890e+002 1.748250e+002 3.510664e+001
      vertex   -1.458004e+002 1.748250e+002 3.451520e+001
    endloop
  endfacet
  facet normal 0.000000e+000 8.270277e-001 0.000000e+000
    outer loop
      vertex   -1.492155e+002 1.748250e+002 3.469710e+001
      vertex   -1.458004e+002 1.748250e+002 3.451520e+001
      vertex   -1.491218e+002 1.748250e+002 3.454208e+001
    endloop
  endfacet
  facet normal 0.000000e+000 9.085464e-001 0.000000e+000
    outer loop
      vertex   -1.491218e+002 1.748250e+002 3.454208e+001
      vertex   -1.458004e+002 1.748250e+002 3.451520e+001
      vertex   -1.490475e+002 1.748250e+002 3.437691e+001
    endloop
  endfacet
  facet normal -0.000000e+000 1.967284e-001 0.000000e+000
    outer loop
      vertex   -1.490475e+002 1.748250e+002 3.437691e+001
      vertex   -1.458004e+002 1.748250e+002 3.451520e+001
      vertex   -1.460918e+002 1.748250e+002 3.391370e+001
    endloop
  endfacet
  facet normal 0.000000e+000 8.971690e-001 0.000000e+000
    outer loop
      vertex   -1.490475e+002 1.748250e+002 3.437691e+001
      vertex   -1.460918e+002 1.748250e+002 3.391370e+001
      vertex   -1.489936e+002 1.748250e+002 3.420397e+001
    endloop
  endfacet
  facet normal 0.000000e+000 9.607874e-001 0.000000e+000
    outer loop
      vertex   -1.489936e+002 1.748250e+002 3.420397e+001
      vertex   -1.460918e+002 1.748250e+002 3.391370e+001
      vertex   -1.489609e+002 1.748250e+002 3.402581e+001
    endloop
  endfacet
  facet normal 0.000000e+000 9.950548e-001 0.000000e+000
    outer loop
      vertex   -1.489609e+002 1.748250e+002 3.402581e+001
      vertex   -1.460918e+002 1.748250e+002 3.391370e+001
      vertex   -1.489500e+002 1.748250e+002 3.384500e+001
    endloop
  endfacet
  facet normal -0.000000e+000 2.285927e-001 0.000000e+000
    outer loop
      vertex   -1.489500e+002 1.748250e+002 3.384500e+001
      vertex   -1.460918e+002 1.748250e+002 3.391370e+001
      vertex   -1.463630e+002 1.748250e+002 3.330278e+001
    endloop
  endfacet
  facet normal 0.000000e+000 9.893368e-001 0.000000e+000
    outer loop
      vertex   -1.489500e+002 1.748250e+002 3.384500e+001
      vertex   -1.463630e+002 1.748250e+002 3.330278e+001
      vertex   -1.489609e+002 1.748250e+002 3.366420e+001
    endloop
  endfacet
  facet normal 0.000000e+000 9.990742e-001 0.000000e+000
    outer loop
      vertex   -1.489609e+002 1.748250e+002 3.366420e+001
      vertex   -1.463630e+002 1.748250e+002 3.330278e+001
      vertex   -1.489936e+002 1.748250e+002 3.348603e+001
    endloop
  endfacet
  facet normal 0.000000e+000 9.730987e-001 0.000000e+000
    outer loop
      vertex   -1.489936e+002 1.748250e+002 3.348603e+001
      vertex   -1.463630e+002 1.748250e+002 3.330278e+001
      vertex   -1.490475e+002 1.748250e+002 3.331309e+001
    endloop
  endfacet
  facet normal 0.000000e+000 2.468471e-001 0.000000e+000
    outer loop
      vertex   -1.490475e+002 1.748250e+002 3.331309e+001
      vertex   -1.463630e+002 1.748250e+002 3.330278e+001
      vertex   -1.466136e+002 1.748250e+002 3.268316e+001
    endloop
  endfacet
  facet normal 0.000000e+000 9.856445e-001 0.000000e+000
    outer loop
      vertex   -1.490475e+002 1.748250e+002 3.331309e+001
      vertex   -1.466136e+002 1.748250e+002 3.268316e+001
      vertex   -1.491218e+002 1.748250e+002 3.314791e+001
    endloop
  endfacet
  facet normal 0.000000e+000 9.356931e-001 0.000000e+000
    outer loop
      vertex   -1.491218e+002 1.748250e+002 3.314791e+001
      vertex   -1.466136e+002 1.748250e+002 3.268316e+001
      vertex   -1.492155e+002 1.748250e+002 3.299290e+001
    endloop
  endfacet
  facet normal 0.000000e+000 2.550014e-001 0.000000e+000
    outer loop
      vertex   -1.492155e+002 1.748250e+002 3.299290e+001
      vertex   -1.466136e+002 1.748250e+002 3.268316e+001
      vertex   -1.468434e+002 1.748250e+002 3.205550e+001
    endloop
  endfacet
  facet normal 0.000000e+000 9.587514e-001 0.000000e+000
    outer loop
      vertex   -1.492155e+002 1.748250e+002 3.299290e+001
      vertex   -1.468434e+002 1.748250e+002 3.205550e+001
      vertex   -1.493272e+002 1.748250e+002 3.285032e+001
    endloop
  endfacet
  facet normal 0.000000e+000 8.889720e-001 0.000000e+000
    outer loop
      vertex   -1.493272e+002 1.748250e+002 3.285032e+001
      vertex   -1.468434e+002 1.748250e+002 3.205550e+001
      vertex   -1.494553e+002 1.748250e+002 3.272223e+001
    endloop
  endfacet
  facet normal 0.000000e+000 7.922728e-001 0.000000e+000
    outer loop
      vertex   -1.494553e+002 1.748250e+002 3.272223e+001
      vertex   -1.468434e+002 1.748250e+002 3.205550e+001
      vertex   -1.495979e+002 1.748250e+002 3.261052e+001
    endloop
  endfacet
  facet normal 0.000000e+000 2.361681e-001 0.000000e+000
    outer loop
      vertex   -1.495979e+002 1.748250e+002 3.261052e+001
      vertex   -1.468434e+002 1.748250e+002 3.205550e+001
      vertex   -1.470520e+002 1.748250e+002 3.142051e+001
    endloop
  endfacet
  facet normal 0.000000e+000 8.310465e-001 0.000000e+000
    outer loop
      vertex   -1.495979e+002 1.748250e+002 3.261052e+001
      vertex   -1.470520e+002 1.748250e+002 3.142051e+001
      vertex   -1.497529e+002 1.748250e+002 3.251682e+001
    endloop
  endfacet
  facet normal 0.000000e+000 7.232527e-001 0.000000e+000
    outer loop
      vertex   -1.497529e+002 1.748250e+002 3.251682e+001
      vertex   -1.470520e+002 1.748250e+002 3.142051e+001
      vertex   -1.499181e+002 1.748250e+002 3.244247e+001
    endloop
  endfacet
  facet normal 0.000000e+000 2.116079e-001 0.000000e+000
    outer loop
      vertex   -1.499181e+002 1.748250e+002 3.244247e+001
      vertex   -1.470520e+002 1.748250e+002 3.142051e+001
      vertex   -1.472394e+002 1.748250e+002 3.077891e+001
    endloop
  endfacet
  facet normal 0.000000e+000 7.564000e-001 0.000000e+000
    outer loop
      vertex   -1.499181e+002 1.748250e+002 3.244247e+001
      vertex   -1.472394e+002 1.748250e+002 3.077891e+001
      vertex   -1.500910e+002 1.748250e+002 3.238859e+001
    endloop
  endfacet
  facet normal 0.000000e+000 6.404898e-001 0.000000e+000
    outer loop
      vertex   -1.500910e+002 1.748250e+002 3.238859e+001
      vertex   -1.472394e+002 1.748250e+002 3.077891e+001
      vertex   -1.502692e+002 1.748250e+002 3.235594e+001
    endloop
  endfacet
  facet normal 0.000000e+000 1.794872e-001 0.000000e+000
    outer loop
      vertex   -1.502692e+002 1.748250e+002 3.235594e+001
      vertex   -1.472394e+002 1.748250e+002 3.077891e+001
      vertex   -1.474052e+002 1.748250e+002 3.013140e+001
    endloop
  endfacet
  facet normal 0.000000e+000 6.599841e-001 0.000000e+000
    outer loop
      vertex   -1.502692e+002 1.748250e+002 3.235594e+001
      vertex   -1.474052e+002 1.748250e+002 3.013140e+001
      vertex   -1.504500e+002 1.748250e+002 3.234500e+001
    endloop
  endfacet
  facet normal 0.000000e+000 1.502300e-001 0.000000e+000
    outer loop
      vertex   -1.504500e+002 1.748250e+002 3.234500e+001
      vertex   -1.474052e+002 1.748250e+002 3.013140e+001
      vertex   -1.475492e+002 1.748250e+002 2.947872e+001
    endloop
  endfacet
  facet normal 0.000000e+000 1.337101e-001 0.000000e+000
    outer loop
      vertex   -1.528000e+002 1.748250e+002 4.014500e+001
      vertex   -1.519500e+002 1.748250e+002 3.384500e+001
      vertex   -1.528000e+002 1.748250e+002 2.754500e+001
    endloop
  endfacet
  facet normal 0.000000e+000 5.666798e-003 0.000000e+000
    outer loop
      vertex   -1.528000e+002 1.748250e+002 2.754500e+001
      vertex   -1.519500e+002 1.748250e+002 3.384500e+001
      vertex   -1.519391e+002 1.748250e+002 3.366420e+001
    endloop
  endfacet
  facet normal 0.000000e+000 9.511459e-003 0.000000e+000
    outer loop
      vertex   -1.528000e+002 1.748250e+002 2.754500e+001
      vertex   -1.519391e+002 1.748250e+002 3.366420e+001
      vertex   -1.519064e+002 1.748250e+002 3.348603e+001
    endloop
  endfacet
  facet normal 0.000000e+000 8.552886e-001 0.000000e+000
    outer loop
      vertex   -1.502692e+002 1.748250e+002 3.533406e+001
      vertex   -1.504500e+002 1.748250e+002 3.534500e+001
      vertex   -1.528000e+002 1.748250e+002 4.014500e+001
    endloop
  endfacet
  facet normal 0.000000e+000 3.168128e-002 0.000000e+000
    outer loop
      vertex   -1.528000e+002 1.748250e+002 4.014500e+001
      vertex   -1.504500e+002 1.748250e+002 3.534500e+001
      vertex   -1.506308e+002 1.748250e+002 3.533406e+001
    endloop
  endfacet
  facet normal 0.000000e+000 3.357932e-002 0.000000e+000
    outer loop
      vertex   -1.528000e+002 1.748250e+002 4.014500e+001
      vertex   -1.506308e+002 1.748250e+002 3.533406e+001
      vertex   -1.508090e+002 1.748250e+002 3.530141e+001
    endloop
  endfacet
  facet normal 0.000000e+000 9.961382e-001 0.000000e+000
    outer loop
      vertex   -1.508090e+002 1.748250e+002 3.530141e+001
      vertex   -1.509819e+002 1.748250e+002 3.524752e+001
      vertex   -1.528000e+002 1.748250e+002 4.014500e+001
    endloop
  endfacet
  facet normal 0.000000e+000 3.449317e-002 0.000000e+000
    outer loop
      vertex   -1.528000e+002 1.748250e+002 4.014500e+001
      vertex   -1.509819e+002 1.748250e+002 3.524752e+001
      vertex   -1.511471e+002 1.748250e+002 3.517318e+001
    endloop
  endfacet
  facet normal 0.000000e+000 3.344358e-002 0.000000e+000
    outer loop
      vertex   -1.528000e+002 1.748250e+002 4.014500e+001
      vertex   -1.511471e+002 1.748250e+002 3.517318e+001
      vertex   -1.513021e+002 1.748250e+002 3.507948e+001
    endloop
  endfacet
  facet normal 0.000000e+000 9.297615e-001 0.000000e+000
    outer loop
      vertex   -1.513021e+002 1.748250e+002 3.507948e+001
      vertex   -1.514447e+002 1.748250e+002 3.496777e+001
      vertex   -1.528000e+002 1.748250e+002 4.014500e+001
    endloop
  endfacet
  facet normal 0.000000e+000 2.871110e-002 0.000000e+000
    outer loop
      vertex   -1.528000e+002 1.748250e+002 4.014500e+001
      vertex   -1.514447e+002 1.748250e+002 3.496777e+001
      vertex   -1.515728e+002 1.748250e+002 3.483968e+001
    endloop
  endfacet
  facet normal 0.000000e+000 2.535008e-002 0.000000e+000
    outer loop
      vertex   -1.528000e+002 1.748250e+002 4.014500e+001
      vertex   -1.515728e+002 1.748250e+002 3.483968e+001
      vertex   -1.516845e+002 1.748250e+002 3.469710e+001
    endloop
  endfacet
  facet normal 0.000000e+000 6.784743e-001 0.000000e+000
    outer loop
      vertex   -1.516845e+002 1.748250e+002 3.469710e+001
      vertex   -1.517782e+002 1.748250e+002 3.454208e+001
      vertex   -1.528000e+002 1.748250e+002 4.014500e+001
    endloop
  endfacet
  facet normal 0.000000e+000 1.758127e-002 0.000000e+000
    outer loop
      vertex   -1.528000e+002 1.748250e+002 4.014500e+001
      vertex   -1.517782e+002 1.748250e+002 3.454208e+001
      vertex   -1.518525e+002 1.748250e+002 3.437691e+001
    endloop
  endfacet
  facet normal 0.000000e+000 1.351771e-002 0.000000e+000
    outer loop
      vertex   -1.528000e+002 1.748250e+002 4.014500e+001
      vertex   -1.518525e+002 1.748250e+002 3.437691e+001
      vertex   -1.519064e+002 1.748250e+002 3.420397e+001
    endloop
  endfacet
  facet normal 0.000000e+000 3.244909e-001 0.000000e+000
    outer loop
      vertex   -1.519064e+002 1.748250e+002 3.420397e+001
      vertex   -1.519391e+002 1.748250e+002 3.402581e+001
      vertex   -1.528000e+002 1.748250e+002 4.014500e+001
    endloop
  endfacet
  facet normal 0.000000e+000 5.666802e-003 0.000000e+000
    outer loop
      vertex   -1.528000e+002 1.748250e+002 4.014500e+001
      vertex   -1.519391e+002 1.748250e+002 3.402581e+001
      vertex   -1.519500e+002 1.748250e+002 3.384500e+001
    endloop
  endfacet
  facet normal 0.000000e+000 4.362200e-001 0.000000e+000
    outer loop
      vertex   -1.519064e+002 1.748250e+002 3.348603e+001
      vertex   -1.518525e+002 1.748250e+002 3.331309e+001
      vertex   -1.528000e+002 1.748250e+002 2.754500e+001
    endloop
  endfacet
  facet normal 0.000000e+000 1.758128e-002 0.000000e+000
    outer loop
      vertex   -1.528000e+002 1.748250e+002 2.754500e+001
      vertex   -1.518525e+002 1.748250e+002 3.331309e+001
      vertex   -1.517782e+002 1.748250e+002 3.314791e+001
    endloop
  endfacet
  facet normal 0.000000e+000 2.157813e-002 0.000000e+000
    outer loop
      vertex   -1.528000e+002 1.748250e+002 2.754500e+001
      vertex   -1.517782e+002 1.748250e+002 3.314791e+001
      vertex   -1.516845e+002 1.748250e+002 3.299290e+001
    endloop
  endfacet
  facet normal 0.000000e+000 7.620857e-001 0.000000e+000
    outer loop
      vertex   -1.516845e+002 1.748250e+002 3.299290e+001
      vertex   -1.515728e+002 1.748250e+002 3.285032e+001
      vertex   -1.528000e+002 1.748250e+002 2.754500e+001
    endloop
  endfacet
  facet normal 0.000000e+000 2.871111e-002 0.000000e+000
    outer loop
      vertex   -1.528000e+002 1.748250e+002 2.754500e+001
      vertex   -1.515728e+002 1.748250e+002 3.285032e+001
      vertex   -1.514447e+002 1.748250e+002 3.272223e+001
    endloop
  endfacet
  facet normal 0.000000e+000 3.146995e-002 0.000000e+000
    outer loop
      vertex   -1.528000e+002 1.748250e+002 2.754500e+001
      vertex   -1.514447e+002 1.748250e+002 3.272223e+001
      vertex   -1.513021e+002 1.748250e+002 3.261052e+001
    endloop
  endfacet
  facet normal 0.000000e+000 9.673553e-001 0.000000e+000
    outer loop
      vertex   -1.513021e+002 1.748250e+002 3.261052e+001
      vertex   -1.511471e+002 1.748250e+002 3.251682e+001
      vertex   -1.528000e+002 1.748250e+002 2.754500e+001
    endloop
  endfacet
  facet normal 0.000000e+000 3.449318e-002 0.000000e+000
    outer loop
      vertex   -1.528000e+002 1.748250e+002 2.754500e+001
      vertex   -1.511471e+002 1.748250e+002 3.251682e+001
      vertex   -1.509819e+002 1.748250e+002 3.244247e+001
    endloop
  endfacet
  facet normal 0.000000e+000 3.453819e-002 0.000000e+000
    outer loop
      vertex   -1.528000e+002 1.748250e+002 2.754500e+001
      vertex   -1.509819e+002 1.748250e+002 3.244247e+001
      vertex   -1.508090e+002 1.748250e+002 3.238859e+001
    endloop
  endfacet
  facet normal 0.000000e+000 9.782857e-001 0.000000e+000
    outer loop
      vertex   -1.508090e+002 1.748250e+002 3.238859e+001
      vertex   -1.506308e+002 1.748250e+002 3.235594e+001
      vertex   -1.528000e+002 1.748250e+002 2.754500e+001
    endloop
  endfacet
  facet normal 0.000000e+000 7.704836e-001 0.000000e+000
    outer loop
      vertex   -1.500910e+002 1.748250e+002 3.530141e+001
      vertex   -1.502692e+002 1.748250e+002 3.533406e+001
      vertex   -1.528000e+002 1.748250e+002 4.014500e+001
    endloop
  endfacet
  facet normal 0.000000e+000 1.000000e+000 0.000000e+000
    outer loop
      vertex   -1.458639e+002 1.641019e+002 5.100000e+001
      vertex   -1.458639e+002 1.641019e+002 4.550000e+001
      vertex   -1.473639e+002 1.641019e+002 5.100000e+001
    endloop
  endfacet
  facet normal 0.000000e+000 2.631174e-001 0.000000e+000
    outer loop
      vertex   -1.473639e+002 1.641019e+002 5.100000e+001
      vertex   -1.458639e+002 1.641019e+002 4.550000e+001
      vertex   -1.473639e+002 1.641019e+002 4.550000e+001
    endloop
  endfacet
  facet normal 1.000000e+000 -0.000000e+000 0.000000e+000
    outer loop
      vertex   -1.473639e+002 1.641019e+002 5.100000e+001
      vertex   -1.473639e+002 1.641019e+002 4.550000e+001
      vertex   -1.473639e+002 1.679019e+002 5.100000e+001
    endloop
  endfacet
  facet normal 5.684322e-001 0.000000e+000 0.000000e+000
    outer loop
      vertex   -1.473639e+002 1.679019e+002 5.100000e+001
      vertex   -1.473639e+002 1.641019e+002 4.550000e+001
      vertex   -1.473639e+002 1.679019e+002 4.550000e+001
    endloop
  endfacet
  facet normal 0.000000e+000 -1.000000e+000 0.000000e+000
    outer loop
      vertex   -1.473639e+002 1.679019e+002 5.100000e+001
      vertex   -1.473639e+002 1.679019e+002 4.550000e+001
      vertex   -1.458639e+002 1.679019e+002 5.100000e+001
    endloop
  endfacet
  facet normal 0.000000e+000 -2.631174e-001 -0.000000e+000
    outer loop
      vertex   -1.458639e+002 1.679019e+002 5.100000e+001
      vertex   -1.473639e+002 1.679019e+002 4.550000e+001
      vertex   -1.458639e+002 1.679019e+002 4.550000e+001
    endloop
  endfacet
  facet normal -1.000000e+000 -0.000000e+000 -0.000000e+000
    outer loop
      vertex   -1.458639e+002 1.679019e+002 5.100000e+001
      vertex   -1.458639e+002 1.679019e+002 4.550000e+001
      vertex   -1.458639e+002 1.641019e+002 5.100000e+001
    endloop
  endfacet
  facet normal -5.684322e-001 0.000000e+000 0.000000e+000
    outer loop
      vertex   -1.458639e+002 1.641019e+002 5.100000e+001
      vertex   -1.458639e+002 1.679019e+002 4.550000e+001
      vertex   -1.458639e+002 1.641019e+002 4.550000e+001
    endloop
  endfacet
  facet normal 0.000000e+000 0.000000e+000 1.000000e+000
    outer loop
      vertex   -9.920000e+001 1.698000e+002 5.610000e+001
      vertex   -1.130000e+002 1.698000e+002 5.610000e+001
      vertex   -9.920000e+001 1.630000e+002 5.610000e+001
    endloop
  endfacet
  facet normal 0.000000e+000 0.000000e+000 4.420061e-001
    outer loop
      vertex   -9.920000e+001 1.630000e+002 5.610000e+001
      vertex   -1.130000e+002 1.698000e+002 5.610000e+001
      vertex   -1.130000e+002 1.630000e+002 5.610000e+001
    endloop
  endfacet
  facet normal 0.000000e+000 1.000000e+000 0.000000e+000
    outer loop
      vertex   -9.920000e+001 1.630000e+002 6.210000e+001
      vertex   -9.920000e+001 1.630000e+002 5.610000e+001
      vertex   -1.130000e+002 1.630000e+002 6.210000e+001
    endloop
  endfacet
  facet normal 0.000000e+000 9.170701e-001 0.000000e+000
    outer loop
      vertex   -1.130000e+002 1.630000e+002 6.210000e+001
      vertex   -9.920000e+001 1.630000e+002 5.610000e+001
      vertex   -1.130000e+002 1.630000e+002 5.610000e+001
    endloop
  endfacet
  facet normal 0.000000e+000 0.000000e+000 -1.000000e+000
    outer loop
      vertex   -9.920000e+001 1.630000e+002 6.210000e+001
      vertex   -1.130000e+002 1.630000e+002 6.210000e+001
      vertex   -9.920000e+001 1.698000e+002 6.210000e+001
    endloop
  endfacet
  facet normal -0.000000e+000 0.000000e+000 -4.420061e-001
    outer loop
      vertex   -9.920000e+001 1.698000e+002 6.210000e+001
      vertex   -1.130000e+002 1.630000e+002 6.210000e+001
      vertex   -1.130000e+002 1.698000e+002 6.210000e+001
    endloop
  endfacet
  facet normal 0.000000e+000 -1.000000e+000 0.000000e+000
    outer loop
      vertex   -9.920000e+001 1.698000e+002 5.610000e+001
      vertex   -9.920000e+001 1.698000e+002 6.210000e+001
      vertex   -1.130000e+002 1.698000e+002 5.610000e+001
    endloop
  endfacet
  facet normal 0.000000e+000 -9.170701e-001 0.000000e+000
    outer loop
      vertex   -1.130000e+002 1.698000e+002 5.610000e+001
      vertex   -9.920000e+001 1.698000e+002 6.210000e+001
      vertex   -1.130000e+002 1.698000e+002 6.210000e+001
    endloop
  endfacet
  facet normal 0.000000e+000 0.000000e+000 1.000000e+000
    outer loop
      vertex   -9.920000e+001 1.958000e+002 5.610000e+001
      vertex   -1.130000e+002 1.958000e+002 5.610000e+001
      vertex   -9.920000e+001 1.718000e+002 5.610000e+001
    endloop
  endfacet
  facet normal 0.000000e+000 0.000000e+000 8.669062e-001
    outer loop
      vertex   -9.920000e+001 1.718000e+002 5.610000e+001
      vertex   -1.130000e+002 1.958000e+002 5.610000e+001
      vertex   -1.130000e+002 1.718000e+002 5.610000e+001
    endloop
  endfacet
  facet normal 0.000000e+000 1.000000e+000 0.000000e+000
    outer loop
      vertex   -9.920000e+001 1.718000e+002 6.210000e+001
      vertex   -9.920000e+001 1.718000e+002 5.610000e+001
      vertex   -1.130000e+002 1.718000e+002 6.210000e+001
    endloop
  endfacet
  facet normal 0.000000e+000 9.170701e-001 0.000000e+000
    outer loop
      vertex   -1.130000e+002 1.718000e+002 6.210000e+001
      vertex   -9.920000e+001 1.718000e+002 5.610000e+001
      vertex   -1.130000e+002 1.718000e+002 5.610000e+001
    endloop
  endfacet
  facet normal 0.000000e+000 0.000000e+000 -1.000000e+000
    outer loop
      vertex   -9.920000e+001 1.718000e+002 6.210000e+001
      vertex   -1.130000e+002 1.718000e+002 6.210000e+001
      vertex   -9.920000e+001 1.958000e+002 6.210000e+001
    endloop
  endfacet
  facet normal -0.000000e+000 0.000000e+000 -8.669062e-001
    outer loop
      vertex   -9.920000e+001 1.958000e+002 6.210000e+001
      vertex   -1.130000e+002 1.718000e+002 6.210000e+001
      vertex   -1.130000e+002 1.958000e+002 6.210000e+001
    endloop
  endfacet
  facet normal 0.000000e+000 -1.000000e+000 0.000000e+000
    outer loop
      vertex   -9.920000e+001 1.958000e+002 5.610000e+001
      vertex   -9.920000e+001 1.958000e+002 6.210000e+001
      vertex   -1.130000e+002 1.958000e+002 5.610000e+001
    endloop
  endfacet
  facet normal 0.000000e+000 -9.170701e-001 0.000000e+000
    outer loop
      vertex   -1.130000e+002 1.958000e+002 5.610000e+001
      vertex   -9.920000e+001 1.958000e+002 6.210000e+001
      vertex   -1.130000e+002 1.958000e+002 6.210000e+001
    endloop
  endfacet
  facet normal 0.000000e+000 0.000000e+000 1.000000e+000
    outer loop
      vertex   -9.920000e+001 2.110000e+002 5.610000e+001
      vertex   -1.130000e+002 2.110000e+002 5.610000e+001
      vertex   -9.920000e+001 1.978000e+002 5.610000e+001
    endloop
  endfacet
  facet normal 0.000000e+000 0.000000e+000 6.912225e-001
    outer loop
      vertex   -9.920000e+001 1.978000e+002 5.610000e+001
      vertex   -1.130000e+002 2.110000e+002 5.610000e+001
      vertex   -1.130000e+002 1.978000e+002 5.610000e+001
    endloop
  endfacet
  facet normal 0.000000e+000 1.000000e+000 0.000000e+000
    outer loop
      vertex   -9.920000e+001 1.978000e+002 6.210000e+001
      vertex   -9.920000e+001 1.978000e+002 5.610000e+001
      vertex   -1.130000e+002 1.978000e+002 6.210000e+001
    endloop
  endfacet
  facet normal 0.000000e+000 9.170701e-001 0.000000e+000
    outer loop
      vertex   -1.130000e+002 1.978000e+002 6.210000e+001
      vertex   -9.920000e+001 1.978000e+002 5.610000e+001
      vertex   -1.130000e+002 1.978000e+002 5.610000e+001
    endloop
  endfacet
  facet normal 0.000000e+000 0.000000e+000 -1.000000e+000
    outer loop
      vertex   -9.920000e+001 1.978000e+002 6.210000e+001
      vertex   -1.130000e+002 1.978000e+002 6.210000e+001
      vertex   -9.920000e+001 2.110000e+002 6.210000e+001
    endloop
  endfacet
  facet normal -0.000000e+000 0.000000e+000 -6.912225e-001
    outer loop
      vertex   -9.920000e+001 2.110000e+002 6.210000e+001
      vertex   -1.130000e+002 1.978000e+002 6.210000e+001
      vertex   -1.130000e+002 2.110000e+002 6.210000e+001
    endloop
  endfacet
  facet normal 0.000000e+000 -1.000000e+000 0.000000e+000
    outer loop
      vertex   -9.920000e+001 2.110000e+002 5.610000e+001
      vertex   -9.920000e+001 2.110000e+002 6.210000e+001
      vertex   -1.130000e+002 2.110000e+002 5.610000e+001
    endloop
  endfacet
  facet normal 0.000000e+000 -9.170701e-001 0.000000e+000
    outer loop
      vertex   -1.130000e+002 2.110000e+002 5.610000e+001
      vertex   -9.920000e+001 2.110000e+002 6.210000e+001
      vertex   -1.130000e+002 2.110000e+002 6.210000e+001
    endloop
  endfacet
  facet normal 0.000000e+000 -0.000000e+000 1.000000e+000
    outer loop
      vertex   -9.800000e+001 1.618500e+002 5.600000e+001
      vertex   -9.800000e+001 2.121500e+002 5.600000e+001
      vertex   -9.920000e+001 1.618500e+002 5.600000e+001
    endloop
  endfacet
  facet normal 0.000000e+000 0.000000e+000 2.385002e-002
    outer loop
      vertex   -9.920000e+001 1.618500e+002 5.600000e+001
      vertex   -9.800000e+001 2.121500e+002 5.600000e+001
      vertex   -9.920000e+001 2.121500e+002 5.600000e+001
    endloop
  endfacet
  facet normal 0.000000e+000 1.000000e+000 0.000000e+000
    outer loop
      vertex   -9.800000e+001 1.618500e+002 6.220000e+001
      vertex   -9.800000e+001 1.618500e+002 5.600000e+001
      vertex   -9.920000e+001 1.618500e+002 6.220000e+001
    endloop
  endfacet
  facet normal 0.000000e+000 1.900214e-001 0.000000e+000
    outer loop
      vertex   -9.920000e+001 1.618500e+002 6.220000e+001
      vertex   -9.800000e+001 1.618500e+002 5.600000e+001
      vertex   -9.920000e+001 1.618500e+002 5.600000e+001
    endloop
  endfacet
  facet normal -0.000000e+000 -0.000000e+000 -1.000000e+000
    outer loop
      vertex   -9.800000e+001 2.121500e+002 6.220000e+001
      vertex   -9.800000e+001 1.618500e+002 6.220000e+001
      vertex   -9.920000e+001 2.121500e+002 6.220000e+001
    endloop
  endfacet
  facet normal 0.000000e+000 0.000000e+000 -2.385002e-002
    outer loop
      vertex   -9.920000e+001 2.121500e+002 6.220000e+001
      vertex   -9.800000e+001 1.618500e+002 6.220000e+001
      vertex   -9.920000e+001 1.618500e+002 6.220000e+001
    endloop
  endfacet
  facet normal 0.000000e+000 -1.000000e+000 0.000000e+000
    outer loop
      vertex   -9.800000e+001 2.121500e+002 5.600000e+001
      vertex   -9.800000e+001 2.121500e+002 6.220000e+001
      vertex   -9.920000e+001 2.121500e+002 5.600000e+001
    endloop
  endfacet
  facet normal 0.000000e+000 -1.900214e-001 0.000000e+000
    outer loop
      vertex   -9.920000e+001 2.121500e+002 5.600000e+001
      vertex   -9.800000e+001 2.121500e+002 6.220000e+001
      vertex   -9.920000e+001 2.121500e+002 6.220000e+001
    endloop
  endfacet
  facet normal 1.257791e-002 0.000000e+000 0.000000e+000
    outer loop
      vertex   -9.920000e+001 1.698000e+002 6.210000e+001
      vertex   -9.920000e+001 1.618500e+002 6.220000e+001
      vertex   -9.920000e+001 1.630000e+002 6.210000e+001
    endloop
  endfacet
  facet normal 9.950444e-001 0.000000e+000 0.000000e+000
    outer loop
      vertex   -9.920000e+001 1.630000e+002 6.210000e+001
      vertex   -9.920000e+001 1.618500e+002 6.220000e+001
      vertex   -9.920000e+001 1.618500e+002 5.600000e+001
    endloop
  endfacet
  facet normal 1.852602e-001 0.000000e+000 0.000000e+000
    outer loop
      vertex   -9.920000e+001 1.630000e+002 6.210000e+001
      vertex   -9.920000e+001 1.618500e+002 5.600000e+001
      vertex   -9.920000e+001 1.630000e+002 5.610000e+001
    endloop
  endfacet
  facet normal 8.662876e-002 -0.000000e+000 0.000000e+000
    outer loop
      vertex   -9.920000e+001 1.630000e+002 5.610000e+001
      vertex   -9.920000e+001 1.618500e+002 5.600000e+001
      vertex   -9.920000e+001 1.698000e+002 5.610000e+001
    endloop
  endfacet
  facet normal 1.257743e-002 -0.000000e+000 0.000000e+000
    outer loop
      vertex   -9.920000e+001 1.698000e+002 5.610000e+001
      vertex   -9.920000e+001 1.618500e+002 5.600000e+001
      vertex   -9.920000e+001 1.718000e+002 5.610000e+001
    endloop
  endfacet
  facet normal 9.486833e-001 0.000000e+000 0.000000e+000
    outer loop
      vertex   -9.920000e+001 1.698000e+002 5.610000e+001
      vertex   -9.920000e+001 1.718000e+002 5.610000e+001
      vertex   -9.920000e+001 1.718000e+002 6.210000e+001
    endloop
  endfacet
  facet normal 2.528097e-003 0.000000e+000 0.000000e+000
    outer loop
      vertex   -9.920000e+001 1.618500e+002 6.220000e+001
      vertex   -9.920000e+001 1.698000e+002 6.210000e+001
      vertex   -9.920000e+001 1.718000e+002 6.210000e+001
    endloop
  endfacet
  facet normal 9.486833e-001 0.000000e+000 0.000000e+000
    outer loop
      vertex   -9.920000e+001 1.718000e+002 6.210000e+001
      vertex   -9.920000e+001 1.698000e+002 6.210000e+001
      vertex   -9.920000e+001 1.698000e+002 5.610000e+001
    endloop
  endfacet
  facet normal 1.004998e-002 0.000000e+000 -0.000000e+000
    outer loop
      vertex   -9.920000e+001 1.718000e+002 6.210000e+001
      vertex   -9.920000e+001 1.958000e+002 6.210000e+001
      vertex   -9.920000e+001 1.618500e+002 6.220000e+001
    endloop
  endfacet
  facet normal 2.945563e-003 -0.000000e+000 0.000000e+000
    outer loop
      vertex   -9.920000e+001 1.618500e+002 6.220000e+001
      vertex   -9.920000e+001 1.958000e+002 6.210000e+001
      vertex   -9.920000e+001 2.121500e+002 6.220000e+001
    endloop
  endfacet
  facet normal 8.524170e-004 0.000000e+000 0.000000e+000
    outer loop
      vertex   -9.920000e+001 2.121500e+002 6.220000e+001
      vertex   -9.920000e+001 1.958000e+002 6.210000e+001
      vertex   -9.920000e+001 1.978000e+002 6.210000e+001
    endloop
  endfacet
  facet normal 7.968750e-002 0.000000e+000 0.000000e+000
    outer loop
      vertex   -9.920000e+001 2.121500e+002 6.220000e+001
      vertex   -9.920000e+001 1.978000e+002 6.210000e+001
      vertex   -9.920000e+001 2.110000e+002 6.210000e+001
    endloop
  endfacet
  facet normal 1.000000e+000 -0.000000e+000 0.000000e+000
    outer loop
      vertex   -9.920000e+001 1.958000e+002 6.210000e+001
      vertex   -9.920000e+001 1.958000e+002 5.610000e+001
      vertex   -9.920000e+001 1.978000e+002 6.210000e+001
    endloop
  endfacet
  facet normal 3.162278e-001 0.000000e+000 0.000000e+000
    outer loop
      vertex   -9.920000e+001 1.978000e+002 6.210000e+001
      vertex   -9.920000e+001 1.958000e+002 5.610000e+001
      vertex   -9.920000e+001 1.978000e+002 5.610000e+001
    endloop
  endfacet
  facet normal 6.968370e-003 0.000000e+000 0.000000e+000
    outer loop
      vertex   -9.920000e+001 1.978000e+002 5.610000e+001
      vertex   -9.920000e+001 1.958000e+002 5.610000e+001
      vertex   -9.920000e+001 2.121500e+002 5.600000e+001
    endloop
  endfacet
  facet normal 6.968370e-003 -0.000000e+000 0.000000e+000
    outer loop
      vertex   -9.920000e+001 1.978000e+002 5.610000e+001
      vertex   -9.920000e+001 2.121500e+002 5.600000e+001
      vertex   -9.920000e+001 2.110000e+002 5.610000e+001
    endloop
  endfacet
  facet normal 9.950441e-001 -0.000000e+000 0.000000e+000
    outer loop
      vertex   -9.920000e+001 2.110000e+002 5.610000e+001
      vertex   -9.920000e+001 2.121500e+002 5.600000e+001
      vertex   -9.920000e+001 2.121500e+002 6.220000e+001
    endloop
  endfacet
  facet normal 1.852601e-001 0.000000e+000 0.000000e+000
    outer loop
      vertex   -9.920000e+001 2.110000e+002 5.610000e+001
      vertex   -9.920000e+001 2.121500e+002 6.220000e+001
      vertex   -9.920000e+001 2.110000e+002 6.210000e+001
    endloop
  endfacet
  facet normal 6.116004e-003 0.000000e+000 0.000000e+000
    outer loop
      vertex   -9.920000e+001 2.121500e+002 5.600000e+001
      vertex   -9.920000e+001 1.958000e+002 5.610000e+001
      vertex   -9.920000e+001 1.618500e+002 5.600000e+001
    endloop
  endfacet
  facet normal 7.104248e-003 0.000000e+000 0.000000e+000
    outer loop
      vertex   -9.920000e+001 1.618500e+002 5.600000e+001
      vertex   -9.920000e+001 1.958000e+002 5.610000e+001
      vertex   -9.920000e+001 1.718000e+002 5.610000e+001
    endloop
  endfacet
  facet normal 0.000000e+000 0.000000e+000 -1.000000e+000
    outer loop
      vertex   -9.800000e+001 1.525000e+002 5.120000e+001
      vertex   -1.090000e+002 1.525000e+002 5.120000e+001
      vertex   -9.800000e+001 1.870000e+002 5.120000e+001
    endloop
  endfacet
  facet normal -0.000000e+000 0.000000e+000 -9.527442e-001
    outer loop
      vertex   -9.800000e+001 1.870000e+002 5.120000e+001
      vertex   -1.090000e+002 1.525000e+002 5.120000e+001
      vertex   -1.090000e+002 1.870000e+002 5.120000e+001
    endloop
  endfacet
  facet normal 0.000000e+000 0.000000e+000 -1.000000e+000
    outer loop
      vertex   -9.800000e+001 1.870000e+002 5.120000e+001
      vertex   -1.090000e+002 1.870000e+002 5.120000e+001
      vertex   -9.800000e+001 2.215000e+002 5.120000e+001
    endloop
  endfacet
  facet normal -0.000000e+000 0.000000e+000 -9.527442e-001
    outer loop
      vertex   -9.800000e+001 2.215000e+002 5.120000e+001
      vertex   -1.090000e+002 1.870000e+002 5.120000e+001
      vertex   -1.090000e+002 2.215000e+002 5.120000e+001
    endloop
  endfacet
  facet normal 2.385002e-002 -0.000000e+000 0.000000e+000
    outer loop
      vertex   -9.800000e+001 1.870000e+002 6.280000e+001
      vertex   -9.800000e+001 2.121500e+002 6.220000e+001
      vertex   -9.800000e+001 2.215000e+002 6.280000e+001
    endloop
  endfacet
  facet normal 5.351733e-001 0.000000e+000 0.000000e+000
    outer loop
      vertex   -9.800000e+001 2.215000e+002 6.280000e+001
      vertex   -9.800000e+001 2.121500e+002 6.220000e+001
      vertex   -9.800000e+001 2.121500e+002 5.600000e+001
    endloop
  endfacet
  facet normal 8.087363e-001 0.000000e+000 0.000000e+000
    outer loop
      vertex   -9.800000e+001 2.215000e+002 6.280000e+001
      vertex   -9.800000e+001 2.121500e+002 5.600000e+001
      vertex   -9.800000e+001 2.215000e+002 5.120000e+001
    endloop
  endfacet
  facet normal 4.567026e-001 0.000000e+000 0.000000e+000
    outer loop
      vertex   -9.800000e+001 2.215000e+002 5.120000e+001
      vertex   -9.800000e+001 2.121500e+002 5.600000e+001
      vertex   -9.800000e+001 1.870000e+002 5.120000e+001
    endloop
  endfacet
  facet normal 3.682944e-001 0.000000e+000 -0.000000e+000
    outer loop
      vertex   -9.800000e+001 1.870000e+002 5.120000e+001
      vertex   -9.800000e+001 2.121500e+002 5.600000e+001
      vertex   -9.800000e+001 1.618500e+002 5.600000e+001
    endloop
  endfacet
  facet normal 1.874710e-001 0.000000e+000 0.000000e+000
    outer loop
      vertex   -9.800000e+001 1.870000e+002 5.120000e+001
      vertex   -9.800000e+001 1.618500e+002 5.600000e+001
      vertex   -9.800000e+001 1.525000e+002 5.120000e+001
    endloop
  endfacet
  facet normal 8.896194e-001 0.000000e+000 0.000000e+000
    outer loop
      vertex   -9.800000e+001 1.525000e+002 5.120000e+001
      vertex   -9.800000e+001 1.618500e+002 5.600000e+001
      vertex   -9.800000e+001 1.525000e+002 6.280000e+001
    endloop
  endfacet
  facet normal 5.351733e-001 0.000000e+000 0.000000e+000
    outer loop
      vertex   -9.800000e+001 1.525000e+002 6.280000e+001
      vertex   -9.800000e+001 1.618500e+002 5.600000e+001
      vertex   -9.800000e+001 1.618500e+002 6.220000e+001
    endloop
  endfacet
  facet normal 6.403920e-002 -0.000000e+000 0.000000e+000
    outer loop
      vertex   -9.800000e+001 1.525000e+002 6.280000e+001
      vertex   -9.800000e+001 1.618500e+002 6.220000e+001
      vertex   -9.800000e+001 1.870000e+002 6.280000e+001
    endloop
  endfacet
  facet normal 4.768647e-002 0.000000e+000 0.000000e+000
    outer loop
      vertex   -9.800000e+001 1.870000e+002 6.280000e+001
      vertex   -9.800000e+001 1.618500e+002 6.220000e+001
      vertex   -9.800000e+001 2.121500e+002 6.220000e+001
    endloop
  endfacet
  facet normal 0.000000e+000 -1.000000e+000 0.000000e+000
    outer loop
      vertex   -2.040000e+002 1.995000e+002 5.800000e+001
      vertex   -2.040000e+002 1.995000e+002 5.100000e+001
      vertex   -1.750000e+002 1.995000e+002 5.800000e+001
    endloop
  endfacet
  facet normal 0.000000e+000 -9.720822e-001 -0.000000e+000
    outer loop
      vertex   -1.750000e+002 1.995000e+002 5.800000e+001
      vertex   -2.040000e+002 1.995000e+002 5.100000e+001
      vertex   -1.750000e+002 1.995000e+002 5.100000e+001
    endloop
  endfacet
  facet normal 0.000000e+000 1.000000e+000 0.000000e+000
    outer loop
      vertex   -1.750000e+002 1.745000e+002 5.800000e+001
      vertex   -1.750000e+002 1.745000e+002 5.100000e+001
      vertex   -2.040000e+002 1.745000e+002 5.800000e+001
    endloop
  endfacet
  facet normal 0.000000e+000 9.720822e-001 0.000000e+000
    outer loop
      vertex   -2.040000e+002 1.745000e+002 5.800000e+001
      vertex   -1.750000e+002 1.745000e+002 5.100000e+001
      vertex   -2.040000e+002 1.745000e+002 5.100000e+001
    endloop
  endfacet
  facet normal 1.000000e+000 0.000000e+000 -0.000000e+000
    outer loop
      vertex   -2.040000e+002 2.160000e+002 5.800000e+001
      vertex   -2.040000e+002 2.160000e+002 6.680000e+001
      vertex   -2.040000e+002 1.995000e+002 5.800000e+001
    endloop
  endfacet
  facet normal 8.927278e-001 0.000000e+000 -0.000000e+000
    outer loop
      vertex   -2.040000e+002 1.995000e+002 5.800000e+001
      vertex   -2.040000e+002 2.160000e+002 6.680000e+001
      vertex   -2.040000e+002 1.870000e+002 6.680000e+001
    endloop
  endfacet
  facet normal 5.756556e-001 0.000000e+000 0.000000e+000
    outer loop
      vertex   -2.040000e+002 1.995000e+002 5.800000e+001
      vertex   -2.040000e+002 1.870000e+002 6.680000e+001
      vertex   -2.040000e+002 1.745000e+002 5.800000e+001
    endloop
  endfacet
  facet normal 8.927278e-001 0.000000e+000 -0.000000e+000
    outer loop
      vertex   -2.040000e+002 1.745000e+002 5.800000e+001
      vertex   -2.040000e+002 1.870000e+002 6.680000e+001
      vertex   -2.040000e+002 1.580000e+002 6.680000e+001
    endloop
  endfacet
  facet normal 4.705884e-001 0.000000e+000 0.000000e+000
    outer loop
      vertex   -2.040000e+002 1.745000e+002 5.800000e+001
      vertex   -2.040000e+002 1.580000e+002 6.680000e+001
      vertex   -2.040000e+002 1.580000e+002 5.800000e+001
    endloop
  endfacet
  facet normal 1.000000e+000 -0.000000e+000 0.000000e+000
    outer loop
      vertex   -2.040000e+002 1.745000e+002 5.800000e+001
      vertex   -2.040000e+002 1.745000e+002 5.100000e+001
      vertex   -2.040000e+002 1.995000e+002 5.800000e+001
    endloop
  endfacet
  facet normal 9.629640e-001 0.000000e+000 0.000000e+000
    outer loop
      vertex   -2.040000e+002 1.995000e+002 5.800000e+001
      vertex   -2.040000e+002 1.745000e+002 5.100000e+001
      vertex   -2.040000e+002 1.995000e+002 5.100000e+001
    endloop
  endfacet
  facet normal 0.000000e+000 0.000000e+000 1.000000e+000
    outer loop
      vertex   -1.750000e+002 1.745000e+002 5.800000e+001
      vertex   -2.040000e+002 1.745000e+002 5.800000e+001
      vertex   -1.750000e+002 1.580000e+002 5.800000e+001
    endloop
  endfacet
  facet normal 0.000000e+000 0.000000e+000 4.945242e-001
    outer loop
      vertex   -1.750000e+002 1.580000e+002 5.800000e+001
      vertex   -2.040000e+002 1.745000e+002 5.800000e+001
      vertex   -2.040000e+002 1.580000e+002 5.800000e+001
    endloop
  endfacet
  facet normal 0.000000e+000 0.000000e+000 1.000000e+000
    outer loop
      vertex   -2.040000e+002 1.995000e+002 5.800000e+001
      vertex   -1.750000e+002 1.995000e+002 5.800000e+001
      vertex   -2.040000e+002 2.160000e+002 5.800000e+001
    endloop
  endfacet
  facet normal -0.000000e+000 0.000000e+000 4.945242e-001
    outer loop
      vertex   -2.040000e+002 2.160000e+002 5.800000e+001
      vertex   -1.750000e+002 1.995000e+002 5.800000e+001
      vertex   -1.750000e+002 2.160000e+002 5.800000e+001
    endloop
  endfacet
  facet normal 1.000000e+000 0.000000e+000 -0.000000e+000
    outer loop
      vertex   -1.750000e+002 1.745000e+002 5.100000e+001
      vertex   -1.750000e+002 1.745000e+002 5.800000e+001
      vertex   -1.750000e+002 1.580000e+002 5.100000e+001
    endloop
  endfacet
  facet normal 9.205818e-001 0.000000e+000 0.000000e+000
    outer loop
      vertex   -1.750000e+002 1.580000e+002 5.100000e+001
      vertex   -1.750000e+002 1.745000e+002 5.800000e+001
      vertex   -1.750000e+002 1.580000e+002 5.800000e+001
    endloop
  endfacet
  facet normal 1.000000e+000 -0.000000e+000 0.000000e+000
    outer loop
      vertex   -1.750000e+002 1.995000e+002 5.800000e+001
      vertex   -1.750000e+002 1.995000e+002 5.100000e+001
      vertex   -1.750000e+002 2.160000e+002 5.800000e+001
    endloop
  endfacet
  facet normal 9.205818e-001 0.000000e+000 0.000000e+000
    outer loop
      vertex   -1.750000e+002 2.160000e+002 5.800000e+001
      vertex   -1.750000e+002 1.995000e+002 5.100000e+001
      vertex   -1.750000e+002 2.160000e+002 5.100000e+001
    endloop
  endfacet
  facet normal 0.000000e+000 -0.000000e+000 9.992500e-001
    outer loop
      vertex   -1.458639e+002 1.679019e+002 5.100000e+001
      vertex   -1.440000e+002 2.160000e+002 5.100000e+001
      vertex   -1.473639e+002 1.679019e+002 5.100000e+001
    endloop
  endfacet
  facet normal 0.000000e+000 -0.000000e+000 7.092511e-001
    outer loop
      vertex   -1.473639e+002 1.679019e+002 5.100000e+001
      vertex   -1.440000e+002 2.160000e+002 5.100000e+001
      vertex   -1.750000e+002 1.995000e+002 5.100000e+001
    endloop
  endfacet
  facet normal 0.000000e+000 0.000000e+000 9.787382e-001
    outer loop
      vertex   -1.473639e+002 1.679019e+002 5.100000e+001
      vertex   -1.750000e+002 1.995000e+002 5.100000e+001
      vertex   -1.585000e+002 1.616431e+002 5.100000e+001
    endloop
  endfacet
  facet normal 0.000000e+000 0.000000e+000 4.775270e-001
    outer loop
      vertex   -1.585000e+002 1.616431e+002 5.100000e+001
      vertex   -1.750000e+002 1.995000e+002 5.100000e+001
      vertex   -1.750000e+002 1.745000e+002 5.100000e+001
    endloop
  endfacet
  facet normal 0.000000e+000 0.000000e+000 7.702546e-001
    outer loop
      vertex   -1.585000e+002 1.616431e+002 5.100000e+001
      vertex   -1.750000e+002 1.745000e+002 5.100000e+001
      vertex   -1.750000e+002 1.580000e+002 5.100000e+001
    endloop
  endfacet
  facet normal -0.000000e+000 0.000000e+000 2.921402e-001
    outer loop
      vertex   -1.458639e+002 1.641019e+002 5.100000e+001
      vertex   -1.440000e+002 1.580000e+002 5.100000e+001
      vertex   -1.458639e+002 1.679019e+002 5.100000e+001
    endloop
  endfacet
  facet normal 0.000000e+000 0.000000e+000 8.875896e-001
    outer loop
      vertex   -1.458639e+002 1.679019e+002 5.100000e+001
      vertex   -1.440000e+002 1.580000e+002 5.100000e+001
      vertex   -1.130000e+002 1.580000e+002 5.100000e+001
    endloop
  endfacet
  facet normal -0.000000e+000 0.000000e+000 7.305148e-001
    outer loop
      vertex   -1.458639e+002 1.679019e+002 5.100000e+001
      vertex   -1.130000e+002 1.580000e+002 5.100000e+001
      vertex   -1.130000e+002 1.870000e+002 5.100000e+001
    endloop
  endfacet
  facet normal 0.000000e+000 0.000000e+000 9.563755e-001
    outer loop
      vertex   -1.458639e+002 1.641019e+002 5.100000e+001
      vertex   -1.473639e+002 1.641019e+002 5.100000e+001
      vertex   -1.440000e+002 1.580000e+002 5.100000e+001
    endloop
  endfacet
  facet normal 0.000000e+000 0.000000e+000 7.316971e-001
    outer loop
      vertex   -1.440000e+002 1.580000e+002 5.100000e+001
      vertex   -1.473639e+002 1.641019e+002 5.100000e+001
      vertex   -1.585000e+002 1.616431e+002 5.100000e+001
    endloop
  endfacet
  facet normal 0.000000e+000 0.000000e+000 2.436757e-001
    outer loop
      vertex   -1.440000e+002 1.580000e+002 5.100000e+001
      vertex   -1.585000e+002 1.616431e+002 5.100000e+001
      vertex   -1.750000e+002 1.580000e+002 5.100000e+001
    endloop
  endfacet
  facet normal 0.000000e+000 -0.000000e+000 9.764814e-001
    outer loop
      vertex   -1.473639e+002 1.641019e+002 5.100000e+001
      vertex   -1.473639e+002 1.679019e+002 5.100000e+001
      vertex   -1.585000e+002 1.616431e+002 5.100000e+001
    endloop
  endfacet
  facet normal 0.000000e+000 0.000000e+000 1.000000e+000
    outer loop
      vertex   -1.130000e+002 2.160000e+002 5.100000e+001
      vertex   -1.440000e+002 2.160000e+002 5.100000e+001
      vertex   -1.130000e+002 1.870000e+002 5.100000e+001
    endloop
  endfacet
  facet normal 0.000000e+000 0.000000e+000 9.575858e-001
    outer loop
      vertex   -1.130000e+002 1.870000e+002 5.100000e+001
      vertex   -1.440000e+002 2.160000e+002 5.100000e+001
      vertex   -1.458639e+002 1.679019e+002 5.100000e+001
    endloop
  endfacet
  facet normal 0.000000e+000 0.000000e+000 4.698491e-001
    outer loop
      vertex   -1.440000e+002 2.160000e+002 5.100000e+001
      vertex   -1.750000e+002 2.160000e+002 5.100000e+001
      vertex   -1.750000e+002 1.995000e+002 5.100000e+001
    endloop
  endfacet
  facet normal 0.000000e+000 0.000000e+000 1.000000e+000
    outer loop
      vertex   -1.750000e+002 1.995000e+002 5.100000e+001
      vertex   -2.040000e+002 1.995000e+002 5.100000e+001
      vertex   -1.750000e+002 1.745000e+002 5.100000e+001
    endloop
  endfacet
  facet normal 0.000000e+000 0.000000e+000 6.529396e-001
    outer loop
      vertex   -1.750000e+002 1.745000e+002 5.100000e+001
      vertex   -2.040000e+002 1.995000e+002 5.100000e+001
      vertex   -2.040000e+002 1.745000e+002 5.100000e+001
    endloop
  endfacet
  facet normal -6.849104e-001 0.000000e+000 0.000000e+000
    outer loop
      vertex   -1.130000e+002 1.630000e+002 6.210000e+001
      vertex   -1.130000e+002 1.580000e+002 6.680000e+001
      vertex   -1.130000e+002 1.698000e+002 6.210000e+001
    endloop
  endfacet
  facet normal -3.700331e-001 0.000000e+000 0.000000e+000
    outer loop
      vertex   -1.130000e+002 1.698000e+002 6.210000e+001
      vertex   -1.130000e+002 1.580000e+002 6.680000e+001
      vertex   -1.130000e+002 1.718000e+002 6.210000e+001
    endloop
  endfacet
  facet normal -9.486833e-001 0.000000e+000 0.000000e+000
    outer loop
      vertex   -1.130000e+002 1.698000e+002 6.210000e+001
      vertex   -1.130000e+002 1.718000e+002 6.210000e+001
      vertex   -1.130000e+002 1.718000e+002 5.610000e+001
    endloop
  endfacet
  facet normal -7.286273e-001 -0.000000e+000 -0.000000e+000
    outer loop
      vertex   -1.130000e+002 1.630000e+002 6.210000e+001
      vertex   -1.130000e+002 1.630000e+002 5.610000e+001
      vertex   -1.130000e+002 1.580000e+002 6.680000e+001
    endloop
  endfacet
  facet normal -4.233488e-001 0.000000e+000 0.000000e+000
    outer loop
      vertex   -1.130000e+002 1.580000e+002 6.680000e+001
      vertex   -1.130000e+002 1.630000e+002 5.610000e+001
      vertex   -1.130000e+002 1.580000e+002 5.100000e+001
    endloop
  endfacet
  facet normal -3.777294e-001 0.000000e+000 0.000000e+000
    outer loop
      vertex   -1.130000e+002 1.580000e+002 5.100000e+001
      vertex   -1.130000e+002 1.630000e+002 5.610000e+001
      vertex   -1.130000e+002 1.698000e+002 5.610000e+001
    endloop
  endfacet
  facet normal -5.393248e-002 0.000000e+000 0.000000e+000
    outer loop
      vertex   -1.130000e+002 1.580000e+002 5.100000e+001
      vertex   -1.130000e+002 1.698000e+002 5.610000e+001
      vertex   -1.130000e+002 1.718000e+002 5.610000e+001
    endloop
  endfacet
  facet normal -9.486833e-001 0.000000e+000 0.000000e+000
    outer loop
      vertex   -1.130000e+002 1.718000e+002 5.610000e+001
      vertex   -1.130000e+002 1.698000e+002 5.610000e+001
      vertex   -1.130000e+002 1.698000e+002 6.210000e+001
    endloop
  endfacet
  facet normal -2.954109e-001 0.000000e+000 0.000000e+000
    outer loop
      vertex   -1.130000e+002 1.718000e+002 6.210000e+001
      vertex   -1.130000e+002 1.870000e+002 6.680000e+001
      vertex   -1.130000e+002 1.958000e+002 6.210000e+001
    endloop
  endfacet
  facet normal -4.711086e-001 0.000000e+000 0.000000e+000
    outer loop
      vertex   -1.130000e+002 1.958000e+002 6.210000e+001
      vertex   -1.130000e+002 1.870000e+002 6.680000e+001
      vertex   -1.130000e+002 1.978000e+002 6.210000e+001
    endloop
  endfacet
  facet normal -9.486833e-001 0.000000e+000 0.000000e+000
    outer loop
      vertex   -1.130000e+002 1.958000e+002 6.210000e+001
      vertex   -1.130000e+002 1.978000e+002 6.210000e+001
      vertex   -1.130000e+002 1.978000e+002 5.610000e+001
    endloop
  endfacet
  facet normal -3.466500e-001 0.000000e+000 0.000000e+000
    outer loop
      vertex   -1.130000e+002 1.580000e+002 5.100000e+001
      vertex   -1.130000e+002 1.718000e+002 5.610000e+001
      vertex   -1.130000e+002 1.870000e+002 5.100000e+001
    endloop
  endfacet
  facet normal -7.505977e-001 0.000000e+000 0.000000e+000
    outer loop
      vertex   -1.130000e+002 1.870000e+002 5.100000e+001
      vertex   -1.130000e+002 1.718000e+002 5.610000e+001
      vertex   -1.130000e+002 1.958000e+002 5.610000e+001
    endloop
  endfacet
  facet normal -8.396509e-002 0.000000e+000 0.000000e+000
    outer loop
      vertex   -1.130000e+002 1.870000e+002 5.100000e+001
      vertex   -1.130000e+002 1.958000e+002 5.610000e+001
      vertex   -1.130000e+002 1.978000e+002 5.610000e+001
    endloop
  endfacet
  facet normal -9.486833e-001 0.000000e+000 0.000000e+000
    outer loop
      vertex   -1.130000e+002 1.978000e+002 5.610000e+001
      vertex   -1.130000e+002 1.958000e+002 5.610000e+001
      vertex   -1.130000e+002 1.958000e+002 6.210000e+001
    endloop
  endfacet
  facet normal -4.233488e-001 0.000000e+000 0.000000e+000
    outer loop
      vertex   -1.130000e+002 2.110000e+002 5.610000e+001
      vertex   -1.130000e+002 2.110000e+002 6.210000e+001
      vertex   -1.130000e+002 2.160000e+002 6.680000e+001
    endloop
  endfacet
  facet normal -4.809693e-001 0.000000e+000 0.000000e+000
    outer loop
      vertex   -1.130000e+002 2.160000e+002 6.680000e+001
      vertex   -1.130000e+002 2.110000e+002 6.210000e+001
      vertex   -1.130000e+002 1.978000e+002 6.210000e+001
    endloop
  endfacet
  facet normal -2.500392e-001 -0.000000e+000 0.000000e+000
    outer loop
      vertex   -1.130000e+002 2.160000e+002 6.680000e+001
      vertex   -1.130000e+002 1.978000e+002 6.210000e+001
      vertex   -1.130000e+002 1.870000e+002 6.680000e+001
    endloop
  endfacet
  facet normal -4.270061e-001 0.000000e+000 0.000000e+000
    outer loop
      vertex   -1.130000e+002 1.870000e+002 5.100000e+001
      vertex   -1.130000e+002 1.978000e+002 5.610000e+001
      vertex   -1.130000e+002 2.160000e+002 5.100000e+001
    endloop
  endfacet
  facet normal -4.986895e-001 0.000000e+000 0.000000e+000
    outer loop
      vertex   -1.130000e+002 2.160000e+002 5.100000e+001
      vertex   -1.130000e+002 1.978000e+002 5.610000e+001
      vertex   -1.130000e+002 2.110000e+002 5.610000e+001
    endloop
  endfacet
  facet normal -7.000715e-001 0.000000e+000 0.000000e+000
    outer loop
      vertex   -1.130000e+002 2.160000e+002 5.100000e+001
      vertex   -1.130000e+002 2.110000e+002 5.610000e+001
      vertex   -1.130000e+002 2.160000e+002 6.680000e+001
    endloop
  endfacet
  facet normal -3.223948e-001 0.000000e+000 0.000000e+000
    outer loop
      vertex   -1.130000e+002 1.580000e+002 6.680000e+001
      vertex   -1.130000e+002 1.870000e+002 6.680000e+001
      vertex   -1.130000e+002 1.718000e+002 6.210000e+001
    endloop
  endfacet
  facet normal 0.000000e+000 1.000000e+000 0.000000e+000
    outer loop
      vertex   -2.040000e+002 1.580000e+002 5.800000e+001
      vertex   -2.040000e+002 1.580000e+002 6.680000e+001
      vertex   -1.750000e+002 1.580000e+002 5.800000e+001
    endloop
  endfacet
  facet normal 0.000000e+000 7.065244e-001 -0.000000e+000
    outer loop
      vertex   -1.750000e+002 1.580000e+002 5.800000e+001
      vertex   -2.040000e+002 1.580000e+002 6.680000e+001
      vertex   -1.585000e+002 1.580000e+002 6.680000e+001
    endloop
  endfacet
  facet normal -0.000000e+000 6.533790e-001 0.000000e+000
    outer loop
      vertex   -1.750000e+002 1.580000e+002 5.800000e+001
      vertex   -1.585000e+002 1.580000e+002 6.680000e+001
      vertex   -1.440000e+002 1.580000e+002 5.100000e+001
    endloop
  endfacet
  facet normal 0.000000e+000 9.634607e-001 -0.000000e+000
    outer loop
      vertex   -1.440000e+002 1.580000e+002 5.100000e+001
      vertex   -1.585000e+002 1.580000e+002 6.680000e+001
      vertex   -1.130000e+002 1.580000e+002 6.680000e+001
    endloop
  endfacet
  facet normal 0.000000e+000 4.540980e-001 0.000000e+000
    outer loop
      vertex   -1.440000e+002 1.580000e+002 5.100000e+001
      vertex   -1.130000e+002 1.580000e+002 6.680000e+001
      vertex   -1.130000e+002 1.580000e+002 5.100000e+001
    endloop
  endfacet
  facet normal 0.000000e+000 2.202609e-001 0.000000e+000
    outer loop
      vertex   -1.440000e+002 1.580000e+002 5.100000e+001
      vertex   -1.750000e+002 1.580000e+002 5.100000e+001
      vertex   -1.750000e+002 1.580000e+002 5.800000e+001
    endloop
  endfacet
  facet normal 0.000000e+000 -1.000000e+000 0.000000e+000
    outer loop
      vertex   -1.130000e+002 2.160000e+002 5.100000e+001
      vertex   -1.130000e+002 2.160000e+002 6.680000e+001
      vertex   -1.440000e+002 2.160000e+002 5.100000e+001
    endloop
  endfacet
  facet normal 0.000000e+000 -9.634607e-001 0.000000e+000
    outer loop
      vertex   -1.440000e+002 2.160000e+002 5.100000e+001
      vertex   -1.130000e+002 2.160000e+002 6.680000e+001
      vertex   -1.585000e+002 2.160000e+002 6.680000e+001
    endloop
  endfacet
  facet normal 0.000000e+000 -5.697441e-001 0.000000e+000
    outer loop
      vertex   -1.440000e+002 2.160000e+002 5.100000e+001
      vertex   -1.585000e+002 2.160000e+002 6.680000e+001
      vertex   -1.750000e+002 2.160000e+002 5.800000e+001
    endloop
  endfacet
  facet normal 0.000000e+000 -7.065244e-001 0.000000e+000
    outer loop
      vertex   -1.750000e+002 2.160000e+002 5.800000e+001
      vertex   -1.585000e+002 2.160000e+002 6.680000e+001
      vertex   -2.040000e+002 2.160000e+002 6.680000e+001
    endloop
  endfacet
  facet normal 0.000000e+000 -2.903738e-001 0.000000e+000
    outer loop
      vertex   -1.750000e+002 2.160000e+002 5.800000e+001
      vertex   -2.040000e+002 2.160000e+002 6.680000e+001
      vertex   -2.040000e+002 2.160000e+002 5.800000e+001
    endloop
  endfacet
  facet normal 0.000000e+000 -9.754410e-001 0.000000e+000
    outer loop
      vertex   -1.750000e+002 2.160000e+002 5.800000e+001
      vertex   -1.750000e+002 2.160000e+002 5.100000e+001
      vertex   -1.440000e+002 2.160000e+002 5.100000e+001
    endloop
  endfacet
  facet normal -0.000000e+000 0.000000e+000 -2.463987e-001
    outer loop
      vertex   -1.479500e+002 1.555000e+002 4.550000e+001
      vertex   -1.597500e+002 1.525000e+002 4.550000e+001
      vertex   -1.806500e+002 1.555000e+002 4.550000e+001
    endloop
  endfacet
  facet normal 0.000000e+000 -0.000000e+000 -2.403564e-001
    outer loop
      vertex   -1.806500e+002 1.555000e+002 4.550000e+001
      vertex   -1.597500e+002 1.525000e+002 4.550000e+001
      vertex   -2.105000e+002 1.525000e+002 4.550000e+001
    endloop
  endfacet
  facet normal -0.000000e+000 0.000000e+000 -9.949875e-001
    outer loop
      vertex   -1.806500e+002 1.555000e+002 4.550000e+001
      vertex   -2.105000e+002 1.525000e+002 4.550000e+001
      vertex   -1.806500e+002 1.748250e+002 4.550000e+001
    endloop
  endfacet
  facet normal -0.000000e+000 0.000000e+000 -8.570076e-001
    outer loop
      vertex   -1.806500e+002 1.748250e+002 4.550000e+001
      vertex   -2.105000e+002 1.525000e+002 4.550000e+001
      vertex   -2.105000e+002 1.870000e+002 4.550000e+001
    endloop
  endfacet
  facet normal 0.000000e+000 0.000000e+000 -7.924127e-001
    outer loop
      vertex   -1.806500e+002 1.748250e+002 4.550000e+001
      vertex   -2.105000e+002 1.870000e+002 4.550000e+001
      vertex   -1.597500e+002 1.870000e+002 4.550000e+001
    endloop
  endfacet
  facet normal 0.000000e+000 0.000000e+000 -1.000000e+000
    outer loop
      vertex   -1.597500e+002 1.870000e+002 4.550000e+001
      vertex   -2.105000e+002 1.870000e+002 4.550000e+001
      vertex   -1.597500e+002 2.215000e+002 4.550000e+001
    endloop
  endfacet
  facet normal 0.000000e+000 0.000000e+000 -8.270023e-001
    outer loop
      vertex   -1.597500e+002 1.870000e+002 4.550000e+001
      vertex   -1.597500e+002 2.215000e+002 4.550000e+001
      vertex   -1.090000e+002 2.215000e+002 4.550000e+001
    endloop
  endfacet
  facet normal 0.000000e+000 0.000000e+000 -5.457391e-002
    outer loop
      vertex   -1.479500e+002 1.748250e+002 4.550000e+001
      vertex   -1.473639e+002 1.641019e+002 4.550000e+001
      vertex   -1.479500e+002 1.555000e+002 4.550000e+001
    endloop
  endfacet
  facet normal 0.000000e+000 0.000000e+000 -1.690759e-001
    outer loop
      vertex   -1.479500e+002 1.555000e+002 4.550000e+001
      vertex   -1.473639e+002 1.641019e+002 4.550000e+001
      vertex   -1.458639e+002 1.641019e+002 4.550000e+001
    endloop
  endfacet
  facet normal 0.000000e+000 0.000000e+000 -9.870595e-001
    outer loop
      vertex   -1.479500e+002 1.555000e+002 4.550000e+001
      vertex   -1.458639e+002 1.641019e+002 4.550000e+001
      vertex   -1.090000e+002 1.525000e+002 4.550000e+001
    endloop
  endfacet
  facet normal 0.000000e+000 0.000000e+000 -9.072688e-002
    outer loop
      vertex   -1.090000e+002 1.525000e+002 4.550000e+001
      vertex   -1.458639e+002 1.641019e+002 4.550000e+001
      vertex   -1.458639e+002 1.679019e+002 4.550000e+001
    endloop
  endfacet
  facet normal 0.000000e+000 0.000000e+000 -9.227039e-001
    outer loop
      vertex   -1.090000e+002 1.525000e+002 4.550000e+001
      vertex   -1.458639e+002 1.679019e+002 4.550000e+001
      vertex   -1.090000e+002 1.870000e+002 4.550000e+001
    endloop
  endfacet
  facet normal 0.000000e+000 0.000000e+000 -1.741485e-001
    outer loop
      vertex   -1.090000e+002 1.870000e+002 4.550000e+001
      vertex   -1.458639e+002 1.679019e+002 4.550000e+001
      vertex   -1.479500e+002 1.748250e+002 4.550000e+001
    endloop
  endfacet
  facet normal -0.000000e+000 0.000000e+000 -2.983449e-001
    outer loop
      vertex   -1.090000e+002 1.870000e+002 4.550000e+001
      vertex   -1.479500e+002 1.748250e+002 4.550000e+001
      vertex   -1.597500e+002 1.870000e+002 4.550000e+001
    endloop
  endfacet
  facet normal 0.000000e+000 -0.000000e+000 -9.707938e-001
    outer loop
      vertex   -1.597500e+002 1.870000e+002 4.550000e+001
      vertex   -1.479500e+002 1.748250e+002 4.550000e+001
      vertex   -1.806500e+002 1.748250e+002 4.550000e+001
    endloop
  endfacet
  facet normal 0.000000e+000 0.000000e+000 -9.574775e-001
    outer loop
      vertex   -1.458639e+002 1.679019e+002 4.550000e+001
      vertex   -1.473639e+002 1.679019e+002 4.550000e+001
      vertex   -1.479500e+002 1.748250e+002 4.550000e+001
    endloop
  endfacet
  facet normal 0.000000e+000 0.000000e+000 -2.984819e-002
    outer loop
      vertex   -1.479500e+002 1.748250e+002 4.550000e+001
      vertex   -1.473639e+002 1.679019e+002 4.550000e+001
      vertex   -1.473639e+002 1.641019e+002 4.550000e+001
    endloop
  endfacet
  facet normal 0.000000e+000 -0.000000e+000 -8.270023e-001
    outer loop
      vertex   -1.090000e+002 2.215000e+002 4.550000e+001
      vertex   -1.090000e+002 1.870000e+002 4.550000e+001
      vertex   -1.597500e+002 1.870000e+002 4.550000e+001
    endloop
  endfacet
  facet normal 0.000000e+000 0.000000e+000 -7.679438e-002
    outer loop
      vertex   -1.090000e+002 1.525000e+002 4.550000e+001
      vertex   -1.597500e+002 1.525000e+002 4.550000e+001
      vertex   -1.479500e+002 1.555000e+002 4.550000e+001
    endloop
  endfacet
  facet normal 0.000000e+000 0.000000e+000 -8.270023e-001
    outer loop
      vertex   -2.105000e+002 1.870000e+002 4.550000e+001
      vertex   -2.105000e+002 2.215000e+002 4.550000e+001
      vertex   -1.597500e+002 2.215000e+002 4.550000e+001
    endloop
  endfacet
  facet normal -1.000000e+000 -0.000000e+000 -0.000000e+000
    outer loop
      vertex   -2.105000e+002 2.215000e+002 6.680000e+001
      vertex   -2.105000e+002 2.215000e+002 4.550000e+001
      vertex   -2.105000e+002 1.870000e+002 6.680000e+001
    endloop
  endfacet
  facet normal -8.508952e-001 0.000000e+000 0.000000e+000
    outer loop
      vertex   -2.105000e+002 1.870000e+002 6.680000e+001
      vertex   -2.105000e+002 2.215000e+002 4.550000e+001
      vertex   -2.105000e+002 1.870000e+002 4.550000e+001
    endloop
  endfacet
  facet normal -1.000000e+000 -0.000000e+000 -0.000000e+000
    outer loop
      vertex   -2.105000e+002 1.870000e+002 6.680000e+001
      vertex   -2.105000e+002 1.870000e+002 4.550000e+001
      vertex   -2.105000e+002 1.525000e+002 6.680000e+001
    endloop
  endfacet
  facet normal -8.508952e-001 0.000000e+000 0.000000e+000
    outer loop
      vertex   -2.105000e+002 1.525000e+002 6.680000e+001
      vertex   -2.105000e+002 1.870000e+002 4.550000e+001
      vertex   -2.105000e+002 1.525000e+002 4.550000e+001
    endloop
  endfacet
  facet normal 1.000000e+000 0.000000e+000 -0.000000e+000
    outer loop
      vertex   -1.090000e+002 2.215000e+002 4.550000e+001
      vertex   -1.090000e+002 2.215000e+002 5.120000e+001
      vertex   -1.090000e+002 1.870000e+002 4.550000e+001
    endloop
  endfacet
  facet normal 9.866248e-001 0.000000e+000 0.000000e+000
    outer loop
      vertex   -1.090000e+002 1.870000e+002 4.550000e+001
      vertex   -1.090000e+002 2.215000e+002 5.120000e+001
      vertex   -1.090000e+002 1.870000e+002 5.120000e+001
    endloop
  endfacet
  facet normal 1.000000e+000 0.000000e+000 -0.000000e+000
    outer loop
      vertex   -1.090000e+002 1.870000e+002 4.550000e+001
      vertex   -1.090000e+002 1.870000e+002 5.120000e+001
      vertex   -1.090000e+002 1.525000e+002 4.550000e+001
    endloop
  endfacet
  facet normal 9.866248e-001 0.000000e+000 0.000000e+000
    outer loop
      vertex   -1.090000e+002 1.525000e+002 4.550000e+001
      vertex   -1.090000e+002 1.870000e+002 5.120000e+001
      vertex   -1.090000e+002 1.525000e+002 5.120000e+001
    endloop
  endfacet
endsolid
